#VRML V2.0 utf8
# 3D model generated by easyeda2kicad.py (https://github.com/uPesy/easyeda2kicad.py)

Shape{
    appearance Appearance {
        material  Material 	{
            diffuseColor 0.6666666666666666 0.6666666666666666 0.6666666666666666
            specularColor 0.4666666666666667 0.4666666666666667 0.4666666666666667
            ambientIntensity 0.2
            transparency 0
            shininess 0.5
        }
    }
    geometry IndexedFaceSet {
        ccw TRUE
        solid FALSE
        coord DEF co Coordinate {
            point [
                3.3284 -0.9619 5.9055, 2.2047 -0.9843 5.9055, 3.2237 -1.2693 5.9055, 3.0906 -1.5656 5.9055, 1.5748 -0.9843 5.9055, -0.4052 -3.4408 5.9055, -0.0812 -3.4636 5.9055, 0.8836 -3.35 5.9055, 1.1934 -3.2525 5.9055, 1.4928 -3.1265 5.9055, 1.779 -2.973 5.9055, 2.0495 -2.7933 5.9055, 2.3021 -2.5891 5.9055, 2.5344 2.3622 5.9055, 2.3021 2.5891 5.9055, 1.5748 0.9843 5.9055, 0.566 3.418 5.9055, 0.2435 3.456 5.9055, -0.0812 3.4636 5.9055, -0.4052 3.4408 5.9055, 3.4038 -0.646 5.9055, 3.4493 -0.3244 5.9055, 2.2047 0.9843 5.9055, 3.4646 0.0 5.9055, 3.4493 0.3244 5.9055, 3.4038 0.646 5.9055, 3.3284 0.9619 5.9055, 3.2237 1.2693 5.9055, 0.2435 -3.456 5.9055, 0.566 -3.418 5.9055, 2.5344 -2.3622 5.9055, 2.7445 -2.1145 5.9055, 2.9304 -1.8482 5.9055, -3.3698 -0.8048 5.9055, -3.4303 -0.4857 5.9055, -3.4608 -0.1624 5.9055, -3.2796 -1.1169 5.9055, -3.1606 -1.4191 5.9055, -3.0138 -1.7088 5.9055, -3.2796 1.1169 5.9055, -3.3698 0.8048 5.9055, 2.0495 2.7933 5.9055, 1.779 2.973 5.9055, 1.4928 3.1265 5.9055, -3.4303 0.4857 5.9055, -3.4608 0.1624 5.9055, -2.8406 -1.9835 5.9055, -2.6424 -2.2408 5.9055, -2.4209 -2.4784 5.9055, 3.0906 1.5656 5.9055, 2.9304 1.8482 5.9055, 2.7445 2.1145 5.9055, 1.1934 3.2525 5.9055, 0.8836 3.35 5.9055, -0.7256 3.3877 5.9055, -1.0397 3.3049 5.9055, -1.3446 3.193 5.9055, -2.8406 1.9835 5.9055, -3.0138 1.7088 5.9055, -3.1606 1.4191 5.9055, -2.1782 -2.6942 5.9055, -1.9164 -2.8863 5.9055, -1.6377 -3.0531 5.9055, -1.3446 -3.193 5.9055, -1.0397 -3.3049 5.9055, -0.7256 -3.3877 5.9055, -1.6377 3.0531 5.9055, -1.9164 2.8863 5.9055, -2.1782 2.6942 5.9055, -2.4209 2.4784 5.9055, -2.6424 2.2408 5.9055, -2.6424 2.2408 5.9055
            ]
        }
        coordIndex [
            0,1,2,-1,2,1,3,-1,4,5,6,-1,7,8,4,-1,4,8,9,-1,9,10,4,-1,4,10,11,-1,4,11,12,-1,13,14,15,-1,16,17,15,-1,15,17,18,-1,15,18,19,-1,0,20,1,-1,1,20,21,-1,1,21,22,-1,22,21,23,-1,22,23,24,-1,24,25,22,-1,22,25,26,-1,22,26,27,-1,6,28,4,-1,4,28,29,-1,4,29,7,-1,12,30,4,-1,4,30,31,-1,4,31,1,-1,1,31,32,-1,1,32,3,-1,33,15,34,-1,34,15,35,-1,33,36,15,-1,15,36,37,-1,15,37,38,-1,15,39,40,-1,14,41,15,-1,15,41,42,-1,15,42,43,-1,40,44,15,-1,15,44,45,-1,15,45,35,-1,38,46,15,-1,15,46,47,-1,15,47,48,-1,27,49,22,-1,22,49,50,-1,22,50,15,-1,15,50,51,-1,15,51,13,-1,43,52,15,-1,15,52,53,-1,15,53,16,-1,19,54,15,-1,15,54,55,-1,15,55,56,-1,57,58,15,-1,15,58,59,-1,15,59,39,-1,48,60,15,-1,15,60,61,-1,15,61,62,-1,62,63,15,-1,15,63,64,-1,15,64,4,-1,4,64,65,-1,4,65,5,-1,56,66,15,-1,15,66,67,-1,15,67,68,-1,68,69,15,-1,15,69,70,-1,15,70,57,-1,
        ]
    }
}
Shape{
    appearance Appearance {
        material  Material 	{
            diffuseColor 0.20784313725490197 0.20784313725490197 0.20784313725490197
            specularColor 0.01568627450980392 0.01568627450980392 0.01568627450980392
            ambientIntensity 0.2
            transparency 0
            shininess 0.5
        }
    }
    geometry IndexedFaceSet {
        ccw TRUE
        solid FALSE
        coord DEF co Coordinate {
            point [
                -0.1224 0.449 -0.4724, -0.1224 0.4706 -0.4724, -0.1032 0.482 -0.4724, -0.1446 0.3062 -0.4724, -0.1685 0.3031 -0.4724, -0.1224 0.3157 -0.4724, -0.1879 0.3053 -0.4724, -0.1032 -3.7402 -0.4724, -2.3228 -3.7402 -0.4724, -3.7402 -2.3228 -0.4724, -0.3865 0.2839 -0.4724, -1.088 -0.2505 -0.4724, -0.3865 0.4808 -0.4724, -1.0317 -0.1772 -0.4724, -0.9963 -0.0917 -0.4724, -3.7402 -0.3543 -0.4724, -1.3386 -0.3543 -0.4724, -1.2469 -0.3423 -0.4724, -1.1614 -0.3069 -0.4724, -0.2026 0.3106 -0.4724, -0.2163 0.3197 -0.4724, -0.2282 0.3329 -0.4724, -0.3601 0.4592 -0.4724, -0.2857 0.4592 -0.4724, -0.3601 0.2839 -0.4724, -0.2199 0.4741 -0.4724, -0.2857 0.4808 -0.4724, -0.2009 0.4807 -0.4724, -0.1882 0.482 -0.4724, -0.2105 0.2895 -0.4724, -0.2292 0.3003 -0.4724, -0.2469 0.3174 -0.4724, -0.9843 -0.0 -0.4724, -0.9963 0.0917 -0.4724, -1.0317 0.1772 -0.4724, -0.2363 0.3481 -0.4724, -0.2415 0.3691 -0.4724, -0.2425 0.3844 -0.4724, -0.2358 0.464 -0.4724, -0.2506 0.4484 -0.4724, -0.261 0.4297 -0.4724, -0.267 0.4089 -0.4724, -0.1885 0.2831 -0.4724, -0.1688 0.2815 -0.4724, -0.1452 0.2831 -0.4724, -0.2689 0.3861 -0.4724, -0.266 0.3581 -0.4724, -0.2585 0.3358 -0.4724, -1.088 0.2505 -0.4724, -1.1614 0.3069 -0.4724, -1.2469 0.3423 -0.4724, -0.2405 0.4058 -0.4724, -0.2351 0.4227 -0.4724, -0.227 0.4363 -0.4724, -1.3386 0.3543 -0.4724, -3.7402 0.3543 -0.4724, -3.7402 0.482 -0.4724, -0.2177 0.4461 -0.4724, -0.2057 0.4542 -0.4724, -0.1913 0.4595 -0.4724, -0.173 0.4616 -0.4724, -0.1468 0.4587 -0.4724, -0.126 0.4509 -0.4724, -0.1224 0.2893 -0.4724, -0.1434 0.4792 -0.4724, -0.1633 0.482 -0.4724, -0.1032 3.7402 -0.4724, -0.1766 0.4832 -0.4724, -3.7402 2.3228 -0.4724, -2.3228 3.7402 -0.4724, -0.1712 0.4831 -0.4724, 0.0216 0.4808 -0.4724, -0.084 0.4808 -0.4724, -0.084 0.2839 -0.4724, 3.7402 0.482 -0.4724, 0.4105 0.4808 -0.4724, 0.3817 0.4808 -0.4724, 0.3618 0.4256 -0.4724, 0.2805 0.4256 -0.4724, 0.2617 0.4808 -0.4724, 0.2329 0.4808 -0.4724, 0.2157 0.4062 -0.4724, 0.2086 0.4268 -0.4724, 0.0168 0.3055 -0.4724, -0.0576 0.3055 -0.4724, -0.0576 0.3703 -0.4724, 0.3073 0.2839 -0.4724, 0.3337 0.2839 -0.4724, 3.7402 -3.7402 -0.4724, 0.1973 0.4444 -0.4724, 0.1811 0.4599 -0.4724, 0.1606 0.4719 -0.4724, 0.0168 0.2839 -0.4724, 0.012 0.392 -0.4724, -0.0576 0.392 -0.4724, -0.0576 0.4592 -0.4724, 0.0216 0.4592 -0.4724, 0.06 0.4808 -0.4724, 0.012 0.3703 -0.4724, 0.06 0.2839 -0.4724, 0.167 0.2951 -0.4724, 0.1885 0.3094 -0.4724, 0.1887 0.3096 -0.4724, 0.2026 0.325 -0.4724, 0.2117 0.342 -0.4724, 0.217 0.3614 -0.4724, 0.2185 0.3799 -0.4724, 0.1156 0.2839 -0.4724, 0.144 0.287 -0.4724, 0.1135 0.4808 -0.4724, 0.1379 0.4786 -0.4724, 0.9843 0.0 -0.4724, 0.9963 -0.0917 -0.4724, 3.7402 -0.3543 -0.4724, 1.3386 -0.3543 -0.4724, 1.2469 -0.3423 -0.4724, 3.7402 0.3543 -0.4724, 1.3386 0.3543 -0.4724, 1.2469 0.3423 -0.4724, 1.1614 0.3069 -0.4724, 1.0317 -0.1772 -0.4724, 1.088 -0.2505 -0.4724, 1.1614 -0.3069 -0.4724, 1.088 0.2505 -0.4724, 1.0317 0.1772 -0.4724, 0.9963 0.0917 -0.4724, 3.7402 3.7402 -0.4724, 1.437 -0.2362 -0.3937, 1.437 0.2362 -0.3937, 3.7402 0.3543 -0.3937, 3.7402 -0.3543 -0.3937, 1.3386 -0.3543 -0.3937, 1.3189 -0.2362 -0.3937, 1.2469 -0.3423 -0.3937, 1.3189 0.2362 -0.3937, 1.1614 -0.3069 -0.3937, 1.088 -0.2505 -0.3937, 1.088 0.2505 -0.3937, 1.1614 0.3069 -0.3937, 1.2469 0.3423 -0.3937, 1.3386 0.3543 -0.3937, 1.0317 -0.1772 -0.3937, 0.9963 -0.0917 -0.3937, 0.9843 0.0 -0.3937, 0.9963 0.0917 -0.3937, 1.0317 0.1772 -0.3937, 1.5748 0.9843 5.9055, 1.5748 -0.9843 5.9055, 2.2047 0.9843 5.9055, 2.2047 -0.9843 5.9055, 2.2047 -0.9843 5.9055
            ]
        }
        coordIndex [
            0,1,2,-1,3,4,5,-1,5,4,6,-1,7,8,9,-1,10,11,12,-1,12,11,13,-1,12,13,14,-1,15,16,9,-1,9,16,17,-1,9,17,18,-1,6,19,5,-1,5,19,20,-1,5,20,21,-1,22,23,24,-1,24,23,7,-1,24,7,10,-1,10,7,9,-1,10,9,11,-1,11,9,18,-1,25,26,27,-1,27,26,28,-1,29,7,30,-1,30,7,31,-1,14,32,12,-1,12,32,33,-1,12,33,34,-1,21,35,5,-1,5,35,36,-1,5,36,37,-1,25,38,26,-1,26,38,39,-1,26,39,23,-1,23,39,40,-1,23,40,41,-1,29,42,7,-1,7,42,43,-1,7,43,44,-1,41,45,23,-1,23,45,46,-1,23,46,7,-1,7,46,47,-1,7,47,31,-1,34,48,12,-1,12,48,49,-1,12,49,50,-1,37,51,5,-1,5,51,52,-1,5,52,53,-1,50,54,12,-1,12,54,55,-1,12,55,56,-1,53,57,5,-1,5,57,58,-1,5,58,59,-1,59,60,5,-1,5,60,61,-1,5,61,62,-1,62,0,5,-1,5,0,7,-1,5,7,63,-1,63,7,44,-1,1,64,2,-1,2,64,65,-1,2,65,66,-1,26,12,28,-1,28,12,56,-1,28,56,67,-1,67,56,68,-1,68,69,67,-1,67,69,66,-1,67,66,70,-1,70,66,65,-1,71,72,2,-1,2,72,73,-1,74,75,76,-1,77,78,76,-1,76,78,79,-1,76,79,74,-1,80,81,82,-1,83,84,85,-1,86,87,88,-1,82,89,80,-1,80,89,90,-1,80,90,91,-1,0,2,7,-1,7,2,73,-1,7,73,88,-1,88,73,92,-1,88,92,83,-1,93,94,95,-1,95,96,93,-1,93,96,97,-1,93,97,98,-1,98,97,99,-1,100,101,86,-1,86,101,102,-1,86,102,103,-1,103,104,86,-1,86,104,105,-1,86,105,80,-1,80,105,106,-1,80,106,81,-1,85,98,83,-1,83,98,99,-1,83,99,88,-1,88,99,107,-1,88,107,86,-1,86,107,108,-1,86,108,100,-1,96,71,97,-1,97,71,2,-1,97,2,109,-1,109,2,80,-1,109,80,110,-1,110,80,91,-1,87,111,112,-1,113,88,114,-1,114,88,115,-1,74,116,117,-1,74,117,75,-1,75,117,118,-1,75,118,119,-1,112,120,87,-1,87,120,121,-1,87,121,88,-1,88,121,122,-1,88,122,115,-1,119,123,75,-1,75,123,124,-1,75,124,87,-1,87,124,125,-1,87,125,111,-1,79,80,74,-1,74,80,2,-1,74,2,126,-1,126,2,66,-1,127,128,129,-1,129,130,127,-1,127,130,131,-1,127,131,132,-1,132,131,133,-1,132,133,134,-1,134,133,135,-1,134,135,136,-1,137,138,134,-1,134,138,139,-1,134,139,128,-1,128,139,140,-1,128,140,129,-1,136,141,134,-1,134,141,142,-1,134,142,143,-1,143,144,134,-1,134,144,145,-1,134,145,137,-1,146,147,148,-1,148,147,149,-1,
        ]
    }
}
Shape{
    appearance Appearance {
        material  Material 	{
            diffuseColor 0.6666666666666666 0.6666666666666666 0.6666666666666666
            specularColor 0.4666666666666667 0.4666666666666667 0.4666666666666667
            ambientIntensity 0.2
            transparency 0
            shininess 0.5
        }
    }
    geometry IndexedFaceSet {
        ccw TRUE
        solid FALSE
        coord DEF co Coordinate {
            point [
                3.4201 0.9165 5.8268, 3.4014 0.983 5.8472, 3.4785 0.6602 5.8472, 3.0653 1.7698 5.8268, 2.9948 1.8887 5.8472, 3.1585 1.6 5.8472, 3.404 0.9838 5.8268, 3.2969 1.2982 5.8268, 3.2944 1.2972 5.8472, 3.2714 1.355 5.8268, 3.1609 1.6012 5.8268, 2.997 1.8902 5.8268, 2.8108 2.1568 5.8268, 2.8047 2.1609 5.8472, 2.1553 2.809 5.8268, 2.0945 2.8546 5.8472, 2.3526 2.646 5.8472, 2.8069 2.1625 5.8268, 2.592 2.4159 5.8268, 2.5901 2.414 5.8472, 2.5029 2.5029 5.8268, 2.3544 2.648 5.8268, 2.0961 2.8568 5.8268, 1.8194 3.0405 5.8268, 1.818 3.0382 5.8472, 1.7706 3.0667 5.8268, 1.5255 3.1951 5.8472, 1.5267 3.1975 5.8268, 1.3545 3.2701 5.8268, 1.2196 3.3239 5.8472, 1.2206 3.3265 5.8268, 0.903 3.4235 5.8472, 0.9169 3.422 5.8268, -0.0001 3.5404 5.8268, -0.083 3.5397 5.8472, 0.2488 3.5319 5.8472, 0.9037 3.4261 5.8268, 0.5789 3.4957 5.8268, 0.5785 3.4931 5.8472, 0.4621 3.5095 5.8268, 0.249 3.5345 5.8268, -0.0831 3.5423 5.8268, -0.4144 3.519 5.8268, -0.4141 3.5163 5.8472, -0.4622 3.5111 5.8268, -0.7415 3.4621 5.8472, -0.7421 3.4647 5.8268, -0.9161 3.4188 5.8268, -1.0625 3.3774 5.8472, -1.0633 3.38 5.8268, -1.3741 3.2631 5.8472, -1.3557 3.2727 5.8268, -2.1552 2.8086 5.8268, -2.226 2.7533 5.8472, -1.9584 2.9497 5.8472, -1.3751 3.2656 5.8268, -1.6749 3.1225 5.8268, -1.6736 3.1201 5.8472, -1.7699 3.0656 5.8268, -1.9599 2.9519 5.8268, -2.2277 2.7554 5.8268, -2.476 2.5347 5.8268, -2.4741 2.5328 5.8472, -2.5043 2.5043 5.8268, -2.7004 2.29 5.8472, -2.7024 2.2917 5.8268, -2.808 2.1547 5.8268, -2.903 2.027 5.8472, -2.9052 2.0286 5.8268, -3.08 1.7463 5.8472, -3.0676 1.771 5.8268, -3.4195 0.9162 5.8268, -3.4438 0.8225 5.8472, -3.3516 1.1414 5.8472, -3.0823 1.7476 5.8268, -3.2325 1.4513 5.8268, -3.23 1.4502 5.8472, -3.2705 1.3547 5.8268, -3.3542 1.1422 5.8268, -3.4464 0.8231 5.8268, -3.5083 0.4968 5.8268, -3.5057 0.4964 5.8472, -3.5115 0.4624 5.8268, -3.5367 0.166 5.8472, -3.5394 0.1661 5.8268, -3.5394 -0.0 5.8268, -3.5367 -0.166 5.8472, -3.5394 -0.1661 5.8268, -3.5057 -0.4964 5.8472, -3.5115 -0.4624 5.8268, -3.2705 -1.3547 5.8268, -3.23 -1.4502 5.8472, -3.3516 -1.1414 5.8472, -3.5083 -0.4968 5.8268, -3.4464 -0.8231 5.8268, -3.4438 -0.8225 5.8472, -3.4195 -0.9162 5.8268, -3.3542 -1.1422 5.8268, -3.2325 -1.4513 5.8268, -3.0823 -1.7476 5.8268, -3.08 -1.7463 5.8472, -3.0676 -1.771 5.8268, -2.903 -2.027 5.8472, -2.9052 -2.0286 5.8268, -2.808 -2.1547 5.8268, -2.7004 -2.29 5.8472, -2.7024 -2.2917 5.8268, -2.4741 -2.5328 5.8472, -2.5043 -2.5043 5.8268, -1.7699 -3.0656 5.8268, -1.6736 -3.1201 5.8472, -1.9584 -2.9497 5.8472, -2.476 -2.5347 5.8268, -2.2277 -2.7554 5.8268, -2.226 -2.7533 5.8472, -2.1552 -2.8086 5.8268, -1.9599 -2.9519 5.8268, -1.6749 -3.1225 5.8268, -1.3751 -3.2656 5.8268, -1.3741 -3.2631 5.8472, -1.3557 -3.2727 5.8268, -1.0625 -3.3774 5.8472, -1.0633 -3.38 5.8268, -0.9161 -3.4188 5.8268, -0.7415 -3.4621 5.8472, -0.7421 -3.4647 5.8268, -0.4141 -3.5163 5.8472, -0.4622 -3.5111 5.8268, 0.4621 -3.5095 5.8268, 0.5785 -3.4931 5.8472, 0.2488 -3.5319 5.8472, -0.4144 -3.519 5.8268, -0.0831 -3.5423 5.8268, -0.083 -3.5397 5.8472, -0.0001 -3.5404 5.8268, 0.249 -3.5345 5.8268, 0.5789 -3.4957 5.8268, 0.9037 -3.4261 5.8268, 0.903 -3.4235 5.8472, 0.9169 -3.422 5.8268, 1.2196 -3.3239 5.8472, 1.2206 -3.3265 5.8268, 1.3545 -3.2701 5.8268, 1.5255 -3.1951 5.8472, 1.5267 -3.1975 5.8268, 1.818 -3.0382 5.8472, 1.7706 -3.0667 5.8268, 2.5029 -2.5029 5.8268, 2.5901 -2.414 5.8472, 2.3526 -2.646 5.8472, 1.8194 -3.0405 5.8268, 2.0961 -2.8568 5.8268, 2.0945 -2.8546 5.8472, 2.1553 -2.809 5.8268, 2.3544 -2.648 5.8268, 2.592 -2.4159 5.8268, 2.8069 -2.1625 5.8268, 2.8047 -2.1609 5.8472, 2.8108 -2.1568 5.8268, 2.9948 -1.8887 5.8472, 2.997 -1.8902 5.8268, 3.0653 -1.7698 5.8268, 3.1585 -1.6 5.8472, 3.1609 -1.6012 5.8268, 3.2944 -1.2972 5.8472, 3.2714 -1.355 5.8268, 3.5093 -0.462 5.8268, 3.5251 -0.3315 5.8472, 3.4785 -0.6602 5.8472, 3.2969 -1.2982 5.8268, 3.404 -0.9838 5.8268, 3.4014 -0.983 5.8472, 3.4201 -0.9165 5.8268, 3.4812 -0.6607 5.8268, 3.5277 -0.3318 5.8268, 3.5433 0.0 5.8268, 3.5406 0.0 5.8472, 3.5277 0.3318 5.8268, 3.5251 0.3315 5.8472, 3.5093 0.462 5.8268, 3.4812 0.6607 5.8268, 3.5172 -0.3308 5.8661, 3.4708 -0.6587 5.8661, 3.3939 -0.9808 5.8661, 3.2871 -1.2943 5.8661, 3.1515 -1.5965 5.8661, 2.9881 -1.8845 5.8661, 2.7985 -2.1561 5.8661, 2.5843 -2.4087 5.8661, 2.3474 -2.6401 5.8661, 2.0899 -2.8483 5.8661, 1.814 -3.0315 5.8661, 1.5221 -3.188 5.8661, 1.2169 -3.3165 5.8661, 0.901 -3.4159 5.8661, 0.5772 -3.4853 5.8661, 0.2483 -3.524 5.8661, -0.0828 -3.5318 5.8661, -0.4132 -3.5085 5.8661, -0.7399 -3.4544 5.8661, -1.0601 -3.3699 5.8661, -1.371 -3.2559 5.8661, -1.6699 -3.1132 5.8661, -1.9541 -2.9431 5.8661, -2.2211 -2.7472 5.8661, -2.4686 -2.5271 5.8661, -2.6944 -2.2849 5.8661, -2.8965 -2.0225 5.8661, -3.0732 -1.7424 5.8661, -3.2228 -1.447 5.8661, -3.3442 -1.1388 5.8661, -3.4361 -0.8207 5.8661, -3.4979 -0.4953 5.8661, -3.5289 -0.1656 5.8661, -3.5289 0.1656 5.8661, -3.4979 0.4953 5.8661, -3.4361 0.8207 5.8661, -3.3442 1.1388 5.8661, -3.2228 1.447 5.8661, -3.0732 1.7424 5.8661, -2.8965 2.0225 5.8661, -2.6944 2.2849 5.8661, -2.4686 2.5271 5.8661, -2.2211 2.7472 5.8661, -1.9541 2.9431 5.8661, -1.6699 3.1132 5.8661, -1.371 3.2559 5.8661, -1.0601 3.3699 5.8661, -0.7399 3.4544 5.8661, -0.4132 3.5085 5.8661, -0.0828 3.5318 5.8661, 0.2483 3.524 5.8661, 0.5772 3.4853 5.8661, 0.901 3.4159 5.8661, 1.2169 3.3165 5.8661, 1.5221 3.188 5.8661, 1.814 3.0315 5.8661, 2.0899 2.8483 5.8661, 2.3474 2.6401 5.8661, 2.5843 2.4087 5.8661, 2.7985 2.1561 5.8661, 2.9881 1.8845 5.8661, 3.1515 1.5965 5.8661, 3.2871 1.2943 5.8661, 3.3939 0.9808 5.8661, 3.4708 0.6587 5.8661, 3.5172 0.3308 5.8661, 3.5328 0.0 5.8661, 3.5048 -0.3296 5.8824, 3.4585 -0.6564 5.8824, 3.3818 -0.9774 5.8824, 3.2755 -1.2897 5.8824, 3.1403 -1.5908 5.8824, 2.9775 -1.8779 5.8824, 2.7886 -2.1484 5.8824, 2.5752 -2.4001 5.8824, 2.3391 -2.6307 5.8824, 2.0825 -2.8382 5.8824, 1.8076 -3.0207 5.8824, 1.5167 -3.1767 5.8824, 1.2126 -3.3048 5.8824, 0.8978 -3.4038 5.8824, 0.5751 -3.4729 5.8824, 0.2474 -3.5115 5.8824, -0.0825 -3.5193 5.8824, -0.4117 -3.4961 5.8824, -0.7373 -3.4422 5.8824, -1.0564 -3.358 5.8824, -1.3662 -3.2443 5.8824, -1.664 -3.1021 5.8824, -1.9472 -2.9327 5.8824, -2.2132 -2.7375 5.8824, -2.4598 -2.5182 5.8824, -2.6848 -2.2768 5.8824, -2.8862 -2.0154 5.8824, -3.0623 -1.7362 5.8824, -3.2114 -1.4419 5.8824, -3.3323 -1.1348 5.8824, -3.4239 -0.8178 5.8824, -3.4855 -0.4936 5.8824, -3.5164 -0.165 5.8824, -3.5164 0.165 5.8824, -3.4855 0.4936 5.8824, -3.4239 0.8178 5.8824, -3.3323 1.1348 5.8824, -3.2114 1.4419 5.8824, -3.0623 1.7362 5.8824, -2.8862 2.0154 5.8824, -2.6848 2.2768 5.8824, -2.4598 2.5182 5.8824, -2.2132 2.7375 5.8824, -1.9472 2.9327 5.8824, -1.664 3.1021 5.8824, -1.3662 3.2443 5.8824, -1.0564 3.358 5.8824, -0.7373 3.4422 5.8824, -0.4117 3.4961 5.8824, -0.0825 3.5193 5.8824, 0.2474 3.5115 5.8824, 0.5751 3.4729 5.8824, 0.8978 3.4038 5.8824, 1.2126 3.3048 5.8824, 1.5167 3.1767 5.8824, 1.8076 3.0207 5.8824, 2.0825 2.8382 5.8824, 2.3391 2.6307 5.8824, 2.5752 2.4001 5.8824, 2.7886 2.1484 5.8824, 2.9775 1.8779 5.8824, 3.1403 1.5908 5.8824, 3.2755 1.2897 5.8824, 3.3818 0.9774 5.8824, 3.4585 0.6564 5.8824, 3.5048 0.3296 5.8824, 3.5202 0.0 5.8824, 3.4885 -0.3281 5.895, 3.4425 -0.6533 5.895, 3.3662 -0.9728 5.895, 3.2603 -1.2838 5.895, 3.1258 -1.5834 5.895, 2.9637 -1.8692 5.895, 2.7757 -2.1385 5.895, 2.5632 -2.389 5.895, 2.3283 -2.6185 5.895, 2.0728 -2.8251 5.895, 1.7992 -3.0067 5.895, 1.5097 -3.162 5.895, 1.207 -3.2895 5.895, 0.8937 -3.3881 5.895, 0.5725 -3.4569 5.895, 0.2462 -3.4953 5.895, -0.0821 -3.503 5.895, -0.4098 -3.4799 5.895, -0.7339 -3.4262 5.895, -1.0515 -3.3424 5.895, -1.3598 -3.2293 5.895, -1.6563 -3.0878 5.895, -1.9381 -2.9191 5.895, -2.203 -2.7248 5.895, -2.4484 -2.5065 5.895, -2.6724 -2.2662 5.895, -2.8729 -2.006 5.895, -3.0481 -1.7282 5.895, -3.1965 -1.4352 5.895, -3.3169 -1.1295 5.895, -3.4081 -0.814 5.895, -3.4693 -0.4913 5.895, -3.5001 -0.1642 5.895, -3.5001 0.1642 5.895, -3.4693 0.4913 5.895, -3.4081 0.814 5.895, -3.3169 1.1295 5.895, -3.1965 1.4352 5.895, -3.0481 1.7282 5.895, -2.8729 2.006 5.895, -2.6724 2.2662 5.895, -2.4484 2.5065 5.895, -2.203 2.7248 5.895, -1.9381 2.9191 5.895, -1.6563 3.0878 5.895, -1.3598 3.2293 5.895, -1.0515 3.3424 5.895, -0.7339 3.4262 5.895, -0.4098 3.4799 5.895, -0.0821 3.503 5.895, 0.2462 3.4953 5.895, 0.5725 3.4569 5.895, 0.8937 3.3881 5.895, 1.207 3.2895 5.895, 1.5097 3.162 5.895, 1.7992 3.0067 5.895, 2.0728 2.8251 5.895, 2.3283 2.6185 5.895, 2.5632 2.389 5.895, 2.7757 2.1385 5.895, 2.9637 1.8692 5.895, 3.1258 1.5834 5.895, 3.2603 1.2838 5.895, 3.3662 0.9728 5.895, 3.4425 0.6533 5.895, 3.4885 0.3281 5.895, 3.5039 0.0 5.895, 3.4696 -0.3263 5.9028, 3.4238 -0.6498 5.9028, 3.3479 -0.9676 5.9028, 3.2426 -1.2768 5.9028, 3.1088 -1.5748 5.9028, 2.9477 -1.859 5.9028, 2.7606 -2.1269 5.9028, 2.5493 -2.3761 5.9028, 2.3156 -2.6043 5.9028, 2.0616 -2.8097 5.9028, 1.7894 -2.9905 5.9028, 1.5015 -3.1449 5.9028, 1.2004 -3.2717 5.9028, 0.8888 -3.3697 5.9028, 0.5694 -3.4381 5.9028, 0.2449 -3.4763 5.9028, -0.0817 -3.484 5.9028, -0.4076 -3.461 5.9028, -0.7299 -3.4077 5.9028, -1.0458 -3.3243 5.9028, -1.3525 -3.2118 5.9028, -1.6473 -3.071 5.9028, -1.9276 -2.9033 5.9028, -2.191 -2.71 5.9028, -2.4352 -2.4929 5.9028, -2.6579 -2.254 5.9028, -2.8573 -1.9952 5.9028, -3.0316 -1.7188 5.9028, -3.1792 -1.4274 5.9028, -3.2989 -1.1234 5.9028, -3.3896 -0.8096 5.9028, -3.4505 -0.4886 5.9028, -3.4811 -0.1633 5.9028, -3.4811 0.1633 5.9028, -3.4505 0.4886 5.9028, -3.3896 0.8096 5.9028, -3.2989 1.1234 5.9028, -3.1792 1.4274 5.9028, -3.0316 1.7188 5.9028, -2.8573 1.9952 5.9028, -2.6579 2.254 5.9028, -2.4352 2.4929 5.9028, -2.191 2.71 5.9028, -1.9276 2.9033 5.9028, -1.6473 3.071 5.9028, -1.3525 3.2118 5.9028, -1.0458 3.3243 5.9028, -0.7299 3.4077 5.9028, -0.4076 3.461 5.9028, -0.0817 3.484 5.9028, 0.2449 3.4763 5.9028, 0.5694 3.4381 5.9028, 0.8888 3.3697 5.9028, 1.2004 3.2717 5.9028, 1.5015 3.1449 5.9028, 1.7894 2.9905 5.9028, 2.0616 2.8097 5.9028, 2.3156 2.6043 5.9028, 2.5493 2.3761 5.9028, 2.7606 2.1269 5.9028, 2.9477 1.859 5.9028, 3.1088 1.5748 5.9028, 3.2426 1.2768 5.9028, 3.3479 0.9676 5.9028, 3.4238 0.6498 5.9028, 3.4696 0.3263 5.9028, 3.4849 0.0 5.9028, 3.4493 -0.3244 5.9055, 3.4038 -0.646 5.9055, 3.3284 -0.9619 5.9055, 3.2237 -1.2693 5.9055, 3.0906 -1.5656 5.9055, 2.9304 -1.8482 5.9055, 2.7445 -2.1145 5.9055, 2.5344 -2.3622 5.9055, 2.3021 -2.5891 5.9055, 2.0495 -2.7933 5.9055, 1.779 -2.973 5.9055, 1.4928 -3.1265 5.9055, 1.1934 -3.2525 5.9055, 0.8836 -3.35 5.9055, 0.566 -3.418 5.9055, 0.2435 -3.456 5.9055, -0.0812 -3.4636 5.9055, -0.4052 -3.4408 5.9055, -0.7256 -3.3877 5.9055, -1.0397 -3.3049 5.9055, -1.3446 -3.193 5.9055, -1.6377 -3.0531 5.9055, -1.9164 -2.8863 5.9055, -2.1782 -2.6942 5.9055, -2.4209 -2.4784 5.9055, -2.6424 -2.2408 5.9055, -2.8406 -1.9835 5.9055, -3.0138 -1.7088 5.9055, -3.1606 -1.4191 5.9055, -3.2796 -1.1169 5.9055, -3.3698 -0.8048 5.9055, -3.4303 -0.4857 5.9055, -3.4608 -0.1624 5.9055, -3.4608 0.1624 5.9055, -3.4303 0.4857 5.9055, -3.3698 0.8048 5.9055, -3.2796 1.1169 5.9055, -3.1606 1.4191 5.9055, -3.0138 1.7088 5.9055, -2.8406 1.9835 5.9055, -2.6424 2.2408 5.9055, -2.4209 2.4784 5.9055, -2.1782 2.6942 5.9055, -1.9164 2.8863 5.9055, -1.6377 3.0531 5.9055, -1.3446 3.193 5.9055, -1.0397 3.3049 5.9055, -0.7256 3.3877 5.9055, -0.4052 3.4408 5.9055, -0.0812 3.4636 5.9055, 0.2435 3.456 5.9055, 0.566 3.418 5.9055, 0.8836 3.35 5.9055, 1.1934 3.2525 5.9055, 1.4928 3.1265 5.9055, 1.779 2.973 5.9055, 2.0495 2.7933 5.9055, 2.3021 2.5891 5.9055, 2.5344 2.3622 5.9055, 2.7445 2.1145 5.9055, 2.9304 1.8482 5.9055, 3.0906 1.5656 5.9055, 3.2237 1.2693 5.9055, 3.3284 0.9619 5.9055, 3.4038 0.646 5.9055, 3.4493 0.3244 5.9055, 3.4646 0.0 5.9055, 3.5277 -0.3318 1.0695, 3.5433 0.0 1.0695, 3.5277 0.3318 1.0695, 3.5093 0.462 1.0695, 3.4812 0.6607 1.0695, 3.4201 0.9165 1.0695, 3.404 0.9838 1.0695, 3.2969 1.2982 1.0695, 3.2714 1.355 1.0695, 3.1609 1.6012 1.0695, 3.0653 1.7698 1.0695, 2.997 1.8902 1.0695, 2.8108 2.1568 1.0695, 2.8069 2.1625 1.0695, 2.592 2.4159 1.0695, 2.5029 2.5029 1.0695, 2.3544 2.648 1.0695, 2.1553 2.809 1.0695, 2.0961 2.8568 1.0695, 1.8194 3.0405 1.0695, 1.7706 3.0667 1.0695, 1.5267 3.1975 1.0695, 1.3545 3.2701 1.0695, 1.2206 3.3265 1.0695, 0.9169 3.422 1.0695, 0.9037 3.4261 1.0695, 0.5789 3.4957 1.0695, 0.4621 3.5095 1.0695, 0.249 3.5345 1.0695, -0.0001 3.5404 1.0695, -0.0831 3.5423 1.0695, -0.4144 3.519 1.0695, -0.4622 3.5111 1.0695, -0.7421 3.4647 1.0695, -0.9161 3.4188 1.0695, -1.0633 3.38 1.0695, -1.3557 3.2727 1.0695, -1.3751 3.2656 1.0695, -1.6749 3.1225 1.0695, -1.7699 3.0656 1.0695, -1.9599 2.9519 1.0695, -2.1552 2.8086 1.0695, -2.2277 2.7554 1.0695, -2.476 2.5347 1.0695, -2.5043 2.5043 1.0695, -2.7024 2.2917 1.0695, -2.808 2.1547 1.0695, -2.9052 2.0286 1.0695, -3.0676 1.771 1.0695, -3.0823 1.7476 1.0695, -3.2325 1.4513 1.0695, -3.2705 1.3547 1.0695, -3.3542 1.1422 1.0695, -3.4195 0.9162 1.0695, -3.4464 0.8231 1.0695, -3.5083 0.4968 1.0695, -3.5115 0.4624 1.0695, -3.5394 0.1661 1.0695, -3.5394 -0.0 1.0695, -3.5394 -0.1661 1.0695, -3.5115 -0.4624 1.0695, -3.5083 -0.4968 1.0695, -3.4464 -0.8231 1.0695, -3.4195 -0.9162 1.0695, -3.3542 -1.1422 1.0695, -3.2705 -1.3547 1.0695, -3.2325 -1.4513 1.0695, -3.0823 -1.7476 1.0695, -3.0676 -1.771 1.0695, -2.9052 -2.0286 1.0695, -2.808 -2.1547 1.0695, -2.7024 -2.2917 1.0695, -2.5043 -2.5043 1.0695, -2.476 -2.5347 1.0695, -2.2277 -2.7554 1.0695, -2.1552 -2.8086 1.0695, -1.9599 -2.9519 1.0695, -1.7699 -3.0656 1.0695, -1.6749 -3.1225 1.0695, -1.3751 -3.2656 1.0695, -1.3557 -3.2727 1.0695, -1.0633 -3.38 1.0695, -0.9161 -3.4188 1.0695, -0.7421 -3.4647 1.0695, -0.4622 -3.5111 1.0695, -0.4144 -3.519 1.0695, -0.0831 -3.5423 1.0695, -0.0001 -3.5404 1.0695, 0.249 -3.5345 1.0695, 0.4621 -3.5095 1.0695, 0.5789 -3.4957 1.0695, 0.9037 -3.4261 1.0695, 0.9169 -3.422 1.0695, 1.2206 -3.3265 1.0695, 1.3545 -3.2701 1.0695, 1.5267 -3.1975 1.0695, 1.7706 -3.0667 1.0695, 1.8194 -3.0405 1.0695, 2.0961 -2.8568 1.0695, 2.1553 -2.809 1.0695, 2.3544 -2.648 1.0695, 2.5029 -2.5029 1.0695, 2.592 -2.4159 1.0695, 2.8069 -2.1625 1.0695, 2.8108 -2.1568 1.0695, 2.997 -1.8902 1.0695, 3.0653 -1.7698 1.0695, 3.1609 -1.6012 1.0695, 3.2714 -1.355 1.0695, 3.2969 -1.2982 1.0695, 3.404 -0.9838 1.0695, 3.4201 -0.9165 1.0695, 3.4812 -0.6607 1.0695, 3.5093 -0.462 1.0695, 3.4791 -0.6603 1.0514, 3.402 -0.9832 1.0514, 3.159 -1.6003 1.0514, 2.9953 -1.8891 1.0514, 2.8052 -2.1612 1.0514, 2.353 -2.6464 1.0514, 2.0949 -2.8551 1.0514, 1.5258 -3.1956 1.0514, 1.2198 -3.3245 1.0514, 0.2489 -3.5324 1.0514, -0.083 -3.5402 1.0514, -0.7417 -3.4627 1.0514, -1.0627 -3.378 1.0514, -1.9587 -2.9502 1.0514, -2.2264 -2.7538 1.0514, -2.7008 -2.2903 1.0514, -2.9034 -2.0274 1.0514, -3.3522 -1.1416 1.0514, -3.4443 -0.8226 1.0514, -3.5373 -0.166 1.0514, -3.5373 0.166 1.0514, -3.3522 1.1416 1.0514, -3.2305 1.4504 1.0514, -2.9034 2.0274 1.0514, -2.7008 2.2903 1.0514, -1.9587 2.9502 1.0514, -1.6739 3.1206 1.0514, -1.0627 3.378 1.0514, -0.7417 3.4627 1.0514, 0.2489 3.5324 1.0514, 0.5786 3.4936 1.0514, 1.2198 3.3245 1.0514, 1.5258 3.1956 1.0514, 2.353 2.6464 1.0514, 2.5905 2.4144 1.0514, 2.9953 1.8891 1.0514, 3.159 1.6003 1.0514, 3.295 1.2974 1.0514, 3.4791 0.6603 1.0514, 3.5256 0.3316 1.0514, 1.7951 3.0 0.9973, 1.5063 3.1549 0.9973, 1.8032 3.0135 1.0065, 1.5131 3.1691 1.0065, 1.81 3.0248 1.019, 1.5188 3.181 1.019, 1.8151 3.0334 1.0343, 1.5231 3.19 1.0343, 1.8183 3.0387 1.0514, -0.4089 3.4721 0.9973, -0.7322 3.4185 0.9973, -0.4107 3.4877 1.0065, -0.7355 3.4339 1.0065, -0.4123 3.5008 1.019, -0.7383 3.4468 1.019, -0.4134 3.5107 1.0343, -0.7404 3.4566 1.0343, -0.4142 3.5169 1.0514, -2.4429 2.5009 0.9973, -2.6664 2.2611 0.9973, -2.4539 2.5122 1.0065, -2.6784 2.2713 1.0065, -2.4632 2.5216 1.019, -2.6885 2.2799 1.019, -2.4701 2.5287 1.0343, -2.6961 2.2863 1.0343, -2.4745 2.5332 1.0514, -3.4615 0.4902 0.9973, -3.4922 0.1639 0.9973, -3.4771 0.4924 1.0065, -3.5079 0.1646 1.0065, -3.4902 0.4942 1.019, -3.5211 0.1652 1.019, -3.5001 0.4956 1.0343, -3.5311 0.1657 1.0343, -3.5062 0.4965 1.0514, -3.0412 -1.7243 0.9973, -2.8664 -2.0015 0.9973, -3.0549 -1.7321 1.0065, -2.8793 -2.0105 1.0065, -3.0664 -1.7386 1.019, -2.8902 -2.0181 1.019, -3.0751 -1.7435 1.0343, -2.8983 -2.0238 1.0343, -3.0805 -1.7466 1.0514, -1.3568 -3.222 0.9973, -1.0491 -3.3349 0.9973, -1.3629 -3.2366 1.0065, -1.0538 -3.35 1.0065, -1.368 -3.2487 1.019, -1.0578 -3.3626 1.019, -1.3719 -3.2579 1.0343, -1.0608 -3.3721 1.0343, -1.3743 -3.2636 1.0514, 0.8916 -3.3804 0.9973, 1.2043 -3.2821 0.9973, 0.8957 -3.3957 1.0065, 1.2097 -3.2969 1.0065, 0.899 -3.4084 1.019, 1.2143 -3.3093 1.019, 0.9016 -3.4181 1.0343, 1.2177 -3.3186 1.0343, 0.9032 -3.4241 1.0514, 3.4961 0.0 0.9973, 3.4807 0.3274 0.9973, 3.5118 0.0 1.0065, 3.4964 0.3289 1.0065, 3.525 0.0 1.019, 3.5095 0.3301 1.019, 3.535 0.0 1.0343, 3.5195 0.331 1.0343, 3.5412 0.0 1.0514, 3.4348 0.6519 0.9973, 3.4502 0.6548 1.0065, 3.4632 0.6573 1.019, 3.473 0.6591 1.0343, 3.402 0.9832 1.0514, 3.396 0.9815 1.0343, 3.3864 0.9787 1.019, 3.3737 0.975 1.0065, 3.3586 0.9706 0.9973, 3.253 1.2809 0.9973, 3.2676 1.2867 1.0065, 3.2799 1.2915 1.019, 3.2892 1.2952 1.0343, 3.1187 1.5799 0.9973, 3.1328 1.587 1.0065, 3.1446 1.593 1.019, 3.1535 1.5975 1.0343, 2.99 1.8857 1.0343, 2.9816 1.8804 1.019, 2.9704 1.8734 1.0065, 2.9571 1.865 0.9973, 2.8052 2.1612 1.0514, 2.8003 2.1574 1.0343, 2.7924 2.1514 1.019, 2.7819 2.1433 1.0065, 2.7694 2.1337 0.9973, 2.5575 2.3836 0.9973, 2.569 2.3944 1.0065, 2.5787 2.4034 1.019, 2.586 2.4102 1.0343, 2.323 2.6127 0.9973, 2.3335 2.6244 1.0065, 2.3423 2.6343 1.019, 2.3489 2.6417 1.0343, 2.0949 2.8551 1.0514, 2.0912 2.8501 1.0343, 2.0853 2.8421 1.019, 2.0775 2.8314 1.0065, 2.0682 2.8187 0.9973, 1.2177 3.3186 1.0343, 1.2143 3.3093 1.019, 1.2097 3.2969 1.0065, 1.2043 3.2821 0.9973, 0.9032 3.4241 1.0514, 0.9016 3.4181 1.0343, 0.899 3.4084 1.019, 0.8957 3.3957 1.0065, 0.8916 3.3804 0.9973, 0.5712 3.4491 0.9973, 0.5737 3.4646 1.0065, 0.5759 3.4777 1.019, 0.5775 3.4875 1.0343, 0.2457 3.4874 0.9973, 0.2468 3.5031 1.0065, 0.2477 3.5163 1.019, 0.2484 3.5263 1.0343, -0.083 3.5402 1.0514, -0.0829 3.534 1.0343, -0.0826 3.524 1.019, -0.0823 3.5108 1.0065, -0.082 3.4951 0.9973, -1.0608 3.3721 1.0343, -1.0578 3.3626 1.019, -1.0538 3.35 1.0065, -1.0491 3.3349 0.9973, -1.3743 3.2636 1.0514, -1.3719 3.2579 1.0343, -1.368 3.2487 1.019, -1.3629 3.2366 1.0065, -1.3568 3.222 0.9973, -1.6525 3.0808 0.9973, -1.66 3.0947 1.0065, -1.6662 3.1063 1.019, -1.671 3.1151 1.0343, -1.9338 2.9125 0.9973, -1.9425 2.9257 1.0065, -1.9498 2.9367 1.019, -1.9553 2.945 1.0343, -2.2264 2.7538 1.0514, -2.2225 2.7489 1.0343, -2.2162 2.7412 1.019, -2.2079 2.7309 1.0065, -2.198 2.7187 0.9973, -2.8983 2.0238 1.0343, -2.8902 2.0181 1.019, -2.8793 2.0105 1.0065, -2.8664 2.0015 0.9973, -3.0805 1.7466 1.0514, -3.0751 1.7435 1.0343, -3.0664 1.7386 1.019, -3.0549 1.7321 1.0065, -3.0412 1.7243 0.9973, -3.1894 1.432 0.9973, -3.2037 1.4384 1.0065, -3.2158 1.4438 1.019, -3.2249 1.4479 1.0343, -3.3094 1.127 0.9973, -3.3243 1.1321 1.0065, -3.3368 1.1363 1.019, -3.3463 1.1396 1.0343, -3.4443 0.8226 1.0514, -3.4383 0.8212 1.0343, -3.4286 0.8189 1.019, -3.4157 0.8158 1.0065, -3.4004 0.8122 0.9973, -3.5311 -0.1657 1.0343, -3.5211 -0.1652 1.019, -3.5079 -0.1646 1.0065, -3.4922 -0.1639 0.9973, -3.5062 -0.4965 1.0514, -3.5001 -0.4956 1.0343, -3.4902 -0.4942 1.019, -3.4771 -0.4924 1.0065, -3.4615 -0.4902 0.9973, -3.4004 -0.8122 0.9973, -3.4157 -0.8158 1.0065, -3.4286 -0.8189 1.019, -3.4383 -0.8212 1.0343, -3.3094 -1.127 0.9973, -3.3243 -1.1321 1.0065, -3.3368 -1.1363 1.019, -3.3463 -1.1396 1.0343, -3.2305 -1.4504 1.0514, -3.2249 -1.4479 1.0343, -3.2158 -1.4438 1.019, -3.2037 -1.4384 1.0065, -3.1894 -1.432 0.9973, -2.6664 -2.2611 0.9973, -2.6784 -2.2713 1.0065, -2.6885 -2.2799 1.019, -2.6961 -2.2863 1.0343, -2.4745 -2.5332 1.0514, -2.4701 -2.5287 1.0343, -2.4632 -2.5216 1.019, -2.4539 -2.5122 1.0065, -2.4429 -2.5009 0.9973, -2.198 -2.7187 0.9973, -2.2079 -2.7309 1.0065, -2.2162 -2.7412 1.019, -2.2225 -2.7489 1.0343, -1.9338 -2.9125 0.9973, -1.9425 -2.9257 1.0065, -1.9498 -2.9367 1.019, -1.9553 -2.945 1.0343, -1.6739 -3.1206 1.0514, -1.671 -3.1151 1.0343, -1.6662 -3.1063 1.019, -1.66 -3.0947 1.0065, -1.6525 -3.0808 0.9973, -0.7322 -3.4185 0.9973, -0.7355 -3.4339 1.0065, -0.7383 -3.4468 1.019, -0.7404 -3.4566 1.0343, -0.4142 -3.5169 1.0514, -0.4134 -3.5107 1.0343, -0.4123 -3.5008 1.019, -0.4107 -3.4877 1.0065, -0.4089 -3.4721 0.9973, -0.082 -3.4951 0.9973, -0.0823 -3.5108 1.0065, -0.0826 -3.524 1.019, -0.0829 -3.534 1.0343, 0.2457 -3.4874 0.9973, 0.2468 -3.5031 1.0065, 0.2477 -3.5163 1.019, 0.2484 -3.5263 1.0343, 0.5786 -3.4936 1.0514, 0.5775 -3.4875 1.0343, 0.5759 -3.4777 1.019, 0.5737 -3.4646 1.0065, 0.5712 -3.4491 0.9973, 1.5063 -3.1549 0.9973, 1.5131 -3.1691 1.0065, 1.5188 -3.181 1.019, 1.5231 -3.19 1.0343, 1.8183 -3.0387 1.0514, 1.8151 -3.0334 1.0343, 1.81 -3.0248 1.019, 1.8032 -3.0135 1.0065, 1.7951 -3.0 0.9973, 2.0682 -2.8187 0.9973, 2.0775 -2.8314 1.0065, 2.0853 -2.8421 1.019, 2.0912 -2.8501 1.0343, 2.323 -2.6127 0.9973, 2.3335 -2.6244 1.0065, 2.3423 -2.6343 1.019, 2.3489 -2.6417 1.0343, 2.5905 -2.4144 1.0514, 2.586 -2.4102 1.0343, 2.5787 -2.4034 1.019, 2.569 -2.3944 1.0065, 2.5575 -2.3836 0.9973, 2.7694 -2.1337 0.9973, 2.7819 -2.1433 1.0065, 2.7924 -2.1514 1.019, 2.8003 -2.1574 1.0343, 2.99 -1.8857 1.0343, 2.9816 -1.8804 1.019, 2.9704 -1.8734 1.0065, 2.9571 -1.865 0.9973, 3.1187 -1.5799 0.9973, 3.1328 -1.587 1.0065, 3.1446 -1.593 1.019, 3.1535 -1.5975 1.0343, 3.295 -1.2974 1.0514, 3.2892 -1.2952 1.0343, 3.2799 -1.2915 1.019, 3.2676 -1.2867 1.0065, 3.253 -1.2809 0.9973, 3.3586 -0.9706 0.9973, 3.3737 -0.975 1.0065, 3.3864 -0.9787 1.019, 3.396 -0.9815 1.0343, 3.4348 -0.6519 0.9973, 3.4502 -0.6548 1.0065, 3.4632 -0.6573 1.019, 3.473 -0.6591 1.0343, 3.5256 -0.3316 1.0514, 3.5195 -0.331 1.0343, 3.5095 -0.3301 1.019, 3.4964 -0.3289 1.0065, 3.4807 -0.3274 0.9973, 3.4807 -0.3274 0.7808, 3.4548 -0.3249 0.7964, 3.4348 -0.6519 0.7808, 3.4092 -0.647 0.7964, 3.3586 -0.9706 0.7808, 3.3336 -0.9634 0.7964, 3.253 -1.2809 0.7808, 3.2288 -1.2714 0.7964, 3.1187 -1.5799 0.7808, 3.0955 -1.5681 0.7964, 2.9571 -1.865 0.7808, 2.9351 -1.8511 0.7964, 2.7694 -2.1337 0.7808, 2.7488 -2.1178 0.7964, 2.5575 -2.3836 0.7808, 2.5384 -2.3659 0.7964, 2.323 -2.6127 0.7808, 2.3057 -2.5932 0.7964, 2.0682 -2.8187 0.7808, 2.0528 -2.7977 0.7964, 1.7951 -3.0 0.7808, 1.7818 -2.9777 0.7964, 1.5063 -3.1549 0.7808, 1.4951 -3.1314 0.7964, 1.2043 -3.2821 0.7808, 1.1953 -3.2577 0.7964, 0.8916 -3.3804 0.7808, 0.885 -3.3553 0.7964, 0.5712 -3.4491 0.7808, 0.5669 -3.4234 0.7964, 0.2457 -3.4874 0.7808, 0.2439 -3.4615 0.7964, -0.082 -3.4951 0.7808, -0.0813 -3.4691 0.7964, -0.4089 -3.4721 0.7808, -0.4058 -3.4462 0.7964, -0.7322 -3.4185 0.7808, -0.7268 -3.3931 0.7964, -1.0491 -3.3349 0.7808, -1.0413 -3.3101 0.7964, -1.3568 -3.222 0.7808, -1.3467 -3.1981 0.7964, -1.6525 -3.0808 0.7808, -1.6402 -3.0579 0.7964, -1.9338 -2.9125 0.7808, -1.9194 -2.8909 0.7964, -2.198 -2.7187 0.7808, -2.1817 -2.6984 0.7964, -2.4429 -2.5009 0.7808, -2.4248 -2.4823 0.7964, -2.6664 -2.2611 0.7808, -2.6465 -2.2443 0.7964, -2.8664 -2.0015 0.7808, -2.8451 -1.9866 0.7964, -3.0412 -1.7243 0.7808, -3.0186 -1.7115 0.7964, -3.1894 -1.432 0.7808, -3.1656 -1.4213 0.7964, -3.3094 -1.127 0.7808, -3.2848 -1.1186 0.7964, -3.4004 -0.8122 0.7808, -3.3751 -0.8061 0.7964, -3.4615 -0.4902 0.7808, -3.4358 -0.4865 0.7964, -3.4922 -0.1639 0.7808, -3.4662 -0.1626 0.7964, -3.4922 0.1639 0.7808, -3.4662 0.1626 0.7964, -3.4615 0.4902 0.7808, -3.4358 0.4865 0.7964, -3.4004 0.8122 0.7808, -3.3751 0.8061 0.7964, -3.3094 1.127 0.7808, -3.2848 1.1186 0.7964, -3.1894 1.432 0.7808, -3.1656 1.4213 0.7964, -3.0412 1.7243 0.7808, -3.0186 1.7115 0.7964, -2.8664 2.0015 0.7808, -2.8451 1.9866 0.7964, -2.6664 2.2611 0.7808, -2.6465 2.2443 0.7964, -2.4429 2.5009 0.7808, -2.4248 2.4823 0.7964, -2.198 2.7187 0.7808, -2.1817 2.6984 0.7964, -1.9338 2.9125 0.7808, -1.9194 2.8909 0.7964, -1.6525 3.0808 0.7808, -1.6402 3.0579 0.7964, -1.3568 3.222 0.7808, -1.3467 3.1981 0.7964, -1.0491 3.3349 0.7808, -1.0413 3.3101 0.7964, -0.7322 3.4185 0.7808, -0.7268 3.3931 0.7964, -0.4089 3.4721 0.7808, -0.4058 3.4462 0.7964, -0.082 3.4951 0.7808, -0.0813 3.4691 0.7964, 0.2457 3.4874 0.7808, 0.2439 3.4615 0.7964, 0.5712 3.4491 0.7808, 0.5669 3.4234 0.7964, 0.8916 3.3804 0.7808, 0.885 3.3553 0.7964, 1.2043 3.2821 0.7808, 1.1953 3.2577 0.7964, 1.5063 3.1549 0.7808, 1.4951 3.1314 0.7964, 1.7951 3.0 0.7808, 1.7818 2.9777 0.7964, 2.0682 2.8187 0.7808, 2.0528 2.7977 0.7964, 2.323 2.6127 0.7808, 2.3057 2.5932 0.7964, 2.5575 2.3836 0.7808, 2.5384 2.3659 0.7964, 2.7694 2.1337 0.7808, 2.7488 2.1178 0.7964, 2.9571 1.865 0.7808, 2.9351 1.8511 0.7964, 3.1187 1.5799 0.7808, 3.0955 1.5681 0.7964, 3.253 1.2809 0.7808, 3.2288 1.2714 0.7964, 3.3586 0.9706 0.7808, 3.3336 0.9634 0.7964, 3.4348 0.6519 0.7808, 3.4092 0.647 0.7964, 3.4807 0.3274 0.7808, 3.4548 0.3249 0.7964, 3.4961 0.0 0.7808, 3.47 0.0 0.7964, 3.4337 -0.323 0.8182, 3.3884 -0.6431 0.8182, 3.3133 -0.9575 0.8182, 3.209 -1.2636 0.8182, 3.0766 -1.5585 0.8182, 2.9172 -1.8398 0.8182, 2.7321 -2.1049 0.8182, 2.5229 -2.3515 0.8182, 2.2917 -2.5774 0.8182, 2.0402 -2.7806 0.8182, 1.7709 -2.9595 0.8182, 1.486 -3.1123 0.8182, 1.188 -3.2378 0.8182, 0.8796 -3.3348 0.8182, 0.5635 -3.4025 0.8182, 0.2424 -3.4403 0.8182, -0.0809 -3.4479 0.8182, -0.4034 -3.4252 0.8182, -0.7223 -3.3724 0.8182, -1.0349 -3.2899 0.8182, -1.3385 -3.1785 0.8182, -1.6302 -3.0392 0.8182, -1.9077 -2.8732 0.8182, -2.1683 -2.682 0.8182, -2.41 -2.4671 0.8182, -2.6304 -2.2306 0.8182, -2.8277 -1.9745 0.8182, -3.0002 -1.701 0.8182, -3.1463 -1.4126 0.8182, -3.2647 -1.1118 0.8182, -3.3545 -0.8012 0.8182, -3.4148 -0.4835 0.8182, -3.4451 -0.1617 0.8182, -3.4451 0.1617 0.8182, -3.4148 0.4835 0.8182, -3.3545 0.8012 0.8182, -3.2647 1.1118 0.8182, -3.1463 1.4126 0.8182, -3.0002 1.701 0.8182, -2.8277 1.9745 0.8182, -2.6304 2.2306 0.8182, -2.41 2.4671 0.8182, -2.1683 2.682 0.8182, -1.9077 2.8732 0.8182, -1.6302 3.0392 0.8182, -1.3385 3.1785 0.8182, -1.0349 3.2899 0.8182, -0.7223 3.3724 0.8182, -0.4034 3.4252 0.8182, -0.0809 3.4479 0.8182, 0.2424 3.4403 0.8182, 0.5635 3.4025 0.8182, 0.8796 3.3348 0.8182, 1.188 3.2378 0.8182, 1.486 3.1123 0.8182, 1.7709 2.9595 0.8182, 2.0402 2.7806 0.8182, 2.2917 2.5774 0.8182, 2.5229 2.3515 0.8182, 2.7321 2.1049 0.8182, 2.9172 1.8398 0.8182, 3.0766 1.5585 0.8182, 3.209 1.2636 0.8182, 3.3133 0.9575 0.8182, 3.3884 0.6431 0.8182, 3.4337 0.323 0.8182, 3.4489 0.0 0.8182, 3.4188 -0.3216 0.8446, 3.3737 -0.6403 0.8446, 3.2989 -0.9534 0.8446, 3.1951 -1.2581 0.8446, 3.0633 -1.5518 0.8446, 2.9045 -1.8318 0.8446, 2.7202 -2.0957 0.8446, 2.512 -2.3413 0.8446, 2.2817 -2.5662 0.8446, 2.0314 -2.7686 0.8446, 1.7632 -2.9467 0.8446, 1.4795 -3.0988 0.8446, 1.1829 -3.2237 0.8446, 0.8758 -3.3203 0.8446, 0.561 -3.3878 0.8446, 0.2413 -3.4254 0.8446, -0.0805 -3.433 0.8446, -0.4016 -3.4103 0.8446, -0.7192 -3.3577 0.8446, -1.0305 -3.2756 0.8446, -1.3327 -3.1648 0.8446, -1.6232 -3.0261 0.8446, -1.8994 -2.8608 0.8446, -2.1589 -2.6703 0.8446, -2.3995 -2.4564 0.8446, -2.619 -2.2209 0.8446, -2.8155 -1.9659 0.8446, -2.9872 -1.6937 0.8446, -3.1326 -1.4065 0.8446, -3.2506 -1.107 0.8446, -3.34 -0.7977 0.8446, -3.4 -0.4815 0.8446, -3.4301 -0.161 0.8446, -3.4301 0.161 0.8446, -3.4 0.4815 0.8446, -3.34 0.7977 0.8446, -3.2506 1.107 0.8446, -3.1326 1.4065 0.8446, -2.9872 1.6937 0.8446, -2.8155 1.9659 0.8446, -2.619 2.2209 0.8446, -2.3995 2.4564 0.8446, -2.1589 2.6703 0.8446, -1.8994 2.8608 0.8446, -1.6232 3.0261 0.8446, -1.3327 3.1648 0.8446, -1.0305 3.2756 0.8446, -0.7192 3.3577 0.8446, -0.4016 3.4103 0.8446, -0.0805 3.433 0.8446, 0.2413 3.4254 0.8446, 0.561 3.3878 0.8446, 0.8758 3.3203 0.8446, 1.1829 3.2237 0.8446, 1.4795 3.0988 0.8446, 1.7632 2.9467 0.8446, 2.0314 2.7686 0.8446, 2.2817 2.5662 0.8446, 2.512 2.3413 0.8446, 2.7202 2.0957 0.8446, 2.9045 1.8318 0.8446, 3.0633 1.5518 0.8446, 3.1951 1.2581 0.8446, 3.2989 0.9534 0.8446, 3.3737 0.6403 0.8446, 3.4188 0.3216 0.8446, 3.4339 0.0 0.8446, 3.4111 -0.3208 0.8739, 3.3661 -0.6388 0.8739, 3.2915 -0.9512 0.8739, 3.1879 -1.2553 0.8739, 3.0564 -1.5483 0.8739, 2.898 -1.8277 0.8739, 2.7141 -2.091 0.8739, 2.5064 -2.336 0.8739, 2.2766 -2.5604 0.8739, 2.0268 -2.7624 0.8739, 1.7593 -2.94 0.8739, 1.4762 -3.0918 0.8739, 1.1802 -3.2165 0.8739, 0.8738 -3.3129 0.8739, 0.5598 -3.3801 0.8739, 0.2408 -3.4177 0.8739, -0.0803 -3.4252 0.8739, -0.4007 -3.4027 0.8739, -0.7176 -3.3502 0.8739, -1.0281 -3.2683 0.8739, -1.3297 -3.1576 0.8739, -1.6195 -3.0192 0.8739, -1.8951 -2.8543 0.8739, -2.1541 -2.6643 0.8739, -2.3941 -2.4509 0.8739, -2.6131 -2.2159 0.8739, -2.8091 -1.9615 0.8739, -2.9805 -1.6898 0.8739, -3.1256 -1.4033 0.8739, -3.2433 -1.1045 0.8739, -3.3324 -0.7959 0.8739, -3.3923 -0.4804 0.8739, -3.4224 -0.1606 0.8739, -3.4224 0.1606 0.8739, -3.3923 0.4804 0.8739, -3.3324 0.7959 0.8739, -3.2433 1.1045 0.8739, -3.1256 1.4033 0.8739, -2.9805 1.6898 0.8739, -2.8091 1.9615 0.8739, -2.6131 2.2159 0.8739, -2.3941 2.4509 0.8739, -2.1541 2.6643 0.8739, -1.8951 2.8543 0.8739, -1.6195 3.0192 0.8739, -1.3297 3.1576 0.8739, -1.0281 3.2683 0.8739, -0.7176 3.3502 0.8739, -0.4007 3.4027 0.8739, -0.0803 3.4252 0.8739, 0.2408 3.4177 0.8739, 0.5598 3.3801 0.8739, 0.8738 3.3129 0.8739, 1.1802 3.2165 0.8739, 1.4762 3.0918 0.8739, 1.7593 2.94 0.8739, 2.0268 2.7624 0.8739, 2.2766 2.5604 0.8739, 2.5064 2.336 0.8739, 2.7141 2.091 0.8739, 2.898 1.8277 0.8739, 3.0564 1.5483 0.8739, 3.1879 1.2553 0.8739, 3.2915 0.9512 0.8739, 3.3661 0.6388 0.8739, 3.4111 0.3208 0.8739, 3.4262 0.0 0.8739, 3.4111 -0.3208 0.9042, 3.3661 -0.6388 0.9042, 3.2915 -0.9512 0.9042, 3.1879 -1.2553 0.9042, 3.0564 -1.5483 0.9042, 2.898 -1.8277 0.9042, 2.7141 -2.091 0.9042, 2.5064 -2.336 0.9042, 2.2766 -2.5604 0.9042, 2.0268 -2.7624 0.9042, 1.7593 -2.94 0.9042, 1.4762 -3.0918 0.9042, 1.1802 -3.2165 0.9042, 0.8738 -3.3129 0.9042, 0.5598 -3.3801 0.9042, 0.2408 -3.4177 0.9042, -0.0803 -3.4252 0.9042, -0.4007 -3.4027 0.9042, -0.7176 -3.3502 0.9042, -1.0281 -3.2683 0.9042, -1.3297 -3.1576 0.9042, -1.6195 -3.0192 0.9042, -1.8951 -2.8543 0.9042, -2.1541 -2.6643 0.9042, -2.3941 -2.4509 0.9042, -2.6131 -2.2159 0.9042, -2.8091 -1.9615 0.9042, -2.9805 -1.6898 0.9042, -3.1256 -1.4033 0.9042, -3.2433 -1.1045 0.9042, -3.3324 -0.7959 0.9042, -3.3923 -0.4804 0.9042, -3.4224 -0.1606 0.9042, -3.4224 0.1606 0.9042, -3.3923 0.4804 0.9042, -3.3324 0.7959 0.9042, -3.2433 1.1045 0.9042, -3.1256 1.4033 0.9042, -2.9805 1.6898 0.9042, -2.8091 1.9615 0.9042, -2.6131 2.2159 0.9042, -2.3941 2.4509 0.9042, -2.1541 2.6643 0.9042, -1.8951 2.8543 0.9042, -1.6195 3.0192 0.9042, -1.3297 3.1576 0.9042, -1.0281 3.2683 0.9042, -0.7176 3.3502 0.9042, -0.4007 3.4027 0.9042, -0.0803 3.4252 0.9042, 0.2408 3.4177 0.9042, 0.5598 3.3801 0.9042, 0.8738 3.3129 0.9042, 1.1802 3.2165 0.9042, 1.4762 3.0918 0.9042, 1.7593 2.94 0.9042, 2.0268 2.7624 0.9042, 2.2766 2.5604 0.9042, 2.5064 2.336 0.9042, 2.7141 2.091 0.9042, 2.898 1.8277 0.9042, 3.0564 1.5483 0.9042, 3.1879 1.2553 0.9042, 3.2915 0.9512 0.9042, 3.3661 0.6388 0.9042, 3.4111 0.3208 0.9042, 3.4262 0.0 0.9042, 3.4188 -0.3216 0.9336, 3.3737 -0.6403 0.9336, 3.2989 -0.9534 0.9336, 3.1951 -1.2581 0.9336, 3.0633 -1.5518 0.9336, 2.9045 -1.8318 0.9336, 2.7202 -2.0957 0.9336, 2.512 -2.3413 0.9336, 2.2817 -2.5662 0.9336, 2.0314 -2.7686 0.9336, 1.7632 -2.9467 0.9336, 1.4795 -3.0988 0.9336, 1.1829 -3.2237 0.9336, 0.8758 -3.3203 0.9336, 0.561 -3.3878 0.9336, 0.2413 -3.4254 0.9336, -0.0805 -3.433 0.9336, -0.4016 -3.4103 0.9336, -0.7192 -3.3577 0.9336, -1.0305 -3.2756 0.9336, -1.3327 -3.1648 0.9336, -1.6232 -3.0261 0.9336, -1.8994 -2.8608 0.9336, -2.1589 -2.6703 0.9336, -2.3995 -2.4564 0.9336, -2.619 -2.2209 0.9336, -2.8155 -1.9659 0.9336, -2.9872 -1.6937 0.9336, -3.1326 -1.4065 0.9336, -3.2506 -1.107 0.9336, -3.34 -0.7977 0.9336, -3.4 -0.4815 0.9336, -3.4301 -0.161 0.9336, -3.4301 0.161 0.9336, -3.4 0.4815 0.9336, -3.34 0.7977 0.9336, -3.2506 1.107 0.9336, -3.1326 1.4065 0.9336, -2.9872 1.6937 0.9336, -2.8155 1.9659 0.9336, -2.619 2.2209 0.9336, -2.3995 2.4564 0.9336, -2.1589 2.6703 0.9336, -1.8994 2.8608 0.9336, -1.6232 3.0261 0.9336, -1.3327 3.1648 0.9336, -1.0305 3.2756 0.9336, -0.7192 3.3577 0.9336, -0.4016 3.4103 0.9336, -0.0805 3.433 0.9336, 0.2413 3.4254 0.9336, 0.561 3.3878 0.9336, 0.8758 3.3203 0.9336, 1.1829 3.2237 0.9336, 1.4795 3.0988 0.9336, 1.7632 2.9467 0.9336, 2.0314 2.7686 0.9336, 2.2817 2.5662 0.9336, 2.512 2.3413 0.9336, 2.7202 2.0957 0.9336, 2.9045 1.8318 0.9336, 3.0633 1.5518 0.9336, 3.1951 1.2581 0.9336, 3.2989 0.9534 0.9336, 3.3737 0.6403 0.9336, 3.4188 0.3216 0.9336, 3.4339 0.0 0.9336, 3.4337 -0.323 0.96, 3.3884 -0.6431 0.96, 3.3133 -0.9575 0.96, 3.209 -1.2636 0.96, 3.0766 -1.5585 0.96, 2.9172 -1.8398 0.96, 2.7321 -2.1049 0.96, 2.5229 -2.3515 0.96, 2.2917 -2.5774 0.96, 2.0402 -2.7806 0.96, 1.7709 -2.9595 0.96, 1.486 -3.1123 0.96, 1.188 -3.2378 0.96, 0.8796 -3.3348 0.96, 0.5635 -3.4025 0.96, 0.2424 -3.4403 0.96, -0.0809 -3.4479 0.96, -0.4034 -3.4252 0.96, -0.7223 -3.3724 0.96, -1.0349 -3.2899 0.96, -1.3385 -3.1785 0.96, -1.6302 -3.0392 0.96, -1.9077 -2.8732 0.96, -2.1683 -2.682 0.96, -2.41 -2.4671 0.96, -2.6304 -2.2306 0.96, -2.8277 -1.9745 0.96, -3.0002 -1.701 0.96, -3.1463 -1.4126 0.96, -3.2647 -1.1118 0.96, -3.3545 -0.8012 0.96, -3.4148 -0.4835 0.96, -3.4451 -0.1617 0.96, -3.4451 0.1617 0.96, -3.4148 0.4835 0.96, -3.3545 0.8012 0.96, -3.2647 1.1118 0.96, -3.1463 1.4126 0.96, -3.0002 1.701 0.96, -2.8277 1.9745 0.96, -2.6304 2.2306 0.96, -2.41 2.4671 0.96, -2.1683 2.682 0.96, -1.9077 2.8732 0.96, -1.6302 3.0392 0.96, -1.3385 3.1785 0.96, -1.0349 3.2899 0.96, -0.7223 3.3724 0.96, -0.4034 3.4252 0.96, -0.0809 3.4479 0.96, 0.2424 3.4403 0.96, 0.5635 3.4025 0.96, 0.8796 3.3348 0.96, 1.188 3.2378 0.96, 1.486 3.1123 0.96, 1.7709 2.9595 0.96, 2.0402 2.7806 0.96, 2.2917 2.5774 0.96, 2.5229 2.3515 0.96, 2.7321 2.1049 0.96, 2.9172 1.8398 0.96, 3.0766 1.5585 0.96, 3.209 1.2636 0.96, 3.3133 0.9575 0.96, 3.3884 0.6431 0.96, 3.4337 0.323 0.96, 3.4489 0.0 0.96, 3.4548 -0.3249 0.9817, 3.4092 -0.647 0.9817, 3.3336 -0.9634 0.9817, 3.2288 -1.2714 0.9817, 3.0955 -1.5681 0.9817, 2.9351 -1.8511 0.9817, 2.7488 -2.1178 0.9817, 2.5384 -2.3659 0.9817, 2.3057 -2.5932 0.9817, 2.0528 -2.7977 0.9817, 1.7818 -2.9777 0.9817, 1.4951 -3.1314 0.9817, 1.1953 -3.2577 0.9817, 0.885 -3.3553 0.9817, 0.5669 -3.4234 0.9817, 0.2439 -3.4615 0.9817, -0.0813 -3.4691 0.9817, -0.4058 -3.4462 0.9817, -0.7268 -3.3931 0.9817, -1.0413 -3.3101 0.9817, -1.3467 -3.1981 0.9817, -1.6402 -3.0579 0.9817, -1.9194 -2.8909 0.9817, -2.1817 -2.6984 0.9817, -2.4248 -2.4823 0.9817, -2.6465 -2.2443 0.9817, -2.8451 -1.9866 0.9817, -3.0186 -1.7115 0.9817, -3.1656 -1.4213 0.9817, -3.2848 -1.1186 0.9817, -3.3751 -0.8061 0.9817, -3.4358 -0.4865 0.9817, -3.4662 -0.1626 0.9817, -3.4662 0.1626 0.9817, -3.4358 0.4865 0.9817, -3.3751 0.8061 0.9817, -3.2848 1.1186 0.9817, -3.1656 1.4213 0.9817, -3.0186 1.7115 0.9817, -2.8451 1.9866 0.9817, -2.6465 2.2443 0.9817, -2.4248 2.4823 0.9817, -2.1817 2.6984 0.9817, -1.9194 2.8909 0.9817, -1.6402 3.0579 0.9817, -1.3467 3.1981 0.9817, -1.0413 3.3101 0.9817, -0.7268 3.3931 0.9817, -0.4058 3.4462 0.9817, -0.0813 3.4691 0.9817, 0.2439 3.4615 0.9817, 0.5669 3.4234 0.9817, 0.885 3.3553 0.9817, 1.1953 3.2577 0.9817, 1.4951 3.1314 0.9817, 1.7818 2.9777 0.9817, 2.0528 2.7977 0.9817, 2.3057 2.5932 0.9817, 2.5384 2.3659 0.9817, 2.7488 2.1178 0.9817, 2.9351 1.8511 0.9817, 3.0955 1.5681 0.9817, 3.2288 1.2714 0.9817, 3.3336 0.9634 0.9817, 3.4092 0.647 0.9817, 3.4548 0.3249 0.9817, 3.47 0.0 0.9817, 3.4201 0.9165 0.7087, 3.402 0.9832 0.7268, 3.4791 0.6603 0.7268, 3.0653 1.7698 0.7087, 2.9953 1.8891 0.7268, 3.159 1.6003 0.7268, 3.404 0.9838 0.7087, 3.2969 1.2982 0.7087, 3.295 1.2974 0.7268, 3.2714 1.355 0.7087, 3.1609 1.6012 0.7087, 2.997 1.8902 0.7087, 2.8108 2.1568 0.7087, 2.8052 2.1612 0.7268, 2.1553 2.809 0.7087, 2.0949 2.8551 0.7268, 2.353 2.6464 0.7268, 2.8069 2.1625 0.7087, 2.592 2.4159 0.7087, 2.5905 2.4144 0.7268, 2.5029 2.5029 0.7087, 2.3544 2.648 0.7087, 2.0961 2.8568 0.7087, 1.8194 3.0405 0.7087, 1.8183 3.0387 0.7268, 1.7706 3.0667 0.7087, 1.5258 3.1956 0.7268, 1.5267 3.1975 0.7087, 1.3545 3.2701 0.7087, 1.2198 3.3245 0.7268, 1.2206 3.3265 0.7087, 0.9032 3.4241 0.7268, 0.9169 3.422 0.7087, -0.0001 3.5404 0.7087, -0.083 3.5402 0.7268, 0.2489 3.5324 0.7268, 0.9037 3.4261 0.7087, 0.5789 3.4957 0.7087, 0.5786 3.4936 0.7268, 0.4621 3.5095 0.7087, 0.249 3.5345 0.7087, -0.0831 3.5423 0.7087, -0.4144 3.519 0.7087, -0.4142 3.5169 0.7268, -0.4622 3.5111 0.7087, -0.7417 3.4627 0.7268, -0.7421 3.4647 0.7087, -0.9161 3.4188 0.7087, -1.0627 3.378 0.7268, -1.0633 3.38 0.7087, -1.3743 3.2636 0.7268, -1.3557 3.2727 0.7087, -2.1552 2.8086 0.7087, -2.2264 2.7538 0.7268, -1.9587 2.9502 0.7268, -1.3751 3.2656 0.7087, -1.6749 3.1225 0.7087, -1.6739 3.1206 0.7268, -1.7699 3.0656 0.7087, -1.9599 2.9519 0.7087, -2.2277 2.7554 0.7087, -2.476 2.5347 0.7087, -2.4745 2.5332 0.7268, -2.5043 2.5043 0.7087, -2.7008 2.2903 0.7268, -2.7024 2.2917 0.7087, -2.808 2.1547 0.7087, -2.9034 2.0274 0.7268, -2.9052 2.0286 0.7087, -3.0805 1.7466 0.7268, -3.0676 1.771 0.7087, -3.4195 0.9162 0.7087, -3.4443 0.8226 0.7268, -3.3522 1.1416 0.7268, -3.0823 1.7476 0.7087, -3.2325 1.4513 0.7087, -3.2305 1.4504 0.7268, -3.2705 1.3547 0.7087, -3.3542 1.1422 0.7087, -3.4464 0.8231 0.7087, -3.5083 0.4968 0.7087, -3.5062 0.4965 0.7268, -3.5115 0.4624 0.7087, -3.5373 0.166 0.7268, -3.5394 0.1661 0.7087, -3.5394 -0.0 0.7087, -3.5373 -0.166 0.7268, -3.5394 -0.1661 0.7087, -3.5062 -0.4965 0.7268, -3.5115 -0.4624 0.7087, -3.2705 -1.3547 0.7087, -3.2305 -1.4504 0.7268, -3.3522 -1.1416 0.7268, -3.5083 -0.4968 0.7087, -3.4464 -0.8231 0.7087, -3.4443 -0.8226 0.7268, -3.4195 -0.9162 0.7087, -3.3542 -1.1422 0.7087, -3.2325 -1.4513 0.7087, -3.0823 -1.7476 0.7087, -3.0805 -1.7466 0.7268, -3.0676 -1.771 0.7087, -2.9034 -2.0274 0.7268, -2.9052 -2.0286 0.7087, -2.808 -2.1547 0.7087, -2.7008 -2.2903 0.7268, -2.7024 -2.2917 0.7087, -2.4745 -2.5332 0.7268, -2.5043 -2.5043 0.7087, -1.7699 -3.0656 0.7087, -1.6739 -3.1206 0.7268, -1.9587 -2.9502 0.7268, -2.476 -2.5347 0.7087, -2.2277 -2.7554 0.7087, -2.2264 -2.7538 0.7268, -2.1552 -2.8086 0.7087, -1.9599 -2.9519 0.7087, -1.6749 -3.1225 0.7087, -1.3751 -3.2656 0.7087, -1.3743 -3.2636 0.7268, -1.3557 -3.2727 0.7087, -1.0627 -3.378 0.7268, -1.0633 -3.38 0.7087, -0.9161 -3.4188 0.7087, -0.7417 -3.4627 0.7268, -0.7421 -3.4647 0.7087, -0.4142 -3.5169 0.7268, -0.4622 -3.5111 0.7087, 0.4621 -3.5095 0.7087, 0.5786 -3.4936 0.7268, 0.2489 -3.5324 0.7268, -0.4144 -3.519 0.7087, -0.0831 -3.5423 0.7087, -0.083 -3.5402 0.7268, -0.0001 -3.5404 0.7087, 0.249 -3.5345 0.7087, 0.5789 -3.4957 0.7087, 0.9037 -3.4261 0.7087, 0.9032 -3.4241 0.7268, 0.9169 -3.422 0.7087, 1.2198 -3.3245 0.7268, 1.2206 -3.3265 0.7087, 1.3545 -3.2701 0.7087, 1.5258 -3.1956 0.7268, 1.5267 -3.1975 0.7087, 1.8183 -3.0387 0.7268, 1.7706 -3.0667 0.7087, 2.5029 -2.5029 0.7087, 2.5905 -2.4144 0.7268, 2.353 -2.6464 0.7268, 1.8194 -3.0405 0.7087, 2.0961 -2.8568 0.7087, 2.0949 -2.8551 0.7268, 2.1553 -2.809 0.7087, 2.3544 -2.648 0.7087, 2.592 -2.4159 0.7087, 2.8069 -2.1625 0.7087, 2.8052 -2.1612 0.7268, 2.8108 -2.1568 0.7087, 2.9953 -1.8891 0.7268, 3.2714 -1.355 0.7087, 3.295 -1.2974 0.7268, 3.159 -1.6003 0.7268, 2.997 -1.8902 0.7087, 3.0653 -1.7698 0.7087, 3.1609 -1.6012 0.7087, 3.5093 -0.462 0.7087, 3.5256 -0.3316 0.7268, 3.4791 -0.6603 0.7268, 3.2969 -1.2982 0.7087, 3.404 -0.9838 0.7087, 3.402 -0.9832 0.7268, 3.4201 -0.9165 0.7087, 3.4812 -0.6607 0.7087, 3.5277 -0.3318 0.7087, 3.5433 0.0 0.7087, 3.5412 0.0 0.7268, 3.5277 0.3318 0.7087, 3.5256 0.3316 0.7268, 3.5093 0.462 0.7087, 3.4812 0.6607 0.7087, 3.5195 -0.331 0.7439, 3.473 -0.6591 0.7439, 3.396 -0.9815 0.7439, 3.2892 -1.2952 0.7439, 3.1535 -1.5975 0.7439, 2.99 -1.8857 0.7439, 2.8003 -2.1574 0.7439, 2.586 -2.4102 0.7439, 2.3489 -2.6417 0.7439, 2.0912 -2.8501 0.7439, 1.8151 -3.0334 0.7439, 1.5231 -3.19 0.7439, 1.2177 -3.3186 0.7439, 0.9016 -3.4181 0.7439, 0.5775 -3.4875 0.7439, 0.2484 -3.5263 0.7439, -0.0829 -3.534 0.7439, -0.4134 -3.5107 0.7439, -0.7404 -3.4566 0.7439, -1.0608 -3.3721 0.7439, -1.3719 -3.2579 0.7439, -1.671 -3.1151 0.7439, -1.9553 -2.945 0.7439, -2.2225 -2.7489 0.7439, -2.4701 -2.5287 0.7439, -2.6961 -2.2863 0.7439, -2.8983 -2.0238 0.7439, -3.0751 -1.7435 0.7439, -3.2249 -1.4479 0.7439, -3.3463 -1.1396 0.7439, -3.4383 -0.8212 0.7439, -3.5001 -0.4956 0.7439, -3.5311 -0.1657 0.7439, -3.5311 0.1657 0.7439, -3.5001 0.4956 0.7439, -3.4383 0.8212 0.7439, -3.3463 1.1396 0.7439, -3.2249 1.4479 0.7439, -3.0751 1.7435 0.7439, -2.8983 2.0238 0.7439, -2.6961 2.2863 0.7439, -2.4701 2.5287 0.7439, -2.2225 2.7489 0.7439, -1.9553 2.945 0.7439, -1.671 3.1151 0.7439, -1.3719 3.2579 0.7439, -1.0608 3.3721 0.7439, -0.7404 3.4566 0.7439, -0.4134 3.5107 0.7439, -0.0829 3.534 0.7439, 0.2484 3.5263 0.7439, 0.5775 3.4875 0.7439, 0.9016 3.4181 0.7439, 1.2177 3.3186 0.7439, 1.5231 3.19 0.7439, 1.8151 3.0334 0.7439, 2.0912 2.8501 0.7439, 2.3489 2.6417 0.7439, 2.586 2.4102 0.7439, 2.8003 2.1574 0.7439, 2.99 1.8857 0.7439, 3.1535 1.5975 0.7439, 3.2892 1.2952 0.7439, 3.396 0.9815 0.7439, 3.473 0.6591 0.7439, 3.5195 0.331 0.7439, 3.535 0.0 0.7439, 3.5095 -0.3301 0.7591, 3.4632 -0.6573 0.7591, 3.3864 -0.9787 0.7591, 3.2799 -1.2915 0.7591, 3.1446 -1.593 0.7591, 2.9816 -1.8804 0.7591, 2.7924 -2.1514 0.7591, 2.5787 -2.4034 0.7591, 2.3423 -2.6343 0.7591, 2.0853 -2.8421 0.7591, 1.81 -3.0248 0.7591, 1.5188 -3.181 0.7591, 1.2143 -3.3093 0.7591, 0.899 -3.4084 0.7591, 0.5759 -3.4777 0.7591, 0.2477 -3.5163 0.7591, -0.0826 -3.524 0.7591, -0.4123 -3.5008 0.7591, -0.7383 -3.4468 0.7591, -1.0578 -3.3626 0.7591, -1.368 -3.2487 0.7591, -1.6662 -3.1063 0.7591, -1.9498 -2.9367 0.7591, -2.2162 -2.7412 0.7591, -2.4632 -2.5216 0.7591, -2.6885 -2.2799 0.7591, -2.8902 -2.0181 0.7591, -3.0664 -1.7386 0.7591, -3.2158 -1.4438 0.7591, -3.3368 -1.1363 0.7591, -3.4286 -0.8189 0.7591, -3.4902 -0.4942 0.7591, -3.5211 -0.1652 0.7591, -3.5211 0.1652 0.7591, -3.4902 0.4942 0.7591, -3.4286 0.8189 0.7591, -3.3368 1.1363 0.7591, -3.2158 1.4438 0.7591, -3.0664 1.7386 0.7591, -2.8902 2.0181 0.7591, -2.6885 2.2799 0.7591, -2.4632 2.5216 0.7591, -2.2162 2.7412 0.7591, -1.9498 2.9367 0.7591, -1.6662 3.1063 0.7591, -1.368 3.2487 0.7591, -1.0578 3.3626 0.7591, -0.7383 3.4468 0.7591, -0.4123 3.5008 0.7591, -0.0826 3.524 0.7591, 0.2477 3.5163 0.7591, 0.5759 3.4777 0.7591, 0.899 3.4084 0.7591, 1.2143 3.3093 0.7591, 1.5188 3.181 0.7591, 1.81 3.0248 0.7591, 2.0853 2.8421 0.7591, 2.3423 2.6343 0.7591, 2.5787 2.4034 0.7591, 2.7924 2.1514 0.7591, 2.9816 1.8804 0.7591, 3.1446 1.593 0.7591, 3.2799 1.2915 0.7591, 3.3864 0.9787 0.7591, 3.4632 0.6573 0.7591, 3.5095 0.3301 0.7591, 3.525 0.0 0.7591, 3.4964 -0.3289 0.7717, 3.4502 -0.6548 0.7717, 3.3737 -0.975 0.7717, 3.2676 -1.2867 0.7717, 3.1328 -1.587 0.7717, 2.9704 -1.8734 0.7717, 2.7819 -2.1433 0.7717, 2.569 -2.3944 0.7717, 2.3335 -2.6244 0.7717, 2.0775 -2.8314 0.7717, 1.8032 -3.0135 0.7717, 1.5131 -3.1691 0.7717, 1.2097 -3.2969 0.7717, 0.8957 -3.3957 0.7717, 0.5737 -3.4646 0.7717, 0.2468 -3.5031 0.7717, -0.0823 -3.5108 0.7717, -0.4107 -3.4877 0.7717, -0.7355 -3.4339 0.7717, -1.0538 -3.35 0.7717, -1.3629 -3.2366 0.7717, -1.66 -3.0947 0.7717, -1.9425 -2.9257 0.7717, -2.2079 -2.7309 0.7717, -2.4539 -2.5122 0.7717, -2.6784 -2.2713 0.7717, -2.8793 -2.0105 0.7717, -3.0549 -1.7321 0.7717, -3.2037 -1.4384 0.7717, -3.3243 -1.1321 0.7717, -3.4157 -0.8158 0.7717, -3.4771 -0.4924 0.7717, -3.5079 -0.1646 0.7717, -3.5079 0.1646 0.7717, -3.4771 0.4924 0.7717, -3.4157 0.8158 0.7717, -3.3243 1.1321 0.7717, -3.2037 1.4384 0.7717, -3.0549 1.7321 0.7717, -2.8793 2.0105 0.7717, -2.6784 2.2713 0.7717, -2.4539 2.5122 0.7717, -2.2079 2.7309 0.7717, -1.9425 2.9257 0.7717, -1.66 3.0947 0.7717, -1.3629 3.2366 0.7717, -1.0538 3.35 0.7717, -0.7355 3.4339 0.7717, -0.4107 3.4877 0.7717, -0.0823 3.5108 0.7717, 0.2468 3.5031 0.7717, 0.5737 3.4646 0.7717, 0.8957 3.3957 0.7717, 1.2097 3.2969 0.7717, 1.5131 3.1691 0.7717, 1.8032 3.0135 0.7717, 2.0775 2.8314 0.7717, 2.3335 2.6244 0.7717, 2.569 2.3944 0.7717, 2.7819 2.1433 0.7717, 2.9704 1.8734 0.7717, 3.1328 1.587 0.7717, 3.2676 1.2867 0.7717, 3.3737 0.975 0.7717, 3.4502 0.6548 0.7717, 3.4964 0.3289 0.7717, 3.5118 0.0 0.7717, 3.5433 0.0 0.0, 3.513 0.4625 0.0, 3.4226 0.9171 0.0, 3.2736 1.356 0.0, 3.0686 1.7717 -0.0, 2.8111 2.157 -0.0, 2.5055 2.5055 -0.0, 2.157 2.8111 -0.0, 1.7717 3.0686 -0.0, 1.356 3.2736 -0.0, 0.9171 3.4226 -0.0, 0.4625 3.513 -0.0, -0.0 3.5433 -0.0, -0.4625 3.513 -0.0, -0.9171 3.4226 -0.0, -1.356 3.2736 -0.0, -1.7717 3.0686 -0.0, -2.157 2.8111 -0.0, -2.5055 2.5055 -0.0, -2.8111 2.157 -0.0, -3.0686 1.7717 -0.0, -3.2736 1.356 -0.0, -3.4226 0.9171 -0.0, -3.513 0.4625 -0.0, -3.5433 -0.0 -0.0, -3.513 -0.4625 -0.0, -3.4226 -0.9171 -0.0, -3.2736 -1.356 -0.0, -3.0686 -1.7717 -0.0, -2.8111 -2.157 -0.0, -2.5055 -2.5055 -0.0, -2.157 -2.8111 -0.0, -1.7717 -3.0686 -0.0, -1.356 -3.2736 -0.0, -0.9171 -3.4226 -0.0, -0.4625 -3.513 -0.0, 0.0 -3.5433 -0.0, 0.4625 -3.513 -0.0, 0.9171 -3.4226 -0.0, 1.356 -3.2736 -0.0, 1.7717 -3.0686 -0.0, 2.157 -2.8111 -0.0, 2.5055 -2.5055 -0.0, 2.8111 -2.157 -0.0, 3.0686 -1.7717 -0.0, 3.2736 -1.356 0.0, 3.4226 -0.9171 0.0, 3.513 -0.4625 0.0, 3.513 -0.4625 0.0
            ]
        }
        coordIndex [
            0,1,2,-1,3,4,5,-1,0,6,1,-1,1,6,7,-1,1,7,8,-1,8,7,9,-1,8,9,5,-1,5,9,10,-1,5,10,3,-1,3,11,4,-1,4,11,12,-1,4,12,13,-1,14,15,16,-1,12,17,13,-1,13,17,18,-1,13,18,19,-1,19,18,20,-1,19,20,16,-1,16,20,21,-1,16,21,14,-1,14,22,15,-1,15,22,23,-1,15,23,24,-1,24,23,25,-1,24,25,26,-1,25,27,26,-1,26,27,28,-1,26,28,29,-1,29,28,30,-1,29,30,31,-1,31,30,32,-1,33,34,35,-1,32,36,31,-1,31,36,37,-1,31,37,38,-1,38,37,39,-1,38,39,35,-1,35,39,40,-1,35,40,33,-1,33,41,34,-1,34,41,42,-1,34,42,43,-1,43,42,44,-1,43,44,45,-1,44,46,45,-1,45,46,47,-1,45,47,48,-1,48,47,49,-1,48,49,50,-1,50,49,51,-1,52,53,54,-1,51,55,50,-1,50,55,56,-1,50,56,57,-1,57,56,58,-1,57,58,54,-1,54,58,59,-1,54,59,52,-1,52,60,53,-1,53,60,61,-1,53,61,62,-1,62,61,63,-1,62,63,64,-1,63,65,64,-1,64,65,66,-1,64,66,67,-1,67,66,68,-1,67,68,69,-1,69,68,70,-1,71,72,73,-1,70,74,69,-1,69,74,75,-1,69,75,76,-1,76,75,77,-1,76,77,73,-1,73,77,78,-1,73,78,71,-1,71,79,72,-1,72,79,80,-1,72,80,81,-1,81,80,82,-1,81,82,83,-1,82,84,83,-1,83,84,85,-1,83,85,86,-1,86,85,87,-1,86,87,88,-1,88,87,89,-1,90,91,92,-1,89,93,88,-1,88,93,94,-1,88,94,95,-1,95,94,96,-1,95,96,92,-1,92,96,97,-1,92,97,90,-1,90,98,91,-1,91,98,99,-1,91,99,100,-1,100,99,101,-1,100,101,102,-1,101,103,102,-1,102,103,104,-1,102,104,105,-1,105,104,106,-1,105,106,107,-1,107,106,108,-1,109,110,111,-1,108,112,107,-1,107,112,113,-1,107,113,114,-1,114,113,115,-1,114,115,111,-1,111,115,116,-1,111,116,109,-1,109,117,110,-1,110,117,118,-1,110,118,119,-1,119,118,120,-1,119,120,121,-1,120,122,121,-1,121,122,123,-1,121,123,124,-1,124,123,125,-1,124,125,126,-1,126,125,127,-1,128,129,130,-1,127,131,126,-1,126,131,132,-1,126,132,133,-1,133,132,134,-1,133,134,130,-1,130,134,135,-1,130,135,128,-1,128,136,129,-1,129,136,137,-1,129,137,138,-1,138,137,139,-1,138,139,140,-1,139,141,140,-1,140,141,142,-1,140,142,143,-1,143,142,144,-1,143,144,145,-1,145,144,146,-1,147,148,149,-1,146,150,145,-1,145,150,151,-1,145,151,152,-1,152,151,153,-1,152,153,149,-1,149,153,154,-1,149,154,147,-1,147,155,148,-1,148,155,156,-1,148,156,157,-1,157,156,158,-1,157,158,159,-1,158,160,159,-1,159,160,161,-1,159,161,162,-1,162,161,163,-1,162,163,164,-1,164,163,165,-1,166,167,168,-1,165,169,164,-1,164,169,170,-1,164,170,171,-1,171,170,172,-1,171,172,168,-1,168,172,173,-1,168,173,166,-1,166,174,167,-1,167,174,175,-1,167,175,176,-1,176,175,177,-1,176,177,178,-1,178,177,179,-1,178,179,2,-1,2,179,180,-1,2,180,0,-1,176,181,167,-1,167,181,182,-1,167,182,168,-1,168,182,183,-1,168,183,171,-1,171,183,184,-1,171,184,164,-1,164,184,185,-1,164,185,162,-1,162,185,186,-1,162,186,159,-1,159,186,187,-1,159,187,157,-1,157,187,188,-1,157,188,148,-1,148,188,189,-1,148,189,149,-1,149,189,190,-1,149,190,152,-1,152,190,191,-1,152,191,145,-1,145,191,192,-1,145,192,143,-1,143,192,193,-1,143,193,140,-1,140,193,194,-1,140,194,138,-1,138,194,195,-1,138,195,129,-1,129,195,196,-1,129,196,130,-1,130,196,197,-1,130,197,133,-1,133,197,198,-1,133,198,126,-1,126,198,199,-1,126,199,124,-1,124,199,200,-1,124,200,121,-1,121,200,201,-1,121,201,119,-1,119,201,202,-1,119,202,110,-1,110,202,203,-1,110,203,111,-1,111,203,204,-1,111,204,114,-1,114,204,205,-1,114,205,107,-1,107,205,206,-1,107,206,105,-1,105,206,207,-1,105,207,102,-1,102,207,208,-1,102,208,100,-1,100,208,209,-1,100,209,91,-1,91,209,210,-1,91,210,92,-1,92,210,211,-1,92,211,95,-1,95,211,212,-1,95,212,88,-1,88,212,213,-1,88,213,86,-1,86,213,214,-1,86,214,83,-1,83,214,215,-1,83,215,81,-1,81,215,216,-1,81,216,72,-1,72,216,217,-1,72,217,73,-1,73,217,218,-1,73,218,76,-1,76,218,219,-1,76,219,69,-1,69,219,220,-1,69,220,67,-1,67,220,221,-1,67,221,64,-1,64,221,222,-1,64,222,62,-1,62,222,223,-1,62,223,53,-1,53,223,224,-1,53,224,54,-1,54,224,225,-1,54,225,57,-1,57,225,226,-1,57,226,50,-1,50,226,227,-1,50,227,48,-1,48,227,228,-1,48,228,45,-1,45,228,229,-1,45,229,43,-1,43,229,230,-1,43,230,34,-1,34,230,231,-1,34,231,35,-1,35,231,232,-1,35,232,38,-1,38,232,233,-1,38,233,31,-1,31,233,234,-1,31,234,29,-1,29,234,235,-1,29,235,26,-1,26,235,236,-1,26,236,24,-1,24,236,237,-1,24,237,15,-1,15,237,238,-1,15,238,16,-1,16,238,239,-1,16,239,19,-1,19,239,240,-1,19,240,13,-1,13,240,241,-1,13,241,4,-1,4,241,242,-1,4,242,5,-1,5,242,243,-1,5,243,8,-1,8,243,244,-1,8,244,1,-1,1,244,245,-1,1,245,2,-1,2,245,246,-1,2,246,178,-1,178,246,247,-1,178,247,176,-1,176,247,181,-1,247,248,181,-1,181,248,249,-1,181,249,182,-1,182,249,250,-1,182,250,183,-1,183,250,251,-1,183,251,184,-1,184,251,252,-1,184,252,185,-1,185,252,253,-1,185,253,186,-1,186,253,254,-1,186,254,187,-1,187,254,255,-1,187,255,188,-1,188,255,256,-1,188,256,189,-1,189,256,257,-1,189,257,190,-1,190,257,258,-1,190,258,191,-1,191,258,259,-1,191,259,192,-1,192,259,260,-1,192,260,193,-1,193,260,261,-1,193,261,194,-1,194,261,262,-1,194,262,195,-1,195,262,263,-1,195,263,196,-1,196,263,264,-1,196,264,197,-1,197,264,265,-1,197,265,198,-1,198,265,266,-1,198,266,199,-1,199,266,267,-1,199,267,200,-1,200,267,268,-1,200,268,201,-1,201,268,269,-1,201,269,202,-1,202,269,270,-1,202,270,203,-1,203,270,271,-1,203,271,204,-1,204,271,272,-1,204,272,205,-1,205,272,273,-1,205,273,206,-1,206,273,274,-1,206,274,207,-1,207,274,275,-1,207,275,208,-1,208,275,276,-1,208,276,209,-1,209,276,277,-1,209,277,210,-1,210,277,278,-1,210,278,211,-1,211,278,279,-1,211,279,212,-1,212,279,280,-1,212,280,213,-1,213,280,281,-1,213,281,214,-1,214,281,282,-1,214,282,215,-1,215,282,283,-1,215,283,216,-1,216,283,284,-1,216,284,217,-1,217,284,285,-1,217,285,218,-1,218,285,286,-1,218,286,219,-1,219,286,287,-1,219,287,220,-1,220,287,288,-1,220,288,221,-1,221,288,289,-1,221,289,222,-1,222,289,290,-1,222,290,223,-1,223,290,291,-1,223,291,224,-1,224,291,292,-1,224,292,225,-1,225,292,293,-1,225,293,226,-1,226,293,294,-1,226,294,227,-1,227,294,295,-1,227,295,228,-1,228,295,296,-1,228,296,229,-1,229,296,297,-1,229,297,230,-1,230,297,298,-1,230,298,231,-1,231,298,299,-1,231,299,232,-1,232,299,300,-1,232,300,233,-1,233,300,301,-1,233,301,234,-1,234,301,302,-1,234,302,235,-1,235,302,303,-1,235,303,236,-1,236,303,304,-1,236,304,237,-1,237,304,305,-1,237,305,238,-1,238,305,306,-1,238,306,239,-1,239,306,307,-1,239,307,240,-1,240,307,308,-1,240,308,241,-1,241,308,309,-1,241,309,242,-1,242,309,310,-1,242,310,243,-1,243,310,311,-1,243,311,244,-1,244,311,312,-1,244,312,245,-1,245,312,313,-1,245,313,246,-1,246,313,314,-1,246,314,247,-1,247,314,248,-1,314,315,248,-1,248,315,316,-1,248,316,249,-1,249,316,317,-1,249,317,250,-1,250,317,318,-1,250,318,251,-1,251,318,319,-1,251,319,252,-1,252,319,320,-1,252,320,253,-1,253,320,321,-1,253,321,254,-1,254,321,322,-1,254,322,255,-1,255,322,323,-1,255,323,256,-1,256,323,324,-1,256,324,257,-1,257,324,325,-1,257,325,258,-1,258,325,326,-1,258,326,259,-1,259,326,327,-1,259,327,260,-1,260,327,328,-1,260,328,261,-1,261,328,329,-1,261,329,262,-1,262,329,330,-1,262,330,263,-1,263,330,331,-1,263,331,264,-1,264,331,332,-1,264,332,265,-1,265,332,333,-1,265,333,266,-1,266,333,334,-1,266,334,267,-1,267,334,335,-1,267,335,268,-1,268,335,336,-1,268,336,269,-1,269,336,337,-1,269,337,270,-1,270,337,338,-1,270,338,271,-1,271,338,339,-1,271,339,272,-1,272,339,340,-1,272,340,273,-1,273,340,341,-1,273,341,274,-1,274,341,342,-1,274,342,275,-1,275,342,343,-1,275,343,276,-1,276,343,344,-1,276,344,277,-1,277,344,345,-1,277,345,278,-1,278,345,346,-1,278,346,279,-1,279,346,347,-1,279,347,280,-1,280,347,348,-1,280,348,281,-1,281,348,349,-1,281,349,282,-1,282,349,350,-1,282,350,283,-1,283,350,351,-1,283,351,284,-1,284,351,352,-1,284,352,285,-1,285,352,353,-1,285,353,286,-1,286,353,354,-1,286,354,287,-1,287,354,355,-1,287,355,288,-1,288,355,356,-1,288,356,289,-1,289,356,357,-1,289,357,290,-1,290,357,358,-1,290,358,291,-1,291,358,359,-1,291,359,292,-1,292,359,360,-1,292,360,293,-1,293,360,361,-1,293,361,294,-1,294,361,362,-1,294,362,295,-1,295,362,363,-1,295,363,296,-1,296,363,364,-1,296,364,297,-1,297,364,365,-1,297,365,298,-1,298,365,366,-1,298,366,299,-1,299,366,367,-1,299,367,300,-1,300,367,368,-1,300,368,301,-1,301,368,369,-1,301,369,302,-1,302,369,370,-1,302,370,303,-1,303,370,371,-1,303,371,304,-1,304,371,372,-1,304,372,305,-1,305,372,373,-1,305,373,306,-1,306,373,374,-1,306,374,307,-1,307,374,375,-1,307,375,308,-1,308,375,376,-1,308,376,309,-1,309,376,377,-1,309,377,310,-1,310,377,378,-1,310,378,311,-1,311,378,379,-1,311,379,312,-1,312,379,380,-1,312,380,313,-1,313,380,381,-1,313,381,314,-1,314,381,315,-1,381,382,315,-1,315,382,383,-1,315,383,316,-1,316,383,384,-1,316,384,317,-1,317,384,385,-1,317,385,318,-1,318,385,386,-1,318,386,319,-1,319,386,387,-1,319,387,320,-1,320,387,388,-1,320,388,321,-1,321,388,389,-1,321,389,322,-1,322,389,390,-1,322,390,323,-1,323,390,391,-1,323,391,324,-1,324,391,392,-1,324,392,325,-1,325,392,393,-1,325,393,326,-1,326,393,394,-1,326,394,327,-1,327,394,395,-1,327,395,328,-1,328,395,396,-1,328,396,329,-1,329,396,397,-1,329,397,330,-1,330,397,398,-1,330,398,331,-1,331,398,399,-1,331,399,332,-1,332,399,400,-1,332,400,333,-1,333,400,401,-1,333,401,334,-1,334,401,402,-1,334,402,335,-1,335,402,403,-1,335,403,336,-1,336,403,404,-1,336,404,337,-1,337,404,405,-1,337,405,338,-1,338,405,406,-1,338,406,339,-1,339,406,407,-1,339,407,340,-1,340,407,408,-1,340,408,341,-1,341,408,409,-1,341,409,342,-1,342,409,410,-1,342,410,343,-1,343,410,411,-1,343,411,344,-1,344,411,412,-1,344,412,345,-1,345,412,413,-1,345,413,346,-1,346,413,414,-1,346,414,347,-1,347,414,415,-1,347,415,348,-1,348,415,416,-1,348,416,349,-1,349,416,417,-1,349,417,350,-1,350,417,418,-1,350,418,351,-1,351,418,419,-1,351,419,352,-1,352,419,420,-1,352,420,353,-1,353,420,421,-1,353,421,354,-1,354,421,422,-1,354,422,355,-1,355,422,423,-1,355,423,356,-1,356,423,424,-1,356,424,357,-1,357,424,425,-1,357,425,358,-1,358,425,426,-1,358,426,359,-1,359,426,427,-1,359,427,360,-1,360,427,428,-1,360,428,361,-1,361,428,429,-1,361,429,362,-1,362,429,430,-1,362,430,363,-1,363,430,431,-1,363,431,364,-1,364,431,432,-1,364,432,365,-1,365,432,433,-1,365,433,366,-1,366,433,434,-1,366,434,367,-1,367,434,435,-1,367,435,368,-1,368,435,436,-1,368,436,369,-1,369,436,437,-1,369,437,370,-1,370,437,438,-1,370,438,371,-1,371,438,439,-1,371,439,372,-1,372,439,440,-1,372,440,373,-1,373,440,441,-1,373,441,374,-1,374,441,442,-1,374,442,375,-1,375,442,443,-1,375,443,376,-1,376,443,444,-1,376,444,377,-1,377,444,445,-1,377,445,378,-1,378,445,446,-1,378,446,379,-1,379,446,447,-1,379,447,380,-1,380,447,448,-1,380,448,381,-1,381,448,382,-1,448,449,382,-1,382,449,450,-1,382,450,383,-1,383,450,451,-1,383,451,384,-1,384,451,452,-1,384,452,385,-1,385,452,453,-1,385,453,386,-1,386,453,454,-1,386,454,387,-1,387,454,455,-1,387,455,388,-1,388,455,456,-1,388,456,389,-1,389,456,457,-1,389,457,390,-1,390,457,458,-1,390,458,391,-1,391,458,459,-1,391,459,392,-1,392,459,460,-1,392,460,393,-1,393,460,461,-1,393,461,394,-1,394,461,462,-1,394,462,395,-1,395,462,463,-1,395,463,396,-1,396,463,464,-1,396,464,397,-1,397,464,465,-1,397,465,398,-1,398,465,466,-1,398,466,399,-1,399,466,467,-1,399,467,400,-1,400,467,468,-1,400,468,401,-1,401,468,469,-1,401,469,402,-1,402,469,470,-1,402,470,403,-1,403,470,471,-1,403,471,404,-1,404,471,472,-1,404,472,405,-1,405,472,473,-1,405,473,406,-1,406,473,474,-1,406,474,407,-1,407,474,475,-1,407,475,408,-1,408,475,476,-1,408,476,409,-1,409,476,477,-1,409,477,410,-1,410,477,478,-1,410,478,411,-1,411,478,479,-1,411,479,412,-1,412,479,480,-1,412,480,413,-1,413,480,481,-1,413,481,414,-1,414,481,482,-1,414,482,415,-1,415,482,483,-1,415,483,416,-1,416,483,484,-1,416,484,417,-1,417,484,485,-1,417,485,418,-1,418,485,486,-1,418,486,419,-1,419,486,487,-1,419,487,420,-1,420,487,488,-1,420,488,421,-1,421,488,489,-1,421,489,422,-1,422,489,490,-1,422,490,423,-1,423,490,491,-1,423,491,424,-1,424,491,492,-1,424,492,425,-1,425,492,493,-1,425,493,426,-1,426,493,494,-1,426,494,427,-1,427,494,495,-1,427,495,428,-1,428,495,496,-1,428,496,429,-1,429,496,497,-1,429,497,430,-1,430,497,498,-1,430,498,431,-1,431,498,499,-1,431,499,432,-1,432,499,500,-1,432,500,433,-1,433,500,501,-1,433,501,434,-1,434,501,502,-1,434,502,435,-1,435,502,503,-1,435,503,436,-1,436,503,504,-1,436,504,437,-1,437,504,505,-1,437,505,438,-1,438,505,506,-1,438,506,439,-1,439,506,507,-1,439,507,440,-1,440,507,508,-1,440,508,441,-1,441,508,509,-1,441,509,442,-1,442,509,510,-1,442,510,443,-1,443,510,511,-1,443,511,444,-1,444,511,512,-1,444,512,445,-1,445,512,513,-1,445,513,446,-1,446,513,514,-1,446,514,447,-1,447,514,515,-1,447,515,448,-1,448,515,449,-1,174,516,175,-1,175,516,517,-1,175,517,177,-1,177,517,518,-1,177,518,179,-1,179,518,519,-1,179,519,180,-1,180,519,520,-1,180,520,0,-1,0,520,521,-1,0,521,6,-1,6,521,522,-1,6,522,7,-1,7,522,523,-1,7,523,9,-1,9,523,524,-1,9,524,10,-1,10,524,525,-1,10,525,3,-1,3,525,526,-1,3,526,11,-1,11,526,527,-1,11,527,12,-1,12,527,528,-1,12,528,17,-1,17,528,529,-1,17,529,18,-1,18,529,530,-1,18,530,20,-1,20,530,531,-1,20,531,21,-1,21,531,532,-1,21,532,14,-1,14,532,533,-1,14,533,22,-1,22,533,534,-1,22,534,23,-1,23,534,535,-1,23,535,25,-1,25,535,536,-1,25,536,27,-1,27,536,537,-1,27,537,28,-1,28,537,538,-1,28,538,30,-1,30,538,539,-1,30,539,32,-1,32,539,540,-1,32,540,36,-1,36,540,541,-1,36,541,37,-1,37,541,542,-1,37,542,39,-1,39,542,543,-1,39,543,40,-1,40,543,544,-1,40,544,33,-1,33,544,545,-1,33,545,41,-1,41,545,546,-1,41,546,42,-1,42,546,547,-1,42,547,44,-1,44,547,548,-1,44,548,46,-1,46,548,549,-1,46,549,47,-1,47,549,550,-1,47,550,49,-1,49,550,551,-1,49,551,51,-1,51,551,552,-1,51,552,55,-1,55,552,553,-1,55,553,56,-1,56,553,554,-1,56,554,58,-1,58,554,555,-1,58,555,59,-1,59,555,556,-1,59,556,52,-1,52,556,557,-1,52,557,60,-1,60,557,558,-1,60,558,61,-1,61,558,559,-1,61,559,63,-1,63,559,560,-1,63,560,65,-1,65,560,561,-1,65,561,66,-1,66,561,562,-1,66,562,68,-1,68,562,563,-1,68,563,70,-1,70,563,564,-1,70,564,74,-1,74,564,565,-1,74,565,75,-1,75,565,566,-1,75,566,77,-1,77,566,567,-1,77,567,78,-1,78,567,568,-1,78,568,71,-1,71,568,569,-1,71,569,79,-1,79,569,570,-1,79,570,80,-1,80,570,571,-1,80,571,82,-1,82,571,572,-1,82,572,84,-1,84,572,573,-1,84,573,85,-1,85,573,574,-1,85,574,87,-1,87,574,575,-1,87,575,89,-1,89,575,576,-1,89,576,93,-1,93,576,577,-1,93,577,94,-1,94,577,578,-1,94,578,96,-1,96,578,579,-1,96,579,97,-1,97,579,580,-1,97,580,90,-1,90,580,581,-1,90,581,98,-1,98,581,582,-1,98,582,99,-1,99,582,583,-1,99,583,101,-1,101,583,584,-1,101,584,103,-1,103,584,585,-1,103,585,104,-1,104,585,586,-1,104,586,106,-1,106,586,587,-1,106,587,108,-1,108,587,588,-1,108,588,112,-1,112,588,589,-1,112,589,113,-1,113,589,590,-1,113,590,115,-1,115,590,591,-1,115,591,116,-1,116,591,592,-1,116,592,109,-1,109,592,593,-1,109,593,117,-1,117,593,594,-1,117,594,118,-1,118,594,595,-1,118,595,120,-1,120,595,596,-1,120,596,122,-1,122,596,597,-1,122,597,123,-1,123,597,598,-1,123,598,125,-1,125,598,599,-1,125,599,127,-1,127,599,600,-1,127,600,131,-1,131,600,601,-1,131,601,132,-1,132,601,602,-1,132,602,134,-1,134,602,603,-1,134,603,135,-1,135,603,604,-1,135,604,128,-1,128,604,605,-1,128,605,136,-1,136,605,606,-1,136,606,137,-1,137,606,607,-1,137,607,139,-1,139,607,608,-1,139,608,141,-1,141,608,609,-1,141,609,142,-1,142,609,610,-1,142,610,144,-1,144,610,611,-1,144,611,146,-1,146,611,612,-1,146,612,150,-1,150,612,613,-1,150,613,151,-1,151,613,614,-1,151,614,153,-1,153,614,615,-1,153,615,154,-1,154,615,616,-1,154,616,147,-1,147,616,617,-1,147,617,155,-1,155,617,618,-1,155,618,156,-1,156,618,619,-1,156,619,158,-1,158,619,620,-1,158,620,160,-1,160,620,621,-1,160,621,161,-1,161,621,622,-1,161,622,163,-1,163,622,623,-1,163,623,165,-1,165,623,624,-1,165,624,169,-1,169,624,625,-1,169,625,170,-1,170,625,626,-1,170,626,172,-1,172,626,627,-1,172,627,173,-1,173,627,628,-1,173,628,166,-1,166,628,629,-1,166,629,174,-1,174,629,516,-1,629,628,630,-1,627,626,631,-1,624,623,632,-1,622,621,633,-1,620,619,634,-1,617,616,635,-1,615,614,636,-1,612,611,637,-1,610,609,638,-1,605,604,639,-1,603,602,640,-1,600,599,641,-1,598,597,642,-1,593,592,643,-1,591,590,644,-1,588,587,645,-1,586,585,646,-1,581,580,647,-1,579,578,648,-1,576,575,649,-1,574,573,650,-1,569,568,651,-1,567,566,652,-1,564,563,653,-1,562,561,654,-1,557,556,655,-1,555,554,656,-1,552,551,657,-1,550,549,658,-1,545,544,659,-1,543,542,660,-1,540,539,661,-1,538,537,662,-1,533,532,663,-1,531,530,664,-1,528,527,665,-1,526,525,666,-1,524,523,667,-1,521,520,668,-1,519,518,669,-1,670,671,672,-1,672,671,673,-1,672,673,674,-1,674,673,675,-1,674,675,676,-1,676,675,677,-1,676,677,678,-1,678,677,662,-1,679,680,681,-1,681,680,682,-1,681,682,683,-1,683,682,684,-1,683,684,685,-1,685,684,686,-1,685,686,687,-1,687,686,658,-1,688,689,690,-1,690,689,691,-1,690,691,692,-1,692,691,693,-1,692,693,694,-1,694,693,695,-1,694,695,696,-1,696,695,654,-1,697,698,699,-1,699,698,700,-1,699,700,701,-1,701,700,702,-1,701,702,703,-1,703,702,704,-1,703,704,705,-1,705,704,650,-1,706,707,708,-1,708,707,709,-1,708,709,710,-1,710,709,711,-1,710,711,712,-1,712,711,713,-1,712,713,714,-1,714,713,646,-1,715,716,717,-1,717,716,718,-1,717,718,719,-1,719,718,720,-1,719,720,721,-1,721,720,722,-1,721,722,723,-1,723,722,642,-1,724,725,726,-1,726,725,727,-1,726,727,728,-1,728,727,729,-1,728,729,730,-1,730,729,731,-1,730,731,732,-1,732,731,638,-1,733,734,735,-1,735,734,736,-1,735,736,737,-1,737,736,738,-1,737,738,739,-1,739,738,740,-1,739,740,741,-1,741,740,669,-1,741,669,517,-1,517,669,518,-1,734,742,736,-1,736,742,743,-1,736,743,738,-1,738,743,744,-1,738,744,740,-1,740,744,745,-1,740,745,669,-1,669,745,668,-1,669,668,519,-1,519,668,520,-1,522,521,746,-1,746,521,668,-1,746,668,747,-1,747,668,745,-1,747,745,748,-1,748,745,744,-1,748,744,749,-1,749,744,743,-1,749,743,750,-1,750,743,742,-1,750,751,749,-1,749,751,752,-1,749,752,748,-1,748,752,753,-1,748,753,747,-1,747,753,754,-1,747,754,746,-1,746,754,667,-1,746,667,522,-1,522,667,523,-1,751,755,752,-1,752,755,756,-1,752,756,753,-1,753,756,757,-1,753,757,754,-1,754,757,758,-1,754,758,667,-1,667,758,666,-1,667,666,524,-1,524,666,525,-1,527,526,665,-1,665,526,666,-1,665,666,759,-1,759,666,758,-1,759,758,760,-1,760,758,757,-1,760,757,761,-1,761,757,756,-1,761,756,762,-1,762,756,755,-1,529,528,763,-1,763,528,665,-1,763,665,764,-1,764,665,759,-1,764,759,765,-1,765,759,760,-1,765,760,766,-1,766,760,761,-1,766,761,767,-1,767,761,762,-1,767,768,766,-1,766,768,769,-1,766,769,765,-1,765,769,770,-1,765,770,764,-1,764,770,771,-1,764,771,763,-1,763,771,664,-1,763,664,529,-1,529,664,530,-1,768,772,769,-1,769,772,773,-1,769,773,770,-1,770,773,774,-1,770,774,771,-1,771,774,775,-1,771,775,664,-1,664,775,663,-1,664,663,531,-1,531,663,532,-1,534,533,776,-1,776,533,663,-1,776,663,777,-1,777,663,775,-1,777,775,778,-1,778,775,774,-1,778,774,779,-1,779,774,773,-1,779,773,780,-1,780,773,772,-1,780,670,779,-1,779,670,672,-1,779,672,778,-1,778,672,674,-1,778,674,777,-1,777,674,676,-1,777,676,776,-1,776,676,678,-1,776,678,534,-1,534,678,535,-1,662,537,678,-1,678,537,536,-1,678,536,535,-1,539,538,661,-1,661,538,662,-1,661,662,781,-1,781,662,677,-1,781,677,782,-1,782,677,675,-1,782,675,783,-1,783,675,673,-1,783,673,784,-1,784,673,671,-1,541,540,785,-1,785,540,661,-1,785,661,786,-1,786,661,781,-1,786,781,787,-1,787,781,782,-1,787,782,788,-1,788,782,783,-1,788,783,789,-1,789,783,784,-1,789,790,788,-1,788,790,791,-1,788,791,787,-1,787,791,792,-1,787,792,786,-1,786,792,793,-1,786,793,785,-1,785,793,660,-1,785,660,541,-1,541,660,542,-1,790,794,791,-1,791,794,795,-1,791,795,792,-1,792,795,796,-1,792,796,793,-1,793,796,797,-1,793,797,660,-1,660,797,659,-1,660,659,543,-1,543,659,544,-1,546,545,798,-1,798,545,659,-1,798,659,799,-1,799,659,797,-1,799,797,800,-1,800,797,796,-1,800,796,801,-1,801,796,795,-1,801,795,802,-1,802,795,794,-1,802,679,801,-1,801,679,681,-1,801,681,800,-1,800,681,683,-1,800,683,799,-1,799,683,685,-1,799,685,798,-1,798,685,687,-1,798,687,546,-1,546,687,547,-1,658,549,687,-1,687,549,548,-1,687,548,547,-1,551,550,657,-1,657,550,658,-1,657,658,803,-1,803,658,686,-1,803,686,804,-1,804,686,684,-1,804,684,805,-1,805,684,682,-1,805,682,806,-1,806,682,680,-1,553,552,807,-1,807,552,657,-1,807,657,808,-1,808,657,803,-1,808,803,809,-1,809,803,804,-1,809,804,810,-1,810,804,805,-1,810,805,811,-1,811,805,806,-1,811,812,810,-1,810,812,813,-1,810,813,809,-1,809,813,814,-1,809,814,808,-1,808,814,815,-1,808,815,807,-1,807,815,656,-1,807,656,553,-1,553,656,554,-1,812,816,813,-1,813,816,817,-1,813,817,814,-1,814,817,818,-1,814,818,815,-1,815,818,819,-1,815,819,656,-1,656,819,655,-1,656,655,555,-1,555,655,556,-1,558,557,820,-1,820,557,655,-1,820,655,821,-1,821,655,819,-1,821,819,822,-1,822,819,818,-1,822,818,823,-1,823,818,817,-1,823,817,824,-1,824,817,816,-1,824,688,823,-1,823,688,690,-1,823,690,822,-1,822,690,692,-1,822,692,821,-1,821,692,694,-1,821,694,820,-1,820,694,696,-1,820,696,558,-1,558,696,559,-1,654,561,696,-1,696,561,560,-1,696,560,559,-1,563,562,653,-1,653,562,654,-1,653,654,825,-1,825,654,695,-1,825,695,826,-1,826,695,693,-1,826,693,827,-1,827,693,691,-1,827,691,828,-1,828,691,689,-1,565,564,829,-1,829,564,653,-1,829,653,830,-1,830,653,825,-1,830,825,831,-1,831,825,826,-1,831,826,832,-1,832,826,827,-1,832,827,833,-1,833,827,828,-1,833,834,832,-1,832,834,835,-1,832,835,831,-1,831,835,836,-1,831,836,830,-1,830,836,837,-1,830,837,829,-1,829,837,652,-1,829,652,565,-1,565,652,566,-1,834,838,835,-1,835,838,839,-1,835,839,836,-1,836,839,840,-1,836,840,837,-1,837,840,841,-1,837,841,652,-1,652,841,651,-1,652,651,567,-1,567,651,568,-1,570,569,842,-1,842,569,651,-1,842,651,843,-1,843,651,841,-1,843,841,844,-1,844,841,840,-1,844,840,845,-1,845,840,839,-1,845,839,846,-1,846,839,838,-1,846,697,845,-1,845,697,699,-1,845,699,844,-1,844,699,701,-1,844,701,843,-1,843,701,703,-1,843,703,842,-1,842,703,705,-1,842,705,570,-1,570,705,571,-1,650,573,705,-1,705,573,572,-1,705,572,571,-1,575,574,649,-1,649,574,650,-1,649,650,847,-1,847,650,704,-1,847,704,848,-1,848,704,702,-1,848,702,849,-1,849,702,700,-1,849,700,850,-1,850,700,698,-1,577,576,851,-1,851,576,649,-1,851,649,852,-1,852,649,847,-1,852,847,853,-1,853,847,848,-1,853,848,854,-1,854,848,849,-1,854,849,855,-1,855,849,850,-1,855,856,854,-1,854,856,857,-1,854,857,853,-1,853,857,858,-1,853,858,852,-1,852,858,859,-1,852,859,851,-1,851,859,648,-1,851,648,577,-1,577,648,578,-1,856,860,857,-1,857,860,861,-1,857,861,858,-1,858,861,862,-1,858,862,859,-1,859,862,863,-1,859,863,648,-1,648,863,647,-1,648,647,579,-1,579,647,580,-1,582,581,864,-1,864,581,647,-1,864,647,865,-1,865,647,863,-1,865,863,866,-1,866,863,862,-1,866,862,867,-1,867,862,861,-1,867,861,868,-1,868,861,860,-1,868,706,867,-1,867,706,708,-1,867,708,866,-1,866,708,710,-1,866,710,865,-1,865,710,712,-1,865,712,864,-1,864,712,714,-1,864,714,582,-1,582,714,583,-1,646,585,714,-1,714,585,584,-1,714,584,583,-1,707,869,709,-1,709,869,870,-1,709,870,711,-1,711,870,871,-1,711,871,713,-1,713,871,872,-1,713,872,646,-1,646,872,645,-1,646,645,586,-1,586,645,587,-1,589,588,873,-1,873,588,645,-1,873,645,874,-1,874,645,872,-1,874,872,875,-1,875,872,871,-1,875,871,876,-1,876,871,870,-1,876,870,877,-1,877,870,869,-1,877,878,876,-1,876,878,879,-1,876,879,875,-1,875,879,880,-1,875,880,874,-1,874,880,881,-1,874,881,873,-1,873,881,644,-1,873,644,589,-1,589,644,590,-1,878,882,879,-1,879,882,883,-1,879,883,880,-1,880,883,884,-1,880,884,881,-1,881,884,885,-1,881,885,644,-1,644,885,643,-1,644,643,591,-1,591,643,592,-1,594,593,886,-1,886,593,643,-1,886,643,887,-1,887,643,885,-1,887,885,888,-1,888,885,884,-1,888,884,889,-1,889,884,883,-1,889,883,890,-1,890,883,882,-1,890,715,889,-1,889,715,717,-1,889,717,888,-1,888,717,719,-1,888,719,887,-1,887,719,721,-1,887,721,886,-1,886,721,723,-1,886,723,594,-1,594,723,595,-1,642,597,723,-1,723,597,596,-1,723,596,595,-1,716,891,718,-1,718,891,892,-1,718,892,720,-1,720,892,893,-1,720,893,722,-1,722,893,894,-1,722,894,642,-1,642,894,641,-1,642,641,598,-1,598,641,599,-1,601,600,895,-1,895,600,641,-1,895,641,896,-1,896,641,894,-1,896,894,897,-1,897,894,893,-1,897,893,898,-1,898,893,892,-1,898,892,899,-1,899,892,891,-1,899,900,898,-1,898,900,901,-1,898,901,897,-1,897,901,902,-1,897,902,896,-1,896,902,903,-1,896,903,895,-1,895,903,640,-1,895,640,601,-1,601,640,602,-1,900,904,901,-1,901,904,905,-1,901,905,902,-1,902,905,906,-1,902,906,903,-1,903,906,907,-1,903,907,640,-1,640,907,639,-1,640,639,603,-1,603,639,604,-1,606,605,908,-1,908,605,639,-1,908,639,909,-1,909,639,907,-1,909,907,910,-1,910,907,906,-1,910,906,911,-1,911,906,905,-1,911,905,912,-1,912,905,904,-1,912,724,911,-1,911,724,726,-1,911,726,910,-1,910,726,728,-1,910,728,909,-1,909,728,730,-1,909,730,908,-1,908,730,732,-1,908,732,606,-1,606,732,607,-1,638,609,732,-1,732,609,608,-1,732,608,607,-1,725,913,727,-1,727,913,914,-1,727,914,729,-1,729,914,915,-1,729,915,731,-1,731,915,916,-1,731,916,638,-1,638,916,637,-1,638,637,610,-1,610,637,611,-1,613,612,917,-1,917,612,637,-1,917,637,918,-1,918,637,916,-1,918,916,919,-1,919,916,915,-1,919,915,920,-1,920,915,914,-1,920,914,921,-1,921,914,913,-1,921,922,920,-1,920,922,923,-1,920,923,919,-1,919,923,924,-1,919,924,918,-1,918,924,925,-1,918,925,917,-1,917,925,636,-1,917,636,613,-1,613,636,614,-1,922,926,923,-1,923,926,927,-1,923,927,924,-1,924,927,928,-1,924,928,925,-1,925,928,929,-1,925,929,636,-1,636,929,635,-1,636,635,615,-1,615,635,616,-1,618,617,930,-1,930,617,635,-1,930,635,931,-1,931,635,929,-1,931,929,932,-1,932,929,928,-1,932,928,933,-1,933,928,927,-1,933,927,934,-1,934,927,926,-1,934,935,933,-1,933,935,936,-1,933,936,932,-1,932,936,937,-1,932,937,931,-1,931,937,938,-1,931,938,930,-1,930,938,634,-1,930,634,618,-1,618,634,619,-1,621,620,633,-1,633,620,634,-1,633,634,939,-1,939,634,938,-1,939,938,940,-1,940,938,937,-1,940,937,941,-1,941,937,936,-1,941,936,942,-1,942,936,935,-1,942,943,941,-1,941,943,944,-1,941,944,940,-1,940,944,945,-1,940,945,939,-1,939,945,946,-1,939,946,633,-1,633,946,632,-1,633,632,622,-1,622,632,623,-1,625,624,947,-1,947,624,632,-1,947,632,948,-1,948,632,946,-1,948,946,949,-1,949,946,945,-1,949,945,950,-1,950,945,944,-1,950,944,951,-1,951,944,943,-1,951,952,950,-1,950,952,953,-1,950,953,949,-1,949,953,954,-1,949,954,948,-1,948,954,955,-1,948,955,947,-1,947,955,631,-1,947,631,625,-1,625,631,626,-1,952,956,953,-1,953,956,957,-1,953,957,954,-1,954,957,958,-1,954,958,955,-1,955,958,959,-1,955,959,631,-1,631,959,630,-1,631,630,627,-1,627,630,628,-1,516,629,960,-1,960,629,630,-1,960,630,961,-1,961,630,959,-1,961,959,962,-1,962,959,958,-1,962,958,963,-1,963,958,957,-1,963,957,964,-1,964,957,956,-1,964,733,963,-1,963,733,735,-1,963,735,962,-1,962,735,737,-1,962,737,961,-1,961,737,739,-1,961,739,960,-1,960,739,741,-1,960,741,516,-1,516,741,517,-1,965,966,967,-1,967,966,968,-1,967,968,969,-1,969,968,970,-1,969,970,971,-1,971,970,972,-1,971,972,973,-1,973,972,974,-1,973,974,975,-1,975,974,976,-1,975,976,977,-1,977,976,978,-1,977,978,979,-1,979,978,980,-1,979,980,981,-1,981,980,982,-1,981,982,983,-1,983,982,984,-1,983,984,985,-1,985,984,986,-1,985,986,987,-1,987,986,988,-1,987,988,989,-1,989,988,990,-1,989,990,991,-1,991,990,992,-1,991,992,993,-1,993,992,994,-1,993,994,995,-1,995,994,996,-1,995,996,997,-1,997,996,998,-1,997,998,999,-1,999,998,1000,-1,999,1000,1001,-1,1001,1000,1002,-1,1001,1002,1003,-1,1003,1002,1004,-1,1003,1004,1005,-1,1005,1004,1006,-1,1005,1006,1007,-1,1007,1006,1008,-1,1007,1008,1009,-1,1009,1008,1010,-1,1009,1010,1011,-1,1011,1010,1012,-1,1011,1012,1013,-1,1013,1012,1014,-1,1013,1014,1015,-1,1015,1014,1016,-1,1015,1016,1017,-1,1017,1016,1018,-1,1017,1018,1019,-1,1019,1018,1020,-1,1019,1020,1021,-1,1021,1020,1022,-1,1021,1022,1023,-1,1023,1022,1024,-1,1023,1024,1025,-1,1025,1024,1026,-1,1025,1026,1027,-1,1027,1026,1028,-1,1027,1028,1029,-1,1029,1028,1030,-1,1029,1030,1031,-1,1031,1030,1032,-1,1031,1032,1033,-1,1033,1032,1034,-1,1033,1034,1035,-1,1035,1034,1036,-1,1035,1036,1037,-1,1037,1036,1038,-1,1037,1038,1039,-1,1039,1038,1040,-1,1039,1040,1041,-1,1041,1040,1042,-1,1041,1042,1043,-1,1043,1042,1044,-1,1043,1044,1045,-1,1045,1044,1046,-1,1045,1046,1047,-1,1047,1046,1048,-1,1047,1048,1049,-1,1049,1048,1050,-1,1049,1050,1051,-1,1051,1050,1052,-1,1051,1052,1053,-1,1053,1052,1054,-1,1053,1054,1055,-1,1055,1054,1056,-1,1055,1056,1057,-1,1057,1056,1058,-1,1057,1058,1059,-1,1059,1058,1060,-1,1059,1060,1061,-1,1061,1060,1062,-1,1061,1062,1063,-1,1063,1062,1064,-1,1063,1064,1065,-1,1065,1064,1066,-1,1065,1066,1067,-1,1067,1066,1068,-1,1067,1068,1069,-1,1069,1068,1070,-1,1069,1070,1071,-1,1071,1070,1072,-1,1071,1072,1073,-1,1073,1072,1074,-1,1073,1074,1075,-1,1075,1074,1076,-1,1075,1076,1077,-1,1077,1076,1078,-1,1077,1078,1079,-1,1079,1078,1080,-1,1079,1080,1081,-1,1081,1080,1082,-1,1081,1082,1083,-1,1083,1082,1084,-1,1083,1084,1085,-1,1085,1084,1086,-1,1085,1086,1087,-1,1087,1086,1088,-1,1087,1088,1089,-1,1089,1088,1090,-1,1089,1090,1091,-1,1091,1090,1092,-1,1091,1092,1093,-1,1093,1092,1094,-1,1093,1094,1095,-1,1095,1094,1096,-1,1095,1096,1097,-1,1097,1096,1098,-1,1097,1098,965,-1,965,1098,966,-1,966,1099,968,-1,968,1099,1100,-1,968,1100,970,-1,970,1100,1101,-1,970,1101,972,-1,972,1101,1102,-1,972,1102,974,-1,974,1102,1103,-1,974,1103,976,-1,976,1103,1104,-1,976,1104,978,-1,978,1104,1105,-1,978,1105,980,-1,980,1105,1106,-1,980,1106,982,-1,982,1106,1107,-1,982,1107,984,-1,984,1107,1108,-1,984,1108,986,-1,986,1108,1109,-1,986,1109,988,-1,988,1109,1110,-1,988,1110,990,-1,990,1110,1111,-1,990,1111,992,-1,992,1111,1112,-1,992,1112,994,-1,994,1112,1113,-1,994,1113,996,-1,996,1113,1114,-1,996,1114,998,-1,998,1114,1115,-1,998,1115,1000,-1,1000,1115,1116,-1,1000,1116,1002,-1,1002,1116,1117,-1,1002,1117,1004,-1,1004,1117,1118,-1,1004,1118,1006,-1,1006,1118,1119,-1,1006,1119,1008,-1,1008,1119,1120,-1,1008,1120,1010,-1,1010,1120,1121,-1,1010,1121,1012,-1,1012,1121,1122,-1,1012,1122,1014,-1,1014,1122,1123,-1,1014,1123,1016,-1,1016,1123,1124,-1,1016,1124,1018,-1,1018,1124,1125,-1,1018,1125,1020,-1,1020,1125,1126,-1,1020,1126,1022,-1,1022,1126,1127,-1,1022,1127,1024,-1,1024,1127,1128,-1,1024,1128,1026,-1,1026,1128,1129,-1,1026,1129,1028,-1,1028,1129,1130,-1,1028,1130,1030,-1,1030,1130,1131,-1,1030,1131,1032,-1,1032,1131,1132,-1,1032,1132,1034,-1,1034,1132,1133,-1,1034,1133,1036,-1,1036,1133,1134,-1,1036,1134,1038,-1,1038,1134,1135,-1,1038,1135,1040,-1,1040,1135,1136,-1,1040,1136,1042,-1,1042,1136,1137,-1,1042,1137,1044,-1,1044,1137,1138,-1,1044,1138,1046,-1,1046,1138,1139,-1,1046,1139,1048,-1,1048,1139,1140,-1,1048,1140,1050,-1,1050,1140,1141,-1,1050,1141,1052,-1,1052,1141,1142,-1,1052,1142,1054,-1,1054,1142,1143,-1,1054,1143,1056,-1,1056,1143,1144,-1,1056,1144,1058,-1,1058,1144,1145,-1,1058,1145,1060,-1,1060,1145,1146,-1,1060,1146,1062,-1,1062,1146,1147,-1,1062,1147,1064,-1,1064,1147,1148,-1,1064,1148,1066,-1,1066,1148,1149,-1,1066,1149,1068,-1,1068,1149,1150,-1,1068,1150,1070,-1,1070,1150,1151,-1,1070,1151,1072,-1,1072,1151,1152,-1,1072,1152,1074,-1,1074,1152,1153,-1,1074,1153,1076,-1,1076,1153,1154,-1,1076,1154,1078,-1,1078,1154,1155,-1,1078,1155,1080,-1,1080,1155,1156,-1,1080,1156,1082,-1,1082,1156,1157,-1,1082,1157,1084,-1,1084,1157,1158,-1,1084,1158,1086,-1,1086,1158,1159,-1,1086,1159,1088,-1,1088,1159,1160,-1,1088,1160,1090,-1,1090,1160,1161,-1,1090,1161,1092,-1,1092,1161,1162,-1,1092,1162,1094,-1,1094,1162,1163,-1,1094,1163,1096,-1,1096,1163,1164,-1,1096,1164,1098,-1,1098,1164,1165,-1,1098,1165,966,-1,966,1165,1099,-1,1099,1166,1100,-1,1100,1166,1167,-1,1100,1167,1101,-1,1101,1167,1168,-1,1101,1168,1102,-1,1102,1168,1169,-1,1102,1169,1103,-1,1103,1169,1170,-1,1103,1170,1104,-1,1104,1170,1171,-1,1104,1171,1105,-1,1105,1171,1172,-1,1105,1172,1106,-1,1106,1172,1173,-1,1106,1173,1107,-1,1107,1173,1174,-1,1107,1174,1108,-1,1108,1174,1175,-1,1108,1175,1109,-1,1109,1175,1176,-1,1109,1176,1110,-1,1110,1176,1177,-1,1110,1177,1111,-1,1111,1177,1178,-1,1111,1178,1112,-1,1112,1178,1179,-1,1112,1179,1113,-1,1113,1179,1180,-1,1113,1180,1114,-1,1114,1180,1181,-1,1114,1181,1115,-1,1115,1181,1182,-1,1115,1182,1116,-1,1116,1182,1183,-1,1116,1183,1117,-1,1117,1183,1184,-1,1117,1184,1118,-1,1118,1184,1185,-1,1118,1185,1119,-1,1119,1185,1186,-1,1119,1186,1120,-1,1120,1186,1187,-1,1120,1187,1121,-1,1121,1187,1188,-1,1121,1188,1122,-1,1122,1188,1189,-1,1122,1189,1123,-1,1123,1189,1190,-1,1123,1190,1124,-1,1124,1190,1191,-1,1124,1191,1125,-1,1125,1191,1192,-1,1125,1192,1126,-1,1126,1192,1193,-1,1126,1193,1127,-1,1127,1193,1194,-1,1127,1194,1128,-1,1128,1194,1195,-1,1128,1195,1129,-1,1129,1195,1196,-1,1129,1196,1130,-1,1130,1196,1197,-1,1130,1197,1131,-1,1131,1197,1198,-1,1131,1198,1132,-1,1132,1198,1199,-1,1132,1199,1133,-1,1133,1199,1200,-1,1133,1200,1134,-1,1134,1200,1201,-1,1134,1201,1135,-1,1135,1201,1202,-1,1135,1202,1136,-1,1136,1202,1203,-1,1136,1203,1137,-1,1137,1203,1204,-1,1137,1204,1138,-1,1138,1204,1205,-1,1138,1205,1139,-1,1139,1205,1206,-1,1139,1206,1140,-1,1140,1206,1207,-1,1140,1207,1141,-1,1141,1207,1208,-1,1141,1208,1142,-1,1142,1208,1209,-1,1142,1209,1143,-1,1143,1209,1210,-1,1143,1210,1144,-1,1144,1210,1211,-1,1144,1211,1145,-1,1145,1211,1212,-1,1145,1212,1146,-1,1146,1212,1213,-1,1146,1213,1147,-1,1147,1213,1214,-1,1147,1214,1148,-1,1148,1214,1215,-1,1148,1215,1149,-1,1149,1215,1216,-1,1149,1216,1150,-1,1150,1216,1217,-1,1150,1217,1151,-1,1151,1217,1218,-1,1151,1218,1152,-1,1152,1218,1219,-1,1152,1219,1153,-1,1153,1219,1220,-1,1153,1220,1154,-1,1154,1220,1221,-1,1154,1221,1155,-1,1155,1221,1222,-1,1155,1222,1156,-1,1156,1222,1223,-1,1156,1223,1157,-1,1157,1223,1224,-1,1157,1224,1158,-1,1158,1224,1225,-1,1158,1225,1159,-1,1159,1225,1226,-1,1159,1226,1160,-1,1160,1226,1227,-1,1160,1227,1161,-1,1161,1227,1228,-1,1161,1228,1162,-1,1162,1228,1229,-1,1162,1229,1163,-1,1163,1229,1230,-1,1163,1230,1164,-1,1164,1230,1231,-1,1164,1231,1165,-1,1165,1231,1232,-1,1165,1232,1099,-1,1099,1232,1166,-1,1166,1233,1167,-1,1167,1233,1234,-1,1167,1234,1168,-1,1168,1234,1235,-1,1168,1235,1169,-1,1169,1235,1236,-1,1169,1236,1170,-1,1170,1236,1237,-1,1170,1237,1171,-1,1171,1237,1238,-1,1171,1238,1172,-1,1172,1238,1239,-1,1172,1239,1173,-1,1173,1239,1240,-1,1173,1240,1174,-1,1174,1240,1241,-1,1174,1241,1175,-1,1175,1241,1242,-1,1175,1242,1176,-1,1176,1242,1243,-1,1176,1243,1177,-1,1177,1243,1244,-1,1177,1244,1178,-1,1178,1244,1245,-1,1178,1245,1179,-1,1179,1245,1246,-1,1179,1246,1180,-1,1180,1246,1247,-1,1180,1247,1181,-1,1181,1247,1248,-1,1181,1248,1182,-1,1182,1248,1249,-1,1182,1249,1183,-1,1183,1249,1250,-1,1183,1250,1184,-1,1184,1250,1251,-1,1184,1251,1185,-1,1185,1251,1252,-1,1185,1252,1186,-1,1186,1252,1253,-1,1186,1253,1187,-1,1187,1253,1254,-1,1187,1254,1188,-1,1188,1254,1255,-1,1188,1255,1189,-1,1189,1255,1256,-1,1189,1256,1190,-1,1190,1256,1257,-1,1190,1257,1191,-1,1191,1257,1258,-1,1191,1258,1192,-1,1192,1258,1259,-1,1192,1259,1193,-1,1193,1259,1260,-1,1193,1260,1194,-1,1194,1260,1261,-1,1194,1261,1195,-1,1195,1261,1262,-1,1195,1262,1196,-1,1196,1262,1263,-1,1196,1263,1197,-1,1197,1263,1264,-1,1197,1264,1198,-1,1198,1264,1265,-1,1198,1265,1199,-1,1199,1265,1266,-1,1199,1266,1200,-1,1200,1266,1267,-1,1200,1267,1201,-1,1201,1267,1268,-1,1201,1268,1202,-1,1202,1268,1269,-1,1202,1269,1203,-1,1203,1269,1270,-1,1203,1270,1204,-1,1204,1270,1271,-1,1204,1271,1205,-1,1205,1271,1272,-1,1205,1272,1206,-1,1206,1272,1273,-1,1206,1273,1207,-1,1207,1273,1274,-1,1207,1274,1208,-1,1208,1274,1275,-1,1208,1275,1209,-1,1209,1275,1276,-1,1209,1276,1210,-1,1210,1276,1277,-1,1210,1277,1211,-1,1211,1277,1278,-1,1211,1278,1212,-1,1212,1278,1279,-1,1212,1279,1213,-1,1213,1279,1280,-1,1213,1280,1214,-1,1214,1280,1281,-1,1214,1281,1215,-1,1215,1281,1282,-1,1215,1282,1216,-1,1216,1282,1283,-1,1216,1283,1217,-1,1217,1283,1284,-1,1217,1284,1218,-1,1218,1284,1285,-1,1218,1285,1219,-1,1219,1285,1286,-1,1219,1286,1220,-1,1220,1286,1287,-1,1220,1287,1221,-1,1221,1287,1288,-1,1221,1288,1222,-1,1222,1288,1289,-1,1222,1289,1223,-1,1223,1289,1290,-1,1223,1290,1224,-1,1224,1290,1291,-1,1224,1291,1225,-1,1225,1291,1292,-1,1225,1292,1226,-1,1226,1292,1293,-1,1226,1293,1227,-1,1227,1293,1294,-1,1227,1294,1228,-1,1228,1294,1295,-1,1228,1295,1229,-1,1229,1295,1296,-1,1229,1296,1230,-1,1230,1296,1297,-1,1230,1297,1231,-1,1231,1297,1298,-1,1231,1298,1232,-1,1232,1298,1299,-1,1232,1299,1166,-1,1166,1299,1233,-1,1233,1300,1234,-1,1234,1300,1301,-1,1234,1301,1235,-1,1235,1301,1302,-1,1235,1302,1236,-1,1236,1302,1303,-1,1236,1303,1237,-1,1237,1303,1304,-1,1237,1304,1238,-1,1238,1304,1305,-1,1238,1305,1239,-1,1239,1305,1306,-1,1239,1306,1240,-1,1240,1306,1307,-1,1240,1307,1241,-1,1241,1307,1308,-1,1241,1308,1242,-1,1242,1308,1309,-1,1242,1309,1243,-1,1243,1309,1310,-1,1243,1310,1244,-1,1244,1310,1311,-1,1244,1311,1245,-1,1245,1311,1312,-1,1245,1312,1246,-1,1246,1312,1313,-1,1246,1313,1247,-1,1247,1313,1314,-1,1247,1314,1248,-1,1248,1314,1315,-1,1248,1315,1249,-1,1249,1315,1316,-1,1249,1316,1250,-1,1250,1316,1317,-1,1250,1317,1251,-1,1251,1317,1318,-1,1251,1318,1252,-1,1252,1318,1319,-1,1252,1319,1253,-1,1253,1319,1320,-1,1253,1320,1254,-1,1254,1320,1321,-1,1254,1321,1255,-1,1255,1321,1322,-1,1255,1322,1256,-1,1256,1322,1323,-1,1256,1323,1257,-1,1257,1323,1324,-1,1257,1324,1258,-1,1258,1324,1325,-1,1258,1325,1259,-1,1259,1325,1326,-1,1259,1326,1260,-1,1260,1326,1327,-1,1260,1327,1261,-1,1261,1327,1328,-1,1261,1328,1262,-1,1262,1328,1329,-1,1262,1329,1263,-1,1263,1329,1330,-1,1263,1330,1264,-1,1264,1330,1331,-1,1264,1331,1265,-1,1265,1331,1332,-1,1265,1332,1266,-1,1266,1332,1333,-1,1266,1333,1267,-1,1267,1333,1334,-1,1267,1334,1268,-1,1268,1334,1335,-1,1268,1335,1269,-1,1269,1335,1336,-1,1269,1336,1270,-1,1270,1336,1337,-1,1270,1337,1271,-1,1271,1337,1338,-1,1271,1338,1272,-1,1272,1338,1339,-1,1272,1339,1273,-1,1273,1339,1340,-1,1273,1340,1274,-1,1274,1340,1341,-1,1274,1341,1275,-1,1275,1341,1342,-1,1275,1342,1276,-1,1276,1342,1343,-1,1276,1343,1277,-1,1277,1343,1344,-1,1277,1344,1278,-1,1278,1344,1345,-1,1278,1345,1279,-1,1279,1345,1346,-1,1279,1346,1280,-1,1280,1346,1347,-1,1280,1347,1281,-1,1281,1347,1348,-1,1281,1348,1282,-1,1282,1348,1349,-1,1282,1349,1283,-1,1283,1349,1350,-1,1283,1350,1284,-1,1284,1350,1351,-1,1284,1351,1285,-1,1285,1351,1352,-1,1285,1352,1286,-1,1286,1352,1353,-1,1286,1353,1287,-1,1287,1353,1354,-1,1287,1354,1288,-1,1288,1354,1355,-1,1288,1355,1289,-1,1289,1355,1356,-1,1289,1356,1290,-1,1290,1356,1357,-1,1290,1357,1291,-1,1291,1357,1358,-1,1291,1358,1292,-1,1292,1358,1359,-1,1292,1359,1293,-1,1293,1359,1360,-1,1293,1360,1294,-1,1294,1360,1361,-1,1294,1361,1295,-1,1295,1361,1362,-1,1295,1362,1296,-1,1296,1362,1363,-1,1296,1363,1297,-1,1297,1363,1364,-1,1297,1364,1298,-1,1298,1364,1365,-1,1298,1365,1299,-1,1299,1365,1366,-1,1299,1366,1233,-1,1233,1366,1300,-1,1300,1367,1301,-1,1301,1367,1368,-1,1301,1368,1302,-1,1302,1368,1369,-1,1302,1369,1303,-1,1303,1369,1370,-1,1303,1370,1304,-1,1304,1370,1371,-1,1304,1371,1305,-1,1305,1371,1372,-1,1305,1372,1306,-1,1306,1372,1373,-1,1306,1373,1307,-1,1307,1373,1374,-1,1307,1374,1308,-1,1308,1374,1375,-1,1308,1375,1309,-1,1309,1375,1376,-1,1309,1376,1310,-1,1310,1376,1377,-1,1310,1377,1311,-1,1311,1377,1378,-1,1311,1378,1312,-1,1312,1378,1379,-1,1312,1379,1313,-1,1313,1379,1380,-1,1313,1380,1314,-1,1314,1380,1381,-1,1314,1381,1315,-1,1315,1381,1382,-1,1315,1382,1316,-1,1316,1382,1383,-1,1316,1383,1317,-1,1317,1383,1384,-1,1317,1384,1318,-1,1318,1384,1385,-1,1318,1385,1319,-1,1319,1385,1386,-1,1319,1386,1320,-1,1320,1386,1387,-1,1320,1387,1321,-1,1321,1387,1388,-1,1321,1388,1322,-1,1322,1388,1389,-1,1322,1389,1323,-1,1323,1389,1390,-1,1323,1390,1324,-1,1324,1390,1391,-1,1324,1391,1325,-1,1325,1391,1392,-1,1325,1392,1326,-1,1326,1392,1393,-1,1326,1393,1327,-1,1327,1393,1394,-1,1327,1394,1328,-1,1328,1394,1395,-1,1328,1395,1329,-1,1329,1395,1396,-1,1329,1396,1330,-1,1330,1396,1397,-1,1330,1397,1331,-1,1331,1397,1398,-1,1331,1398,1332,-1,1332,1398,1399,-1,1332,1399,1333,-1,1333,1399,1400,-1,1333,1400,1334,-1,1334,1400,1401,-1,1334,1401,1335,-1,1335,1401,1402,-1,1335,1402,1336,-1,1336,1402,1403,-1,1336,1403,1337,-1,1337,1403,1404,-1,1337,1404,1338,-1,1338,1404,1405,-1,1338,1405,1339,-1,1339,1405,1406,-1,1339,1406,1340,-1,1340,1406,1407,-1,1340,1407,1341,-1,1341,1407,1408,-1,1341,1408,1342,-1,1342,1408,1409,-1,1342,1409,1343,-1,1343,1409,1410,-1,1343,1410,1344,-1,1344,1410,1411,-1,1344,1411,1345,-1,1345,1411,1412,-1,1345,1412,1346,-1,1346,1412,1413,-1,1346,1413,1347,-1,1347,1413,1414,-1,1347,1414,1348,-1,1348,1414,1415,-1,1348,1415,1349,-1,1349,1415,1416,-1,1349,1416,1350,-1,1350,1416,1417,-1,1350,1417,1351,-1,1351,1417,1418,-1,1351,1418,1352,-1,1352,1418,1419,-1,1352,1419,1353,-1,1353,1419,1420,-1,1353,1420,1354,-1,1354,1420,1421,-1,1354,1421,1355,-1,1355,1421,1422,-1,1355,1422,1356,-1,1356,1422,1423,-1,1356,1423,1357,-1,1357,1423,1424,-1,1357,1424,1358,-1,1358,1424,1425,-1,1358,1425,1359,-1,1359,1425,1426,-1,1359,1426,1360,-1,1360,1426,1427,-1,1360,1427,1361,-1,1361,1427,1428,-1,1361,1428,1362,-1,1362,1428,1429,-1,1362,1429,1363,-1,1363,1429,1430,-1,1363,1430,1364,-1,1364,1430,1431,-1,1364,1431,1365,-1,1365,1431,1432,-1,1365,1432,1366,-1,1366,1432,1433,-1,1366,1433,1300,-1,1300,1433,1367,-1,1367,1434,1368,-1,1368,1434,1435,-1,1368,1435,1369,-1,1369,1435,1436,-1,1369,1436,1370,-1,1370,1436,1437,-1,1370,1437,1371,-1,1371,1437,1438,-1,1371,1438,1372,-1,1372,1438,1439,-1,1372,1439,1373,-1,1373,1439,1440,-1,1373,1440,1374,-1,1374,1440,1441,-1,1374,1441,1375,-1,1375,1441,1442,-1,1375,1442,1376,-1,1376,1442,1443,-1,1376,1443,1377,-1,1377,1443,1444,-1,1377,1444,1378,-1,1378,1444,1445,-1,1378,1445,1379,-1,1379,1445,1446,-1,1379,1446,1380,-1,1380,1446,1447,-1,1380,1447,1381,-1,1381,1447,1448,-1,1381,1448,1382,-1,1382,1448,1449,-1,1382,1449,1383,-1,1383,1449,1450,-1,1383,1450,1384,-1,1384,1450,1451,-1,1384,1451,1385,-1,1385,1451,1452,-1,1385,1452,1386,-1,1386,1452,1453,-1,1386,1453,1387,-1,1387,1453,1454,-1,1387,1454,1388,-1,1388,1454,1455,-1,1388,1455,1389,-1,1389,1455,1456,-1,1389,1456,1390,-1,1390,1456,1457,-1,1390,1457,1391,-1,1391,1457,1458,-1,1391,1458,1392,-1,1392,1458,1459,-1,1392,1459,1393,-1,1393,1459,1460,-1,1393,1460,1394,-1,1394,1460,1461,-1,1394,1461,1395,-1,1395,1461,1462,-1,1395,1462,1396,-1,1396,1462,1463,-1,1396,1463,1397,-1,1397,1463,1464,-1,1397,1464,1398,-1,1398,1464,1465,-1,1398,1465,1399,-1,1399,1465,1466,-1,1399,1466,1400,-1,1400,1466,1467,-1,1400,1467,1401,-1,1401,1467,1468,-1,1401,1468,1402,-1,1402,1468,1469,-1,1402,1469,1403,-1,1403,1469,1470,-1,1403,1470,1404,-1,1404,1470,1471,-1,1404,1471,1405,-1,1405,1471,1472,-1,1405,1472,1406,-1,1406,1472,1473,-1,1406,1473,1407,-1,1407,1473,1474,-1,1407,1474,1408,-1,1408,1474,1475,-1,1408,1475,1409,-1,1409,1475,1476,-1,1409,1476,1410,-1,1410,1476,1477,-1,1410,1477,1411,-1,1411,1477,1478,-1,1411,1478,1412,-1,1412,1478,1479,-1,1412,1479,1413,-1,1413,1479,1480,-1,1413,1480,1414,-1,1414,1480,1481,-1,1414,1481,1415,-1,1415,1481,1482,-1,1415,1482,1416,-1,1416,1482,1483,-1,1416,1483,1417,-1,1417,1483,1484,-1,1417,1484,1418,-1,1418,1484,1485,-1,1418,1485,1419,-1,1419,1485,1486,-1,1419,1486,1420,-1,1420,1486,1487,-1,1420,1487,1421,-1,1421,1487,1488,-1,1421,1488,1422,-1,1422,1488,1489,-1,1422,1489,1423,-1,1423,1489,1490,-1,1423,1490,1424,-1,1424,1490,1491,-1,1424,1491,1425,-1,1425,1491,1492,-1,1425,1492,1426,-1,1426,1492,1493,-1,1426,1493,1427,-1,1427,1493,1494,-1,1427,1494,1428,-1,1428,1494,1495,-1,1428,1495,1429,-1,1429,1495,1496,-1,1429,1496,1430,-1,1430,1496,1497,-1,1430,1497,1431,-1,1431,1497,1498,-1,1431,1498,1432,-1,1432,1498,1499,-1,1432,1499,1433,-1,1433,1499,1500,-1,1433,1500,1367,-1,1367,1500,1434,-1,1434,1501,1435,-1,1435,1501,1502,-1,1435,1502,1436,-1,1436,1502,1503,-1,1436,1503,1437,-1,1437,1503,1504,-1,1437,1504,1438,-1,1438,1504,1505,-1,1438,1505,1439,-1,1439,1505,1506,-1,1439,1506,1440,-1,1440,1506,1507,-1,1440,1507,1441,-1,1441,1507,1508,-1,1441,1508,1442,-1,1442,1508,1509,-1,1442,1509,1443,-1,1443,1509,1510,-1,1443,1510,1444,-1,1444,1510,1511,-1,1444,1511,1445,-1,1445,1511,1512,-1,1445,1512,1446,-1,1446,1512,1513,-1,1446,1513,1447,-1,1447,1513,1514,-1,1447,1514,1448,-1,1448,1514,1515,-1,1448,1515,1449,-1,1449,1515,1516,-1,1449,1516,1450,-1,1450,1516,1517,-1,1450,1517,1451,-1,1451,1517,1518,-1,1451,1518,1452,-1,1452,1518,1519,-1,1452,1519,1453,-1,1453,1519,1520,-1,1453,1520,1454,-1,1454,1520,1521,-1,1454,1521,1455,-1,1455,1521,1522,-1,1455,1522,1456,-1,1456,1522,1523,-1,1456,1523,1457,-1,1457,1523,1524,-1,1457,1524,1458,-1,1458,1524,1525,-1,1458,1525,1459,-1,1459,1525,1526,-1,1459,1526,1460,-1,1460,1526,1527,-1,1460,1527,1461,-1,1461,1527,1528,-1,1461,1528,1462,-1,1462,1528,1529,-1,1462,1529,1463,-1,1463,1529,1530,-1,1463,1530,1464,-1,1464,1530,1531,-1,1464,1531,1465,-1,1465,1531,1532,-1,1465,1532,1466,-1,1466,1532,1533,-1,1466,1533,1467,-1,1467,1533,1534,-1,1467,1534,1468,-1,1468,1534,1535,-1,1468,1535,1469,-1,1469,1535,1536,-1,1469,1536,1470,-1,1470,1536,1537,-1,1470,1537,1471,-1,1471,1537,1538,-1,1471,1538,1472,-1,1472,1538,1539,-1,1472,1539,1473,-1,1473,1539,1540,-1,1473,1540,1474,-1,1474,1540,1541,-1,1474,1541,1475,-1,1475,1541,1542,-1,1475,1542,1476,-1,1476,1542,1543,-1,1476,1543,1477,-1,1477,1543,1544,-1,1477,1544,1478,-1,1478,1544,1545,-1,1478,1545,1479,-1,1479,1545,1546,-1,1479,1546,1480,-1,1480,1546,1547,-1,1480,1547,1481,-1,1481,1547,1548,-1,1481,1548,1482,-1,1482,1548,1549,-1,1482,1549,1483,-1,1483,1549,1550,-1,1483,1550,1484,-1,1484,1550,1551,-1,1484,1551,1485,-1,1485,1551,1552,-1,1485,1552,1486,-1,1486,1552,1553,-1,1486,1553,1487,-1,1487,1553,1554,-1,1487,1554,1488,-1,1488,1554,1555,-1,1488,1555,1489,-1,1489,1555,1556,-1,1489,1556,1490,-1,1490,1556,1557,-1,1490,1557,1491,-1,1491,1557,1558,-1,1491,1558,1492,-1,1492,1558,1559,-1,1492,1559,1493,-1,1493,1559,1560,-1,1493,1560,1494,-1,1494,1560,1561,-1,1494,1561,1495,-1,1495,1561,1562,-1,1495,1562,1496,-1,1496,1562,1563,-1,1496,1563,1497,-1,1497,1563,1564,-1,1497,1564,1498,-1,1498,1564,1565,-1,1498,1565,1499,-1,1499,1565,1566,-1,1499,1566,1500,-1,1500,1566,1567,-1,1500,1567,1434,-1,1434,1567,1501,-1,1501,964,1502,-1,1502,964,956,-1,1502,956,1503,-1,1503,956,952,-1,1503,952,1504,-1,1504,952,951,-1,1504,951,1505,-1,1505,951,943,-1,1505,943,1506,-1,1506,943,942,-1,1506,942,1507,-1,1507,942,935,-1,1507,935,1508,-1,1508,935,934,-1,1508,934,1509,-1,1509,934,926,-1,1509,926,1510,-1,1510,926,922,-1,1510,922,1511,-1,1511,922,921,-1,1511,921,1512,-1,1512,921,913,-1,1512,913,1513,-1,1513,913,725,-1,1513,725,1514,-1,1514,725,724,-1,1514,724,1515,-1,1515,724,912,-1,1515,912,1516,-1,1516,912,904,-1,1516,904,1517,-1,1517,904,900,-1,1517,900,1518,-1,1518,900,899,-1,1518,899,1519,-1,1519,899,891,-1,1519,891,1520,-1,1520,891,716,-1,1520,716,1521,-1,1521,716,715,-1,1521,715,1522,-1,1522,715,890,-1,1522,890,1523,-1,1523,890,882,-1,1523,882,1524,-1,1524,882,878,-1,1524,878,1525,-1,1525,878,877,-1,1525,877,1526,-1,1526,877,869,-1,1526,869,1527,-1,1527,869,707,-1,1527,707,1528,-1,1528,707,706,-1,1528,706,1529,-1,1529,706,868,-1,1529,868,1530,-1,1530,868,860,-1,1530,860,1531,-1,1531,860,856,-1,1531,856,1532,-1,1532,856,855,-1,1532,855,1533,-1,1533,855,850,-1,1533,850,1534,-1,1534,850,698,-1,1534,698,1535,-1,1535,698,697,-1,1535,697,1536,-1,1536,697,846,-1,1536,846,1537,-1,1537,846,838,-1,1537,838,1538,-1,1538,838,834,-1,1538,834,1539,-1,1539,834,833,-1,1539,833,1540,-1,1540,833,828,-1,1540,828,1541,-1,1541,828,689,-1,1541,689,1542,-1,1542,689,688,-1,1542,688,1543,-1,1543,688,824,-1,1543,824,1544,-1,1544,824,816,-1,1544,816,1545,-1,1545,816,812,-1,1545,812,1546,-1,1546,812,811,-1,1546,811,1547,-1,1547,811,806,-1,1547,806,1548,-1,1548,806,680,-1,1548,680,1549,-1,1549,680,679,-1,1549,679,1550,-1,1550,679,802,-1,1550,802,1551,-1,1551,802,794,-1,1551,794,1552,-1,1552,794,790,-1,1552,790,1553,-1,1553,790,789,-1,1553,789,1554,-1,1554,789,784,-1,1554,784,1555,-1,1555,784,671,-1,1555,671,1556,-1,1556,671,670,-1,1556,670,1557,-1,1557,670,780,-1,1557,780,1558,-1,1558,780,772,-1,1558,772,1559,-1,1559,772,768,-1,1559,768,1560,-1,1560,768,767,-1,1560,767,1561,-1,1561,767,762,-1,1561,762,1562,-1,1562,762,755,-1,1562,755,1563,-1,1563,755,751,-1,1563,751,1564,-1,1564,751,750,-1,1564,750,1565,-1,1565,750,742,-1,1565,742,1566,-1,1566,742,734,-1,1566,734,1567,-1,1567,734,733,-1,1567,733,1501,-1,1501,733,964,-1,1568,1569,1570,-1,1571,1572,1573,-1,1568,1574,1569,-1,1569,1574,1575,-1,1569,1575,1576,-1,1576,1575,1577,-1,1576,1577,1573,-1,1573,1577,1578,-1,1573,1578,1571,-1,1571,1579,1572,-1,1572,1579,1580,-1,1572,1580,1581,-1,1582,1583,1584,-1,1580,1585,1581,-1,1581,1585,1586,-1,1581,1586,1587,-1,1587,1586,1588,-1,1587,1588,1584,-1,1584,1588,1589,-1,1584,1589,1582,-1,1582,1590,1583,-1,1583,1590,1591,-1,1583,1591,1592,-1,1592,1591,1593,-1,1592,1593,1594,-1,1593,1595,1594,-1,1594,1595,1596,-1,1594,1596,1597,-1,1597,1596,1598,-1,1597,1598,1599,-1,1599,1598,1600,-1,1601,1602,1603,-1,1600,1604,1599,-1,1599,1604,1605,-1,1599,1605,1606,-1,1606,1605,1607,-1,1606,1607,1603,-1,1603,1607,1608,-1,1603,1608,1601,-1,1601,1609,1602,-1,1602,1609,1610,-1,1602,1610,1611,-1,1611,1610,1612,-1,1611,1612,1613,-1,1612,1614,1613,-1,1613,1614,1615,-1,1613,1615,1616,-1,1616,1615,1617,-1,1616,1617,1618,-1,1618,1617,1619,-1,1620,1621,1622,-1,1619,1623,1618,-1,1618,1623,1624,-1,1618,1624,1625,-1,1625,1624,1626,-1,1625,1626,1622,-1,1622,1626,1627,-1,1622,1627,1620,-1,1620,1628,1621,-1,1621,1628,1629,-1,1621,1629,1630,-1,1630,1629,1631,-1,1630,1631,1632,-1,1631,1633,1632,-1,1632,1633,1634,-1,1632,1634,1635,-1,1635,1634,1636,-1,1635,1636,1637,-1,1637,1636,1638,-1,1639,1640,1641,-1,1638,1642,1637,-1,1637,1642,1643,-1,1637,1643,1644,-1,1644,1643,1645,-1,1644,1645,1641,-1,1641,1645,1646,-1,1641,1646,1639,-1,1639,1647,1640,-1,1640,1647,1648,-1,1640,1648,1649,-1,1649,1648,1650,-1,1649,1650,1651,-1,1650,1652,1651,-1,1651,1652,1653,-1,1651,1653,1654,-1,1654,1653,1655,-1,1654,1655,1656,-1,1656,1655,1657,-1,1658,1659,1660,-1,1657,1661,1656,-1,1656,1661,1662,-1,1656,1662,1663,-1,1663,1662,1664,-1,1663,1664,1660,-1,1660,1664,1665,-1,1660,1665,1658,-1,1658,1666,1659,-1,1659,1666,1667,-1,1659,1667,1668,-1,1668,1667,1669,-1,1668,1669,1670,-1,1669,1671,1670,-1,1670,1671,1672,-1,1670,1672,1673,-1,1673,1672,1674,-1,1673,1674,1675,-1,1675,1674,1676,-1,1677,1678,1679,-1,1676,1680,1675,-1,1675,1680,1681,-1,1675,1681,1682,-1,1682,1681,1683,-1,1682,1683,1679,-1,1679,1683,1684,-1,1679,1684,1677,-1,1677,1685,1678,-1,1678,1685,1686,-1,1678,1686,1687,-1,1687,1686,1688,-1,1687,1688,1689,-1,1688,1690,1689,-1,1689,1690,1691,-1,1689,1691,1692,-1,1692,1691,1693,-1,1692,1693,1694,-1,1694,1693,1695,-1,1696,1697,1698,-1,1695,1699,1694,-1,1694,1699,1700,-1,1694,1700,1701,-1,1701,1700,1702,-1,1701,1702,1698,-1,1698,1702,1703,-1,1698,1703,1696,-1,1696,1704,1697,-1,1697,1704,1705,-1,1697,1705,1706,-1,1706,1705,1707,-1,1706,1707,1708,-1,1707,1709,1708,-1,1708,1709,1710,-1,1708,1710,1711,-1,1711,1710,1712,-1,1711,1712,1713,-1,1713,1712,1714,-1,1715,1716,1717,-1,1714,1718,1713,-1,1713,1718,1719,-1,1713,1719,1720,-1,1720,1719,1721,-1,1720,1721,1717,-1,1717,1721,1722,-1,1717,1722,1715,-1,1715,1723,1716,-1,1716,1723,1724,-1,1716,1724,1725,-1,1725,1724,1726,-1,1725,1726,1727,-1,1728,1729,1730,-1,1726,1731,1727,-1,1727,1731,1732,-1,1727,1732,1730,-1,1730,1732,1733,-1,1730,1733,1728,-1,1734,1735,1736,-1,1728,1737,1729,-1,1729,1737,1738,-1,1729,1738,1739,-1,1739,1738,1740,-1,1739,1740,1736,-1,1736,1740,1741,-1,1736,1741,1734,-1,1734,1742,1735,-1,1735,1742,1743,-1,1735,1743,1744,-1,1744,1743,1745,-1,1744,1745,1746,-1,1746,1745,1747,-1,1746,1747,1570,-1,1570,1747,1748,-1,1570,1748,1568,-1,1744,1749,1735,-1,1735,1749,1750,-1,1735,1750,1736,-1,1736,1750,1751,-1,1736,1751,1739,-1,1739,1751,1752,-1,1739,1752,1729,-1,1729,1752,1753,-1,1729,1753,1730,-1,1730,1753,1754,-1,1730,1754,1727,-1,1727,1754,1755,-1,1727,1755,1725,-1,1725,1755,1756,-1,1725,1756,1716,-1,1716,1756,1757,-1,1716,1757,1717,-1,1717,1757,1758,-1,1717,1758,1720,-1,1720,1758,1759,-1,1720,1759,1713,-1,1713,1759,1760,-1,1713,1760,1711,-1,1711,1760,1761,-1,1711,1761,1708,-1,1708,1761,1762,-1,1708,1762,1706,-1,1706,1762,1763,-1,1706,1763,1697,-1,1697,1763,1764,-1,1697,1764,1698,-1,1698,1764,1765,-1,1698,1765,1701,-1,1701,1765,1766,-1,1701,1766,1694,-1,1694,1766,1767,-1,1694,1767,1692,-1,1692,1767,1768,-1,1692,1768,1689,-1,1689,1768,1769,-1,1689,1769,1687,-1,1687,1769,1770,-1,1687,1770,1678,-1,1678,1770,1771,-1,1678,1771,1679,-1,1679,1771,1772,-1,1679,1772,1682,-1,1682,1772,1773,-1,1682,1773,1675,-1,1675,1773,1774,-1,1675,1774,1673,-1,1673,1774,1775,-1,1673,1775,1670,-1,1670,1775,1776,-1,1670,1776,1668,-1,1668,1776,1777,-1,1668,1777,1659,-1,1659,1777,1778,-1,1659,1778,1660,-1,1660,1778,1779,-1,1660,1779,1663,-1,1663,1779,1780,-1,1663,1780,1656,-1,1656,1780,1781,-1,1656,1781,1654,-1,1654,1781,1782,-1,1654,1782,1651,-1,1651,1782,1783,-1,1651,1783,1649,-1,1649,1783,1784,-1,1649,1784,1640,-1,1640,1784,1785,-1,1640,1785,1641,-1,1641,1785,1786,-1,1641,1786,1644,-1,1644,1786,1787,-1,1644,1787,1637,-1,1637,1787,1788,-1,1637,1788,1635,-1,1635,1788,1789,-1,1635,1789,1632,-1,1632,1789,1790,-1,1632,1790,1630,-1,1630,1790,1791,-1,1630,1791,1621,-1,1621,1791,1792,-1,1621,1792,1622,-1,1622,1792,1793,-1,1622,1793,1625,-1,1625,1793,1794,-1,1625,1794,1618,-1,1618,1794,1795,-1,1618,1795,1616,-1,1616,1795,1796,-1,1616,1796,1613,-1,1613,1796,1797,-1,1613,1797,1611,-1,1611,1797,1798,-1,1611,1798,1602,-1,1602,1798,1799,-1,1602,1799,1603,-1,1603,1799,1800,-1,1603,1800,1606,-1,1606,1800,1801,-1,1606,1801,1599,-1,1599,1801,1802,-1,1599,1802,1597,-1,1597,1802,1803,-1,1597,1803,1594,-1,1594,1803,1804,-1,1594,1804,1592,-1,1592,1804,1805,-1,1592,1805,1583,-1,1583,1805,1806,-1,1583,1806,1584,-1,1584,1806,1807,-1,1584,1807,1587,-1,1587,1807,1808,-1,1587,1808,1581,-1,1581,1808,1809,-1,1581,1809,1572,-1,1572,1809,1810,-1,1572,1810,1573,-1,1573,1810,1811,-1,1573,1811,1576,-1,1576,1811,1812,-1,1576,1812,1569,-1,1569,1812,1813,-1,1569,1813,1570,-1,1570,1813,1814,-1,1570,1814,1746,-1,1746,1814,1815,-1,1746,1815,1744,-1,1744,1815,1749,-1,1815,1816,1749,-1,1749,1816,1817,-1,1749,1817,1750,-1,1750,1817,1818,-1,1750,1818,1751,-1,1751,1818,1819,-1,1751,1819,1752,-1,1752,1819,1820,-1,1752,1820,1753,-1,1753,1820,1821,-1,1753,1821,1754,-1,1754,1821,1822,-1,1754,1822,1755,-1,1755,1822,1823,-1,1755,1823,1756,-1,1756,1823,1824,-1,1756,1824,1757,-1,1757,1824,1825,-1,1757,1825,1758,-1,1758,1825,1826,-1,1758,1826,1759,-1,1759,1826,1827,-1,1759,1827,1760,-1,1760,1827,1828,-1,1760,1828,1761,-1,1761,1828,1829,-1,1761,1829,1762,-1,1762,1829,1830,-1,1762,1830,1763,-1,1763,1830,1831,-1,1763,1831,1764,-1,1764,1831,1832,-1,1764,1832,1765,-1,1765,1832,1833,-1,1765,1833,1766,-1,1766,1833,1834,-1,1766,1834,1767,-1,1767,1834,1835,-1,1767,1835,1768,-1,1768,1835,1836,-1,1768,1836,1769,-1,1769,1836,1837,-1,1769,1837,1770,-1,1770,1837,1838,-1,1770,1838,1771,-1,1771,1838,1839,-1,1771,1839,1772,-1,1772,1839,1840,-1,1772,1840,1773,-1,1773,1840,1841,-1,1773,1841,1774,-1,1774,1841,1842,-1,1774,1842,1775,-1,1775,1842,1843,-1,1775,1843,1776,-1,1776,1843,1844,-1,1776,1844,1777,-1,1777,1844,1845,-1,1777,1845,1778,-1,1778,1845,1846,-1,1778,1846,1779,-1,1779,1846,1847,-1,1779,1847,1780,-1,1780,1847,1848,-1,1780,1848,1781,-1,1781,1848,1849,-1,1781,1849,1782,-1,1782,1849,1850,-1,1782,1850,1783,-1,1783,1850,1851,-1,1783,1851,1784,-1,1784,1851,1852,-1,1784,1852,1785,-1,1785,1852,1853,-1,1785,1853,1786,-1,1786,1853,1854,-1,1786,1854,1787,-1,1787,1854,1855,-1,1787,1855,1788,-1,1788,1855,1856,-1,1788,1856,1789,-1,1789,1856,1857,-1,1789,1857,1790,-1,1790,1857,1858,-1,1790,1858,1791,-1,1791,1858,1859,-1,1791,1859,1792,-1,1792,1859,1860,-1,1792,1860,1793,-1,1793,1860,1861,-1,1793,1861,1794,-1,1794,1861,1862,-1,1794,1862,1795,-1,1795,1862,1863,-1,1795,1863,1796,-1,1796,1863,1864,-1,1796,1864,1797,-1,1797,1864,1865,-1,1797,1865,1798,-1,1798,1865,1866,-1,1798,1866,1799,-1,1799,1866,1867,-1,1799,1867,1800,-1,1800,1867,1868,-1,1800,1868,1801,-1,1801,1868,1869,-1,1801,1869,1802,-1,1802,1869,1870,-1,1802,1870,1803,-1,1803,1870,1871,-1,1803,1871,1804,-1,1804,1871,1872,-1,1804,1872,1805,-1,1805,1872,1873,-1,1805,1873,1806,-1,1806,1873,1874,-1,1806,1874,1807,-1,1807,1874,1875,-1,1807,1875,1808,-1,1808,1875,1876,-1,1808,1876,1809,-1,1809,1876,1877,-1,1809,1877,1810,-1,1810,1877,1878,-1,1810,1878,1811,-1,1811,1878,1879,-1,1811,1879,1812,-1,1812,1879,1880,-1,1812,1880,1813,-1,1813,1880,1881,-1,1813,1881,1814,-1,1814,1881,1882,-1,1814,1882,1815,-1,1815,1882,1816,-1,1882,1883,1816,-1,1816,1883,1884,-1,1816,1884,1817,-1,1817,1884,1885,-1,1817,1885,1818,-1,1818,1885,1886,-1,1818,1886,1819,-1,1819,1886,1887,-1,1819,1887,1820,-1,1820,1887,1888,-1,1820,1888,1821,-1,1821,1888,1889,-1,1821,1889,1822,-1,1822,1889,1890,-1,1822,1890,1823,-1,1823,1890,1891,-1,1823,1891,1824,-1,1824,1891,1892,-1,1824,1892,1825,-1,1825,1892,1893,-1,1825,1893,1826,-1,1826,1893,1894,-1,1826,1894,1827,-1,1827,1894,1895,-1,1827,1895,1828,-1,1828,1895,1896,-1,1828,1896,1829,-1,1829,1896,1897,-1,1829,1897,1830,-1,1830,1897,1898,-1,1830,1898,1831,-1,1831,1898,1899,-1,1831,1899,1832,-1,1832,1899,1900,-1,1832,1900,1833,-1,1833,1900,1901,-1,1833,1901,1834,-1,1834,1901,1902,-1,1834,1902,1835,-1,1835,1902,1903,-1,1835,1903,1836,-1,1836,1903,1904,-1,1836,1904,1837,-1,1837,1904,1905,-1,1837,1905,1838,-1,1838,1905,1906,-1,1838,1906,1839,-1,1839,1906,1907,-1,1839,1907,1840,-1,1840,1907,1908,-1,1840,1908,1841,-1,1841,1908,1909,-1,1841,1909,1842,-1,1842,1909,1910,-1,1842,1910,1843,-1,1843,1910,1911,-1,1843,1911,1844,-1,1844,1911,1912,-1,1844,1912,1845,-1,1845,1912,1913,-1,1845,1913,1846,-1,1846,1913,1914,-1,1846,1914,1847,-1,1847,1914,1915,-1,1847,1915,1848,-1,1848,1915,1916,-1,1848,1916,1849,-1,1849,1916,1917,-1,1849,1917,1850,-1,1850,1917,1918,-1,1850,1918,1851,-1,1851,1918,1919,-1,1851,1919,1852,-1,1852,1919,1920,-1,1852,1920,1853,-1,1853,1920,1921,-1,1853,1921,1854,-1,1854,1921,1922,-1,1854,1922,1855,-1,1855,1922,1923,-1,1855,1923,1856,-1,1856,1923,1924,-1,1856,1924,1857,-1,1857,1924,1925,-1,1857,1925,1858,-1,1858,1925,1926,-1,1858,1926,1859,-1,1859,1926,1927,-1,1859,1927,1860,-1,1860,1927,1928,-1,1860,1928,1861,-1,1861,1928,1929,-1,1861,1929,1862,-1,1862,1929,1930,-1,1862,1930,1863,-1,1863,1930,1931,-1,1863,1931,1864,-1,1864,1931,1932,-1,1864,1932,1865,-1,1865,1932,1933,-1,1865,1933,1866,-1,1866,1933,1934,-1,1866,1934,1867,-1,1867,1934,1935,-1,1867,1935,1868,-1,1868,1935,1936,-1,1868,1936,1869,-1,1869,1936,1937,-1,1869,1937,1870,-1,1870,1937,1938,-1,1870,1938,1871,-1,1871,1938,1939,-1,1871,1939,1872,-1,1872,1939,1940,-1,1872,1940,1873,-1,1873,1940,1941,-1,1873,1941,1874,-1,1874,1941,1942,-1,1874,1942,1875,-1,1875,1942,1943,-1,1875,1943,1876,-1,1876,1943,1944,-1,1876,1944,1877,-1,1877,1944,1945,-1,1877,1945,1878,-1,1878,1945,1946,-1,1878,1946,1879,-1,1879,1946,1947,-1,1879,1947,1880,-1,1880,1947,1948,-1,1880,1948,1881,-1,1881,1948,1949,-1,1881,1949,1882,-1,1882,1949,1883,-1,1949,965,1883,-1,1883,965,967,-1,1883,967,1884,-1,1884,967,969,-1,1884,969,1885,-1,1885,969,971,-1,1885,971,1886,-1,1886,971,973,-1,1886,973,1887,-1,1887,973,975,-1,1887,975,1888,-1,1888,975,977,-1,1888,977,1889,-1,1889,977,979,-1,1889,979,1890,-1,1890,979,981,-1,1890,981,1891,-1,1891,981,983,-1,1891,983,1892,-1,1892,983,985,-1,1892,985,1893,-1,1893,985,987,-1,1893,987,1894,-1,1894,987,989,-1,1894,989,1895,-1,1895,989,991,-1,1895,991,1896,-1,1896,991,993,-1,1896,993,1897,-1,1897,993,995,-1,1897,995,1898,-1,1898,995,997,-1,1898,997,1899,-1,1899,997,999,-1,1899,999,1900,-1,1900,999,1001,-1,1900,1001,1901,-1,1901,1001,1003,-1,1901,1003,1902,-1,1902,1003,1005,-1,1902,1005,1903,-1,1903,1005,1007,-1,1903,1007,1904,-1,1904,1007,1009,-1,1904,1009,1905,-1,1905,1009,1011,-1,1905,1011,1906,-1,1906,1011,1013,-1,1906,1013,1907,-1,1907,1013,1015,-1,1907,1015,1908,-1,1908,1015,1017,-1,1908,1017,1909,-1,1909,1017,1019,-1,1909,1019,1910,-1,1910,1019,1021,-1,1910,1021,1911,-1,1911,1021,1023,-1,1911,1023,1912,-1,1912,1023,1025,-1,1912,1025,1913,-1,1913,1025,1027,-1,1913,1027,1914,-1,1914,1027,1029,-1,1914,1029,1915,-1,1915,1029,1031,-1,1915,1031,1916,-1,1916,1031,1033,-1,1916,1033,1917,-1,1917,1033,1035,-1,1917,1035,1918,-1,1918,1035,1037,-1,1918,1037,1919,-1,1919,1037,1039,-1,1919,1039,1920,-1,1920,1039,1041,-1,1920,1041,1921,-1,1921,1041,1043,-1,1921,1043,1922,-1,1922,1043,1045,-1,1922,1045,1923,-1,1923,1045,1047,-1,1923,1047,1924,-1,1924,1047,1049,-1,1924,1049,1925,-1,1925,1049,1051,-1,1925,1051,1926,-1,1926,1051,1053,-1,1926,1053,1927,-1,1927,1053,1055,-1,1927,1055,1928,-1,1928,1055,1057,-1,1928,1057,1929,-1,1929,1057,1059,-1,1929,1059,1930,-1,1930,1059,1061,-1,1930,1061,1931,-1,1931,1061,1063,-1,1931,1063,1932,-1,1932,1063,1065,-1,1932,1065,1933,-1,1933,1065,1067,-1,1933,1067,1934,-1,1934,1067,1069,-1,1934,1069,1935,-1,1935,1069,1071,-1,1935,1071,1936,-1,1936,1071,1073,-1,1936,1073,1937,-1,1937,1073,1075,-1,1937,1075,1938,-1,1938,1075,1077,-1,1938,1077,1939,-1,1939,1077,1079,-1,1939,1079,1940,-1,1940,1079,1081,-1,1940,1081,1941,-1,1941,1081,1083,-1,1941,1083,1942,-1,1942,1083,1085,-1,1942,1085,1943,-1,1943,1085,1087,-1,1943,1087,1944,-1,1944,1087,1089,-1,1944,1089,1945,-1,1945,1089,1091,-1,1945,1091,1946,-1,1946,1091,1093,-1,1946,1093,1947,-1,1947,1093,1095,-1,1947,1095,1948,-1,1948,1095,1097,-1,1948,1097,1949,-1,1949,1097,965,-1,1950,1951,1745,-1,1952,1748,1951,-1,1951,1748,1747,-1,1951,1747,1745,-1,1577,1575,1953,-1,1953,1575,1574,-1,1953,1574,1952,-1,1952,1574,1568,-1,1952,1568,1748,-1,1577,1953,1578,-1,1578,1953,1954,-1,1578,1954,1571,-1,1571,1954,1579,-1,1579,1954,1955,-1,1579,1955,1580,-1,1580,1955,1585,-1,1585,1955,1956,-1,1585,1956,1586,-1,1957,1589,1956,-1,1956,1589,1588,-1,1956,1588,1586,-1,1593,1591,1958,-1,1958,1591,1590,-1,1958,1590,1957,-1,1957,1590,1582,-1,1957,1582,1589,-1,1593,1958,1595,-1,1595,1958,1959,-1,1595,1959,1596,-1,1596,1959,1598,-1,1598,1959,1960,-1,1598,1960,1600,-1,1600,1960,1604,-1,1604,1960,1961,-1,1604,1961,1605,-1,1962,1608,1961,-1,1961,1608,1607,-1,1961,1607,1605,-1,1612,1610,1963,-1,1963,1610,1609,-1,1963,1609,1962,-1,1962,1609,1601,-1,1962,1601,1608,-1,1612,1963,1614,-1,1614,1963,1964,-1,1614,1964,1615,-1,1615,1964,1617,-1,1617,1964,1965,-1,1617,1965,1619,-1,1619,1965,1623,-1,1623,1965,1966,-1,1623,1966,1624,-1,1967,1627,1966,-1,1966,1627,1626,-1,1966,1626,1624,-1,1631,1629,1968,-1,1968,1629,1628,-1,1968,1628,1967,-1,1967,1628,1620,-1,1967,1620,1627,-1,1631,1968,1633,-1,1633,1968,1969,-1,1633,1969,1634,-1,1634,1969,1636,-1,1636,1969,1970,-1,1636,1970,1638,-1,1638,1970,1642,-1,1642,1970,1971,-1,1642,1971,1643,-1,1972,1646,1971,-1,1971,1646,1645,-1,1971,1645,1643,-1,1650,1648,1973,-1,1973,1648,1647,-1,1973,1647,1972,-1,1972,1647,1639,-1,1972,1639,1646,-1,1650,1973,1652,-1,1652,1973,1974,-1,1652,1974,1653,-1,1653,1974,1655,-1,1655,1974,1975,-1,1655,1975,1657,-1,1657,1975,1661,-1,1661,1975,1976,-1,1661,1976,1662,-1,1977,1665,1976,-1,1976,1665,1664,-1,1976,1664,1662,-1,1669,1667,1978,-1,1978,1667,1666,-1,1978,1666,1977,-1,1977,1666,1658,-1,1977,1658,1665,-1,1669,1978,1671,-1,1671,1978,1979,-1,1671,1979,1672,-1,1672,1979,1674,-1,1674,1979,1980,-1,1674,1980,1676,-1,1676,1980,1680,-1,1680,1980,1981,-1,1680,1981,1681,-1,1982,1684,1981,-1,1981,1684,1683,-1,1981,1683,1681,-1,1688,1686,1983,-1,1983,1686,1685,-1,1983,1685,1982,-1,1982,1685,1677,-1,1982,1677,1684,-1,1688,1983,1690,-1,1690,1983,1984,-1,1690,1984,1691,-1,1691,1984,1693,-1,1693,1984,1985,-1,1693,1985,1695,-1,1695,1985,1699,-1,1699,1985,1986,-1,1699,1986,1700,-1,1987,1703,1986,-1,1986,1703,1702,-1,1986,1702,1700,-1,1707,1705,1988,-1,1988,1705,1704,-1,1988,1704,1987,-1,1987,1704,1696,-1,1987,1696,1703,-1,1707,1988,1709,-1,1709,1988,1989,-1,1709,1989,1710,-1,1710,1989,1712,-1,1712,1989,1990,-1,1712,1990,1714,-1,1714,1990,1718,-1,1718,1990,1991,-1,1718,1991,1719,-1,1992,1722,1991,-1,1991,1722,1721,-1,1991,1721,1719,-1,1726,1724,1993,-1,1993,1724,1723,-1,1993,1723,1992,-1,1992,1723,1715,-1,1992,1715,1722,-1,1726,1993,1731,-1,1731,1993,1994,-1,1731,1994,1732,-1,1732,1994,1733,-1,1733,1994,1995,-1,1733,1995,1728,-1,1728,1995,1737,-1,1737,1995,1996,-1,1737,1996,1738,-1,1997,1741,1996,-1,1996,1741,1740,-1,1996,1740,1738,-1,1745,1743,1950,-1,1950,1743,1742,-1,1950,1742,1997,-1,1997,1742,1734,-1,1997,1734,1741,-1,
        ]
    }
}
Shape{
    appearance Appearance {
        material  Material 	{
            diffuseColor 0.20784313725490197 0.20784313725490197 0.20784313725490197
            specularColor 0.01568627450980392 0.01568627450980392 0.01568627450980392
            ambientIntensity 0.2
            transparency 0
            shininess 0.5
        }
    }
    geometry IndexedFaceSet {
        ccw TRUE
        solid FALSE
        coord DEF co Coordinate {
            point [
                3.7402 -1.378 0.0, 3.7402 1.378 0.0, 3.5433 0.0 0.0, 3.513 0.4625 0.0, -1.378 3.7402 -0.0, -0.4625 3.513 -0.0, -0.0 3.5433 -0.0, 1.378 3.7402 -0.0, 0.4625 -3.513 -0.0, 0.0 -3.5433 -0.0, 1.378 -3.7402 -0.0, 0.4625 3.513 -0.0, 0.9171 3.4226 -0.0, 1.378 3.3071 -0.0, 1.356 3.2736 -0.0, 1.7957 3.1002 0.0, 1.7717 3.0686 -0.0, 2.183 2.8408 0.0, 2.157 2.8111 -0.0, 2.5333 2.5333 0.0, 2.5055 2.5055 -0.0, 2.8408 2.183 0.0, 2.8111 2.157 -0.0, 3.1002 1.7957 0.0, 3.0686 1.7717 -0.0, 3.3071 1.378 0.0, 3.2736 1.356 0.0, 3.4226 0.9171 0.0, -3.7402 1.378 -0.0, -3.7402 -1.378 -0.0, -3.5433 -0.0 -0.0, -3.513 -0.4625 -0.0, -1.378 -3.7402 -0.0, -3.513 0.4625 -0.0, -3.4226 0.9171 -0.0, -3.3071 1.378 -0.0, -3.2736 1.356 -0.0, -3.1002 1.7957 -0.0, -3.0686 1.7717 -0.0, -2.8408 2.183 -0.0, -2.8111 2.157 -0.0, -2.5333 2.5333 -0.0, -2.5055 2.5055 -0.0, -2.183 2.8408 -0.0, -2.157 2.8111 -0.0, -1.7957 3.1002 -0.0, -1.7717 3.0686 -0.0, -1.378 3.3071 -0.0, -1.356 3.2736 -0.0, -0.9171 3.4226 -0.0, -0.4625 -3.513 -0.0, -0.9171 -3.4226 -0.0, -1.378 -3.3071 -0.0, -1.356 -3.2736 -0.0, -1.7957 -3.1002 -0.0, -1.7717 -3.0686 -0.0, -2.183 -2.8408 -0.0, -2.157 -2.8111 -0.0, -2.5333 -2.5333 -0.0, -2.5055 -2.5055 -0.0, -2.8408 -2.183 -0.0, -2.8111 -2.157 -0.0, -3.1002 -1.7957 -0.0, -3.0686 -1.7717 -0.0, -3.3071 -1.378 -0.0, -3.2736 -1.356 -0.0, -3.4226 -0.9171 -0.0, 3.513 -0.4625 0.0, 3.4226 -0.9171 0.0, 3.3071 -1.378 0.0, 3.2736 -1.356 0.0, 3.1002 -1.7957 0.0, 3.0686 -1.7717 -0.0, 2.8408 -2.183 0.0, 2.8111 -2.157 -0.0, 2.5333 -2.5333 0.0, 2.5055 -2.5055 -0.0, 2.183 -2.8408 0.0, 2.157 -2.8111 -0.0, 1.7957 -3.1002 0.0, 1.7717 -3.0686 -0.0, 1.378 -3.3071 -0.0, 1.356 -3.2736 -0.0, 0.9171 -3.4226 -0.0, -1.437 0.2362 -0.3937, -1.437 -0.2362 -0.3937, -3.7402 -0.3543 -0.3937, -3.7402 0.3543 -0.3937, -1.3386 0.3543 -0.3937, -1.3189 0.2362 -0.3937, -1.2469 0.3423 -0.3937, -1.3189 -0.2362 -0.3937, -1.1614 0.3069 -0.3937, -1.088 0.2505 -0.3937, -1.088 -0.2505 -0.3937, -1.1614 -0.3069 -0.3937, -1.2469 -0.3423 -0.3937, -1.3386 -0.3543 -0.3937, -1.0317 0.1772 -0.3937, -0.9963 0.0917 -0.3937, -0.9843 -0.0 -0.3937, -0.9963 -0.0917 -0.3937, -1.0317 -0.1772 -0.3937, 3.7402 -1.378 0.584, 3.7402 -3.7402 0.584, 3.7402 -3.7402 -0.4724, 3.7402 3.7402 0.584, 3.7402 1.378 0.584, 3.7402 3.7402 -0.4724, 3.7402 0.482 -0.4724, 3.7402 0.3543 -0.4724, 3.7402 0.3543 -0.3937, 3.7402 -0.3543 -0.3937, 3.7402 -0.3543 -0.4724, -1.378 3.3071 0.269, -1.7957 3.1002 0.269, -2.183 2.8408 0.269, -2.5333 2.5333 0.269, -2.8408 2.183 0.269, -3.1002 1.7957 0.269, -3.3071 1.378 0.269, -3.3071 -1.378 0.269, -3.1002 -1.7957 0.269, -2.8408 -2.183 0.269, -2.5333 -2.5333 0.269, -2.183 -2.8408 0.269, -1.7957 -3.1002 0.269, -1.378 -3.3071 0.269, -1.378 -3.7402 0.269, -2.3228 -3.7402 0.269, -2.3228 -3.7402 -0.4724, -0.1032 -3.7402 -0.4724, 1.378 -3.7402 0.584, -3.7402 -2.3228 0.269, -3.7402 -2.3228 -0.4724, -3.7402 2.3228 0.269, -3.7402 2.3228 -0.4724, -3.7402 0.482 -0.4724, -3.7402 0.3543 -0.4724, -3.7402 -1.378 0.269, -3.7402 -0.3543 -0.4724, -3.7402 1.378 0.269, -2.3228 3.7402 0.269, -2.3228 3.7402 -0.4724, 1.378 3.7402 0.584, -1.378 3.7402 0.269, -0.1032 3.7402 -0.4724, 3.3071 1.378 0.584, 3.1002 1.7957 0.584, 2.8408 2.183 0.584, 2.5333 2.5333 0.584, 2.183 2.8408 0.584, 1.7957 3.1002 0.584, 1.378 3.3071 0.584, 1.378 -3.3071 0.584, 1.7957 -3.1002 0.584, 2.183 -2.8408 0.584, 2.5333 -2.5333 0.584, 2.8408 -2.183 0.584, 3.1002 -1.7957 0.584, 3.3071 -1.378 0.584, -1.3386 -0.3543 -0.4724, -1.3386 0.3543 -0.4724, -1.2469 0.3423 -0.4724, -1.1614 0.3069 -0.4724, -1.088 0.2505 -0.4724, -1.0317 0.1772 -0.4724, -0.9963 0.0917 -0.4724, -0.9843 -0.0 -0.4724, -0.9963 -0.0917 -0.4724, -1.0317 -0.1772 -0.4724, -1.088 -0.2505 -0.4724, -1.1614 -0.3069 -0.4724, -1.2469 -0.3423 -0.4724, 1.3386 0.3543 -0.4724, 1.3386 0.3543 -0.3937, 1.3386 -0.3543 -0.3937, 1.3386 -0.3543 -0.4724, 1.2469 -0.3423 -0.3937, 1.2469 -0.3423 -0.4724, 1.1614 -0.3069 -0.3937, 1.1614 -0.3069 -0.4724, 1.088 -0.2505 -0.3937, 1.088 -0.2505 -0.4724, 1.0317 -0.1772 -0.3937, 1.0317 -0.1772 -0.4724, 0.9963 -0.0917 -0.3937, 0.9963 -0.0917 -0.4724, 0.9843 0.0 -0.3937, 0.9843 0.0 -0.4724, 0.9963 0.0917 -0.3937, 0.9963 0.0917 -0.4724, 1.0317 0.1772 -0.3937, 1.0317 0.1772 -0.4724, 1.088 0.2505 -0.3937, 1.088 0.2505 -0.4724, 1.1614 0.3069 -0.3937, 1.1614 0.3069 -0.4724, 1.2469 0.3423 -0.3937, 1.2469 0.3423 -0.4724, 1.2469 0.3423 -0.4724
            ]
        }
        coordIndex [
            0,1,2,-1,2,1,3,-1,4,5,6,-1,4,6,7,-1,8,9,10,-1,6,11,7,-1,7,11,12,-1,7,12,13,-1,13,12,14,-1,13,14,15,-1,15,14,16,-1,15,16,17,-1,17,16,18,-1,17,18,19,-1,19,18,20,-1,19,20,21,-1,21,20,22,-1,21,22,23,-1,23,22,24,-1,23,24,25,-1,25,24,26,-1,25,26,1,-1,1,26,27,-1,1,27,3,-1,28,29,30,-1,30,29,31,-1,10,9,32,-1,30,33,28,-1,28,33,34,-1,28,34,35,-1,35,34,36,-1,35,36,37,-1,37,36,38,-1,37,38,39,-1,39,38,40,-1,39,40,41,-1,41,40,42,-1,41,42,43,-1,43,42,44,-1,43,44,45,-1,45,44,46,-1,45,46,47,-1,47,46,48,-1,47,48,4,-1,4,48,49,-1,4,49,5,-1,9,50,32,-1,32,50,51,-1,32,51,52,-1,52,51,53,-1,52,53,54,-1,54,53,55,-1,54,55,56,-1,56,55,57,-1,56,57,58,-1,58,57,59,-1,58,59,60,-1,60,59,61,-1,60,61,62,-1,62,61,63,-1,62,63,64,-1,64,63,65,-1,64,65,29,-1,29,65,66,-1,29,66,31,-1,2,67,0,-1,0,67,68,-1,0,68,69,-1,69,68,70,-1,69,70,71,-1,71,70,72,-1,71,72,73,-1,73,72,74,-1,73,74,75,-1,75,74,76,-1,75,76,77,-1,77,76,78,-1,77,78,79,-1,79,78,80,-1,79,80,81,-1,81,80,82,-1,81,82,10,-1,10,82,83,-1,10,83,8,-1,84,85,86,-1,86,87,84,-1,84,87,88,-1,84,88,89,-1,89,88,90,-1,89,90,91,-1,91,90,92,-1,91,92,93,-1,94,95,91,-1,91,95,96,-1,91,96,85,-1,85,96,97,-1,85,97,86,-1,93,98,91,-1,91,98,99,-1,91,99,100,-1,100,101,91,-1,91,101,102,-1,91,102,94,-1,103,104,0,-1,0,104,105,-1,106,107,108,-1,108,107,1,-1,108,1,109,-1,110,109,111,-1,111,109,1,-1,111,1,112,-1,112,1,0,-1,112,0,113,-1,113,0,105,-1,47,114,45,-1,45,114,115,-1,45,115,43,-1,43,115,116,-1,43,116,41,-1,41,116,117,-1,41,117,39,-1,39,117,118,-1,39,118,37,-1,37,118,119,-1,37,119,35,-1,35,119,120,-1,64,121,62,-1,62,121,122,-1,62,122,60,-1,60,122,123,-1,60,123,58,-1,58,123,124,-1,58,124,56,-1,56,124,125,-1,56,125,54,-1,54,125,126,-1,54,126,52,-1,52,126,127,-1,32,128,129,-1,129,130,32,-1,32,130,131,-1,32,131,10,-1,10,131,105,-1,10,105,132,-1,132,105,104,-1,133,134,129,-1,129,134,130,-1,135,136,87,-1,87,136,137,-1,87,137,138,-1,133,139,134,-1,134,139,29,-1,140,134,86,-1,86,134,29,-1,86,29,87,-1,87,29,28,-1,87,28,135,-1,135,28,141,-1,142,143,135,-1,135,143,136,-1,7,144,106,-1,142,145,143,-1,143,145,4,-1,143,4,146,-1,146,4,7,-1,146,7,108,-1,108,7,106,-1,47,4,114,-1,114,4,145,-1,32,52,128,-1,128,52,127,-1,64,29,121,-1,121,29,139,-1,28,35,141,-1,141,35,120,-1,25,147,23,-1,23,147,148,-1,23,148,21,-1,21,148,149,-1,21,149,19,-1,19,149,150,-1,19,150,17,-1,17,150,151,-1,17,151,15,-1,15,151,152,-1,15,152,13,-1,13,152,153,-1,144,153,106,-1,106,153,152,-1,106,152,151,-1,147,107,148,-1,148,107,106,-1,151,150,106,-1,106,150,149,-1,106,149,148,-1,81,154,79,-1,79,154,155,-1,79,155,77,-1,77,155,156,-1,77,156,75,-1,75,156,157,-1,75,157,73,-1,73,157,158,-1,73,158,71,-1,71,158,159,-1,71,159,69,-1,69,159,160,-1,104,103,160,-1,160,159,104,-1,104,159,158,-1,104,158,157,-1,154,132,155,-1,155,132,104,-1,155,104,156,-1,156,104,157,-1,7,13,144,-1,144,13,153,-1,132,154,10,-1,10,154,81,-1,107,147,1,-1,1,147,25,-1,0,69,103,-1,103,69,160,-1,141,120,135,-1,135,120,119,-1,119,118,135,-1,135,118,117,-1,135,117,142,-1,114,145,115,-1,115,145,142,-1,115,142,116,-1,116,142,117,-1,128,127,129,-1,129,127,126,-1,126,125,129,-1,129,125,124,-1,129,124,133,-1,121,139,122,-1,122,139,133,-1,122,133,123,-1,123,133,124,-1,97,161,86,-1,86,161,140,-1,88,162,90,-1,90,162,163,-1,90,163,92,-1,92,163,164,-1,92,164,93,-1,93,164,165,-1,93,165,98,-1,98,165,166,-1,98,166,99,-1,99,166,167,-1,99,167,100,-1,100,167,168,-1,100,168,101,-1,101,168,169,-1,101,169,102,-1,102,169,170,-1,102,170,94,-1,94,170,171,-1,94,171,95,-1,95,171,172,-1,95,172,96,-1,96,172,173,-1,96,173,97,-1,97,173,161,-1,162,88,138,-1,138,88,87,-1,174,110,175,-1,175,110,111,-1,176,177,178,-1,178,177,179,-1,178,179,180,-1,180,179,181,-1,180,181,182,-1,182,181,183,-1,182,183,184,-1,184,183,185,-1,184,185,186,-1,186,185,187,-1,186,187,188,-1,188,187,189,-1,188,189,190,-1,190,189,191,-1,190,191,192,-1,192,191,193,-1,192,193,194,-1,194,193,195,-1,194,195,196,-1,196,195,197,-1,196,197,198,-1,198,197,199,-1,198,199,175,-1,175,199,174,-1,176,112,177,-1,177,112,113,-1,
        ]
    }
}
Shape{
    appearance Appearance {
        material  Material 	{
            diffuseColor 0.6666666666666666 0.6666666666666666 0.6666666666666666
            specularColor 0.4666666666666667 0.4666666666666667 0.4666666666666667
            ambientIntensity 0.2
            transparency 0
            shininess 0.5
        }
    }
    geometry IndexedFaceSet {
        ccw TRUE
        solid FALSE
        coord DEF co Coordinate {
            point [
                -1.437 -0.2362 -0.4331, -1.437 0.2362 -0.4331, -1.4383 -0.2362 -0.4433, -1.4383 0.2362 -0.4433, -1.4423 -0.2362 -0.4528, -1.4423 0.2362 -0.4528, -1.4485 -0.2362 -0.4609, -1.4485 0.2362 -0.4609, -1.4567 -0.2362 -0.4672, -1.4567 0.2362 -0.4672, -1.4662 -0.2362 -0.4711, -1.4662 0.2362 -0.4711, -1.4764 -0.2362 -0.4724, -1.4764 0.2362 -0.4724, -3.9567 -0.2362 -0.4724, -3.9567 0.2362 -0.4724, -3.9567 -0.2362 -0.5906, -3.9567 0.2362 -0.5906, -1.4764 -0.2362 -0.5906, -1.4764 0.2362 -0.5906, -1.4356 0.2362 -0.5852, -1.4356 -0.2362 -0.5852, -1.3976 0.2362 -0.5695, -1.3976 -0.2362 -0.5695, -1.365 0.2362 -0.5444, -1.365 -0.2362 -0.5444, -1.34 0.2362 -0.5118, -1.34 -0.2362 -0.5118, -1.3243 0.2362 -0.4738, -1.3243 -0.2362 -0.4738, -1.3189 0.2362 -0.4331, -1.3189 -0.2362 -0.4331, -1.437 0.2362 -0.3937, -1.3189 0.2362 -0.3937, -1.437 -0.2362 -0.3937, -1.3189 -0.2362 -0.3937, 1.4764 -0.2362 -0.4724, 3.9567 -0.2362 -0.4724, 1.4764 0.2362 -0.4724, 3.9567 0.2362 -0.4724, 1.4662 -0.2362 -0.4711, 1.4662 0.2362 -0.4711, 1.4567 -0.2362 -0.4672, 1.4567 0.2362 -0.4672, 1.4485 -0.2362 -0.4609, 1.4485 0.2362 -0.4609, 1.4423 -0.2362 -0.4528, 1.4423 0.2362 -0.4528, 1.4383 -0.2362 -0.4433, 1.4383 0.2362 -0.4433, 1.437 -0.2362 -0.4331, 1.437 0.2362 -0.4331, 1.437 -0.2362 -0.3937, 1.437 0.2362 -0.3937, 1.3189 0.2362 -0.4331, 1.3189 -0.2362 -0.4331, 1.3189 0.2362 -0.3937, 1.3189 -0.2362 -0.3937, 1.3243 0.2362 -0.4738, 1.3243 -0.2362 -0.4738, 1.34 0.2362 -0.5118, 1.34 -0.2362 -0.5118, 1.365 0.2362 -0.5444, 1.365 -0.2362 -0.5444, 1.3976 0.2362 -0.5695, 1.3976 -0.2362 -0.5695, 1.4356 0.2362 -0.5852, 1.4356 -0.2362 -0.5852, 1.4764 0.2362 -0.5906, 1.4764 -0.2362 -0.5906, 3.9567 -0.2362 -0.5906, 3.9567 0.2362 -0.5906, 3.9567 0.2362 -0.5906
            ]
        }
        coordIndex [
            0,1,2,-1,2,1,3,-1,2,3,4,-1,4,3,5,-1,4,5,6,-1,6,5,7,-1,6,7,8,-1,8,7,9,-1,8,9,10,-1,10,9,11,-1,10,11,12,-1,12,11,13,-1,14,12,15,-1,15,12,13,-1,16,14,17,-1,17,14,15,-1,18,16,19,-1,19,16,17,-1,18,19,20,-1,18,20,21,-1,21,20,22,-1,21,22,23,-1,23,22,24,-1,23,24,25,-1,25,24,26,-1,25,26,27,-1,27,26,28,-1,27,28,29,-1,29,28,30,-1,29,30,31,-1,32,33,1,-1,1,33,30,-1,1,30,3,-1,3,30,28,-1,3,28,5,-1,5,28,26,-1,5,26,7,-1,7,26,24,-1,7,24,9,-1,9,24,22,-1,9,22,11,-1,11,22,20,-1,11,20,13,-1,13,20,19,-1,13,19,15,-1,15,19,17,-1,14,16,12,-1,12,16,18,-1,12,18,10,-1,10,18,21,-1,10,21,8,-1,8,21,23,-1,8,23,6,-1,6,23,25,-1,6,25,4,-1,4,25,27,-1,4,27,2,-1,2,27,29,-1,2,29,0,-1,0,29,31,-1,0,31,34,-1,34,31,35,-1,32,1,34,-1,34,1,0,-1,31,30,35,-1,35,30,33,-1,36,37,38,-1,38,37,39,-1,36,38,40,-1,40,38,41,-1,40,41,42,-1,42,41,43,-1,42,43,44,-1,44,43,45,-1,44,45,46,-1,46,45,47,-1,46,47,48,-1,48,47,49,-1,48,49,50,-1,50,49,51,-1,52,50,53,-1,53,50,51,-1,54,55,56,-1,56,55,57,-1,55,54,58,-1,55,58,59,-1,59,58,60,-1,59,60,61,-1,61,60,62,-1,61,62,63,-1,63,62,64,-1,63,64,65,-1,65,64,66,-1,65,66,67,-1,67,66,68,-1,67,68,69,-1,70,69,71,-1,71,69,68,-1,37,70,39,-1,39,70,71,-1,52,57,50,-1,50,57,55,-1,50,55,48,-1,48,55,59,-1,48,59,46,-1,46,59,61,-1,46,61,44,-1,44,61,63,-1,44,63,42,-1,42,63,65,-1,42,65,40,-1,40,65,67,-1,40,67,36,-1,36,67,69,-1,36,69,37,-1,37,69,70,-1,39,71,38,-1,38,71,68,-1,38,68,41,-1,41,68,66,-1,41,66,43,-1,43,66,64,-1,43,64,45,-1,45,64,62,-1,45,62,47,-1,47,62,60,-1,47,60,49,-1,49,60,58,-1,49,58,51,-1,51,58,54,-1,51,54,53,-1,53,54,56,-1,
        ]
    }
}
Shape{
    appearance Appearance {
        material  Material 	{
            diffuseColor 1.0 1.0 1.0
            specularColor 0.8784313725490196 0.8784313725490196 0.8784313725490196
            ambientIntensity 0.2
            transparency 0
            shininess 0.5
        }
    }
    geometry IndexedFaceSet {
        ccw TRUE
        solid FALSE
        coord DEF co Coordinate {
            point [
                0.3337 0.2839 -0.4646, 0.4105 0.4808 -0.4646, 0.3337 0.2839 -0.4724, 0.4105 0.4808 -0.4724, 0.3817 0.4808 -0.4646, 0.3817 0.4808 -0.4724, 0.3618 0.4256 -0.4646, 0.3618 0.4256 -0.4724, 0.2805 0.4256 -0.4646, 0.2805 0.4256 -0.4724, 0.2617 0.4808 -0.4646, 0.2617 0.4808 -0.4724, 0.2329 0.4808 -0.4646, 0.2329 0.4808 -0.4724, 0.3073 0.2839 -0.4646, 0.3073 0.2839 -0.4724, 0.2871 0.404 -0.4646, 0.3165 0.3217 -0.4646, 0.3184 0.3149 -0.4646, 0.3196 0.3079 -0.4646, 0.3203 0.3079 -0.4646, 0.3215 0.3149 -0.4646, 0.3529 0.404 -0.4646, 0.3233 0.3217 -0.4646, 0.2871 0.404 -0.4724, 0.3529 0.404 -0.4724, 0.3165 0.3217 -0.4724, 0.3184 0.3149 -0.4724, 0.3196 0.3079 -0.4724, 0.3203 0.3079 -0.4724, 0.3215 0.3149 -0.4724, 0.3233 0.3217 -0.4724, 0.1135 0.4808 -0.4646, 0.06 0.4808 -0.4646, 0.1135 0.4808 -0.4724, 0.06 0.4808 -0.4724, 0.06 0.2839 -0.4646, 0.06 0.2839 -0.4724, 0.1156 0.2839 -0.4646, 0.1156 0.2839 -0.4724, 0.2185 0.3799 -0.4646, 0.2185 0.3799 -0.4724, 0.217 0.3614 -0.4724, 0.217 0.3614 -0.4646, 0.2117 0.342 -0.4724, 0.2117 0.342 -0.4646, 0.2026 0.325 -0.4724, 0.2026 0.325 -0.4646, 0.1887 0.3096 -0.4724, 0.1887 0.3096 -0.4646, 0.1885 0.3094 -0.4724, 0.1885 0.3094 -0.4646, 0.167 0.2951 -0.4724, 0.167 0.2951 -0.4646, 0.144 0.287 -0.4724, 0.144 0.287 -0.4646, 0.1379 0.4786 -0.4724, 0.1379 0.4786 -0.4646, 0.1606 0.4719 -0.4724, 0.1606 0.4719 -0.4646, 0.1811 0.4599 -0.4724, 0.1811 0.4599 -0.4646, 0.1973 0.4444 -0.4724, 0.1973 0.4444 -0.4646, 0.2086 0.4268 -0.4724, 0.2086 0.4268 -0.4646, 0.2157 0.4062 -0.4724, 0.2157 0.4062 -0.4646, 0.1789 0.3331 -0.4646, 0.1694 0.323 -0.4646, 0.155 0.3137 -0.4646, 0.1388 0.308 -0.4646, 0.1155 0.3055 -0.4646, 0.0864 0.3055 -0.4646, 0.0864 0.4592 -0.4646, 0.1144 0.4592 -0.4646, 0.1351 0.4572 -0.4646, 0.1517 0.4521 -0.4646, 0.1651 0.4441 -0.4646, 0.1762 0.4332 -0.4646, 0.1845 0.4196 -0.4646, 0.1902 0.4011 -0.4646, 0.192 0.3804 -0.4646, 0.1904 0.3608 -0.4646, 0.1858 0.3453 -0.4646, 0.1155 0.3055 -0.4724, 0.0864 0.3055 -0.4724, 0.1388 0.308 -0.4724, 0.155 0.3137 -0.4724, 0.1694 0.323 -0.4724, 0.1789 0.3331 -0.4724, 0.1858 0.3453 -0.4724, 0.1904 0.3608 -0.4724, 0.192 0.3804 -0.4724, 0.1902 0.4011 -0.4724, 0.1845 0.4196 -0.4724, 0.1762 0.4332 -0.4724, 0.1651 0.4441 -0.4724, 0.1517 0.4521 -0.4724, 0.1351 0.4572 -0.4724, 0.1144 0.4592 -0.4724, 0.0864 0.4592 -0.4724, 0.0216 0.4592 -0.4646, 0.0216 0.4808 -0.4646, 0.0216 0.4592 -0.4724, 0.0216 0.4808 -0.4724, -0.084 0.4808 -0.4646, -0.084 0.4808 -0.4724, -0.084 0.2839 -0.4646, -0.084 0.2839 -0.4724, 0.0168 0.2839 -0.4646, 0.0168 0.2839 -0.4724, 0.0168 0.3055 -0.4646, 0.0168 0.3055 -0.4724, -0.0576 0.3055 -0.4646, -0.0576 0.3055 -0.4724, -0.0576 0.3703 -0.4646, -0.0576 0.3703 -0.4724, 0.012 0.3703 -0.4646, 0.012 0.3703 -0.4724, 0.012 0.392 -0.4646, 0.012 0.392 -0.4724, -0.0576 0.392 -0.4646, -0.0576 0.392 -0.4724, -0.0576 0.4592 -0.4646, -0.0576 0.4592 -0.4724, -0.1224 0.449 -0.4646, -0.1224 0.4706 -0.4646, -0.1224 0.449 -0.4724, -0.1224 0.4706 -0.4724, -0.1434 0.4792 -0.4646, -0.1766 0.4832 -0.4646, -0.1766 0.4832 -0.4724, -0.1712 0.4831 -0.4724, -0.1712 0.4831 -0.4646, -0.1633 0.482 -0.4724, -0.1434 0.4792 -0.4724, -0.2689 0.3861 -0.4646, -0.2689 0.3861 -0.4724, -0.267 0.4089 -0.4724, -0.267 0.4089 -0.4646, -0.261 0.4297 -0.4724, -0.261 0.4297 -0.4646, -0.2506 0.4484 -0.4724, -0.2506 0.4484 -0.4646, -0.2358 0.464 -0.4724, -0.2358 0.464 -0.4646, -0.2199 0.4741 -0.4724, -0.2199 0.4741 -0.4646, -0.2009 0.4807 -0.4724, -0.2009 0.4807 -0.4646, -0.1882 0.482 -0.4724, -0.1688 0.2815 -0.4646, -0.1688 0.2815 -0.4724, -0.1885 0.2831 -0.4724, -0.1885 0.2831 -0.4646, -0.2105 0.2895 -0.4724, -0.2105 0.2895 -0.4646, -0.2292 0.3003 -0.4724, -0.2292 0.3003 -0.4646, -0.2469 0.3174 -0.4724, -0.2469 0.3174 -0.4646, -0.2585 0.3358 -0.4724, -0.2585 0.3358 -0.4646, -0.266 0.3581 -0.4724, -0.266 0.3581 -0.4646, -0.1224 0.2893 -0.4646, -0.1224 0.2893 -0.4724, -0.1452 0.2831 -0.4724, -0.1452 0.2831 -0.4646, -0.1224 0.3157 -0.4646, -0.1224 0.3157 -0.4724, -0.1685 0.3031 -0.4646, -0.1685 0.3031 -0.4724, -0.1446 0.3062 -0.4724, -0.1446 0.3062 -0.4646, -0.2425 0.3844 -0.4646, -0.2425 0.3844 -0.4724, -0.2415 0.3691 -0.4724, -0.2415 0.3691 -0.4646, -0.2363 0.3481 -0.4724, -0.2363 0.3481 -0.4646, -0.2282 0.3329 -0.4724, -0.2282 0.3329 -0.4646, -0.2163 0.3197 -0.4724, -0.2163 0.3197 -0.4646, -0.2026 0.3106 -0.4724, -0.2026 0.3106 -0.4646, -0.1879 0.3053 -0.4724, -0.1879 0.3053 -0.4646, -0.173 0.4616 -0.4646, -0.173 0.4616 -0.4724, -0.1913 0.4595 -0.4724, -0.1913 0.4595 -0.4646, -0.2057 0.4542 -0.4724, -0.2057 0.4542 -0.4646, -0.2177 0.4461 -0.4724, -0.2177 0.4461 -0.4646, -0.227 0.4363 -0.4724, -0.227 0.4363 -0.4646, -0.2351 0.4227 -0.4724, -0.2351 0.4227 -0.4646, -0.2405 0.4058 -0.4724, -0.2405 0.4058 -0.4646, -0.126 0.4509 -0.4724, -0.126 0.4509 -0.4646, -0.1468 0.4587 -0.4724, -0.1468 0.4587 -0.4646, -0.2857 0.4592 -0.4646, -0.2857 0.4808 -0.4646, -0.2857 0.4592 -0.4724, -0.2857 0.4808 -0.4724, -0.3865 0.4808 -0.4646, -0.3865 0.4808 -0.4724, -0.3865 0.2839 -0.4646, -0.3865 0.2839 -0.4724, -0.3601 0.2839 -0.4646, -0.3601 0.2839 -0.4724, -0.3601 0.4592 -0.4646, -0.3601 0.4592 -0.4724, -0.3601 0.4592 -0.4724
            ]
        }
        coordIndex [
            0,1,2,-1,2,1,3,-1,1,4,3,-1,3,4,5,-1,4,6,5,-1,5,6,7,-1,6,8,7,-1,7,8,9,-1,8,10,9,-1,9,10,11,-1,10,12,11,-1,11,12,13,-1,12,14,13,-1,13,14,15,-1,14,0,15,-1,15,0,2,-1,16,17,14,-1,12,10,8,-1,17,18,14,-1,14,18,19,-1,14,19,0,-1,0,19,20,-1,0,20,21,-1,14,12,16,-1,16,12,8,-1,16,8,22,-1,22,8,6,-1,21,23,0,-1,0,23,22,-1,0,22,1,-1,1,22,6,-1,1,6,4,-1,16,22,24,-1,24,22,25,-1,17,16,26,-1,26,16,24,-1,17,26,27,-1,17,27,18,-1,18,27,28,-1,18,28,19,-1,20,19,29,-1,29,19,28,-1,20,29,30,-1,20,30,21,-1,21,30,31,-1,21,31,23,-1,22,23,25,-1,25,23,31,-1,32,33,34,-1,34,33,35,-1,33,36,35,-1,35,36,37,-1,36,38,37,-1,37,38,39,-1,40,41,42,-1,40,42,43,-1,43,42,44,-1,43,44,45,-1,45,44,46,-1,45,46,47,-1,47,46,48,-1,47,48,49,-1,49,48,50,-1,49,50,51,-1,51,50,52,-1,51,52,53,-1,53,52,54,-1,53,54,55,-1,55,54,39,-1,55,39,38,-1,32,34,56,-1,32,56,57,-1,57,56,58,-1,57,58,59,-1,59,58,60,-1,59,60,61,-1,61,60,62,-1,61,62,63,-1,63,62,64,-1,63,64,65,-1,65,64,66,-1,65,66,67,-1,67,66,41,-1,67,41,40,-1,45,47,68,-1,68,47,49,-1,68,49,69,-1,69,49,51,-1,69,51,70,-1,70,51,53,-1,70,53,71,-1,71,53,55,-1,71,55,72,-1,72,55,38,-1,72,38,73,-1,73,38,36,-1,73,36,74,-1,74,36,33,-1,74,33,75,-1,75,33,32,-1,75,32,76,-1,76,32,57,-1,76,57,77,-1,77,57,59,-1,77,59,78,-1,78,59,61,-1,78,61,79,-1,79,61,63,-1,79,63,80,-1,80,63,65,-1,80,65,81,-1,81,65,67,-1,81,67,82,-1,82,67,40,-1,82,40,83,-1,83,40,43,-1,83,43,84,-1,84,43,45,-1,84,45,68,-1,72,73,85,-1,85,73,86,-1,72,85,87,-1,72,87,71,-1,71,87,88,-1,71,88,70,-1,70,88,89,-1,70,89,69,-1,69,89,90,-1,69,90,68,-1,68,90,91,-1,68,91,84,-1,84,91,92,-1,84,92,83,-1,83,92,93,-1,83,93,82,-1,82,93,94,-1,82,94,81,-1,81,94,95,-1,81,95,80,-1,80,95,96,-1,80,96,79,-1,79,96,97,-1,79,97,78,-1,78,97,98,-1,78,98,77,-1,77,98,99,-1,77,99,76,-1,76,99,100,-1,76,100,75,-1,74,75,101,-1,101,75,100,-1,73,74,86,-1,86,74,101,-1,102,103,104,-1,104,103,105,-1,103,106,105,-1,105,106,107,-1,106,108,107,-1,107,108,109,-1,108,110,109,-1,109,110,111,-1,110,112,111,-1,111,112,113,-1,112,114,113,-1,113,114,115,-1,114,116,115,-1,115,116,117,-1,116,118,117,-1,117,118,119,-1,118,120,119,-1,119,120,121,-1,120,122,121,-1,121,122,123,-1,122,124,123,-1,123,124,125,-1,124,102,125,-1,125,102,104,-1,106,103,102,-1,102,124,106,-1,106,124,122,-1,106,122,108,-1,112,110,114,-1,114,110,108,-1,114,108,116,-1,116,108,122,-1,116,122,118,-1,118,122,120,-1,126,127,128,-1,128,127,129,-1,129,127,130,-1,131,132,133,-1,131,133,134,-1,134,133,135,-1,134,135,130,-1,130,135,136,-1,130,136,129,-1,137,138,139,-1,137,139,140,-1,140,139,141,-1,140,141,142,-1,142,141,143,-1,142,143,144,-1,144,143,145,-1,144,145,146,-1,146,145,147,-1,146,147,148,-1,148,147,149,-1,148,149,150,-1,150,149,131,-1,131,149,151,-1,131,151,132,-1,152,153,154,-1,152,154,155,-1,155,154,156,-1,155,156,157,-1,157,156,158,-1,157,158,159,-1,159,158,160,-1,159,160,161,-1,161,160,162,-1,161,162,163,-1,163,162,164,-1,163,164,165,-1,165,164,138,-1,165,138,137,-1,166,167,168,-1,166,168,169,-1,169,168,153,-1,169,153,152,-1,166,170,167,-1,167,170,171,-1,172,173,174,-1,172,174,175,-1,175,174,171,-1,175,171,170,-1,176,177,178,-1,176,178,179,-1,179,178,180,-1,179,180,181,-1,181,180,182,-1,181,182,183,-1,183,182,184,-1,183,184,185,-1,185,184,186,-1,185,186,187,-1,187,186,188,-1,187,188,189,-1,189,188,173,-1,189,173,172,-1,190,191,192,-1,190,192,193,-1,193,192,194,-1,193,194,195,-1,195,194,196,-1,195,196,197,-1,197,196,198,-1,197,198,199,-1,199,198,200,-1,199,200,201,-1,201,200,202,-1,201,202,203,-1,203,202,177,-1,203,177,176,-1,126,128,204,-1,126,204,205,-1,205,204,206,-1,205,206,207,-1,207,206,191,-1,207,191,190,-1,193,131,190,-1,190,131,134,-1,190,134,207,-1,207,134,130,-1,207,130,205,-1,205,130,127,-1,205,127,126,-1,170,166,175,-1,175,166,169,-1,175,169,172,-1,172,169,152,-1,172,152,189,-1,189,152,155,-1,189,155,187,-1,187,155,157,-1,187,157,185,-1,185,157,159,-1,185,159,183,-1,183,159,161,-1,183,161,181,-1,181,161,163,-1,181,163,179,-1,179,163,165,-1,179,165,176,-1,176,165,137,-1,176,137,203,-1,203,137,140,-1,203,140,201,-1,201,140,142,-1,201,142,199,-1,199,142,144,-1,199,144,197,-1,197,144,146,-1,197,146,195,-1,195,146,148,-1,195,148,193,-1,193,148,150,-1,193,150,131,-1,208,209,210,-1,210,209,211,-1,209,212,211,-1,211,212,213,-1,212,214,213,-1,213,214,215,-1,214,216,215,-1,215,216,217,-1,216,218,217,-1,217,218,219,-1,218,208,219,-1,219,208,210,-1,216,214,218,-1,218,214,212,-1,218,212,208,-1,208,212,209,-1,
        ]
    }
}
Shape{
    appearance Appearance {
        material  Material 	{
            diffuseColor 0.20784313725490197 0.20784313725490197 0.20784313725490197
            specularColor 0.01568627450980392 0.01568627450980392 0.01568627450980392
            ambientIntensity 0.2
            transparency 0
            shininess 0.5
        }
    }
    geometry IndexedFaceSet {
        ccw TRUE
        solid FALSE
        coord DEF co Coordinate {
            point [
                0.2871 0.404 -0.4724, 0.3529 0.404 -0.4724, 0.3165 0.3217 -0.4724, 0.3233 0.3217 -0.4724, 0.3184 0.3149 -0.4724, 0.3215 0.3149 -0.4724, 0.3196 0.3079 -0.4724, 0.3203 0.3079 -0.4724, 0.0864 0.3055 -0.4724, 0.0864 0.4592 -0.4724, 0.1155 0.3055 -0.4724, 0.1144 0.4592 -0.4724, 0.1351 0.4572 -0.4724, 0.192 0.3804 -0.4724, 0.1904 0.3608 -0.4724, 0.1858 0.3453 -0.4724, 0.1388 0.308 -0.4724, 0.1517 0.4521 -0.4724, 0.1651 0.4441 -0.4724, 0.1762 0.4332 -0.4724, 0.1845 0.4196 -0.4724, 0.1902 0.4011 -0.4724, 0.1789 0.3331 -0.4724, 0.1694 0.323 -0.4724, 0.155 0.3137 -0.4724, 0.155 0.3137 -0.4724
            ]
        }
        coordIndex [
            0,1,2,-1,2,1,3,-1,2,3,4,-1,4,3,5,-1,4,5,6,-1,6,5,7,-1,8,9,10,-1,10,9,11,-1,10,11,12,-1,13,14,10,-1,10,14,15,-1,10,15,16,-1,12,17,10,-1,10,17,18,-1,10,18,19,-1,19,20,10,-1,10,20,21,-1,10,21,13,-1,22,23,15,-1,15,23,24,-1,15,24,16,-1,
        ]
    }
}