ISO-10303-21;
HEADER;
FILE_DESCRIPTION(('STEP AP214'),'1');
FILE_NAME('CONN-TH_1217754-1.stp','2021-08-18T13:30:47',(' '),(' '),'Spatial InterOp 3D',' ',' ');
FILE_SCHEMA(('AUTOMOTIVE_DESIGN { 1 0 10303 214 1 1 1 1 }'));
ENDSEC;
DATA;
#1=MECHANICAL_DESIGN_GEOMETRIC_PRESENTATION_REPRESENTATION(' ',(#15,#16,#17,#18,#19,#20,#21,#22,#23,#24,#25,#26,#27,#28,#29,#30,#31,#32,#33,#34,#35,#36,#37,#38,#39,#40,#41,#42,#43,#44,#45,#46,#47,#48,#49,#50,#51,#52,#53,#54,#55,#56,#57,#58,#59,#60,#61,#62,#63,#64,#65,#66,#67,#68,#69,#70,#71,#72,#73,#74,#75,#76,#77,#78,#79,#80,#81,#82,#83,#84,#85,#86,#87,#88,#89,#90,#91,#92,#93,#94,#95,#96,#97,#98,#99,#100,#101,#102,#103,#104,#105,#106,#107,#108,#109,#110,#111,#112,#113,#114,#115,#116,#117,#118,#119,#120,#121,#122,#123,#124,#125,#126,#127,#128,#129,#130,#131,#132,#133,#134,#135,#136,#137,#138,#139,#140,#141,#142,#143,#144,#145,#146,#147,#148,#149,#150,#151,#152,#153,#154,#155,#156,#157,#158,#159,#160,#161,#162,#163,#164,#165,#166,#167,#168,#169,#170,#171,#172,#173,#174,#175,#176,#177,#178,#179,#180,#181,#182,#183,#184,#185,#186,#187,#188,#189,#190,#191,#192,#193,#194,#195,#196,#197,#198,#199,#200,#201,#202,#203,#204,#205),#6);
#2=PRODUCT_DEFINITION_CONTEXT('',#206,'design');
#3=APPLICATION_PROTOCOL_DEFINITION('INTERNATIONAL STANDARD','automotive_design',1994,#206);
#4=PRODUCT_CATEGORY_RELATIONSHIP('NONE','NONE',#207,#208);
#5=SHAPE_DEFINITION_REPRESENTATION(#209,#210);
#6= (GEOMETRIC_REPRESENTATION_CONTEXT(3)GLOBAL_UNCERTAINTY_ASSIGNED_CONTEXT((#213))GLOBAL_UNIT_ASSIGNED_CONTEXT((#215,#216,#217))REPRESENTATION_CONTEXT('NONE','WORKSPACE'));
#7=CONSTRUCTIVE_GEOMETRY_REPRESENTATION('',(#219),#6);
#8=SHAPE_REPRESENTATION('',(),#6);
#9=CONSTRUCTIVE_GEOMETRY_REPRESENTATION_RELATIONSHIP('','',#8,#7);
#10=PROPERTY_DEFINITION_REPRESENTATION(#220,#221);
#11=GENERAL_PROPERTY_ASSOCIATION('','',#222,#220);
#15=STYLED_ITEM('',(#223),#224);
#16=STYLED_ITEM('',(#225),#226);
#17=STYLED_ITEM('',(#227),#228);
#18=STYLED_ITEM('',(#229),#230);
#19=STYLED_ITEM('',(#231),#232);
#20=STYLED_ITEM('',(#233),#234);
#21=STYLED_ITEM('',(#235),#236);
#22=STYLED_ITEM('',(#237),#238);
#23=STYLED_ITEM('',(#239),#240);
#24=STYLED_ITEM('',(#241),#242);
#25=STYLED_ITEM('',(#243),#244);
#26=STYLED_ITEM('',(#245),#246);
#27=STYLED_ITEM('',(#247),#248);
#28=STYLED_ITEM('',(#249),#250);
#29=STYLED_ITEM('',(#251),#252);
#30=STYLED_ITEM('',(#253),#254);
#31=STYLED_ITEM('',(#255),#256);
#32=STYLED_ITEM('',(#257),#258);
#33=STYLED_ITEM('',(#259),#260);
#34=STYLED_ITEM('',(#261),#262);
#35=STYLED_ITEM('',(#263),#264);
#36=STYLED_ITEM('',(#265),#266);
#37=STYLED_ITEM('',(#267),#268);
#38=STYLED_ITEM('',(#269),#270);
#39=STYLED_ITEM('',(#271),#272);
#40=STYLED_ITEM('',(#273),#274);
#41=STYLED_ITEM('',(#275),#276);
#42=STYLED_ITEM('',(#277),#278);
#43=STYLED_ITEM('',(#279),#280);
#44=STYLED_ITEM('',(#281),#282);
#45=STYLED_ITEM('',(#283),#284);
#46=STYLED_ITEM('',(#285),#286);
#47=STYLED_ITEM('',(#287),#288);
#48=STYLED_ITEM('',(#289),#290);
#49=STYLED_ITEM('',(#291),#292);
#50=STYLED_ITEM('',(#293),#294);
#51=STYLED_ITEM('',(#295),#296);
#52=STYLED_ITEM('',(#297),#298);
#53=STYLED_ITEM('',(#299),#300);
#54=STYLED_ITEM('',(#301),#302);
#55=STYLED_ITEM('',(#303),#304);
#56=STYLED_ITEM('',(#305),#306);
#57=STYLED_ITEM('',(#307),#308);
#58=STYLED_ITEM('',(#309),#310);
#59=STYLED_ITEM('',(#311),#312);
#60=STYLED_ITEM('',(#313),#314);
#61=STYLED_ITEM('',(#315),#316);
#62=STYLED_ITEM('',(#317),#318);
#63=STYLED_ITEM('',(#319),#320);
#64=STYLED_ITEM('',(#321),#322);
#65=STYLED_ITEM('',(#323),#324);
#66=STYLED_ITEM('',(#325),#326);
#67=STYLED_ITEM('',(#327),#328);
#68=STYLED_ITEM('',(#329),#330);
#69=STYLED_ITEM('',(#331),#332);
#70=STYLED_ITEM('',(#333),#334);
#71=STYLED_ITEM('',(#335),#336);
#72=STYLED_ITEM('',(#337),#338);
#73=STYLED_ITEM('',(#339),#340);
#74=STYLED_ITEM('',(#341),#342);
#75=STYLED_ITEM('',(#343),#344);
#76=STYLED_ITEM('',(#345),#346);
#77=STYLED_ITEM('',(#347),#348);
#78=STYLED_ITEM('',(#349),#350);
#79=STYLED_ITEM('',(#351),#352);
#80=STYLED_ITEM('',(#353),#354);
#81=STYLED_ITEM('',(#355),#356);
#82=STYLED_ITEM('',(#357),#358);
#83=STYLED_ITEM('',(#359),#360);
#84=STYLED_ITEM('',(#361),#362);
#85=STYLED_ITEM('',(#363),#364);
#86=STYLED_ITEM('',(#365),#366);
#87=STYLED_ITEM('',(#367),#368);
#88=STYLED_ITEM('',(#369),#370);
#89=STYLED_ITEM('',(#371),#372);
#90=STYLED_ITEM('',(#373),#374);
#91=STYLED_ITEM('',(#375),#376);
#92=STYLED_ITEM('',(#377),#378);
#93=STYLED_ITEM('',(#379),#380);
#94=STYLED_ITEM('',(#381),#382);
#95=STYLED_ITEM('',(#383),#384);
#96=STYLED_ITEM('',(#385),#386);
#97=STYLED_ITEM('',(#387),#388);
#98=STYLED_ITEM('',(#389),#390);
#99=STYLED_ITEM('',(#391),#392);
#100=STYLED_ITEM('',(#393),#394);
#101=STYLED_ITEM('',(#395),#396);
#102=STYLED_ITEM('',(#397),#398);
#103=STYLED_ITEM('',(#399),#400);
#104=STYLED_ITEM('',(#401),#402);
#105=STYLED_ITEM('',(#403),#404);
#106=STYLED_ITEM('',(#405),#406);
#107=STYLED_ITEM('',(#407),#408);
#108=STYLED_ITEM('',(#409),#410);
#109=STYLED_ITEM('',(#411),#412);
#110=STYLED_ITEM('',(#413),#414);
#111=STYLED_ITEM('',(#415),#416);
#112=STYLED_ITEM('',(#417),#418);
#113=STYLED_ITEM('',(#419),#420);
#114=STYLED_ITEM('',(#421),#422);
#115=STYLED_ITEM('',(#423),#424);
#116=STYLED_ITEM('',(#425),#426);
#117=STYLED_ITEM('',(#427),#428);
#118=STYLED_ITEM('',(#429),#430);
#119=STYLED_ITEM('',(#431),#432);
#120=STYLED_ITEM('',(#433),#434);
#121=STYLED_ITEM('',(#435),#436);
#122=STYLED_ITEM('',(#437),#438);
#123=STYLED_ITEM('',(#439),#440);
#124=STYLED_ITEM('',(#441),#442);
#125=STYLED_ITEM('',(#443),#444);
#126=STYLED_ITEM('',(#445),#446);
#127=STYLED_ITEM('',(#447),#448);
#128=STYLED_ITEM('',(#449),#450);
#129=STYLED_ITEM('',(#451),#452);
#130=STYLED_ITEM('',(#453),#454);
#131=STYLED_ITEM('',(#455),#456);
#132=STYLED_ITEM('',(#457),#458);
#133=STYLED_ITEM('',(#459),#460);
#134=STYLED_ITEM('',(#461),#462);
#135=STYLED_ITEM('',(#463),#464);
#136=STYLED_ITEM('',(#465),#466);
#137=STYLED_ITEM('',(#467),#468);
#138=STYLED_ITEM('',(#469),#470);
#139=STYLED_ITEM('',(#471),#472);
#140=STYLED_ITEM('',(#473),#474);
#141=STYLED_ITEM('',(#475),#476);
#142=STYLED_ITEM('',(#477),#478);
#143=STYLED_ITEM('',(#479),#480);
#144=STYLED_ITEM('',(#481),#482);
#145=STYLED_ITEM('',(#483),#484);
#146=STYLED_ITEM('',(#485),#486);
#147=STYLED_ITEM('',(#487),#488);
#148=STYLED_ITEM('',(#489),#490);
#149=STYLED_ITEM('',(#491),#492);
#150=STYLED_ITEM('',(#493),#494);
#151=STYLED_ITEM('',(#495),#496);
#152=STYLED_ITEM('',(#497),#498);
#153=STYLED_ITEM('',(#499),#500);
#154=STYLED_ITEM('',(#501),#502);
#155=STYLED_ITEM('',(#503),#504);
#156=STYLED_ITEM('',(#505),#506);
#157=STYLED_ITEM('',(#507),#508);
#158=STYLED_ITEM('',(#509),#510);
#159=STYLED_ITEM('',(#511),#512);
#160=STYLED_ITEM('',(#513),#514);
#161=STYLED_ITEM('',(#515),#516);
#162=STYLED_ITEM('',(#517),#518);
#163=STYLED_ITEM('',(#519),#520);
#164=STYLED_ITEM('',(#521),#522);
#165=STYLED_ITEM('',(#523),#524);
#166=STYLED_ITEM('',(#525),#526);
#167=STYLED_ITEM('',(#527),#528);
#168=STYLED_ITEM('',(#529),#530);
#169=STYLED_ITEM('',(#531),#532);
#170=STYLED_ITEM('',(#533),#534);
#171=STYLED_ITEM('',(#535),#536);
#172=STYLED_ITEM('',(#537),#538);
#173=STYLED_ITEM('',(#539),#540);
#174=STYLED_ITEM('',(#541),#542);
#175=STYLED_ITEM('',(#543),#544);
#176=STYLED_ITEM('',(#545),#546);
#177=STYLED_ITEM('',(#547),#548);
#178=STYLED_ITEM('',(#549),#550);
#179=STYLED_ITEM('',(#551),#552);
#180=STYLED_ITEM('',(#553),#554);
#181=STYLED_ITEM('',(#555),#556);
#182=STYLED_ITEM('',(#557),#558);
#183=STYLED_ITEM('',(#559),#560);
#184=STYLED_ITEM('',(#561),#562);
#185=STYLED_ITEM('',(#563),#564);
#186=STYLED_ITEM('',(#565),#566);
#187=STYLED_ITEM('',(#567),#568);
#188=STYLED_ITEM('',(#569),#570);
#189=STYLED_ITEM('',(#571),#572);
#190=STYLED_ITEM('',(#573),#574);
#191=STYLED_ITEM('',(#575),#576);
#192=STYLED_ITEM('',(#577),#578);
#193=STYLED_ITEM('',(#579),#580);
#194=STYLED_ITEM('',(#581),#582);
#195=STYLED_ITEM('',(#583),#584);
#196=STYLED_ITEM('',(#585),#586);
#197=STYLED_ITEM('',(#587),#588);
#198=STYLED_ITEM('',(#589),#590);
#199=STYLED_ITEM('',(#591),#592);
#200=STYLED_ITEM('',(#593),#594);
#201=STYLED_ITEM('',(#595),#596);
#202=STYLED_ITEM('',(#597),#598);
#203=STYLED_ITEM('',(#599),#600);
#204=STYLED_ITEM('',(#601),#602);
#205=STYLED_ITEM('',(#603),#604);
#206=APPLICATION_CONTEXT(' ');
#207=PRODUCT_CATEGORY('part','NONE');
#208=PRODUCT_RELATED_PRODUCT_CATEGORY('detail',' ',(#605));
#209=PRODUCT_DEFINITION_SHAPE('NONE','NONE',#606);
#210=ADVANCED_BREP_SHAPE_REPRESENTATION('PRT000317',(#607,#608),#6);
#213=UNCERTAINTY_MEASURE_WITH_UNIT(LENGTH_MEASURE(1.0E-06),#215,'','');
#215= (CONVERSION_BASED_UNIT('MILLIMETRE',#611)LENGTH_UNIT()NAMED_UNIT(#614));
#216= (NAMED_UNIT(#616)PLANE_ANGLE_UNIT()SI_UNIT($,.RADIAN.));
#217= (NAMED_UNIT(#616)SOLID_ANGLE_UNIT()SI_UNIT($,.STERADIAN.));
#219=AXIS2_PLACEMENT_3D('PRT_CSYS_DEF',#622,#623,#624);
#220=PROPERTY_DEFINITION('MODELED_BY','',#606);
#221=REPRESENTATION('',(#625),#6);
#222=GENERAL_PROPERTY('','','');
#223=PRESENTATION_STYLE_ASSIGNMENT((#626));
#224=ADVANCED_FACE('',(#627),#628,.F.);
#225=PRESENTATION_STYLE_ASSIGNMENT((#629));
#226=ADVANCED_FACE('',(#630),#631,.T.);
#227=PRESENTATION_STYLE_ASSIGNMENT((#632));
#228=ADVANCED_FACE('',(#633),#634,.T.);
#229=PRESENTATION_STYLE_ASSIGNMENT((#635));
#230=ADVANCED_FACE('',(#636),#637,.T.);
#231=PRESENTATION_STYLE_ASSIGNMENT((#638));
#232=ADVANCED_FACE('',(#639,#640),#641,.T.);
#233=PRESENTATION_STYLE_ASSIGNMENT((#642));
#234=ADVANCED_FACE('',(#643),#644,.T.);
#235=PRESENTATION_STYLE_ASSIGNMENT((#645));
#236=ADVANCED_FACE('',(#646),#647,.T.);
#237=PRESENTATION_STYLE_ASSIGNMENT((#648));
#238=ADVANCED_FACE('',(#649),#650,.T.);
#239=PRESENTATION_STYLE_ASSIGNMENT((#651));
#240=ADVANCED_FACE('',(#652),#653,.T.);
#241=PRESENTATION_STYLE_ASSIGNMENT((#654));
#242=ADVANCED_FACE('',(#655),#656,.T.);
#243=PRESENTATION_STYLE_ASSIGNMENT((#657));
#244=ADVANCED_FACE('',(#658),#659,.T.);
#245=PRESENTATION_STYLE_ASSIGNMENT((#660));
#246=ADVANCED_FACE('',(#661),#662,.T.);
#247=PRESENTATION_STYLE_ASSIGNMENT((#663));
#248=ADVANCED_FACE('',(#664),#665,.T.);
#249=PRESENTATION_STYLE_ASSIGNMENT((#666));
#250=ADVANCED_FACE('',(#667,#668,#669,#670,#671,#672),#673,.F.);
#251=PRESENTATION_STYLE_ASSIGNMENT((#674));
#252=ADVANCED_FACE('',(#675),#676,.T.);
#253=PRESENTATION_STYLE_ASSIGNMENT((#677));
#254=ADVANCED_FACE('',(#678),#679,.T.);
#255=PRESENTATION_STYLE_ASSIGNMENT((#680));
#256=ADVANCED_FACE('',(#681),#682,.T.);
#257=PRESENTATION_STYLE_ASSIGNMENT((#683));
#258=ADVANCED_FACE('',(#684),#685,.T.);
#259=PRESENTATION_STYLE_ASSIGNMENT((#686));
#260=ADVANCED_FACE('',(#687),#688,.T.);
#261=PRESENTATION_STYLE_ASSIGNMENT((#689));
#262=ADVANCED_FACE('',(#690),#691,.T.);
#263=PRESENTATION_STYLE_ASSIGNMENT((#692));
#264=ADVANCED_FACE('',(#693),#694,.T.);
#265=PRESENTATION_STYLE_ASSIGNMENT((#695));
#266=ADVANCED_FACE('',(#696),#697,.T.);
#267=PRESENTATION_STYLE_ASSIGNMENT((#698));
#268=ADVANCED_FACE('',(#699),#700,.T.);
#269=PRESENTATION_STYLE_ASSIGNMENT((#701));
#270=ADVANCED_FACE('',(#702),#703,.T.);
#271=PRESENTATION_STYLE_ASSIGNMENT((#704));
#272=ADVANCED_FACE('',(#705),#706,.T.);
#273=PRESENTATION_STYLE_ASSIGNMENT((#707));
#274=ADVANCED_FACE('',(#708),#709,.T.);
#275=PRESENTATION_STYLE_ASSIGNMENT((#710));
#276=ADVANCED_FACE('',(#711),#712,.T.);
#277=PRESENTATION_STYLE_ASSIGNMENT((#713));
#278=ADVANCED_FACE('',(#714),#715,.T.);
#279=PRESENTATION_STYLE_ASSIGNMENT((#716));
#280=ADVANCED_FACE('',(#717),#718,.T.);
#281=PRESENTATION_STYLE_ASSIGNMENT((#719));
#282=ADVANCED_FACE('',(#720),#721,.T.);
#283=PRESENTATION_STYLE_ASSIGNMENT((#722));
#284=ADVANCED_FACE('',(#723),#724,.T.);
#285=PRESENTATION_STYLE_ASSIGNMENT((#725));
#286=ADVANCED_FACE('',(#726),#727,.T.);
#287=PRESENTATION_STYLE_ASSIGNMENT((#728));
#288=ADVANCED_FACE('',(#729),#730,.T.);
#289=PRESENTATION_STYLE_ASSIGNMENT((#731));
#290=ADVANCED_FACE('',(#732),#733,.T.);
#291=PRESENTATION_STYLE_ASSIGNMENT((#734));
#292=ADVANCED_FACE('',(#735),#736,.T.);
#293=PRESENTATION_STYLE_ASSIGNMENT((#737));
#294=ADVANCED_FACE('',(#738),#739,.T.);
#295=PRESENTATION_STYLE_ASSIGNMENT((#740));
#296=ADVANCED_FACE('',(#741),#742,.T.);
#297=PRESENTATION_STYLE_ASSIGNMENT((#743));
#298=ADVANCED_FACE('',(#744),#745,.T.);
#299=PRESENTATION_STYLE_ASSIGNMENT((#746));
#300=ADVANCED_FACE('',(#747),#748,.T.);
#301=PRESENTATION_STYLE_ASSIGNMENT((#749));
#302=ADVANCED_FACE('',(#750),#751,.T.);
#303=PRESENTATION_STYLE_ASSIGNMENT((#752));
#304=ADVANCED_FACE('',(#753),#754,.T.);
#305=PRESENTATION_STYLE_ASSIGNMENT((#755));
#306=ADVANCED_FACE('',(#756),#757,.T.);
#307=PRESENTATION_STYLE_ASSIGNMENT((#758));
#308=ADVANCED_FACE('',(#759),#760,.T.);
#309=PRESENTATION_STYLE_ASSIGNMENT((#761));
#310=ADVANCED_FACE('',(#762),#763,.T.);
#311=PRESENTATION_STYLE_ASSIGNMENT((#764));
#312=ADVANCED_FACE('',(#765),#766,.T.);
#313=PRESENTATION_STYLE_ASSIGNMENT((#767));
#314=ADVANCED_FACE('',(#768),#769,.T.);
#315=PRESENTATION_STYLE_ASSIGNMENT((#770));
#316=ADVANCED_FACE('',(#771),#772,.T.);
#317=PRESENTATION_STYLE_ASSIGNMENT((#773));
#318=ADVANCED_FACE('',(#774),#775,.T.);
#319=PRESENTATION_STYLE_ASSIGNMENT((#776));
#320=ADVANCED_FACE('',(#777),#778,.T.);
#321=PRESENTATION_STYLE_ASSIGNMENT((#779));
#322=ADVANCED_FACE('',(#780),#781,.T.);
#323=PRESENTATION_STYLE_ASSIGNMENT((#782));
#324=ADVANCED_FACE('',(#783),#784,.T.);
#325=PRESENTATION_STYLE_ASSIGNMENT((#785));
#326=ADVANCED_FACE('',(#786),#787,.T.);
#327=PRESENTATION_STYLE_ASSIGNMENT((#788));
#328=ADVANCED_FACE('',(#789),#790,.T.);
#329=PRESENTATION_STYLE_ASSIGNMENT((#791));
#330=ADVANCED_FACE('',(#792),#793,.T.);
#331=PRESENTATION_STYLE_ASSIGNMENT((#794));
#332=ADVANCED_FACE('',(#795),#796,.T.);
#333=PRESENTATION_STYLE_ASSIGNMENT((#797));
#334=ADVANCED_FACE('',(#798),#799,.T.);
#335=PRESENTATION_STYLE_ASSIGNMENT((#800));
#336=ADVANCED_FACE('',(#801),#802,.T.);
#337=PRESENTATION_STYLE_ASSIGNMENT((#803));
#338=ADVANCED_FACE('',(#804),#805,.T.);
#339=PRESENTATION_STYLE_ASSIGNMENT((#806));
#340=ADVANCED_FACE('',(#807),#808,.T.);
#341=PRESENTATION_STYLE_ASSIGNMENT((#809));
#342=ADVANCED_FACE('',(#810),#811,.T.);
#343=PRESENTATION_STYLE_ASSIGNMENT((#812));
#344=ADVANCED_FACE('',(#813),#814,.T.);
#345=PRESENTATION_STYLE_ASSIGNMENT((#815));
#346=ADVANCED_FACE('',(#816),#817,.T.);
#347=PRESENTATION_STYLE_ASSIGNMENT((#818));
#348=ADVANCED_FACE('',(#819),#820,.T.);
#349=PRESENTATION_STYLE_ASSIGNMENT((#821));
#350=ADVANCED_FACE('',(#822),#823,.T.);
#351=PRESENTATION_STYLE_ASSIGNMENT((#824));
#352=ADVANCED_FACE('',(#825),#826,.T.);
#353=PRESENTATION_STYLE_ASSIGNMENT((#827));
#354=ADVANCED_FACE('',(#828),#829,.T.);
#355=PRESENTATION_STYLE_ASSIGNMENT((#830));
#356=ADVANCED_FACE('',(#831),#832,.T.);
#357=PRESENTATION_STYLE_ASSIGNMENT((#833));
#358=ADVANCED_FACE('',(#834),#835,.T.);
#359=PRESENTATION_STYLE_ASSIGNMENT((#836));
#360=ADVANCED_FACE('',(#837),#838,.T.);
#361=PRESENTATION_STYLE_ASSIGNMENT((#839));
#362=ADVANCED_FACE('',(#840),#841,.T.);
#363=PRESENTATION_STYLE_ASSIGNMENT((#842));
#364=ADVANCED_FACE('',(#843),#844,.T.);
#365=PRESENTATION_STYLE_ASSIGNMENT((#845));
#366=ADVANCED_FACE('',(#846),#847,.T.);
#367=PRESENTATION_STYLE_ASSIGNMENT((#848));
#368=ADVANCED_FACE('',(#849),#850,.T.);
#369=PRESENTATION_STYLE_ASSIGNMENT((#851));
#370=ADVANCED_FACE('',(#852),#853,.T.);
#371=PRESENTATION_STYLE_ASSIGNMENT((#854));
#372=ADVANCED_FACE('',(#855),#856,.T.);
#373=PRESENTATION_STYLE_ASSIGNMENT((#857));
#374=ADVANCED_FACE('',(#858),#859,.T.);
#375=PRESENTATION_STYLE_ASSIGNMENT((#860));
#376=ADVANCED_FACE('',(#861),#862,.T.);
#377=PRESENTATION_STYLE_ASSIGNMENT((#863));
#378=ADVANCED_FACE('',(#864),#865,.T.);
#379=PRESENTATION_STYLE_ASSIGNMENT((#866));
#380=ADVANCED_FACE('',(#867),#868,.T.);
#381=PRESENTATION_STYLE_ASSIGNMENT((#869));
#382=ADVANCED_FACE('',(#870),#871,.T.);
#383=PRESENTATION_STYLE_ASSIGNMENT((#872));
#384=ADVANCED_FACE('',(#873),#874,.T.);
#385=PRESENTATION_STYLE_ASSIGNMENT((#875));
#386=ADVANCED_FACE('',(#876),#877,.T.);
#387=PRESENTATION_STYLE_ASSIGNMENT((#878));
#388=ADVANCED_FACE('',(#879),#880,.T.);
#389=PRESENTATION_STYLE_ASSIGNMENT((#881));
#390=ADVANCED_FACE('',(#882),#883,.T.);
#391=PRESENTATION_STYLE_ASSIGNMENT((#884));
#392=ADVANCED_FACE('',(#885),#886,.T.);
#393=PRESENTATION_STYLE_ASSIGNMENT((#887));
#394=ADVANCED_FACE('',(#888),#889,.T.);
#395=PRESENTATION_STYLE_ASSIGNMENT((#890));
#396=ADVANCED_FACE('',(#891,#892),#893,.T.);
#397=PRESENTATION_STYLE_ASSIGNMENT((#894));
#398=ADVANCED_FACE('',(#895),#896,.F.);
#399=PRESENTATION_STYLE_ASSIGNMENT((#897));
#400=ADVANCED_FACE('',(#898,#899,#900,#901,#902),#903,.T.);
#401=PRESENTATION_STYLE_ASSIGNMENT((#904));
#402=ADVANCED_FACE('',(#905),#906,.T.);
#403=PRESENTATION_STYLE_ASSIGNMENT((#907));
#404=ADVANCED_FACE('',(#908),#909,.T.);
#405=PRESENTATION_STYLE_ASSIGNMENT((#910));
#406=ADVANCED_FACE('',(#911),#912,.T.);
#407=PRESENTATION_STYLE_ASSIGNMENT((#913));
#408=ADVANCED_FACE('',(#914),#915,.T.);
#409=PRESENTATION_STYLE_ASSIGNMENT((#916));
#410=ADVANCED_FACE('',(#917,#918),#919,.T.);
#411=PRESENTATION_STYLE_ASSIGNMENT((#920));
#412=ADVANCED_FACE('',(#921),#922,.T.);
#413=PRESENTATION_STYLE_ASSIGNMENT((#923));
#414=ADVANCED_FACE('',(#924),#925,.T.);
#415=PRESENTATION_STYLE_ASSIGNMENT((#926));
#416=ADVANCED_FACE('',(#927),#928,.T.);
#417=PRESENTATION_STYLE_ASSIGNMENT((#929));
#418=ADVANCED_FACE('',(#930),#931,.T.);
#419=PRESENTATION_STYLE_ASSIGNMENT((#932));
#420=ADVANCED_FACE('',(#933),#934,.F.);
#421=PRESENTATION_STYLE_ASSIGNMENT((#935));
#422=ADVANCED_FACE('',(#936),#937,.F.);
#423=PRESENTATION_STYLE_ASSIGNMENT((#938));
#424=ADVANCED_FACE('',(#939),#940,.T.);
#425=PRESENTATION_STYLE_ASSIGNMENT((#941));
#426=ADVANCED_FACE('',(#942),#943,.T.);
#427=PRESENTATION_STYLE_ASSIGNMENT((#944));
#428=ADVANCED_FACE('',(#945),#946,.T.);
#429=PRESENTATION_STYLE_ASSIGNMENT((#947));
#430=ADVANCED_FACE('',(#948),#949,.F.);
#431=PRESENTATION_STYLE_ASSIGNMENT((#950));
#432=ADVANCED_FACE('',(#951),#952,.T.);
#433=PRESENTATION_STYLE_ASSIGNMENT((#953));
#434=ADVANCED_FACE('',(#954),#955,.T.);
#435=PRESENTATION_STYLE_ASSIGNMENT((#956));
#436=ADVANCED_FACE('',(#957),#958,.T.);
#437=PRESENTATION_STYLE_ASSIGNMENT((#959));
#438=ADVANCED_FACE('',(#960),#961,.T.);
#439=PRESENTATION_STYLE_ASSIGNMENT((#962));
#440=ADVANCED_FACE('',(#963),#964,.T.);
#441=PRESENTATION_STYLE_ASSIGNMENT((#965));
#442=ADVANCED_FACE('',(#966),#967,.T.);
#443=PRESENTATION_STYLE_ASSIGNMENT((#968));
#444=ADVANCED_FACE('',(#969),#970,.T.);
#445=PRESENTATION_STYLE_ASSIGNMENT((#971));
#446=ADVANCED_FACE('',(#972),#973,.T.);
#447=PRESENTATION_STYLE_ASSIGNMENT((#974));
#448=ADVANCED_FACE('',(#975),#976,.T.);
#449=PRESENTATION_STYLE_ASSIGNMENT((#977));
#450=ADVANCED_FACE('',(#978),#979,.T.);
#451=PRESENTATION_STYLE_ASSIGNMENT((#980));
#452=ADVANCED_FACE('',(#981),#982,.T.);
#453=PRESENTATION_STYLE_ASSIGNMENT((#983));
#454=ADVANCED_FACE('',(#984),#985,.T.);
#455=PRESENTATION_STYLE_ASSIGNMENT((#986));
#456=ADVANCED_FACE('',(#987),#988,.F.);
#457=PRESENTATION_STYLE_ASSIGNMENT((#989));
#458=ADVANCED_FACE('',(#990),#991,.F.);
#459=PRESENTATION_STYLE_ASSIGNMENT((#992));
#460=ADVANCED_FACE('',(#993),#994,.F.);
#461=PRESENTATION_STYLE_ASSIGNMENT((#995));
#462=ADVANCED_FACE('',(#996),#997,.F.);
#463=PRESENTATION_STYLE_ASSIGNMENT((#998));
#464=ADVANCED_FACE('',(#999),#1000,.F.);
#465=PRESENTATION_STYLE_ASSIGNMENT((#1001));
#466=ADVANCED_FACE('',(#1002),#1003,.F.);
#467=PRESENTATION_STYLE_ASSIGNMENT((#1004));
#468=ADVANCED_FACE('',(#1005),#1006,.F.);
#469=PRESENTATION_STYLE_ASSIGNMENT((#1007));
#470=ADVANCED_FACE('',(#1008),#1009,.F.);
#471=PRESENTATION_STYLE_ASSIGNMENT((#1010));
#472=ADVANCED_FACE('',(#1011),#1012,.F.);
#473=PRESENTATION_STYLE_ASSIGNMENT((#1013));
#474=ADVANCED_FACE('',(#1014),#1015,.F.);
#475=PRESENTATION_STYLE_ASSIGNMENT((#1016));
#476=ADVANCED_FACE('',(#1017),#1018,.F.);
#477=PRESENTATION_STYLE_ASSIGNMENT((#1019));
#478=ADVANCED_FACE('',(#1020),#1021,.F.);
#479=PRESENTATION_STYLE_ASSIGNMENT((#1022));
#480=ADVANCED_FACE('',(#1023),#1024,.F.);
#481=PRESENTATION_STYLE_ASSIGNMENT((#1025));
#482=ADVANCED_FACE('',(#1026),#1027,.F.);
#483=PRESENTATION_STYLE_ASSIGNMENT((#1028));
#484=ADVANCED_FACE('',(#1029),#1030,.F.);
#485=PRESENTATION_STYLE_ASSIGNMENT((#1031));
#486=ADVANCED_FACE('',(#1032),#1033,.F.);
#487=PRESENTATION_STYLE_ASSIGNMENT((#1034));
#488=ADVANCED_FACE('',(#1035),#1036,.F.);
#489=PRESENTATION_STYLE_ASSIGNMENT((#1037));
#490=ADVANCED_FACE('',(#1038),#1039,.F.);
#491=PRESENTATION_STYLE_ASSIGNMENT((#1040));
#492=ADVANCED_FACE('',(#1041),#1042,.F.);
#493=PRESENTATION_STYLE_ASSIGNMENT((#1043));
#494=ADVANCED_FACE('',(#1044),#1045,.F.);
#495=PRESENTATION_STYLE_ASSIGNMENT((#1046));
#496=ADVANCED_FACE('',(#1047),#1048,.F.);
#497=PRESENTATION_STYLE_ASSIGNMENT((#1049));
#498=ADVANCED_FACE('',(#1050),#1051,.F.);
#499=PRESENTATION_STYLE_ASSIGNMENT((#1052));
#500=ADVANCED_FACE('',(#1053),#1054,.F.);
#501=PRESENTATION_STYLE_ASSIGNMENT((#1055));
#502=ADVANCED_FACE('',(#1056),#1057,.F.);
#503=PRESENTATION_STYLE_ASSIGNMENT((#1058));
#504=ADVANCED_FACE('',(#1059),#1060,.F.);
#505=PRESENTATION_STYLE_ASSIGNMENT((#1061));
#506=ADVANCED_FACE('',(#1062),#1063,.F.);
#507=PRESENTATION_STYLE_ASSIGNMENT((#1064));
#508=ADVANCED_FACE('',(#1065),#1066,.F.);
#509=PRESENTATION_STYLE_ASSIGNMENT((#1067));
#510=ADVANCED_FACE('',(#1068),#1069,.F.);
#511=PRESENTATION_STYLE_ASSIGNMENT((#1070));
#512=ADVANCED_FACE('',(#1071),#1072,.F.);
#513=PRESENTATION_STYLE_ASSIGNMENT((#1073));
#514=ADVANCED_FACE('',(#1074),#1075,.F.);
#515=PRESENTATION_STYLE_ASSIGNMENT((#1076));
#516=ADVANCED_FACE('',(#1077),#1078,.F.);
#517=PRESENTATION_STYLE_ASSIGNMENT((#1079));
#518=ADVANCED_FACE('',(#1080),#1081,.F.);
#519=PRESENTATION_STYLE_ASSIGNMENT((#1082));
#520=ADVANCED_FACE('',(#1083),#1084,.F.);
#521=PRESENTATION_STYLE_ASSIGNMENT((#1085));
#522=ADVANCED_FACE('',(#1086),#1087,.F.);
#523=PRESENTATION_STYLE_ASSIGNMENT((#1088));
#524=ADVANCED_FACE('',(#1089),#1090,.F.);
#525=PRESENTATION_STYLE_ASSIGNMENT((#1091));
#526=ADVANCED_FACE('',(#1092),#1093,.F.);
#527=PRESENTATION_STYLE_ASSIGNMENT((#1094));
#528=ADVANCED_FACE('',(#1095),#1096,.F.);
#529=PRESENTATION_STYLE_ASSIGNMENT((#1097));
#530=ADVANCED_FACE('',(#1098),#1099,.T.);
#531=PRESENTATION_STYLE_ASSIGNMENT((#1100));
#532=ADVANCED_FACE('',(#1101),#1102,.T.);
#533=PRESENTATION_STYLE_ASSIGNMENT((#1103));
#534=ADVANCED_FACE('',(#1104),#1105,.T.);
#535=PRESENTATION_STYLE_ASSIGNMENT((#1106));
#536=ADVANCED_FACE('',(#1107),#1108,.T.);
#537=PRESENTATION_STYLE_ASSIGNMENT((#1109));
#538=ADVANCED_FACE('',(#1110),#1111,.T.);
#539=PRESENTATION_STYLE_ASSIGNMENT((#1112));
#540=ADVANCED_FACE('',(#1113),#1114,.T.);
#541=PRESENTATION_STYLE_ASSIGNMENT((#1115));
#542=ADVANCED_FACE('',(#1116),#1117,.T.);
#543=PRESENTATION_STYLE_ASSIGNMENT((#1118));
#544=ADVANCED_FACE('',(#1119),#1120,.T.);
#545=PRESENTATION_STYLE_ASSIGNMENT((#1121));
#546=ADVANCED_FACE('',(#1122),#1123,.T.);
#547=PRESENTATION_STYLE_ASSIGNMENT((#1124));
#548=ADVANCED_FACE('',(#1125),#1126,.T.);
#549=PRESENTATION_STYLE_ASSIGNMENT((#1127));
#550=ADVANCED_FACE('',(#1128),#1129,.T.);
#551=PRESENTATION_STYLE_ASSIGNMENT((#1130));
#552=ADVANCED_FACE('',(#1131),#1132,.T.);
#553=PRESENTATION_STYLE_ASSIGNMENT((#1133));
#554=ADVANCED_FACE('',(#1134),#1135,.T.);
#555=PRESENTATION_STYLE_ASSIGNMENT((#1136));
#556=ADVANCED_FACE('',(#1137),#1138,.T.);
#557=PRESENTATION_STYLE_ASSIGNMENT((#1139));
#558=ADVANCED_FACE('',(#1140),#1141,.T.);
#559=PRESENTATION_STYLE_ASSIGNMENT((#1142));
#560=ADVANCED_FACE('',(#1143),#1144,.T.);
#561=PRESENTATION_STYLE_ASSIGNMENT((#1145));
#562=ADVANCED_FACE('',(#1146),#1147,.T.);
#563=PRESENTATION_STYLE_ASSIGNMENT((#1148));
#564=ADVANCED_FACE('',(#1149),#1150,.T.);
#565=PRESENTATION_STYLE_ASSIGNMENT((#1151));
#566=ADVANCED_FACE('',(#1152),#1153,.T.);
#567=PRESENTATION_STYLE_ASSIGNMENT((#1154));
#568=ADVANCED_FACE('',(#1155,#1156),#1157,.T.);
#569=PRESENTATION_STYLE_ASSIGNMENT((#1158));
#570=ADVANCED_FACE('',(#1159),#1160,.T.);
#571=PRESENTATION_STYLE_ASSIGNMENT((#1161));
#572=ADVANCED_FACE('',(#1162,#1163),#1164,.T.);
#573=PRESENTATION_STYLE_ASSIGNMENT((#1165));
#574=ADVANCED_FACE('',(#1166),#1167,.F.);
#575=PRESENTATION_STYLE_ASSIGNMENT((#1168));
#576=ADVANCED_FACE('',(#1169),#1170,.F.);
#577=PRESENTATION_STYLE_ASSIGNMENT((#1171));
#578=ADVANCED_FACE('',(#1172),#1173,.F.);
#579=PRESENTATION_STYLE_ASSIGNMENT((#1174));
#580=ADVANCED_FACE('',(#1175),#1176,.F.);
#581=PRESENTATION_STYLE_ASSIGNMENT((#1177));
#582=ADVANCED_FACE('',(#1178),#1179,.F.);
#583=PRESENTATION_STYLE_ASSIGNMENT((#1180));
#584=ADVANCED_FACE('',(#1181),#1182,.F.);
#585=PRESENTATION_STYLE_ASSIGNMENT((#1183));
#586=ADVANCED_FACE('',(#1184),#1185,.F.);
#587=PRESENTATION_STYLE_ASSIGNMENT((#1186));
#588=ADVANCED_FACE('',(#1187),#1188,.F.);
#589=PRESENTATION_STYLE_ASSIGNMENT((#1189));
#590=ADVANCED_FACE('',(#1190),#1191,.F.);
#591=PRESENTATION_STYLE_ASSIGNMENT((#1192));
#592=ADVANCED_FACE('',(#1193),#1194,.F.);
#593=PRESENTATION_STYLE_ASSIGNMENT((#1195));
#594=ADVANCED_FACE('',(#1196),#1197,.F.);
#595=PRESENTATION_STYLE_ASSIGNMENT((#1198));
#596=ADVANCED_FACE('',(#1199),#1200,.F.);
#597=PRESENTATION_STYLE_ASSIGNMENT((#1201));
#598=ADVANCED_FACE('',(#1202),#1203,.F.);
#599=PRESENTATION_STYLE_ASSIGNMENT((#1204));
#600=ADVANCED_FACE('',(#1205),#1206,.F.);
#601=PRESENTATION_STYLE_ASSIGNMENT((#1207));
#602=ADVANCED_FACE('',(#1208),#1209,.T.);
#603=PRESENTATION_STYLE_ASSIGNMENT((#1210));
#604=ADVANCED_FACE('',(#1211),#1212,.T.);
#605=PRODUCT('PRT000317','PRT000317','PART-PRT000317-DESC',(#1213));
#606=PRODUCT_DEFINITION('','NONE',#1214,#2);
#607=MANIFOLD_SOLID_BREP('PRT000317',#1215);
#608=AXIS2_PLACEMENT_3D('',#1216,#1217,#1218);
#611=LENGTH_MEASURE_WITH_UNIT(LENGTH_MEASURE(1.0),#1219);
#614=DIMENSIONAL_EXPONENTS(1.0,0.0,0.0,0.0,0.0,0.0,0.0);
#616=DIMENSIONAL_EXPONENTS(0.0,0.0,0.0,0.0,0.0,0.0,0.0);
#622=CARTESIAN_POINT('',(0.0,0.0,0.0));
#623=DIRECTION('',(0.0,0.0,1.0));
#624=DIRECTION('',(1.0,0.0,0.0));
#625=DESCRIPTIVE_REPRESENTATION_ITEM('','');
#626=SURFACE_STYLE_USAGE(.BOTH.,#1220);
#627=FACE_OUTER_BOUND('',#1221,.T.);
#628=PLANE('',#1222);
#629=SURFACE_STYLE_USAGE(.BOTH.,#1223);
#630=FACE_OUTER_BOUND('',#1224,.T.);
#631=PLANE('',#1225);
#632=SURFACE_STYLE_USAGE(.BOTH.,#1226);
#633=FACE_OUTER_BOUND('',#1227,.T.);
#634=PLANE('',#1228);
#635=SURFACE_STYLE_USAGE(.BOTH.,#1229);
#636=FACE_OUTER_BOUND('',#1230,.T.);
#637=PLANE('',#1231);
#638=SURFACE_STYLE_USAGE(.BOTH.,#1232);
#639=FACE_BOUND('',#1233,.T.);
#640=FACE_OUTER_BOUND('',#1234,.T.);
#641=PLANE('',#1235);
#642=SURFACE_STYLE_USAGE(.BOTH.,#1236);
#643=FACE_OUTER_BOUND('',#1237,.T.);
#644=PLANE('',#1238);
#645=SURFACE_STYLE_USAGE(.BOTH.,#1239);
#646=FACE_OUTER_BOUND('',#1240,.T.);
#647=PLANE('',#1241);
#648=SURFACE_STYLE_USAGE(.BOTH.,#1242);
#649=FACE_OUTER_BOUND('',#1243,.T.);
#650=PLANE('',#1244);
#651=SURFACE_STYLE_USAGE(.BOTH.,#1245);
#652=FACE_OUTER_BOUND('',#1246,.T.);
#653=PLANE('',#1247);
#654=SURFACE_STYLE_USAGE(.BOTH.,#1248);
#655=FACE_OUTER_BOUND('',#1249,.T.);
#656=PLANE('',#1250);
#657=SURFACE_STYLE_USAGE(.BOTH.,#1251);
#658=FACE_OUTER_BOUND('',#1252,.T.);
#659=PLANE('',#1253);
#660=SURFACE_STYLE_USAGE(.BOTH.,#1254);
#661=FACE_OUTER_BOUND('',#1255,.T.);
#662=PLANE('',#1256);
#663=SURFACE_STYLE_USAGE(.BOTH.,#1257);
#664=FACE_OUTER_BOUND('',#1258,.T.);
#665=PLANE('',#1259);
#666=SURFACE_STYLE_USAGE(.BOTH.,#1260);
#667=FACE_BOUND('',#1261,.T.);
#668=FACE_BOUND('',#1262,.T.);
#669=FACE_BOUND('',#1263,.T.);
#670=FACE_BOUND('',#1264,.T.);
#671=FACE_BOUND('',#1265,.T.);
#672=FACE_OUTER_BOUND('',#1266,.T.);
#673=PLANE('',#1267);
#674=SURFACE_STYLE_USAGE(.BOTH.,#1268);
#675=FACE_OUTER_BOUND('',#1269,.T.);
#676=PLANE('',#1270);
#677=SURFACE_STYLE_USAGE(.BOTH.,#1271);
#678=FACE_OUTER_BOUND('',#1272,.T.);
#679=PLANE('',#1273);
#680=SURFACE_STYLE_USAGE(.BOTH.,#1274);
#681=FACE_OUTER_BOUND('',#1275,.T.);
#682=PLANE('',#1276);
#683=SURFACE_STYLE_USAGE(.BOTH.,#1277);
#684=FACE_OUTER_BOUND('',#1278,.T.);
#685=PLANE('',#1279);
#686=SURFACE_STYLE_USAGE(.BOTH.,#1280);
#687=FACE_OUTER_BOUND('',#1281,.T.);
#688=PLANE('',#1282);
#689=SURFACE_STYLE_USAGE(.BOTH.,#1283);
#690=FACE_OUTER_BOUND('',#1284,.T.);
#691=PLANE('',#1285);
#692=SURFACE_STYLE_USAGE(.BOTH.,#1286);
#693=FACE_OUTER_BOUND('',#1287,.T.);
#694=PLANE('',#1288);
#695=SURFACE_STYLE_USAGE(.BOTH.,#1289);
#696=FACE_OUTER_BOUND('',#1290,.T.);
#697=PLANE('',#1291);
#698=SURFACE_STYLE_USAGE(.BOTH.,#1292);
#699=FACE_OUTER_BOUND('',#1293,.T.);
#700=PLANE('',#1294);
#701=SURFACE_STYLE_USAGE(.BOTH.,#1295);
#702=FACE_OUTER_BOUND('',#1296,.T.);
#703=PLANE('',#1297);
#704=SURFACE_STYLE_USAGE(.BOTH.,#1298);
#705=FACE_OUTER_BOUND('',#1299,.T.);
#706=PLANE('',#1300);
#707=SURFACE_STYLE_USAGE(.BOTH.,#1301);
#708=FACE_OUTER_BOUND('',#1302,.T.);
#709=PLANE('',#1303);
#710=SURFACE_STYLE_USAGE(.BOTH.,#1304);
#711=FACE_OUTER_BOUND('',#1305,.T.);
#712=PLANE('',#1306);
#713=SURFACE_STYLE_USAGE(.BOTH.,#1307);
#714=FACE_OUTER_BOUND('',#1308,.T.);
#715=PLANE('',#1309);
#716=SURFACE_STYLE_USAGE(.BOTH.,#1310);
#717=FACE_OUTER_BOUND('',#1311,.T.);
#718=PLANE('',#1312);
#719=SURFACE_STYLE_USAGE(.BOTH.,#1313);
#720=FACE_OUTER_BOUND('',#1314,.T.);
#721=PLANE('',#1315);
#722=SURFACE_STYLE_USAGE(.BOTH.,#1316);
#723=FACE_OUTER_BOUND('',#1317,.T.);
#724=PLANE('',#1318);
#725=SURFACE_STYLE_USAGE(.BOTH.,#1319);
#726=FACE_OUTER_BOUND('',#1320,.T.);
#727=PLANE('',#1321);
#728=SURFACE_STYLE_USAGE(.BOTH.,#1322);
#729=FACE_OUTER_BOUND('',#1323,.T.);
#730=PLANE('',#1324);
#731=SURFACE_STYLE_USAGE(.BOTH.,#1325);
#732=FACE_OUTER_BOUND('',#1326,.T.);
#733=PLANE('',#1327);
#734=SURFACE_STYLE_USAGE(.BOTH.,#1328);
#735=FACE_OUTER_BOUND('',#1329,.T.);
#736=PLANE('',#1330);
#737=SURFACE_STYLE_USAGE(.BOTH.,#1331);
#738=FACE_OUTER_BOUND('',#1332,.T.);
#739=PLANE('',#1333);
#740=SURFACE_STYLE_USAGE(.BOTH.,#1334);
#741=FACE_OUTER_BOUND('',#1335,.T.);
#742=PLANE('',#1336);
#743=SURFACE_STYLE_USAGE(.BOTH.,#1337);
#744=FACE_OUTER_BOUND('',#1338,.T.);
#745=PLANE('',#1339);
#746=SURFACE_STYLE_USAGE(.BOTH.,#1340);
#747=FACE_OUTER_BOUND('',#1341,.T.);
#748=PLANE('',#1342);
#749=SURFACE_STYLE_USAGE(.BOTH.,#1343);
#750=FACE_OUTER_BOUND('',#1344,.T.);
#751=PLANE('',#1345);
#752=SURFACE_STYLE_USAGE(.BOTH.,#1346);
#753=FACE_OUTER_BOUND('',#1347,.T.);
#754=PLANE('',#1348);
#755=SURFACE_STYLE_USAGE(.BOTH.,#1349);
#756=FACE_OUTER_BOUND('',#1350,.T.);
#757=PLANE('',#1351);
#758=SURFACE_STYLE_USAGE(.BOTH.,#1352);
#759=FACE_OUTER_BOUND('',#1353,.T.);
#760=PLANE('',#1354);
#761=SURFACE_STYLE_USAGE(.BOTH.,#1355);
#762=FACE_OUTER_BOUND('',#1356,.T.);
#763=PLANE('',#1357);
#764=SURFACE_STYLE_USAGE(.BOTH.,#1358);
#765=FACE_OUTER_BOUND('',#1359,.T.);
#766=PLANE('',#1360);
#767=SURFACE_STYLE_USAGE(.BOTH.,#1361);
#768=FACE_OUTER_BOUND('',#1362,.T.);
#769=PLANE('',#1363);
#770=SURFACE_STYLE_USAGE(.BOTH.,#1364);
#771=FACE_OUTER_BOUND('',#1365,.T.);
#772=PLANE('',#1366);
#773=SURFACE_STYLE_USAGE(.BOTH.,#1367);
#774=FACE_OUTER_BOUND('',#1368,.T.);
#775=PLANE('',#1369);
#776=SURFACE_STYLE_USAGE(.BOTH.,#1370);
#777=FACE_OUTER_BOUND('',#1371,.T.);
#778=PLANE('',#1372);
#779=SURFACE_STYLE_USAGE(.BOTH.,#1373);
#780=FACE_OUTER_BOUND('',#1374,.T.);
#781=PLANE('',#1375);
#782=SURFACE_STYLE_USAGE(.BOTH.,#1376);
#783=FACE_OUTER_BOUND('',#1377,.T.);
#784=PLANE('',#1378);
#785=SURFACE_STYLE_USAGE(.BOTH.,#1379);
#786=FACE_OUTER_BOUND('',#1380,.T.);
#787=PLANE('',#1381);
#788=SURFACE_STYLE_USAGE(.BOTH.,#1382);
#789=FACE_OUTER_BOUND('',#1383,.T.);
#790=PLANE('',#1384);
#791=SURFACE_STYLE_USAGE(.BOTH.,#1385);
#792=FACE_OUTER_BOUND('',#1386,.T.);
#793=PLANE('',#1387);
#794=SURFACE_STYLE_USAGE(.BOTH.,#1388);
#795=FACE_OUTER_BOUND('',#1389,.T.);
#796=PLANE('',#1390);
#797=SURFACE_STYLE_USAGE(.BOTH.,#1391);
#798=FACE_OUTER_BOUND('',#1392,.T.);
#799=PLANE('',#1393);
#800=SURFACE_STYLE_USAGE(.BOTH.,#1394);
#801=FACE_OUTER_BOUND('',#1395,.T.);
#802=PLANE('',#1396);
#803=SURFACE_STYLE_USAGE(.BOTH.,#1397);
#804=FACE_OUTER_BOUND('',#1398,.T.);
#805=PLANE('',#1399);
#806=SURFACE_STYLE_USAGE(.BOTH.,#1400);
#807=FACE_OUTER_BOUND('',#1401,.T.);
#808=PLANE('',#1402);
#809=SURFACE_STYLE_USAGE(.BOTH.,#1403);
#810=FACE_OUTER_BOUND('',#1404,.T.);
#811=PLANE('',#1405);
#812=SURFACE_STYLE_USAGE(.BOTH.,#1406);
#813=FACE_OUTER_BOUND('',#1407,.T.);
#814=PLANE('',#1408);
#815=SURFACE_STYLE_USAGE(.BOTH.,#1409);
#816=FACE_OUTER_BOUND('',#1410,.T.);
#817=PLANE('',#1411);
#818=SURFACE_STYLE_USAGE(.BOTH.,#1412);
#819=FACE_OUTER_BOUND('',#1413,.T.);
#820=PLANE('',#1414);
#821=SURFACE_STYLE_USAGE(.BOTH.,#1415);
#822=FACE_OUTER_BOUND('',#1416,.T.);
#823=PLANE('',#1417);
#824=SURFACE_STYLE_USAGE(.BOTH.,#1418);
#825=FACE_OUTER_BOUND('',#1419,.T.);
#826=PLANE('',#1420);
#827=SURFACE_STYLE_USAGE(.BOTH.,#1421);
#828=FACE_OUTER_BOUND('',#1422,.T.);
#829=PLANE('',#1423);
#830=SURFACE_STYLE_USAGE(.BOTH.,#1424);
#831=FACE_OUTER_BOUND('',#1425,.T.);
#832=PLANE('',#1426);
#833=SURFACE_STYLE_USAGE(.BOTH.,#1427);
#834=FACE_OUTER_BOUND('',#1428,.T.);
#835=PLANE('',#1429);
#836=SURFACE_STYLE_USAGE(.BOTH.,#1430);
#837=FACE_OUTER_BOUND('',#1431,.T.);
#838=PLANE('',#1432);
#839=SURFACE_STYLE_USAGE(.BOTH.,#1433);
#840=FACE_OUTER_BOUND('',#1434,.T.);
#841=PLANE('',#1435);
#842=SURFACE_STYLE_USAGE(.BOTH.,#1436);
#843=FACE_OUTER_BOUND('',#1437,.T.);
#844=PLANE('',#1438);
#845=SURFACE_STYLE_USAGE(.BOTH.,#1439);
#846=FACE_OUTER_BOUND('',#1440,.T.);
#847=PLANE('',#1441);
#848=SURFACE_STYLE_USAGE(.BOTH.,#1442);
#849=FACE_OUTER_BOUND('',#1443,.T.);
#850=PLANE('',#1444);
#851=SURFACE_STYLE_USAGE(.BOTH.,#1445);
#852=FACE_OUTER_BOUND('',#1446,.T.);
#853=PLANE('',#1447);
#854=SURFACE_STYLE_USAGE(.BOTH.,#1448);
#855=FACE_OUTER_BOUND('',#1449,.T.);
#856=PLANE('',#1450);
#857=SURFACE_STYLE_USAGE(.BOTH.,#1451);
#858=FACE_OUTER_BOUND('',#1452,.T.);
#859=PLANE('',#1453);
#860=SURFACE_STYLE_USAGE(.BOTH.,#1454);
#861=FACE_OUTER_BOUND('',#1455,.T.);
#862=PLANE('',#1456);
#863=SURFACE_STYLE_USAGE(.BOTH.,#1457);
#864=FACE_OUTER_BOUND('',#1458,.T.);
#865=PLANE('',#1459);
#866=SURFACE_STYLE_USAGE(.BOTH.,#1460);
#867=FACE_OUTER_BOUND('',#1461,.T.);
#868=PLANE('',#1462);
#869=SURFACE_STYLE_USAGE(.BOTH.,#1463);
#870=FACE_OUTER_BOUND('',#1464,.T.);
#871=PLANE('',#1465);
#872=SURFACE_STYLE_USAGE(.BOTH.,#1466);
#873=FACE_OUTER_BOUND('',#1467,.T.);
#874=PLANE('',#1468);
#875=SURFACE_STYLE_USAGE(.BOTH.,#1469);
#876=FACE_OUTER_BOUND('',#1470,.T.);
#877=PLANE('',#1471);
#878=SURFACE_STYLE_USAGE(.BOTH.,#1472);
#879=FACE_OUTER_BOUND('',#1473,.T.);
#880=PLANE('',#1474);
#881=SURFACE_STYLE_USAGE(.BOTH.,#1475);
#882=FACE_OUTER_BOUND('',#1476,.T.);
#883=PLANE('',#1477);
#884=SURFACE_STYLE_USAGE(.BOTH.,#1478);
#885=FACE_OUTER_BOUND('',#1479,.T.);
#886=PLANE('',#1480);
#887=SURFACE_STYLE_USAGE(.BOTH.,#1481);
#888=FACE_OUTER_BOUND('',#1482,.T.);
#889=PLANE('',#1483);
#890=SURFACE_STYLE_USAGE(.BOTH.,#1484);
#891=FACE_OUTER_BOUND('',#1485,.T.);
#892=FACE_BOUND('',#1486,.T.);
#893=PLANE('',#1487);
#894=SURFACE_STYLE_USAGE(.BOTH.,#1488);
#895=FACE_OUTER_BOUND('',#1489,.T.);
#896=PLANE('',#1490);
#897=SURFACE_STYLE_USAGE(.BOTH.,#1491);
#898=FACE_BOUND('',#1492,.T.);
#899=FACE_BOUND('',#1493,.T.);
#900=FACE_BOUND('',#1494,.T.);
#901=FACE_BOUND('',#1495,.T.);
#902=FACE_OUTER_BOUND('',#1496,.T.);
#903=PLANE('',#1497);
#904=SURFACE_STYLE_USAGE(.BOTH.,#1498);
#905=FACE_OUTER_BOUND('',#1499,.T.);
#906=PLANE('',#1500);
#907=SURFACE_STYLE_USAGE(.BOTH.,#1501);
#908=FACE_OUTER_BOUND('',#1502,.T.);
#909=PLANE('',#1503);
#910=SURFACE_STYLE_USAGE(.BOTH.,#1504);
#911=FACE_OUTER_BOUND('',#1505,.T.);
#912=PLANE('',#1506);
#913=SURFACE_STYLE_USAGE(.BOTH.,#1507);
#914=FACE_OUTER_BOUND('',#1508,.T.);
#915=PLANE('',#1509);
#916=SURFACE_STYLE_USAGE(.BOTH.,#1510);
#917=FACE_BOUND('',#1511,.T.);
#918=FACE_OUTER_BOUND('',#1512,.T.);
#919=PLANE('',#1513);
#920=SURFACE_STYLE_USAGE(.BOTH.,#1514);
#921=FACE_OUTER_BOUND('',#1515,.T.);
#922=PLANE('',#1516);
#923=SURFACE_STYLE_USAGE(.BOTH.,#1517);
#924=FACE_OUTER_BOUND('',#1518,.T.);
#925=CYLINDRICAL_SURFACE('',#1519,0.3);
#926=SURFACE_STYLE_USAGE(.BOTH.,#1520);
#927=FACE_OUTER_BOUND('',#1521,.T.);
#928=PLANE('',#1522);
#929=SURFACE_STYLE_USAGE(.BOTH.,#1523);
#930=FACE_OUTER_BOUND('',#1524,.T.);
#931=PLANE('',#1525);
#932=SURFACE_STYLE_USAGE(.BOTH.,#1526);
#933=FACE_OUTER_BOUND('',#1527,.T.);
#934=PLANE('',#1528);
#935=SURFACE_STYLE_USAGE(.BOTH.,#1529);
#936=FACE_OUTER_BOUND('',#1530,.T.);
#937=PLANE('',#1531);
#938=SURFACE_STYLE_USAGE(.BOTH.,#1532);
#939=FACE_OUTER_BOUND('',#1533,.T.);
#940=PLANE('',#1534);
#941=SURFACE_STYLE_USAGE(.BOTH.,#1535);
#942=FACE_OUTER_BOUND('',#1536,.T.);
#943=PLANE('',#1537);
#944=SURFACE_STYLE_USAGE(.BOTH.,#1538);
#945=FACE_OUTER_BOUND('',#1539,.T.);
#946=PLANE('',#1540);
#947=SURFACE_STYLE_USAGE(.BOTH.,#1541);
#948=FACE_OUTER_BOUND('',#1542,.T.);
#949=PLANE('',#1543);
#950=SURFACE_STYLE_USAGE(.BOTH.,#1544);
#951=FACE_OUTER_BOUND('',#1545,.T.);
#952=PLANE('',#1546);
#953=SURFACE_STYLE_USAGE(.BOTH.,#1547);
#954=FACE_OUTER_BOUND('',#1548,.T.);
#955=PLANE('',#1549);
#956=SURFACE_STYLE_USAGE(.BOTH.,#1550);
#957=FACE_OUTER_BOUND('',#1551,.T.);
#958=PLANE('',#1552);
#959=SURFACE_STYLE_USAGE(.BOTH.,#1553);
#960=FACE_OUTER_BOUND('',#1554,.T.);
#961=CYLINDRICAL_SURFACE('',#1555,0.3);
#962=SURFACE_STYLE_USAGE(.BOTH.,#1556);
#963=FACE_OUTER_BOUND('',#1557,.T.);
#964=PLANE('',#1558);
#965=SURFACE_STYLE_USAGE(.BOTH.,#1559);
#966=FACE_OUTER_BOUND('',#1560,.T.);
#967=CYLINDRICAL_SURFACE('',#1561,0.3);
#968=SURFACE_STYLE_USAGE(.BOTH.,#1562);
#969=FACE_OUTER_BOUND('',#1563,.T.);
#970=PLANE('',#1564);
#971=SURFACE_STYLE_USAGE(.BOTH.,#1565);
#972=FACE_OUTER_BOUND('',#1566,.T.);
#973=PLANE('',#1567);
#974=SURFACE_STYLE_USAGE(.BOTH.,#1568);
#975=FACE_OUTER_BOUND('',#1569,.T.);
#976=PLANE('',#1570);
#977=SURFACE_STYLE_USAGE(.BOTH.,#1571);
#978=FACE_OUTER_BOUND('',#1572,.T.);
#979=PLANE('',#1573);
#980=SURFACE_STYLE_USAGE(.BOTH.,#1574);
#981=FACE_OUTER_BOUND('',#1575,.T.);
#982=PLANE('',#1576);
#983=SURFACE_STYLE_USAGE(.BOTH.,#1577);
#984=FACE_OUTER_BOUND('',#1578,.T.);
#985=CYLINDRICAL_SURFACE('',#1579,0.3);
#986=SURFACE_STYLE_USAGE(.BOTH.,#1580);
#987=FACE_OUTER_BOUND('',#1581,.T.);
#988=CYLINDRICAL_SURFACE('',#1582,0.89);
#989=SURFACE_STYLE_USAGE(.BOTH.,#1583);
#990=FACE_OUTER_BOUND('',#1584,.T.);
#991=CYLINDRICAL_SURFACE('',#1585,0.89);
#992=SURFACE_STYLE_USAGE(.BOTH.,#1586);
#993=FACE_OUTER_BOUND('',#1587,.T.);
#994=PLANE('',#1588);
#995=SURFACE_STYLE_USAGE(.BOTH.,#1589);
#996=FACE_OUTER_BOUND('',#1590,.T.);
#997=PLANE('',#1591);
#998=SURFACE_STYLE_USAGE(.BOTH.,#1592);
#999=FACE_OUTER_BOUND('',#1593,.T.);
#1000=PLANE('',#1594);
#1001=SURFACE_STYLE_USAGE(.BOTH.,#1595);
#1002=FACE_OUTER_BOUND('',#1596,.T.);
#1003=PLANE('',#1597);
#1004=SURFACE_STYLE_USAGE(.BOTH.,#1598);
#1005=FACE_OUTER_BOUND('',#1599,.T.);
#1006=PLANE('',#1600);
#1007=SURFACE_STYLE_USAGE(.BOTH.,#1601);
#1008=FACE_OUTER_BOUND('',#1602,.T.);
#1009=PLANE('',#1603);
#1010=SURFACE_STYLE_USAGE(.BOTH.,#1604);
#1011=FACE_OUTER_BOUND('',#1605,.T.);
#1012=PLANE('',#1606);
#1013=SURFACE_STYLE_USAGE(.BOTH.,#1607);
#1014=FACE_OUTER_BOUND('',#1608,.T.);
#1015=PLANE('',#1609);
#1016=SURFACE_STYLE_USAGE(.BOTH.,#1610);
#1017=FACE_OUTER_BOUND('',#1611,.T.);
#1018=PLANE('',#1612);
#1019=SURFACE_STYLE_USAGE(.BOTH.,#1613);
#1020=FACE_OUTER_BOUND('',#1614,.T.);
#1021=PLANE('',#1615);
#1022=SURFACE_STYLE_USAGE(.BOTH.,#1616);
#1023=FACE_OUTER_BOUND('',#1617,.T.);
#1024=PLANE('',#1618);
#1025=SURFACE_STYLE_USAGE(.BOTH.,#1619);
#1026=FACE_OUTER_BOUND('',#1620,.T.);
#1027=PLANE('',#1621);
#1028=SURFACE_STYLE_USAGE(.BOTH.,#1622);
#1029=FACE_OUTER_BOUND('',#1623,.T.);
#1030=PLANE('',#1624);
#1031=SURFACE_STYLE_USAGE(.BOTH.,#1625);
#1032=FACE_OUTER_BOUND('',#1626,.T.);
#1033=PLANE('',#1627);
#1034=SURFACE_STYLE_USAGE(.BOTH.,#1628);
#1035=FACE_OUTER_BOUND('',#1629,.T.);
#1036=PLANE('',#1630);
#1037=SURFACE_STYLE_USAGE(.BOTH.,#1631);
#1038=FACE_OUTER_BOUND('',#1632,.T.);
#1039=PLANE('',#1633);
#1040=SURFACE_STYLE_USAGE(.BOTH.,#1634);
#1041=FACE_OUTER_BOUND('',#1635,.T.);
#1042=PLANE('',#1636);
#1043=SURFACE_STYLE_USAGE(.BOTH.,#1637);
#1044=FACE_OUTER_BOUND('',#1638,.T.);
#1045=PLANE('',#1639);
#1046=SURFACE_STYLE_USAGE(.BOTH.,#1640);
#1047=FACE_OUTER_BOUND('',#1641,.T.);
#1048=PLANE('',#1642);
#1049=SURFACE_STYLE_USAGE(.BOTH.,#1643);
#1050=FACE_OUTER_BOUND('',#1644,.T.);
#1051=PLANE('',#1645);
#1052=SURFACE_STYLE_USAGE(.BOTH.,#1646);
#1053=FACE_OUTER_BOUND('',#1647,.T.);
#1054=PLANE('',#1648);
#1055=SURFACE_STYLE_USAGE(.BOTH.,#1649);
#1056=FACE_OUTER_BOUND('',#1650,.T.);
#1057=PLANE('',#1651);
#1058=SURFACE_STYLE_USAGE(.BOTH.,#1652);
#1059=FACE_OUTER_BOUND('',#1653,.T.);
#1060=PLANE('',#1654);
#1061=SURFACE_STYLE_USAGE(.BOTH.,#1655);
#1062=FACE_OUTER_BOUND('',#1656,.T.);
#1063=PLANE('',#1657);
#1064=SURFACE_STYLE_USAGE(.BOTH.,#1658);
#1065=FACE_OUTER_BOUND('',#1659,.T.);
#1066=PLANE('',#1660);
#1067=SURFACE_STYLE_USAGE(.BOTH.,#1661);
#1068=FACE_OUTER_BOUND('',#1662,.T.);
#1069=PLANE('',#1663);
#1070=SURFACE_STYLE_USAGE(.BOTH.,#1664);
#1071=FACE_OUTER_BOUND('',#1665,.T.);
#1072=PLANE('',#1666);
#1073=SURFACE_STYLE_USAGE(.BOTH.,#1667);
#1074=FACE_OUTER_BOUND('',#1668,.T.);
#1075=PLANE('',#1669);
#1076=SURFACE_STYLE_USAGE(.BOTH.,#1670);
#1077=FACE_OUTER_BOUND('',#1671,.T.);
#1078=PLANE('',#1672);
#1079=SURFACE_STYLE_USAGE(.BOTH.,#1673);
#1080=FACE_OUTER_BOUND('',#1674,.T.);
#1081=PLANE('',#1675);
#1082=SURFACE_STYLE_USAGE(.BOTH.,#1676);
#1083=FACE_OUTER_BOUND('',#1677,.T.);
#1084=PLANE('',#1678);
#1085=SURFACE_STYLE_USAGE(.BOTH.,#1679);
#1086=FACE_OUTER_BOUND('',#1680,.T.);
#1087=PLANE('',#1681);
#1088=SURFACE_STYLE_USAGE(.BOTH.,#1682);
#1089=FACE_OUTER_BOUND('',#1683,.T.);
#1090=PLANE('',#1684);
#1091=SURFACE_STYLE_USAGE(.BOTH.,#1685);
#1092=FACE_OUTER_BOUND('',#1686,.T.);
#1093=PLANE('',#1687);
#1094=SURFACE_STYLE_USAGE(.BOTH.,#1688);
#1095=FACE_OUTER_BOUND('',#1689,.T.);
#1096=PLANE('',#1690);
#1097=SURFACE_STYLE_USAGE(.BOTH.,#1691);
#1098=FACE_OUTER_BOUND('',#1692,.T.);
#1099=PLANE('',#1693);
#1100=SURFACE_STYLE_USAGE(.BOTH.,#1694);
#1101=FACE_OUTER_BOUND('',#1695,.T.);
#1102=PLANE('',#1696);
#1103=SURFACE_STYLE_USAGE(.BOTH.,#1697);
#1104=FACE_OUTER_BOUND('',#1698,.T.);
#1105=PLANE('',#1699);
#1106=SURFACE_STYLE_USAGE(.BOTH.,#1700);
#1107=FACE_OUTER_BOUND('',#1701,.T.);
#1108=PLANE('',#1702);
#1109=SURFACE_STYLE_USAGE(.BOTH.,#1703);
#1110=FACE_OUTER_BOUND('',#1704,.T.);
#1111=PLANE('',#1705);
#1112=SURFACE_STYLE_USAGE(.BOTH.,#1706);
#1113=FACE_OUTER_BOUND('',#1707,.T.);
#1114=PLANE('',#1708);
#1115=SURFACE_STYLE_USAGE(.BOTH.,#1709);
#1116=FACE_OUTER_BOUND('',#1710,.T.);
#1117=PLANE('',#1711);
#1118=SURFACE_STYLE_USAGE(.BOTH.,#1712);
#1119=FACE_OUTER_BOUND('',#1713,.T.);
#1120=PLANE('',#1714);
#1121=SURFACE_STYLE_USAGE(.BOTH.,#1715);
#1122=FACE_OUTER_BOUND('',#1716,.T.);
#1123=PLANE('',#1717);
#1124=SURFACE_STYLE_USAGE(.BOTH.,#1718);
#1125=FACE_OUTER_BOUND('',#1719,.T.);
#1126=PLANE('',#1720);
#1127=SURFACE_STYLE_USAGE(.BOTH.,#1721);
#1128=FACE_OUTER_BOUND('',#1722,.T.);
#1129=PLANE('',#1723);
#1130=SURFACE_STYLE_USAGE(.BOTH.,#1724);
#1131=FACE_OUTER_BOUND('',#1725,.T.);
#1132=PLANE('',#1726);
#1133=SURFACE_STYLE_USAGE(.BOTH.,#1727);
#1134=FACE_OUTER_BOUND('',#1728,.T.);
#1135=PLANE('',#1729);
#1136=SURFACE_STYLE_USAGE(.BOTH.,#1730);
#1137=FACE_OUTER_BOUND('',#1731,.T.);
#1138=PLANE('',#1732);
#1139=SURFACE_STYLE_USAGE(.BOTH.,#1733);
#1140=FACE_OUTER_BOUND('',#1734,.T.);
#1141=PLANE('',#1735);
#1142=SURFACE_STYLE_USAGE(.BOTH.,#1736);
#1143=FACE_OUTER_BOUND('',#1737,.T.);
#1144=PLANE('',#1738);
#1145=SURFACE_STYLE_USAGE(.BOTH.,#1739);
#1146=FACE_OUTER_BOUND('',#1740,.T.);
#1147=PLANE('',#1741);
#1148=SURFACE_STYLE_USAGE(.BOTH.,#1742);
#1149=FACE_OUTER_BOUND('',#1743,.T.);
#1150=PLANE('',#1744);
#1151=SURFACE_STYLE_USAGE(.BOTH.,#1745);
#1152=FACE_OUTER_BOUND('',#1746,.T.);
#1153=PLANE('',#1747);
#1154=SURFACE_STYLE_USAGE(.BOTH.,#1748);
#1155=FACE_BOUND('',#1749,.T.);
#1156=FACE_OUTER_BOUND('',#1750,.T.);
#1157=PLANE('',#1751);
#1158=SURFACE_STYLE_USAGE(.BOTH.,#1752);
#1159=FACE_OUTER_BOUND('',#1753,.T.);
#1160=PLANE('',#1754);
#1161=SURFACE_STYLE_USAGE(.BOTH.,#1755);
#1162=FACE_BOUND('',#1756,.T.);
#1163=FACE_OUTER_BOUND('',#1757,.T.);
#1164=PLANE('',#1758);
#1165=SURFACE_STYLE_USAGE(.BOTH.,#1759);
#1166=FACE_OUTER_BOUND('',#1760,.T.);
#1167=PLANE('',#1761);
#1168=SURFACE_STYLE_USAGE(.BOTH.,#1762);
#1169=FACE_OUTER_BOUND('',#1763,.T.);
#1170=PLANE('',#1764);
#1171=SURFACE_STYLE_USAGE(.BOTH.,#1765);
#1172=FACE_OUTER_BOUND('',#1766,.T.);
#1173=PLANE('',#1767);
#1174=SURFACE_STYLE_USAGE(.BOTH.,#1768);
#1175=FACE_OUTER_BOUND('',#1769,.T.);
#1176=PLANE('',#1770);
#1177=SURFACE_STYLE_USAGE(.BOTH.,#1771);
#1178=FACE_OUTER_BOUND('',#1772,.T.);
#1179=PLANE('',#1773);
#1180=SURFACE_STYLE_USAGE(.BOTH.,#1774);
#1181=FACE_OUTER_BOUND('',#1775,.T.);
#1182=PLANE('',#1776);
#1183=SURFACE_STYLE_USAGE(.BOTH.,#1777);
#1184=FACE_OUTER_BOUND('',#1778,.T.);
#1185=PLANE('',#1779);
#1186=SURFACE_STYLE_USAGE(.BOTH.,#1780);
#1187=FACE_OUTER_BOUND('',#1781,.T.);
#1188=PLANE('',#1782);
#1189=SURFACE_STYLE_USAGE(.BOTH.,#1783);
#1190=FACE_OUTER_BOUND('',#1784,.T.);
#1191=PLANE('',#1785);
#1192=SURFACE_STYLE_USAGE(.BOTH.,#1786);
#1193=FACE_OUTER_BOUND('',#1787,.T.);
#1194=PLANE('',#1788);
#1195=SURFACE_STYLE_USAGE(.BOTH.,#1789);
#1196=FACE_OUTER_BOUND('',#1790,.T.);
#1197=PLANE('',#1791);
#1198=SURFACE_STYLE_USAGE(.BOTH.,#1792);
#1199=FACE_OUTER_BOUND('',#1793,.T.);
#1200=PLANE('',#1794);
#1201=SURFACE_STYLE_USAGE(.BOTH.,#1795);
#1202=FACE_OUTER_BOUND('',#1796,.T.);
#1203=PLANE('',#1797);
#1204=SURFACE_STYLE_USAGE(.BOTH.,#1798);
#1205=FACE_OUTER_BOUND('',#1799,.T.);
#1206=PLANE('',#1800);
#1207=SURFACE_STYLE_USAGE(.BOTH.,#1801);
#1208=FACE_OUTER_BOUND('',#1802,.T.);
#1209=PLANE('',#1803);
#1210=SURFACE_STYLE_USAGE(.BOTH.,#1804);
#1211=FACE_OUTER_BOUND('',#1805,.T.);
#1212=PLANE('',#1806);
#1213=PRODUCT_CONTEXT('',#206,'mechanical');
#1214=PRODUCT_DEFINITION_FORMATION_WITH_SPECIFIED_SOURCE(' ','NONE',#605,.NOT_KNOWN.);
#1215=CLOSED_SHELL('',(#224,#226,#228,#230,#232,#234,#236,#238,#240,#242,#244,#246,#248,#250,#252,#254,#256,#258,#260,#262,#264,#266,#268,#270,#272,#274,#276,#278,#280,#282,#284,#286,#288,#290,#292,#294,#296,#298,#300,#302,#304,#306,#308,#310,#312,#314,#316,#318,#320,#322,#324,#326,#328,#330,#332,#334,#336,#338,#340,#342,#344,#346,#348,#350,#352,#354,#356,#358,#360,#362,#364,#366,#368,#370,#372,#374,#376,#378,#380,#382,#384,#386,#388,#390,#392,#394,#396,#398,#400,#402,#404,#406,#408,#410,#412,#414,#416,#418,#420,#422,#424,#426,#428,#430,#432,#434,#436,#438,#440,#442,#444,#446,#448,#450,#452,#454,#456,#458,#460,#462,#464,#466,#468,#470,#472,#474,#476,#478,#480,#482,#484,#486,#488,#490,#492,#494,#496,#498,#500,#502,#504,#506,#508,#510,#512,#514,#516,#518,#520,#522,#524,#526,#528,#530,#532,#534,#536,#538,#540,#542,#544,#546,#548,#550,#552,#554,#556,#558,#560,#562,#564,#566,#568,#570,#572,#574,#576,#578,#580,#582,#584,#586,#588,#590,#592,#594,#596,#598,#600,#602,#604));
#1216=CARTESIAN_POINT('',(0.0,0.0,0.0));
#1217=DIRECTION('',(0.0,0.0,1.0));
#1218=DIRECTION('',(1.0,0.0,0.0));
#1219= (NAMED_UNIT(#614)LENGTH_UNIT()SI_UNIT(.MILLI.,.METRE.));
#1220=SURFACE_SIDE_STYLE('',(#1808));
#1221=EDGE_LOOP('',(#1809,#1810,#1811));
#1222=AXIS2_PLACEMENT_3D('',#1812,#1813,#1814);
#1223=SURFACE_SIDE_STYLE('',(#1815));
#1224=EDGE_LOOP('',(#1816,#1817,#1818,#1819));
#1225=AXIS2_PLACEMENT_3D('',#1820,#1821,#1822);
#1226=SURFACE_SIDE_STYLE('',(#1823));
#1227=EDGE_LOOP('',(#1824,#1825,#1826,#1827));
#1228=AXIS2_PLACEMENT_3D('',#1828,#1829,#1830);
#1229=SURFACE_SIDE_STYLE('',(#1831));
#1230=EDGE_LOOP('',(#1832,#1833,#1834,#1835));
#1231=AXIS2_PLACEMENT_3D('',#1836,#1837,#1838);
#1232=SURFACE_SIDE_STYLE('',(#1839));
#1233=EDGE_LOOP('',(#1840,#1841,#1842));
#1234=EDGE_LOOP('',(#1843,#1844,#1845,#1846,#1847,#1848,#1849,#1850));
#1235=AXIS2_PLACEMENT_3D('',#1851,#1852,#1853);
#1236=SURFACE_SIDE_STYLE('',(#1854));
#1237=EDGE_LOOP('',(#1855,#1856,#1857,#1858));
#1238=AXIS2_PLACEMENT_3D('',#1859,#1860,#1861);
#1239=SURFACE_SIDE_STYLE('',(#1862));
#1240=EDGE_LOOP('',(#1863,#1864,#1865,#1866));
#1241=AXIS2_PLACEMENT_3D('',#1867,#1868,#1869);
#1242=SURFACE_SIDE_STYLE('',(#1870));
#1243=EDGE_LOOP('',(#1871,#1872,#1873,#1874));
#1244=AXIS2_PLACEMENT_3D('',#1875,#1876,#1877);
#1245=SURFACE_SIDE_STYLE('',(#1878));
#1246=EDGE_LOOP('',(#1879,#1880,#1881,#1882));
#1247=AXIS2_PLACEMENT_3D('',#1883,#1884,#1885);
#1248=SURFACE_SIDE_STYLE('',(#1886));
#1249=EDGE_LOOP('',(#1887,#1888,#1889,#1890));
#1250=AXIS2_PLACEMENT_3D('',#1891,#1892,#1893);
#1251=SURFACE_SIDE_STYLE('',(#1894));
#1252=EDGE_LOOP('',(#1895,#1896,#1897,#1898));
#1253=AXIS2_PLACEMENT_3D('',#1899,#1900,#1901);
#1254=SURFACE_SIDE_STYLE('',(#1902));
#1255=EDGE_LOOP('',(#1903,#1904,#1905,#1906));
#1256=AXIS2_PLACEMENT_3D('',#1907,#1908,#1909);
#1257=SURFACE_SIDE_STYLE('',(#1910));
#1258=EDGE_LOOP('',(#1911,#1912,#1913,#1914));
#1259=AXIS2_PLACEMENT_3D('',#1915,#1916,#1917);
#1260=SURFACE_SIDE_STYLE('',(#1918));
#1261=EDGE_LOOP('',(#1919,#1920,#1921,#1922,#1923,#1924));
#1262=EDGE_LOOP('',(#1925,#1926,#1927,#1928,#1929,#1930,#1931,#1932,#1933,#1934,#1935,#1936,#1937,#1938,#1939,#1940,#1941,#1942,#1943,#1944,#1945,#1946,#1947,#1948,#1949,#1950,#1951,#1952,#1953,#1954,#1955,#1956,#1957,#1958,#1959,#1960,#1961,#1962,#1963,#1964));
#1263=EDGE_LOOP('',(#1965,#1966,#1967,#1968,#1969,#1970,#1971,#1972,#1973,#1974,#1975,#1976));
#1264=EDGE_LOOP('',(#1977,#1978,#1979,#1980,#1981,#1982,#1983,#1984,#1985,#1986,#1987,#1988,#1989,#1990));
#1265=EDGE_LOOP('',(#1991,#1992,#1993,#1994,#1995,#1996,#1997,#1998));
#1266=EDGE_LOOP('',(#1999,#2000,#2001,#2002));
#1267=AXIS2_PLACEMENT_3D('',#2003,#2004,#2005);
#1268=SURFACE_SIDE_STYLE('',(#2006));
#1269=EDGE_LOOP('',(#2007,#2008,#2009,#2010));
#1270=AXIS2_PLACEMENT_3D('',#2011,#2012,#2013);
#1271=SURFACE_SIDE_STYLE('',(#2014));
#1272=EDGE_LOOP('',(#2015,#2016,#2017,#2018));
#1273=AXIS2_PLACEMENT_3D('',#2019,#2020,#2021);
#1274=SURFACE_SIDE_STYLE('',(#2022));
#1275=EDGE_LOOP('',(#2023,#2024,#2025,#2026));
#1276=AXIS2_PLACEMENT_3D('',#2027,#2028,#2029);
#1277=SURFACE_SIDE_STYLE('',(#2030));
#1278=EDGE_LOOP('',(#2031,#2032,#2033,#2034));
#1279=AXIS2_PLACEMENT_3D('',#2035,#2036,#2037);
#1280=SURFACE_SIDE_STYLE('',(#2038));
#1281=EDGE_LOOP('',(#2039,#2040,#2041,#2042));
#1282=AXIS2_PLACEMENT_3D('',#2043,#2044,#2045);
#1283=SURFACE_SIDE_STYLE('',(#2046));
#1284=EDGE_LOOP('',(#2047,#2048,#2049,#2050));
#1285=AXIS2_PLACEMENT_3D('',#2051,#2052,#2053);
#1286=SURFACE_SIDE_STYLE('',(#2054));
#1287=EDGE_LOOP('',(#2055,#2056,#2057,#2058));
#1288=AXIS2_PLACEMENT_3D('',#2059,#2060,#2061);
#1289=SURFACE_SIDE_STYLE('',(#2062));
#1290=EDGE_LOOP('',(#2063,#2064,#2065,#2066));
#1291=AXIS2_PLACEMENT_3D('',#2067,#2068,#2069);
#1292=SURFACE_SIDE_STYLE('',(#2070));
#1293=EDGE_LOOP('',(#2071,#2072,#2073,#2074));
#1294=AXIS2_PLACEMENT_3D('',#2075,#2076,#2077);
#1295=SURFACE_SIDE_STYLE('',(#2078));
#1296=EDGE_LOOP('',(#2079,#2080,#2081,#2082));
#1297=AXIS2_PLACEMENT_3D('',#2083,#2084,#2085);
#1298=SURFACE_SIDE_STYLE('',(#2086));
#1299=EDGE_LOOP('',(#2087,#2088,#2089,#2090));
#1300=AXIS2_PLACEMENT_3D('',#2091,#2092,#2093);
#1301=SURFACE_SIDE_STYLE('',(#2094));
#1302=EDGE_LOOP('',(#2095,#2096,#2097,#2098));
#1303=AXIS2_PLACEMENT_3D('',#2099,#2100,#2101);
#1304=SURFACE_SIDE_STYLE('',(#2102));
#1305=EDGE_LOOP('',(#2103,#2104,#2105,#2106));
#1306=AXIS2_PLACEMENT_3D('',#2107,#2108,#2109);
#1307=SURFACE_SIDE_STYLE('',(#2110));
#1308=EDGE_LOOP('',(#2111,#2112,#2113,#2114));
#1309=AXIS2_PLACEMENT_3D('',#2115,#2116,#2117);
#1310=SURFACE_SIDE_STYLE('',(#2118));
#1311=EDGE_LOOP('',(#2119,#2120,#2121,#2122));
#1312=AXIS2_PLACEMENT_3D('',#2123,#2124,#2125);
#1313=SURFACE_SIDE_STYLE('',(#2126));
#1314=EDGE_LOOP('',(#2127,#2128,#2129,#2130));
#1315=AXIS2_PLACEMENT_3D('',#2131,#2132,#2133);
#1316=SURFACE_SIDE_STYLE('',(#2134));
#1317=EDGE_LOOP('',(#2135,#2136,#2137,#2138));
#1318=AXIS2_PLACEMENT_3D('',#2139,#2140,#2141);
#1319=SURFACE_SIDE_STYLE('',(#2142));
#1320=EDGE_LOOP('',(#2143,#2144,#2145,#2146));
#1321=AXIS2_PLACEMENT_3D('',#2147,#2148,#2149);
#1322=SURFACE_SIDE_STYLE('',(#2150));
#1323=EDGE_LOOP('',(#2151,#2152,#2153,#2154));
#1324=AXIS2_PLACEMENT_3D('',#2155,#2156,#2157);
#1325=SURFACE_SIDE_STYLE('',(#2158));
#1326=EDGE_LOOP('',(#2159,#2160,#2161,#2162));
#1327=AXIS2_PLACEMENT_3D('',#2163,#2164,#2165);
#1328=SURFACE_SIDE_STYLE('',(#2166));
#1329=EDGE_LOOP('',(#2167,#2168,#2169,#2170));
#1330=AXIS2_PLACEMENT_3D('',#2171,#2172,#2173);
#1331=SURFACE_SIDE_STYLE('',(#2174));
#1332=EDGE_LOOP('',(#2175,#2176,#2177,#2178));
#1333=AXIS2_PLACEMENT_3D('',#2179,#2180,#2181);
#1334=SURFACE_SIDE_STYLE('',(#2182));
#1335=EDGE_LOOP('',(#2183,#2184,#2185,#2186));
#1336=AXIS2_PLACEMENT_3D('',#2187,#2188,#2189);
#1337=SURFACE_SIDE_STYLE('',(#2190));
#1338=EDGE_LOOP('',(#2191,#2192,#2193,#2194));
#1339=AXIS2_PLACEMENT_3D('',#2195,#2196,#2197);
#1340=SURFACE_SIDE_STYLE('',(#2198));
#1341=EDGE_LOOP('',(#2199,#2200,#2201,#2202));
#1342=AXIS2_PLACEMENT_3D('',#2203,#2204,#2205);
#1343=SURFACE_SIDE_STYLE('',(#2206));
#1344=EDGE_LOOP('',(#2207,#2208,#2209,#2210));
#1345=AXIS2_PLACEMENT_3D('',#2211,#2212,#2213);
#1346=SURFACE_SIDE_STYLE('',(#2214));
#1347=EDGE_LOOP('',(#2215,#2216,#2217,#2218));
#1348=AXIS2_PLACEMENT_3D('',#2219,#2220,#2221);
#1349=SURFACE_SIDE_STYLE('',(#2222));
#1350=EDGE_LOOP('',(#2223,#2224,#2225,#2226));
#1351=AXIS2_PLACEMENT_3D('',#2227,#2228,#2229);
#1352=SURFACE_SIDE_STYLE('',(#2230));
#1353=EDGE_LOOP('',(#2231,#2232,#2233,#2234));
#1354=AXIS2_PLACEMENT_3D('',#2235,#2236,#2237);
#1355=SURFACE_SIDE_STYLE('',(#2238));
#1356=EDGE_LOOP('',(#2239,#2240,#2241,#2242));
#1357=AXIS2_PLACEMENT_3D('',#2243,#2244,#2245);
#1358=SURFACE_SIDE_STYLE('',(#2246));
#1359=EDGE_LOOP('',(#2247,#2248,#2249,#2250));
#1360=AXIS2_PLACEMENT_3D('',#2251,#2252,#2253);
#1361=SURFACE_SIDE_STYLE('',(#2254));
#1362=EDGE_LOOP('',(#2255,#2256,#2257,#2258));
#1363=AXIS2_PLACEMENT_3D('',#2259,#2260,#2261);
#1364=SURFACE_SIDE_STYLE('',(#2262));
#1365=EDGE_LOOP('',(#2263,#2264,#2265,#2266));
#1366=AXIS2_PLACEMENT_3D('',#2267,#2268,#2269);
#1367=SURFACE_SIDE_STYLE('',(#2270));
#1368=EDGE_LOOP('',(#2271,#2272,#2273,#2274));
#1369=AXIS2_PLACEMENT_3D('',#2275,#2276,#2277);
#1370=SURFACE_SIDE_STYLE('',(#2278));
#1371=EDGE_LOOP('',(#2279,#2280,#2281,#2282));
#1372=AXIS2_PLACEMENT_3D('',#2283,#2284,#2285);
#1373=SURFACE_SIDE_STYLE('',(#2286));
#1374=EDGE_LOOP('',(#2287,#2288,#2289,#2290));
#1375=AXIS2_PLACEMENT_3D('',#2291,#2292,#2293);
#1376=SURFACE_SIDE_STYLE('',(#2294));
#1377=EDGE_LOOP('',(#2295,#2296,#2297,#2298));
#1378=AXIS2_PLACEMENT_3D('',#2299,#2300,#2301);
#1379=SURFACE_SIDE_STYLE('',(#2302));
#1380=EDGE_LOOP('',(#2303,#2304,#2305,#2306));
#1381=AXIS2_PLACEMENT_3D('',#2307,#2308,#2309);
#1382=SURFACE_SIDE_STYLE('',(#2310));
#1383=EDGE_LOOP('',(#2311,#2312,#2313,#2314));
#1384=AXIS2_PLACEMENT_3D('',#2315,#2316,#2317);
#1385=SURFACE_SIDE_STYLE('',(#2318));
#1386=EDGE_LOOP('',(#2319,#2320,#2321,#2322));
#1387=AXIS2_PLACEMENT_3D('',#2323,#2324,#2325);
#1388=SURFACE_SIDE_STYLE('',(#2326));
#1389=EDGE_LOOP('',(#2327,#2328,#2329,#2330));
#1390=AXIS2_PLACEMENT_3D('',#2331,#2332,#2333);
#1391=SURFACE_SIDE_STYLE('',(#2334));
#1392=EDGE_LOOP('',(#2335,#2336,#2337,#2338));
#1393=AXIS2_PLACEMENT_3D('',#2339,#2340,#2341);
#1394=SURFACE_SIDE_STYLE('',(#2342));
#1395=EDGE_LOOP('',(#2343,#2344,#2345,#2346));
#1396=AXIS2_PLACEMENT_3D('',#2347,#2348,#2349);
#1397=SURFACE_SIDE_STYLE('',(#2350));
#1398=EDGE_LOOP('',(#2351,#2352,#2353,#2354));
#1399=AXIS2_PLACEMENT_3D('',#2355,#2356,#2357);
#1400=SURFACE_SIDE_STYLE('',(#2358));
#1401=EDGE_LOOP('',(#2359,#2360,#2361,#2362));
#1402=AXIS2_PLACEMENT_3D('',#2363,#2364,#2365);
#1403=SURFACE_SIDE_STYLE('',(#2366));
#1404=EDGE_LOOP('',(#2367,#2368,#2369,#2370));
#1405=AXIS2_PLACEMENT_3D('',#2371,#2372,#2373);
#1406=SURFACE_SIDE_STYLE('',(#2374));
#1407=EDGE_LOOP('',(#2375,#2376,#2377,#2378));
#1408=AXIS2_PLACEMENT_3D('',#2379,#2380,#2381);
#1409=SURFACE_SIDE_STYLE('',(#2382));
#1410=EDGE_LOOP('',(#2383,#2384,#2385,#2386));
#1411=AXIS2_PLACEMENT_3D('',#2387,#2388,#2389);
#1412=SURFACE_SIDE_STYLE('',(#2390));
#1413=EDGE_LOOP('',(#2391,#2392,#2393,#2394));
#1414=AXIS2_PLACEMENT_3D('',#2395,#2396,#2397);
#1415=SURFACE_SIDE_STYLE('',(#2398));
#1416=EDGE_LOOP('',(#2399,#2400,#2401,#2402));
#1417=AXIS2_PLACEMENT_3D('',#2403,#2404,#2405);
#1418=SURFACE_SIDE_STYLE('',(#2406));
#1419=EDGE_LOOP('',(#2407,#2408,#2409,#2410));
#1420=AXIS2_PLACEMENT_3D('',#2411,#2412,#2413);
#1421=SURFACE_SIDE_STYLE('',(#2414));
#1422=EDGE_LOOP('',(#2415,#2416,#2417,#2418));
#1423=AXIS2_PLACEMENT_3D('',#2419,#2420,#2421);
#1424=SURFACE_SIDE_STYLE('',(#2422));
#1425=EDGE_LOOP('',(#2423,#2424,#2425,#2426));
#1426=AXIS2_PLACEMENT_3D('',#2427,#2428,#2429);
#1427=SURFACE_SIDE_STYLE('',(#2430));
#1428=EDGE_LOOP('',(#2431,#2432,#2433,#2434));
#1429=AXIS2_PLACEMENT_3D('',#2435,#2436,#2437);
#1430=SURFACE_SIDE_STYLE('',(#2438));
#1431=EDGE_LOOP('',(#2439,#2440,#2441,#2442));
#1432=AXIS2_PLACEMENT_3D('',#2443,#2444,#2445);
#1433=SURFACE_SIDE_STYLE('',(#2446));
#1434=EDGE_LOOP('',(#2447,#2448,#2449,#2450));
#1435=AXIS2_PLACEMENT_3D('',#2451,#2452,#2453);
#1436=SURFACE_SIDE_STYLE('',(#2454));
#1437=EDGE_LOOP('',(#2455,#2456,#2457,#2458));
#1438=AXIS2_PLACEMENT_3D('',#2459,#2460,#2461);
#1439=SURFACE_SIDE_STYLE('',(#2462));
#1440=EDGE_LOOP('',(#2463,#2464,#2465,#2466));
#1441=AXIS2_PLACEMENT_3D('',#2467,#2468,#2469);
#1442=SURFACE_SIDE_STYLE('',(#2470));
#1443=EDGE_LOOP('',(#2471,#2472,#2473,#2474));
#1444=AXIS2_PLACEMENT_3D('',#2475,#2476,#2477);
#1445=SURFACE_SIDE_STYLE('',(#2478));
#1446=EDGE_LOOP('',(#2479,#2480,#2481,#2482));
#1447=AXIS2_PLACEMENT_3D('',#2483,#2484,#2485);
#1448=SURFACE_SIDE_STYLE('',(#2486));
#1449=EDGE_LOOP('',(#2487,#2488,#2489,#2490));
#1450=AXIS2_PLACEMENT_3D('',#2491,#2492,#2493);
#1451=SURFACE_SIDE_STYLE('',(#2494));
#1452=EDGE_LOOP('',(#2495,#2496,#2497,#2498));
#1453=AXIS2_PLACEMENT_3D('',#2499,#2500,#2501);
#1454=SURFACE_SIDE_STYLE('',(#2502));
#1455=EDGE_LOOP('',(#2503,#2504,#2505,#2506));
#1456=AXIS2_PLACEMENT_3D('',#2507,#2508,#2509);
#1457=SURFACE_SIDE_STYLE('',(#2510));
#1458=EDGE_LOOP('',(#2511,#2512,#2513,#2514));
#1459=AXIS2_PLACEMENT_3D('',#2515,#2516,#2517);
#1460=SURFACE_SIDE_STYLE('',(#2518));
#1461=EDGE_LOOP('',(#2519,#2520,#2521,#2522));
#1462=AXIS2_PLACEMENT_3D('',#2523,#2524,#2525);
#1463=SURFACE_SIDE_STYLE('',(#2526));
#1464=EDGE_LOOP('',(#2527,#2528,#2529,#2530));
#1465=AXIS2_PLACEMENT_3D('',#2531,#2532,#2533);
#1466=SURFACE_SIDE_STYLE('',(#2534));
#1467=EDGE_LOOP('',(#2535,#2536,#2537,#2538));
#1468=AXIS2_PLACEMENT_3D('',#2539,#2540,#2541);
#1469=SURFACE_SIDE_STYLE('',(#2542));
#1470=EDGE_LOOP('',(#2543,#2544,#2545,#2546));
#1471=AXIS2_PLACEMENT_3D('',#2547,#2548,#2549);
#1472=SURFACE_SIDE_STYLE('',(#2550));
#1473=EDGE_LOOP('',(#2551,#2552,#2553,#2554));
#1474=AXIS2_PLACEMENT_3D('',#2555,#2556,#2557);
#1475=SURFACE_SIDE_STYLE('',(#2558));
#1476=EDGE_LOOP('',(#2559,#2560,#2561,#2562));
#1477=AXIS2_PLACEMENT_3D('',#2563,#2564,#2565);
#1478=SURFACE_SIDE_STYLE('',(#2566));
#1479=EDGE_LOOP('',(#2567,#2568,#2569,#2570));
#1480=AXIS2_PLACEMENT_3D('',#2571,#2572,#2573);
#1481=SURFACE_SIDE_STYLE('',(#2574));
#1482=EDGE_LOOP('',(#2575,#2576,#2577,#2578));
#1483=AXIS2_PLACEMENT_3D('',#2579,#2580,#2581);
#1484=SURFACE_SIDE_STYLE('',(#2582));
#1485=EDGE_LOOP('',(#2583,#2584,#2585,#2586,#2587,#2588,#2589,#2590,#2591,#2592,#2593,#2594,#2595,#2596,#2597,#2598,#2599,#2600,#2601,#2602,#2603,#2604,#2605,#2606,#2607));
#1486=EDGE_LOOP('',(#2608,#2609));
#1487=AXIS2_PLACEMENT_3D('',#2610,#2611,#2612);
#1488=SURFACE_SIDE_STYLE('',(#2613));
#1489=EDGE_LOOP('',(#2614,#2615,#2616,#2617));
#1490=AXIS2_PLACEMENT_3D('',#2618,#2619,#2620);
#1491=SURFACE_SIDE_STYLE('',(#2621));
#1492=EDGE_LOOP('',(#2622,#2623));
#1493=EDGE_LOOP('',(#2624,#2625,#2626,#2627,#2628,#2629,#2630,#2631));
#1494=EDGE_LOOP('',(#2632,#2633,#2634,#2635,#2636,#2637,#2638,#2639,#2640,#2641,#2642,#2643,#2644));
#1495=EDGE_LOOP('',(#2645,#2646,#2647,#2648,#2649,#2650,#2651,#2652,#2653,#2654,#2655,#2656,#2657,#2658));
#1496=EDGE_LOOP('',(#2659,#2660,#2661,#2662,#2663,#2664,#2665,#2666,#2667,#2668,#2669,#2670,#2671,#2672,#2673,#2674,#2675,#2676,#2677,#2678,#2679,#2680,#2681,#2682,#2683));
#1497=AXIS2_PLACEMENT_3D('',#2684,#2685,#2686);
#1498=SURFACE_SIDE_STYLE('',(#2687));
#1499=EDGE_LOOP('',(#2688,#2689,#2690,#2691));
#1500=AXIS2_PLACEMENT_3D('',#2692,#2693,#2694);
#1501=SURFACE_SIDE_STYLE('',(#2695));
#1502=EDGE_LOOP('',(#2696,#2697,#2698,#2699,#2700,#2701));
#1503=AXIS2_PLACEMENT_3D('',#2702,#2703,#2704);
#1504=SURFACE_SIDE_STYLE('',(#2705));
#1505=EDGE_LOOP('',(#2706,#2707,#2708,#2709,#2710,#2711,#2712,#2713,#2714,#2715,#2716,#2717,#2718,#2719,#2720,#2721,#2722,#2723,#2724,#2725,#2726,#2727,#2728,#2729,#2730,#2731,#2732,#2733,#2734,#2735,#2736,#2737,#2738,#2739,#2740,#2741,#2742,#2743,#2744,#2745));
#1506=AXIS2_PLACEMENT_3D('',#2746,#2747,#2748);
#1507=SURFACE_SIDE_STYLE('',(#2749));
#1508=EDGE_LOOP('',(#2750,#2751,#2752,#2753,#2754,#2755,#2756,#2757,#2758,#2759,#2760,#2761));
#1509=AXIS2_PLACEMENT_3D('',#2762,#2763,#2764);
#1510=SURFACE_SIDE_STYLE('',(#2765));
#1511=EDGE_LOOP('',(#2766,#2767,#2768,#2769,#2770,#2771,#2772,#2773,#2774,#2775,#2776,#2777));
#1512=EDGE_LOOP('',(#2778,#2779,#2780,#2781,#2782,#2783,#2784,#2785,#2786,#2787,#2788,#2789,#2790,#2791));
#1513=AXIS2_PLACEMENT_3D('',#2792,#2793,#2794);
#1514=SURFACE_SIDE_STYLE('',(#2795));
#1515=EDGE_LOOP('',(#2796,#2797,#2798,#2799));
#1516=AXIS2_PLACEMENT_3D('',#2800,#2801,#2802);
#1517=SURFACE_SIDE_STYLE('',(#2803));
#1518=EDGE_LOOP('',(#2804,#2805,#2806,#2807));
#1519=AXIS2_PLACEMENT_3D('',#2808,#2809,#2810);
#1520=SURFACE_SIDE_STYLE('',(#2811));
#1521=EDGE_LOOP('',(#2812,#2813,#2814,#2815));
#1522=AXIS2_PLACEMENT_3D('',#2816,#2817,#2818);
#1523=SURFACE_SIDE_STYLE('',(#2819));
#1524=EDGE_LOOP('',(#2820,#2821,#2822,#2823));
#1525=AXIS2_PLACEMENT_3D('',#2824,#2825,#2826);
#1526=SURFACE_SIDE_STYLE('',(#2827));
#1527=EDGE_LOOP('',(#2828,#2829,#2830,#2831));
#1528=AXIS2_PLACEMENT_3D('',#2832,#2833,#2834);
#1529=SURFACE_SIDE_STYLE('',(#2835));
#1530=EDGE_LOOP('',(#2836,#2837,#2838,#2839,#2840,#2841));
#1531=AXIS2_PLACEMENT_3D('',#2842,#2843,#2844);
#1532=SURFACE_SIDE_STYLE('',(#2845));
#1533=EDGE_LOOP('',(#2846,#2847,#2848,#2849));
#1534=AXIS2_PLACEMENT_3D('',#2850,#2851,#2852);
#1535=SURFACE_SIDE_STYLE('',(#2853));
#1536=EDGE_LOOP('',(#2854,#2855,#2856,#2857));
#1537=AXIS2_PLACEMENT_3D('',#2858,#2859,#2860);
#1538=SURFACE_SIDE_STYLE('',(#2861));
#1539=EDGE_LOOP('',(#2862,#2863,#2864,#2865));
#1540=AXIS2_PLACEMENT_3D('',#2866,#2867,#2868);
#1541=SURFACE_SIDE_STYLE('',(#2869));
#1542=EDGE_LOOP('',(#2870,#2871,#2872,#2873));
#1543=AXIS2_PLACEMENT_3D('',#2874,#2875,#2876);
#1544=SURFACE_SIDE_STYLE('',(#2877));
#1545=EDGE_LOOP('',(#2878,#2879,#2880,#2881));
#1546=AXIS2_PLACEMENT_3D('',#2882,#2883,#2884);
#1547=SURFACE_SIDE_STYLE('',(#2885));
#1548=EDGE_LOOP('',(#2886,#2887,#2888,#2889));
#1549=AXIS2_PLACEMENT_3D('',#2890,#2891,#2892);
#1550=SURFACE_SIDE_STYLE('',(#2893));
#1551=EDGE_LOOP('',(#2894,#2895,#2896,#2897));
#1552=AXIS2_PLACEMENT_3D('',#2898,#2899,#2900);
#1553=SURFACE_SIDE_STYLE('',(#2901));
#1554=EDGE_LOOP('',(#2902,#2903,#2904,#2905));
#1555=AXIS2_PLACEMENT_3D('',#2906,#2907,#2908);
#1556=SURFACE_SIDE_STYLE('',(#2909));
#1557=EDGE_LOOP('',(#2910,#2911,#2912,#2913));
#1558=AXIS2_PLACEMENT_3D('',#2914,#2915,#2916);
#1559=SURFACE_SIDE_STYLE('',(#2917));
#1560=EDGE_LOOP('',(#2918,#2919,#2920,#2921));
#1561=AXIS2_PLACEMENT_3D('',#2922,#2923,#2924);
#1562=SURFACE_SIDE_STYLE('',(#2925));
#1563=EDGE_LOOP('',(#2926,#2927,#2928,#2929));
#1564=AXIS2_PLACEMENT_3D('',#2930,#2931,#2932);
#1565=SURFACE_SIDE_STYLE('',(#2933));
#1566=EDGE_LOOP('',(#2934,#2935,#2936,#2937));
#1567=AXIS2_PLACEMENT_3D('',#2938,#2939,#2940);
#1568=SURFACE_SIDE_STYLE('',(#2941));
#1569=EDGE_LOOP('',(#2942,#2943,#2944,#2945));
#1570=AXIS2_PLACEMENT_3D('',#2946,#2947,#2948);
#1571=SURFACE_SIDE_STYLE('',(#2949));
#1572=EDGE_LOOP('',(#2950,#2951,#2952,#2953));
#1573=AXIS2_PLACEMENT_3D('',#2954,#2955,#2956);
#1574=SURFACE_SIDE_STYLE('',(#2957));
#1575=EDGE_LOOP('',(#2958,#2959,#2960,#2961));
#1576=AXIS2_PLACEMENT_3D('',#2962,#2963,#2964);
#1577=SURFACE_SIDE_STYLE('',(#2965));
#1578=EDGE_LOOP('',(#2966,#2967,#2968,#2969));
#1579=AXIS2_PLACEMENT_3D('',#2970,#2971,#2972);
#1580=SURFACE_SIDE_STYLE('',(#2973));
#1581=EDGE_LOOP('',(#2974,#2975,#2976,#2977));
#1582=AXIS2_PLACEMENT_3D('',#2978,#2979,#2980);
#1583=SURFACE_SIDE_STYLE('',(#2981));
#1584=EDGE_LOOP('',(#2982,#2983,#2984,#2985));
#1585=AXIS2_PLACEMENT_3D('',#2986,#2987,#2988);
#1586=SURFACE_SIDE_STYLE('',(#2989));
#1587=EDGE_LOOP('',(#2990,#2991,#2992,#2993));
#1588=AXIS2_PLACEMENT_3D('',#2994,#2995,#2996);
#1589=SURFACE_SIDE_STYLE('',(#2997));
#1590=EDGE_LOOP('',(#2998,#2999,#3000,#3001));
#1591=AXIS2_PLACEMENT_3D('',#3002,#3003,#3004);
#1592=SURFACE_SIDE_STYLE('',(#3005));
#1593=EDGE_LOOP('',(#3006,#3007,#3008,#3009));
#1594=AXIS2_PLACEMENT_3D('',#3010,#3011,#3012);
#1595=SURFACE_SIDE_STYLE('',(#3013));
#1596=EDGE_LOOP('',(#3014,#3015,#3016,#3017));
#1597=AXIS2_PLACEMENT_3D('',#3018,#3019,#3020);
#1598=SURFACE_SIDE_STYLE('',(#3021));
#1599=EDGE_LOOP('',(#3022,#3023,#3024,#3025));
#1600=AXIS2_PLACEMENT_3D('',#3026,#3027,#3028);
#1601=SURFACE_SIDE_STYLE('',(#3029));
#1602=EDGE_LOOP('',(#3030,#3031,#3032,#3033));
#1603=AXIS2_PLACEMENT_3D('',#3034,#3035,#3036);
#1604=SURFACE_SIDE_STYLE('',(#3037));
#1605=EDGE_LOOP('',(#3038,#3039,#3040,#3041));
#1606=AXIS2_PLACEMENT_3D('',#3042,#3043,#3044);
#1607=SURFACE_SIDE_STYLE('',(#3045));
#1608=EDGE_LOOP('',(#3046,#3047,#3048,#3049));
#1609=AXIS2_PLACEMENT_3D('',#3050,#3051,#3052);
#1610=SURFACE_SIDE_STYLE('',(#3053));
#1611=EDGE_LOOP('',(#3054,#3055,#3056,#3057));
#1612=AXIS2_PLACEMENT_3D('',#3058,#3059,#3060);
#1613=SURFACE_SIDE_STYLE('',(#3061));
#1614=EDGE_LOOP('',(#3062,#3063,#3064,#3065));
#1615=AXIS2_PLACEMENT_3D('',#3066,#3067,#3068);
#1616=SURFACE_SIDE_STYLE('',(#3069));
#1617=EDGE_LOOP('',(#3070,#3071,#3072,#3073));
#1618=AXIS2_PLACEMENT_3D('',#3074,#3075,#3076);
#1619=SURFACE_SIDE_STYLE('',(#3077));
#1620=EDGE_LOOP('',(#3078,#3079,#3080,#3081));
#1621=AXIS2_PLACEMENT_3D('',#3082,#3083,#3084);
#1622=SURFACE_SIDE_STYLE('',(#3085));
#1623=EDGE_LOOP('',(#3086,#3087,#3088,#3089));
#1624=AXIS2_PLACEMENT_3D('',#3090,#3091,#3092);
#1625=SURFACE_SIDE_STYLE('',(#3093));
#1626=EDGE_LOOP('',(#3094,#3095,#3096,#3097));
#1627=AXIS2_PLACEMENT_3D('',#3098,#3099,#3100);
#1628=SURFACE_SIDE_STYLE('',(#3101));
#1629=EDGE_LOOP('',(#3102,#3103,#3104,#3105));
#1630=AXIS2_PLACEMENT_3D('',#3106,#3107,#3108);
#1631=SURFACE_SIDE_STYLE('',(#3109));
#1632=EDGE_LOOP('',(#3110,#3111,#3112,#3113));
#1633=AXIS2_PLACEMENT_3D('',#3114,#3115,#3116);
#1634=SURFACE_SIDE_STYLE('',(#3117));
#1635=EDGE_LOOP('',(#3118,#3119,#3120,#3121));
#1636=AXIS2_PLACEMENT_3D('',#3122,#3123,#3124);
#1637=SURFACE_SIDE_STYLE('',(#3125));
#1638=EDGE_LOOP('',(#3126,#3127,#3128,#3129));
#1639=AXIS2_PLACEMENT_3D('',#3130,#3131,#3132);
#1640=SURFACE_SIDE_STYLE('',(#3133));
#1641=EDGE_LOOP('',(#3134,#3135,#3136,#3137));
#1642=AXIS2_PLACEMENT_3D('',#3138,#3139,#3140);
#1643=SURFACE_SIDE_STYLE('',(#3141));
#1644=EDGE_LOOP('',(#3142,#3143,#3144,#3145));
#1645=AXIS2_PLACEMENT_3D('',#3146,#3147,#3148);
#1646=SURFACE_SIDE_STYLE('',(#3149));
#1647=EDGE_LOOP('',(#3150,#3151,#3152,#3153));
#1648=AXIS2_PLACEMENT_3D('',#3154,#3155,#3156);
#1649=SURFACE_SIDE_STYLE('',(#3157));
#1650=EDGE_LOOP('',(#3158,#3159,#3160,#3161));
#1651=AXIS2_PLACEMENT_3D('',#3162,#3163,#3164);
#1652=SURFACE_SIDE_STYLE('',(#3165));
#1653=EDGE_LOOP('',(#3166,#3167,#3168,#3169));
#1654=AXIS2_PLACEMENT_3D('',#3170,#3171,#3172);
#1655=SURFACE_SIDE_STYLE('',(#3173));
#1656=EDGE_LOOP('',(#3174,#3175,#3176,#3177));
#1657=AXIS2_PLACEMENT_3D('',#3178,#3179,#3180);
#1658=SURFACE_SIDE_STYLE('',(#3181));
#1659=EDGE_LOOP('',(#3182,#3183,#3184,#3185));
#1660=AXIS2_PLACEMENT_3D('',#3186,#3187,#3188);
#1661=SURFACE_SIDE_STYLE('',(#3189));
#1662=EDGE_LOOP('',(#3190,#3191,#3192,#3193));
#1663=AXIS2_PLACEMENT_3D('',#3194,#3195,#3196);
#1664=SURFACE_SIDE_STYLE('',(#3197));
#1665=EDGE_LOOP('',(#3198,#3199,#3200,#3201));
#1666=AXIS2_PLACEMENT_3D('',#3202,#3203,#3204);
#1667=SURFACE_SIDE_STYLE('',(#3205));
#1668=EDGE_LOOP('',(#3206,#3207,#3208,#3209));
#1669=AXIS2_PLACEMENT_3D('',#3210,#3211,#3212);
#1670=SURFACE_SIDE_STYLE('',(#3213));
#1671=EDGE_LOOP('',(#3214,#3215,#3216,#3217));
#1672=AXIS2_PLACEMENT_3D('',#3218,#3219,#3220);
#1673=SURFACE_SIDE_STYLE('',(#3221));
#1674=EDGE_LOOP('',(#3222,#3223,#3224,#3225));
#1675=AXIS2_PLACEMENT_3D('',#3226,#3227,#3228);
#1676=SURFACE_SIDE_STYLE('',(#3229));
#1677=EDGE_LOOP('',(#3230,#3231,#3232,#3233));
#1678=AXIS2_PLACEMENT_3D('',#3234,#3235,#3236);
#1679=SURFACE_SIDE_STYLE('',(#3237));
#1680=EDGE_LOOP('',(#3238,#3239,#3240,#3241));
#1681=AXIS2_PLACEMENT_3D('',#3242,#3243,#3244);
#1682=SURFACE_SIDE_STYLE('',(#3245));
#1683=EDGE_LOOP('',(#3246,#3247,#3248,#3249));
#1684=AXIS2_PLACEMENT_3D('',#3250,#3251,#3252);
#1685=SURFACE_SIDE_STYLE('',(#3253));
#1686=EDGE_LOOP('',(#3254,#3255,#3256,#3257));
#1687=AXIS2_PLACEMENT_3D('',#3258,#3259,#3260);
#1688=SURFACE_SIDE_STYLE('',(#3261));
#1689=EDGE_LOOP('',(#3262,#3263,#3264,#3265));
#1690=AXIS2_PLACEMENT_3D('',#3266,#3267,#3268);
#1691=SURFACE_SIDE_STYLE('',(#3269));
#1692=EDGE_LOOP('',(#3270,#3271,#3272,#3273));
#1693=AXIS2_PLACEMENT_3D('',#3274,#3275,#3276);
#1694=SURFACE_SIDE_STYLE('',(#3277));
#1695=EDGE_LOOP('',(#3278,#3279,#3280,#3281));
#1696=AXIS2_PLACEMENT_3D('',#3282,#3283,#3284);
#1697=SURFACE_SIDE_STYLE('',(#3285));
#1698=EDGE_LOOP('',(#3286,#3287,#3288,#3289));
#1699=AXIS2_PLACEMENT_3D('',#3290,#3291,#3292);
#1700=SURFACE_SIDE_STYLE('',(#3293));
#1701=EDGE_LOOP('',(#3294,#3295,#3296,#3297));
#1702=AXIS2_PLACEMENT_3D('',#3298,#3299,#3300);
#1703=SURFACE_SIDE_STYLE('',(#3301));
#1704=EDGE_LOOP('',(#3302,#3303,#3304,#3305));
#1705=AXIS2_PLACEMENT_3D('',#3306,#3307,#3308);
#1706=SURFACE_SIDE_STYLE('',(#3309));
#1707=EDGE_LOOP('',(#3310,#3311,#3312,#3313));
#1708=AXIS2_PLACEMENT_3D('',#3314,#3315,#3316);
#1709=SURFACE_SIDE_STYLE('',(#3317));
#1710=EDGE_LOOP('',(#3318,#3319,#3320,#3321));
#1711=AXIS2_PLACEMENT_3D('',#3322,#3323,#3324);
#1712=SURFACE_SIDE_STYLE('',(#3325));
#1713=EDGE_LOOP('',(#3326,#3327,#3328,#3329));
#1714=AXIS2_PLACEMENT_3D('',#3330,#3331,#3332);
#1715=SURFACE_SIDE_STYLE('',(#3333));
#1716=EDGE_LOOP('',(#3334,#3335,#3336,#3337));
#1717=AXIS2_PLACEMENT_3D('',#3338,#3339,#3340);
#1718=SURFACE_SIDE_STYLE('',(#3341));
#1719=EDGE_LOOP('',(#3342,#3343,#3344,#3345));
#1720=AXIS2_PLACEMENT_3D('',#3346,#3347,#3348);
#1721=SURFACE_SIDE_STYLE('',(#3349));
#1722=EDGE_LOOP('',(#3350,#3351,#3352,#3353));
#1723=AXIS2_PLACEMENT_3D('',#3354,#3355,#3356);
#1724=SURFACE_SIDE_STYLE('',(#3357));
#1725=EDGE_LOOP('',(#3358,#3359,#3360,#3361));
#1726=AXIS2_PLACEMENT_3D('',#3362,#3363,#3364);
#1727=SURFACE_SIDE_STYLE('',(#3365));
#1728=EDGE_LOOP('',(#3366,#3367,#3368,#3369));
#1729=AXIS2_PLACEMENT_3D('',#3370,#3371,#3372);
#1730=SURFACE_SIDE_STYLE('',(#3373));
#1731=EDGE_LOOP('',(#3374,#3375,#3376,#3377));
#1732=AXIS2_PLACEMENT_3D('',#3378,#3379,#3380);
#1733=SURFACE_SIDE_STYLE('',(#3381));
#1734=EDGE_LOOP('',(#3382,#3383,#3384,#3385));
#1735=AXIS2_PLACEMENT_3D('',#3386,#3387,#3388);
#1736=SURFACE_SIDE_STYLE('',(#3389));
#1737=EDGE_LOOP('',(#3390,#3391,#3392,#3393));
#1738=AXIS2_PLACEMENT_3D('',#3394,#3395,#3396);
#1739=SURFACE_SIDE_STYLE('',(#3397));
#1740=EDGE_LOOP('',(#3398,#3399,#3400,#3401));
#1741=AXIS2_PLACEMENT_3D('',#3402,#3403,#3404);
#1742=SURFACE_SIDE_STYLE('',(#3405));
#1743=EDGE_LOOP('',(#3406,#3407,#3408,#3409));
#1744=AXIS2_PLACEMENT_3D('',#3410,#3411,#3412);
#1745=SURFACE_SIDE_STYLE('',(#3413));
#1746=EDGE_LOOP('',(#3414,#3415,#3416,#3417));
#1747=AXIS2_PLACEMENT_3D('',#3418,#3419,#3420);
#1748=SURFACE_SIDE_STYLE('',(#3421));
#1749=EDGE_LOOP('',(#3422,#3423,#3424));
#1750=EDGE_LOOP('',(#3425,#3426,#3427,#3428,#3429,#3430,#3431,#3432));
#1751=AXIS2_PLACEMENT_3D('',#3433,#3434,#3435);
#1752=SURFACE_SIDE_STYLE('',(#3436));
#1753=EDGE_LOOP('',(#3437,#3438,#3439,#3440,#3441,#3442,#3443,#3444,#3445,#3446,#3447,#3448,#3449));
#1754=AXIS2_PLACEMENT_3D('',#3450,#3451,#3452);
#1755=SURFACE_SIDE_STYLE('',(#3453));
#1756=EDGE_LOOP('',(#3454,#3455,#3456,#3457,#3458,#3459,#3460,#3461,#3462,#3463));
#1757=EDGE_LOOP('',(#3464,#3465,#3466,#3467,#3468,#3469,#3470,#3471,#3472,#3473,#3474,#3475,#3476,#3477));
#1758=AXIS2_PLACEMENT_3D('',#3478,#3479,#3480);
#1759=SURFACE_SIDE_STYLE('',(#3481));
#1760=EDGE_LOOP('',(#3482,#3483,#3484,#3485,#3486,#3487,#3488,#3489,#3490,#3491,#3492,#3493));
#1761=AXIS2_PLACEMENT_3D('',#3494,#3495,#3496);
#1762=SURFACE_SIDE_STYLE('',(#3497));
#1763=EDGE_LOOP('',(#3498,#3499,#3500,#3501));
#1764=AXIS2_PLACEMENT_3D('',#3502,#3503,#3504);
#1765=SURFACE_SIDE_STYLE('',(#3505));
#1766=EDGE_LOOP('',(#3506,#3507,#3508,#3509));
#1767=AXIS2_PLACEMENT_3D('',#3510,#3511,#3512);
#1768=SURFACE_SIDE_STYLE('',(#3513));
#1769=EDGE_LOOP('',(#3514,#3515,#3516,#3517));
#1770=AXIS2_PLACEMENT_3D('',#3518,#3519,#3520);
#1771=SURFACE_SIDE_STYLE('',(#3521));
#1772=EDGE_LOOP('',(#3522,#3523,#3524,#3525));
#1773=AXIS2_PLACEMENT_3D('',#3526,#3527,#3528);
#1774=SURFACE_SIDE_STYLE('',(#3529));
#1775=EDGE_LOOP('',(#3530,#3531,#3532,#3533));
#1776=AXIS2_PLACEMENT_3D('',#3534,#3535,#3536);
#1777=SURFACE_SIDE_STYLE('',(#3537));
#1778=EDGE_LOOP('',(#3538,#3539,#3540,#3541));
#1779=AXIS2_PLACEMENT_3D('',#3542,#3543,#3544);
#1780=SURFACE_SIDE_STYLE('',(#3545));
#1781=EDGE_LOOP('',(#3546,#3547,#3548,#3549));
#1782=AXIS2_PLACEMENT_3D('',#3550,#3551,#3552);
#1783=SURFACE_SIDE_STYLE('',(#3553));
#1784=EDGE_LOOP('',(#3554,#3555,#3556,#3557));
#1785=AXIS2_PLACEMENT_3D('',#3558,#3559,#3560);
#1786=SURFACE_SIDE_STYLE('',(#3561));
#1787=EDGE_LOOP('',(#3562,#3563,#3564,#3565));
#1788=AXIS2_PLACEMENT_3D('',#3566,#3567,#3568);
#1789=SURFACE_SIDE_STYLE('',(#3569));
#1790=EDGE_LOOP('',(#3570,#3571,#3572,#3573));
#1791=AXIS2_PLACEMENT_3D('',#3574,#3575,#3576);
#1792=SURFACE_SIDE_STYLE('',(#3577));
#1793=EDGE_LOOP('',(#3578,#3579,#3580,#3581));
#1794=AXIS2_PLACEMENT_3D('',#3582,#3583,#3584);
#1795=SURFACE_SIDE_STYLE('',(#3585));
#1796=EDGE_LOOP('',(#3586,#3587,#3588,#3589));
#1797=AXIS2_PLACEMENT_3D('',#3590,#3591,#3592);
#1798=SURFACE_SIDE_STYLE('',(#3593));
#1799=EDGE_LOOP('',(#3594,#3595,#3596,#3597));
#1800=AXIS2_PLACEMENT_3D('',#3598,#3599,#3600);
#1801=SURFACE_SIDE_STYLE('',(#3601));
#1802=EDGE_LOOP('',(#3602,#3603,#3604));
#1803=AXIS2_PLACEMENT_3D('',#3605,#3606,#3607);
#1804=SURFACE_SIDE_STYLE('',(#3608));
#1805=EDGE_LOOP('',(#3609,#3610,#3611,#3612,#3613,#3614,#3615,#3616,#3617,#3618));
#1806=AXIS2_PLACEMENT_3D('',#3619,#3620,#3621);
#1808=SURFACE_STYLE_FILL_AREA(#3622);
#1809=ORIENTED_EDGE('',*,*,#3623,.F.);
#1810=ORIENTED_EDGE('',*,*,#3624,.F.);
#1811=ORIENTED_EDGE('',*,*,#3625,.F.);
#1812=CARTESIAN_POINT('',(0.0,0.0,-3.555));
#1813=DIRECTION('',(0.0,0.0,1.0));
#1814=DIRECTION('',(1.0,0.0,0.0));
#1815=SURFACE_STYLE_FILL_AREA(#3626);
#1816=ORIENTED_EDGE('',*,*,#3627,.T.);
#1817=ORIENTED_EDGE('',*,*,#3628,.F.);
#1818=ORIENTED_EDGE('',*,*,#3629,.F.);
#1819=ORIENTED_EDGE('',*,*,#3623,.T.);
#1820=CARTESIAN_POINT('',(0.145555324840546,-0.46909991607666,-3.555));
#1821=DIRECTION('',(0.310280021327647,-0.950645206354566,0.0));
#1822=DIRECTION('',(-0.950645206354566,-0.310280021327647,0.0));
#1823=SURFACE_STYLE_FILL_AREA(#3630);
#1824=ORIENTED_EDGE('',*,*,#3629,.T.);
#1825=ORIENTED_EDGE('',*,*,#3631,.F.);
#1826=ORIENTED_EDGE('',*,*,#3632,.F.);
#1827=ORIENTED_EDGE('',*,*,#3624,.T.);
#1828=CARTESIAN_POINT('',(0.145555324840546,-0.66709991607666,-3.555));
#1829=DIRECTION('',(-1.0,0.0,0.0));
#1830=DIRECTION('',(0.0,1.0,0.0));
#1831=SURFACE_STYLE_FILL_AREA(#3633);
#1832=ORIENTED_EDGE('',*,*,#3632,.T.);
#1833=ORIENTED_EDGE('',*,*,#3634,.F.);
#1834=ORIENTED_EDGE('',*,*,#3627,.F.);
#1835=ORIENTED_EDGE('',*,*,#3625,.T.);
#1836=CARTESIAN_POINT('',(-0.157763835144043,-0.56809991607666,-3.555));
#1837=DIRECTION('',(0.310280021327647,0.950645206354566,0.0));
#1838=DIRECTION('',(0.950645206354566,-0.310280021327647,0.0));
#1839=SURFACE_STYLE_FILL_AREA(#3635);
#1840=ORIENTED_EDGE('',*,*,#3631,.T.);
#1841=ORIENTED_EDGE('',*,*,#3628,.T.);
#1842=ORIENTED_EDGE('',*,*,#3634,.T.);
#1843=ORIENTED_EDGE('',*,*,#3636,.T.);
#1844=ORIENTED_EDGE('',*,*,#3637,.T.);
#1845=ORIENTED_EDGE('',*,*,#3638,.T.);
#1846=ORIENTED_EDGE('',*,*,#3639,.T.);
#1847=ORIENTED_EDGE('',*,*,#3640,.T.);
#1848=ORIENTED_EDGE('',*,*,#3641,.T.);
#1849=ORIENTED_EDGE('',*,*,#3642,.T.);
#1850=ORIENTED_EDGE('',*,*,#3643,.T.);
#1851=CARTESIAN_POINT('',(0.0,0.0,-3.575));
#1852=DIRECTION('',(-0.0,-0.0,-1.0));
#1853=DIRECTION('',(0.0,-1.0,0.0));
#1854=SURFACE_STYLE_FILL_AREA(#3644);
#1855=ORIENTED_EDGE('',*,*,#3645,.T.);
#1856=ORIENTED_EDGE('',*,*,#3636,.F.);
#1857=ORIENTED_EDGE('',*,*,#3646,.F.);
#1858=ORIENTED_EDGE('',*,*,#3647,.T.);
#1859=CARTESIAN_POINT('',(-0.2027,-0.52410008392334,-3.555));
#1860=DIRECTION('',(-0.316227901727063,0.948683252813761,0.0));
#1861=DIRECTION('',(0.948683252813761,0.316227901727063,0.0));
#1862=SURFACE_STYLE_FILL_AREA(#3648);
#1863=ORIENTED_EDGE('',*,*,#3649,.T.);
#1864=ORIENTED_EDGE('',*,*,#3637,.F.);
#1865=ORIENTED_EDGE('',*,*,#3645,.F.);
#1866=ORIENTED_EDGE('',*,*,#3650,.T.);
#1867=CARTESIAN_POINT('',(0.3253,-0.3481,-3.555));
#1868=DIRECTION('',(1.0,0.0,0.0));
#1869=DIRECTION('',(0.0,-1.0,0.0));
#1870=SURFACE_STYLE_FILL_AREA(#3651);
#1871=ORIENTED_EDGE('',*,*,#3652,.T.);
#1872=ORIENTED_EDGE('',*,*,#3638,.F.);
#1873=ORIENTED_EDGE('',*,*,#3649,.F.);
#1874=ORIENTED_EDGE('',*,*,#3653,.T.);
#1875=CARTESIAN_POINT('',(0.3253,-0.4141,-3.555));
#1876=DIRECTION('',(0.310280567074034,-0.950645028228842,0.0));
#1877=DIRECTION('',(-0.950645028228842,-0.310280567074034,0.0));
#1878=SURFACE_STYLE_FILL_AREA(#3654);
#1879=ORIENTED_EDGE('',*,*,#3655,.T.);
#1880=ORIENTED_EDGE('',*,*,#3639,.F.);
#1881=ORIENTED_EDGE('',*,*,#3652,.F.);
#1882=ORIENTED_EDGE('',*,*,#3656,.T.);
#1883=CARTESIAN_POINT('',(0.190491489696503,-0.45810008392334,-3.555));
#1884=DIRECTION('',(1.0,0.0,0.0));
#1885=DIRECTION('',(0.0,-1.0,0.0));
#1886=SURFACE_STYLE_FILL_AREA(#3657);
#1887=ORIENTED_EDGE('',*,*,#3658,.T.);
#1888=ORIENTED_EDGE('',*,*,#3640,.F.);
#1889=ORIENTED_EDGE('',*,*,#3655,.F.);
#1890=ORIENTED_EDGE('',*,*,#3659,.T.);
#1891=CARTESIAN_POINT('',(0.190491489696503,-0.6781,-3.555));
#1892=DIRECTION('',(0.310280567074034,0.950645028228842,0.0));
#1893=DIRECTION('',(0.950645028228842,-0.310280567074034,0.0));
#1894=SURFACE_STYLE_FILL_AREA(#3660);
#1895=ORIENTED_EDGE('',*,*,#3661,.T.);
#1896=ORIENTED_EDGE('',*,*,#3641,.F.);
#1897=ORIENTED_EDGE('',*,*,#3658,.F.);
#1898=ORIENTED_EDGE('',*,*,#3662,.T.);
#1899=CARTESIAN_POINT('',(0.3253,-0.72210008392334,-3.555));
#1900=DIRECTION('',(1.0,0.0,0.0));
#1901=DIRECTION('',(0.0,-1.0,0.0));
#1902=SURFACE_STYLE_FILL_AREA(#3663);
#1903=ORIENTED_EDGE('',*,*,#3664,.T.);
#1904=ORIENTED_EDGE('',*,*,#3642,.F.);
#1905=ORIENTED_EDGE('',*,*,#3661,.F.);
#1906=ORIENTED_EDGE('',*,*,#3665,.T.);
#1907=CARTESIAN_POINT('',(0.3253,-0.78810008392334,-3.555));
#1908=DIRECTION('',(-0.316227901727063,-0.948683252813761,-0.0));
#1909=DIRECTION('',(-0.948683252813761,0.316227901727063,0.0));
#1910=SURFACE_STYLE_FILL_AREA(#3666);
#1911=ORIENTED_EDGE('',*,*,#3646,.T.);
#1912=ORIENTED_EDGE('',*,*,#3643,.F.);
#1913=ORIENTED_EDGE('',*,*,#3664,.F.);
#1914=ORIENTED_EDGE('',*,*,#3667,.T.);
#1915=CARTESIAN_POINT('',(-0.2027,-0.6121,-3.555));
#1916=DIRECTION('',(-1.0,0.0,0.0));
#1917=DIRECTION('',(0.0,1.0,0.0));
#1918=SURFACE_STYLE_FILL_AREA(#3668);
#1919=ORIENTED_EDGE('',*,*,#3669,.F.);
#1920=ORIENTED_EDGE('',*,*,#3670,.F.);
#1921=ORIENTED_EDGE('',*,*,#3671,.F.);
#1922=ORIENTED_EDGE('',*,*,#3672,.F.);
#1923=ORIENTED_EDGE('',*,*,#3673,.F.);
#1924=ORIENTED_EDGE('',*,*,#3674,.F.);
#1925=ORIENTED_EDGE('',*,*,#3675,.F.);
#1926=ORIENTED_EDGE('',*,*,#3676,.F.);
#1927=ORIENTED_EDGE('',*,*,#3677,.F.);
#1928=ORIENTED_EDGE('',*,*,#3678,.F.);
#1929=ORIENTED_EDGE('',*,*,#3679,.F.);
#1930=ORIENTED_EDGE('',*,*,#3680,.F.);
#1931=ORIENTED_EDGE('',*,*,#3681,.F.);
#1932=ORIENTED_EDGE('',*,*,#3682,.F.);
#1933=ORIENTED_EDGE('',*,*,#3683,.F.);
#1934=ORIENTED_EDGE('',*,*,#3684,.F.);
#1935=ORIENTED_EDGE('',*,*,#3685,.F.);
#1936=ORIENTED_EDGE('',*,*,#3686,.F.);
#1937=ORIENTED_EDGE('',*,*,#3687,.F.);
#1938=ORIENTED_EDGE('',*,*,#3688,.F.);
#1939=ORIENTED_EDGE('',*,*,#3689,.F.);
#1940=ORIENTED_EDGE('',*,*,#3690,.F.);
#1941=ORIENTED_EDGE('',*,*,#3691,.F.);
#1942=ORIENTED_EDGE('',*,*,#3692,.F.);
#1943=ORIENTED_EDGE('',*,*,#3693,.F.);
#1944=ORIENTED_EDGE('',*,*,#3694,.F.);
#1945=ORIENTED_EDGE('',*,*,#3695,.F.);
#1946=ORIENTED_EDGE('',*,*,#3696,.F.);
#1947=ORIENTED_EDGE('',*,*,#3697,.F.);
#1948=ORIENTED_EDGE('',*,*,#3698,.F.);
#1949=ORIENTED_EDGE('',*,*,#3699,.F.);
#1950=ORIENTED_EDGE('',*,*,#3700,.F.);
#1951=ORIENTED_EDGE('',*,*,#3701,.F.);
#1952=ORIENTED_EDGE('',*,*,#3702,.F.);
#1953=ORIENTED_EDGE('',*,*,#3703,.F.);
#1954=ORIENTED_EDGE('',*,*,#3704,.F.);
#1955=ORIENTED_EDGE('',*,*,#3705,.F.);
#1956=ORIENTED_EDGE('',*,*,#3706,.F.);
#1957=ORIENTED_EDGE('',*,*,#3707,.F.);
#1958=ORIENTED_EDGE('',*,*,#3708,.F.);
#1959=ORIENTED_EDGE('',*,*,#3709,.F.);
#1960=ORIENTED_EDGE('',*,*,#3710,.F.);
#1961=ORIENTED_EDGE('',*,*,#3711,.F.);
#1962=ORIENTED_EDGE('',*,*,#3712,.F.);
#1963=ORIENTED_EDGE('',*,*,#3713,.F.);
#1964=ORIENTED_EDGE('',*,*,#3714,.F.);
#1965=ORIENTED_EDGE('',*,*,#3715,.F.);
#1966=ORIENTED_EDGE('',*,*,#3716,.F.);
#1967=ORIENTED_EDGE('',*,*,#3717,.F.);
#1968=ORIENTED_EDGE('',*,*,#3718,.F.);
#1969=ORIENTED_EDGE('',*,*,#3719,.F.);
#1970=ORIENTED_EDGE('',*,*,#3720,.F.);
#1971=ORIENTED_EDGE('',*,*,#3721,.F.);
#1972=ORIENTED_EDGE('',*,*,#3722,.F.);
#1973=ORIENTED_EDGE('',*,*,#3723,.F.);
#1974=ORIENTED_EDGE('',*,*,#3724,.F.);
#1975=ORIENTED_EDGE('',*,*,#3725,.F.);
#1976=ORIENTED_EDGE('',*,*,#3726,.F.);
#1977=ORIENTED_EDGE('',*,*,#3727,.F.);
#1978=ORIENTED_EDGE('',*,*,#3728,.F.);
#1979=ORIENTED_EDGE('',*,*,#3729,.F.);
#1980=ORIENTED_EDGE('',*,*,#3730,.F.);
#1981=ORIENTED_EDGE('',*,*,#3731,.F.);
#1982=ORIENTED_EDGE('',*,*,#3732,.F.);
#1983=ORIENTED_EDGE('',*,*,#3733,.F.);
#1984=ORIENTED_EDGE('',*,*,#3734,.F.);
#1985=ORIENTED_EDGE('',*,*,#3735,.F.);
#1986=ORIENTED_EDGE('',*,*,#3736,.F.);
#1987=ORIENTED_EDGE('',*,*,#3737,.F.);
#1988=ORIENTED_EDGE('',*,*,#3738,.F.);
#1989=ORIENTED_EDGE('',*,*,#3739,.F.);
#1990=ORIENTED_EDGE('',*,*,#3740,.F.);
#1991=ORIENTED_EDGE('',*,*,#3665,.F.);
#1992=ORIENTED_EDGE('',*,*,#3662,.F.);
#1993=ORIENTED_EDGE('',*,*,#3659,.F.);
#1994=ORIENTED_EDGE('',*,*,#3656,.F.);
#1995=ORIENTED_EDGE('',*,*,#3653,.F.);
#1996=ORIENTED_EDGE('',*,*,#3650,.F.);
#1997=ORIENTED_EDGE('',*,*,#3647,.F.);
#1998=ORIENTED_EDGE('',*,*,#3667,.F.);
#1999=ORIENTED_EDGE('',*,*,#3741,.F.);
#2000=ORIENTED_EDGE('',*,*,#3742,.F.);
#2001=ORIENTED_EDGE('',*,*,#3743,.F.);
#2002=ORIENTED_EDGE('',*,*,#3744,.T.);
#2003=CARTESIAN_POINT('',(0.0,0.0,-3.555));
#2004=DIRECTION('',(0.0,0.0,1.0));
#2005=DIRECTION('',(1.0,0.0,0.0));
#2006=SURFACE_STYLE_FILL_AREA(#3745);
#2007=ORIENTED_EDGE('',*,*,#3746,.T.);
#2008=ORIENTED_EDGE('',*,*,#3747,.F.);
#2009=ORIENTED_EDGE('',*,*,#3748,.F.);
#2010=ORIENTED_EDGE('',*,*,#3669,.T.);
#2011=CARTESIAN_POINT('',(-0.2027,1.5989,-3.555));
#2012=DIRECTION('',(-1.0,0.0,0.0));
#2013=DIRECTION('',(0.0,1.0,0.0));
#2014=SURFACE_STYLE_FILL_AREA(#3749);
#2015=ORIENTED_EDGE('',*,*,#3748,.T.);
#2016=ORIENTED_EDGE('',*,*,#3750,.F.);
#2017=ORIENTED_EDGE('',*,*,#3751,.F.);
#2018=ORIENTED_EDGE('',*,*,#3670,.T.);
#2019=CARTESIAN_POINT('',(0.257895744848251,1.5989,-3.555));
#2020=DIRECTION('',(-0.0,-1.0,-0.0));
#2021=DIRECTION('',(-1.0,0.0,0.0));
#2022=SURFACE_STYLE_FILL_AREA(#3752);
#2023=ORIENTED_EDGE('',*,*,#3751,.T.);
#2024=ORIENTED_EDGE('',*,*,#3753,.F.);
#2025=ORIENTED_EDGE('',*,*,#3754,.F.);
#2026=ORIENTED_EDGE('',*,*,#3671,.T.);
#2027=CARTESIAN_POINT('',(0.257895744848251,1.2689,-3.555));
#2028=DIRECTION('',(-1.0,0.0,0.0));
#2029=DIRECTION('',(0.0,1.0,0.0));
#2030=SURFACE_STYLE_FILL_AREA(#3755);
#2031=ORIENTED_EDGE('',*,*,#3754,.T.);
#2032=ORIENTED_EDGE('',*,*,#3756,.F.);
#2033=ORIENTED_EDGE('',*,*,#3757,.F.);
#2034=ORIENTED_EDGE('',*,*,#3672,.T.);
#2035=CARTESIAN_POINT('',(0.3253,1.2689,-3.555));
#2036=DIRECTION('',(-0.0,-1.0,-0.0));
#2037=DIRECTION('',(-1.0,0.0,0.0));
#2038=SURFACE_STYLE_FILL_AREA(#3758);
#2039=ORIENTED_EDGE('',*,*,#3757,.T.);
#2040=ORIENTED_EDGE('',*,*,#3759,.F.);
#2041=ORIENTED_EDGE('',*,*,#3760,.F.);
#2042=ORIENTED_EDGE('',*,*,#3673,.T.);
#2043=CARTESIAN_POINT('',(0.3253,1.6649,-3.555));
#2044=DIRECTION('',(1.0,0.0,0.0));
#2045=DIRECTION('',(0.0,-1.0,0.0));
#2046=SURFACE_STYLE_FILL_AREA(#3761);
#2047=ORIENTED_EDGE('',*,*,#3760,.T.);
#2048=ORIENTED_EDGE('',*,*,#3762,.F.);
#2049=ORIENTED_EDGE('',*,*,#3746,.F.);
#2050=ORIENTED_EDGE('',*,*,#3674,.T.);
#2051=CARTESIAN_POINT('',(-0.2027,1.6649,-3.555));
#2052=DIRECTION('',(-0.0,1.0,0.0));
#2053=DIRECTION('',(1.0,0.0,0.0));
#2054=SURFACE_STYLE_FILL_AREA(#3763);
#2055=ORIENTED_EDGE('',*,*,#3764,.T.);
#2056=ORIENTED_EDGE('',*,*,#3765,.F.);
#2057=ORIENTED_EDGE('',*,*,#3766,.F.);
#2058=ORIENTED_EDGE('',*,*,#3675,.T.);
#2059=CARTESIAN_POINT('',(0.246661703634262,0.762899979019165,-3.555));
#2060=DIRECTION('',(0.192182121447668,-0.981359277836549,0.0));
#2061=DIRECTION('',(-0.981359277836549,-0.192182121447668,0.0));
#2062=SURFACE_STYLE_FILL_AREA(#3767);
#2063=ORIENTED_EDGE('',*,*,#3766,.T.);
#2064=ORIENTED_EDGE('',*,*,#3768,.F.);
#2065=ORIENTED_EDGE('',*,*,#3769,.F.);
#2066=ORIENTED_EDGE('',*,*,#3676,.T.);
#2067=CARTESIAN_POINT('',(0.291597872424126,0.8069,-3.555));
#2068=DIRECTION('',(0.699624974232932,-0.714510248652579,0.0));
#2069=DIRECTION('',(-0.714510248652579,-0.699624974232932,0.0));
#2070=SURFACE_STYLE_FILL_AREA(#3770);
#2071=ORIENTED_EDGE('',*,*,#3769,.T.);
#2072=ORIENTED_EDGE('',*,*,#3771,.F.);
#2073=ORIENTED_EDGE('',*,*,#3772,.F.);
#2074=ORIENTED_EDGE('',*,*,#3677,.T.);
#2075=CARTESIAN_POINT('',(0.314065957802534,0.850900020980835,-3.555));
#2076=DIRECTION('',(0.890605350509624,-0.454776988911742,0.0));
#2077=DIRECTION('',(-0.454776988911742,-0.890605350509624,0.0));
#2078=SURFACE_STYLE_FILL_AREA(#3773);
#2079=ORIENTED_EDGE('',*,*,#3772,.T.);
#2080=ORIENTED_EDGE('',*,*,#3774,.F.);
#2081=ORIENTED_EDGE('',*,*,#3775,.F.);
#2082=ORIENTED_EDGE('',*,*,#3678,.T.);
#2083=CARTESIAN_POINT('',(0.3253,0.9059,-3.555));
#2084=DIRECTION('',(0.979770690874503,-0.20012344516148,0.0));
#2085=DIRECTION('',(-0.20012344516148,-0.979770690874503,0.0));
#2086=SURFACE_STYLE_FILL_AREA(#3776);
#2087=ORIENTED_EDGE('',*,*,#3775,.T.);
#2088=ORIENTED_EDGE('',*,*,#3777,.F.);
#2089=ORIENTED_EDGE('',*,*,#3778,.F.);
#2090=ORIENTED_EDGE('',*,*,#3679,.T.);
#2091=CARTESIAN_POINT('',(0.3253,1.0049,-3.555));
#2092=DIRECTION('',(1.0,0.0,0.0));
#2093=DIRECTION('',(0.0,-1.0,0.0));
#2094=SURFACE_STYLE_FILL_AREA(#3779);
#2095=ORIENTED_EDGE('',*,*,#3778,.T.);
#2096=ORIENTED_EDGE('',*,*,#3780,.F.);
#2097=ORIENTED_EDGE('',*,*,#3781,.F.);
#2098=ORIENTED_EDGE('',*,*,#3680,.T.);
#2099=CARTESIAN_POINT('',(0.314065957802534,1.05989997901916,-3.555));
#2100=DIRECTION('',(0.979770690874502,0.200123445161481,0.0));
#2101=DIRECTION('',(0.200123445161481,-0.979770690874502,0.0));
#2102=SURFACE_STYLE_FILL_AREA(#3782);
#2103=ORIENTED_EDGE('',*,*,#3781,.T.);
#2104=ORIENTED_EDGE('',*,*,#3783,.F.);
#2105=ORIENTED_EDGE('',*,*,#3784,.F.);
#2106=ORIENTED_EDGE('',*,*,#3681,.T.);
#2107=CARTESIAN_POINT('',(0.291597872424126,1.1039,-3.555));
#2108=DIRECTION('',(0.890605350509623,0.454776988911743,0.0));
#2109=DIRECTION('',(0.454776988911743,-0.890605350509623,0.0));
#2110=SURFACE_STYLE_FILL_AREA(#3785);
#2111=ORIENTED_EDGE('',*,*,#3784,.T.);
#2112=ORIENTED_EDGE('',*,*,#3786,.F.);
#2113=ORIENTED_EDGE('',*,*,#3787,.F.);
#2114=ORIENTED_EDGE('',*,*,#3682,.T.);
#2115=CARTESIAN_POINT('',(0.246661703634262,1.14789998950958,-3.555));
#2116=DIRECTION('',(0.699624718760761,0.71451049880245,0.0));
#2117=DIRECTION('',(0.71451049880245,-0.699624718760761,0.0));
#2118=SURFACE_STYLE_FILL_AREA(#3788);
#2119=ORIENTED_EDGE('',*,*,#3787,.T.);
#2120=ORIENTED_EDGE('',*,*,#3789,.F.);
#2121=ORIENTED_EDGE('',*,*,#3790,.F.);
#2122=ORIENTED_EDGE('',*,*,#3683,.T.);
#2123=CARTESIAN_POINT('',(0.201725530910492,1.1699,-3.555));
#2124=DIRECTION('',(0.439713602853418,0.898138044771329,0.0));
#2125=DIRECTION('',(0.898138044771329,-0.439713602853418,0.0));
#2126=SURFACE_STYLE_FILL_AREA(#3791);
#2127=ORIENTED_EDGE('',*,*,#3790,.T.);
#2128=ORIENTED_EDGE('',*,*,#3792,.F.);
#2129=ORIENTED_EDGE('',*,*,#3793,.F.);
#2130=ORIENTED_EDGE('',*,*,#3684,.T.);
#2131=CARTESIAN_POINT('',(0.145555324840546,1.18089998950958,-3.555));
#2132=DIRECTION('',(0.192182676904344,0.981359169059871,0.0));
#2133=DIRECTION('',(0.981359169059871,-0.192182676904344,0.0));
#2134=SURFACE_STYLE_FILL_AREA(#3794);
#2135=ORIENTED_EDGE('',*,*,#3793,.T.);
#2136=ORIENTED_EDGE('',*,*,#3795,.F.);
#2137=ORIENTED_EDGE('',*,*,#3796,.F.);
#2138=ORIENTED_EDGE('',*,*,#3685,.T.);
#2139=CARTESIAN_POINT('',(-0.0229553091049195,1.18089998950958,-3.555));
#2140=DIRECTION('',(-0.0,1.0,0.0));
#2141=DIRECTION('',(1.0,0.0,0.0));
#2142=SURFACE_STYLE_FILL_AREA(#3797);
#2143=ORIENTED_EDGE('',*,*,#3796,.T.);
#2144=ORIENTED_EDGE('',*,*,#3798,.F.);
#2145=ORIENTED_EDGE('',*,*,#3799,.F.);
#2146=ORIENTED_EDGE('',*,*,#3686,.T.);
#2147=CARTESIAN_POINT('',(-0.0791255466461182,1.1699,-3.555));
#2148=DIRECTION('',(-0.192182573204528,0.981359189367729,0.0));
#2149=DIRECTION('',(0.981359189367729,0.192182573204528,0.0));
#2150=SURFACE_STYLE_FILL_AREA(#3800);
#2151=ORIENTED_EDGE('',*,*,#3799,.T.);
#2152=ORIENTED_EDGE('',*,*,#3801,.F.);
#2153=ORIENTED_EDGE('',*,*,#3802,.F.);
#2154=ORIENTED_EDGE('',*,*,#3687,.T.);
#2155=CARTESIAN_POINT('',(-0.124061711502075,1.14789998950958,-3.555));
#2156=DIRECTION('',(-0.439713664956635,0.898138014366614,0.0));
#2157=DIRECTION('',(0.898138014366614,0.439713664956635,0.0));
#2158=SURFACE_STYLE_FILL_AREA(#3803);
#2159=ORIENTED_EDGE('',*,*,#3802,.T.);
#2160=ORIENTED_EDGE('',*,*,#3804,.F.);
#2161=ORIENTED_EDGE('',*,*,#3805,.F.);
#2162=ORIENTED_EDGE('',*,*,#3688,.T.);
#2163=CARTESIAN_POINT('',(-0.168997876358032,1.1039,-3.555));
#2164=DIRECTION('',(-0.699624750029502,0.714510468185147,0.0));
#2165=DIRECTION('',(0.714510468185147,0.699624750029502,0.0));
#2166=SURFACE_STYLE_FILL_AREA(#3806);
#2167=ORIENTED_EDGE('',*,*,#3805,.T.);
#2168=ORIENTED_EDGE('',*,*,#3807,.F.);
#2169=ORIENTED_EDGE('',*,*,#3808,.F.);
#2170=ORIENTED_EDGE('',*,*,#3689,.T.);
#2171=CARTESIAN_POINT('',(-0.191465958786011,1.05989997901916,-3.555));
#2172=DIRECTION('',(-0.890605374697709,0.454776941543383,0.0));
#2173=DIRECTION('',(0.454776941543383,0.890605374697709,0.0));
#2174=SURFACE_STYLE_FILL_AREA(#3809);
#2175=ORIENTED_EDGE('',*,*,#3808,.T.);
#2176=ORIENTED_EDGE('',*,*,#3810,.F.);
#2177=ORIENTED_EDGE('',*,*,#3811,.F.);
#2178=ORIENTED_EDGE('',*,*,#3690,.T.);
#2179=CARTESIAN_POINT('',(-0.2027,1.0049,-3.555));
#2180=DIRECTION('',(-0.979770694309673,0.200123428343462,0.0));
#2181=DIRECTION('',(0.200123428343462,0.979770694309673,0.0));
#2182=SURFACE_STYLE_FILL_AREA(#3812);
#2183=ORIENTED_EDGE('',*,*,#3811,.T.);
#2184=ORIENTED_EDGE('',*,*,#3813,.F.);
#2185=ORIENTED_EDGE('',*,*,#3814,.F.);
#2186=ORIENTED_EDGE('',*,*,#3691,.T.);
#2187=CARTESIAN_POINT('',(-0.2027,0.9059,-3.555));
#2188=DIRECTION('',(-1.0,0.0,0.0));
#2189=DIRECTION('',(0.0,1.0,0.0));
#2190=SURFACE_STYLE_FILL_AREA(#3815);
#2191=ORIENTED_EDGE('',*,*,#3814,.T.);
#2192=ORIENTED_EDGE('',*,*,#3816,.F.);
#2193=ORIENTED_EDGE('',*,*,#3817,.F.);
#2194=ORIENTED_EDGE('',*,*,#3692,.T.);
#2195=CARTESIAN_POINT('',(-0.191465958786011,0.850900020980835,-3.555));
#2196=DIRECTION('',(-0.979770694309673,-0.200123428343462,-0.0));
#2197=DIRECTION('',(-0.200123428343462,0.979770694309673,0.0));
#2198=SURFACE_STYLE_FILL_AREA(#3818);
#2199=ORIENTED_EDGE('',*,*,#3817,.T.);
#2200=ORIENTED_EDGE('',*,*,#3819,.F.);
#2201=ORIENTED_EDGE('',*,*,#3820,.F.);
#2202=ORIENTED_EDGE('',*,*,#3693,.T.);
#2203=CARTESIAN_POINT('',(-0.168997876358032,0.8069,-3.555));
#2204=DIRECTION('',(-0.890605374697709,-0.454776941543382,-0.0));
#2205=DIRECTION('',(-0.454776941543382,0.890605374697709,0.0));
#2206=SURFACE_STYLE_FILL_AREA(#3821);
#2207=ORIENTED_EDGE('',*,*,#3820,.T.);
#2208=ORIENTED_EDGE('',*,*,#3822,.F.);
#2209=ORIENTED_EDGE('',*,*,#3823,.F.);
#2210=ORIENTED_EDGE('',*,*,#3694,.T.);
#2211=CARTESIAN_POINT('',(-0.124061711502075,0.762899979019165,-3.555));
#2212=DIRECTION('',(-0.699625005501662,-0.714510218035264,-0.0));
#2213=DIRECTION('',(-0.714510218035264,0.699625005501662,0.0));
#2214=SURFACE_STYLE_FILL_AREA(#3824);
#2215=ORIENTED_EDGE('',*,*,#3823,.T.);
#2216=ORIENTED_EDGE('',*,*,#3825,.F.);
#2217=ORIENTED_EDGE('',*,*,#3826,.F.);
#2218=ORIENTED_EDGE('',*,*,#3695,.T.);
#2219=CARTESIAN_POINT('',(-0.0678914739608765,0.751900020980835,-3.555));
#2220=DIRECTION('',(-0.192182043673014,-0.981359293067358,-0.0));
#2221=DIRECTION('',(-0.981359293067358,0.192182043673014,0.0));
#2222=SURFACE_STYLE_FILL_AREA(#3827);
#2223=ORIENTED_EDGE('',*,*,#3826,.T.);
#2224=ORIENTED_EDGE('',*,*,#3828,.F.);
#2225=ORIENTED_EDGE('',*,*,#3829,.F.);
#2226=ORIENTED_EDGE('',*,*,#3696,.T.);
#2227=CARTESIAN_POINT('',(-0.0678914739608765,0.817900020980835,-3.555));
#2228=DIRECTION('',(1.0,0.0,0.0));
#2229=DIRECTION('',(0.0,-1.0,0.0));
#2230=SURFACE_STYLE_FILL_AREA(#3830);
#2231=ORIENTED_EDGE('',*,*,#3829,.T.);
#2232=ORIENTED_EDGE('',*,*,#3831,.F.);
#2233=ORIENTED_EDGE('',*,*,#3832,.F.);
#2234=ORIENTED_EDGE('',*,*,#3697,.T.);
#2235=CARTESIAN_POINT('',(-0.101593629074097,0.828899979019165,-3.555));
#2236=DIRECTION('',(0.310278733449585,0.950645626702675,0.0));
#2237=DIRECTION('',(0.950645626702675,-0.310278733449585,0.0));
#2238=SURFACE_STYLE_FILL_AREA(#3833);
#2239=ORIENTED_EDGE('',*,*,#3832,.T.);
#2240=ORIENTED_EDGE('',*,*,#3834,.F.);
#2241=ORIENTED_EDGE('',*,*,#3835,.F.);
#2242=ORIENTED_EDGE('',*,*,#3698,.T.);
#2243=CARTESIAN_POINT('',(-0.124061711502075,0.861899979019165,-3.555));
#2244=DIRECTION('',(0.826599278799621,0.562790931241741,0.0));
#2245=DIRECTION('',(0.562790931241741,-0.826599278799621,0.0));
#2246=SURFACE_STYLE_FILL_AREA(#3836);
#2247=ORIENTED_EDGE('',*,*,#3835,.T.);
#2248=ORIENTED_EDGE('',*,*,#3837,.F.);
#2249=ORIENTED_EDGE('',*,*,#3838,.F.);
#2250=ORIENTED_EDGE('',*,*,#3699,.T.);
#2251=CARTESIAN_POINT('',(-0.135295752716064,0.9059,-3.555));
#2252=DIRECTION('',(0.968917745967776,0.247383106837805,0.0));
#2253=DIRECTION('',(0.247383106837805,-0.968917745967776,0.0));
#2254=SURFACE_STYLE_FILL_AREA(#3839);
#2255=ORIENTED_EDGE('',*,*,#3838,.T.);
#2256=ORIENTED_EDGE('',*,*,#3840,.F.);
#2257=ORIENTED_EDGE('',*,*,#3841,.F.);
#2258=ORIENTED_EDGE('',*,*,#3700,.T.);
#2259=CARTESIAN_POINT('',(-0.135295752716064,1.0049,-3.555));
#2260=DIRECTION('',(1.0,0.0,0.0));
#2261=DIRECTION('',(0.0,-1.0,0.0));
#2262=SURFACE_STYLE_FILL_AREA(#3842);
#2263=ORIENTED_EDGE('',*,*,#3841,.T.);
#2264=ORIENTED_EDGE('',*,*,#3843,.F.);
#2265=ORIENTED_EDGE('',*,*,#3844,.F.);
#2266=ORIENTED_EDGE('',*,*,#3701,.T.);
#2267=CARTESIAN_POINT('',(-0.124061711502075,1.04890002098084,-3.555));
#2268=DIRECTION('',(0.968917745967776,-0.247383106837805,0.0));
#2269=DIRECTION('',(-0.247383106837805,-0.968917745967776,0.0));
#2270=SURFACE_STYLE_FILL_AREA(#3845);
#2271=ORIENTED_EDGE('',*,*,#3844,.T.);
#2272=ORIENTED_EDGE('',*,*,#3846,.F.);
#2273=ORIENTED_EDGE('',*,*,#3847,.F.);
#2274=ORIENTED_EDGE('',*,*,#3702,.T.);
#2275=CARTESIAN_POINT('',(-0.101593629074097,1.08190002098083,-3.555));
#2276=DIRECTION('',(0.82659927879962,-0.562790931241742,0.0));
#2277=DIRECTION('',(-0.562790931241742,-0.82659927879962,0.0));
#2278=SURFACE_STYLE_FILL_AREA(#3848);
#2279=ORIENTED_EDGE('',*,*,#3847,.T.);
#2280=ORIENTED_EDGE('',*,*,#3849,.F.);
#2281=ORIENTED_EDGE('',*,*,#3850,.F.);
#2282=ORIENTED_EDGE('',*,*,#3703,.T.);
#2283=CARTESIAN_POINT('',(-0.0678914739608765,1.1039,-3.555));
#2284=DIRECTION('',(0.546621823167569,-0.837379592799444,0.0));
#2285=DIRECTION('',(-0.837379592799444,-0.546621823167569,0.0));
#2286=SURFACE_STYLE_FILL_AREA(#3851);
#2287=ORIENTED_EDGE('',*,*,#3850,.T.);
#2288=ORIENTED_EDGE('',*,*,#3852,.F.);
#2289=ORIENTED_EDGE('',*,*,#3853,.F.);
#2290=ORIENTED_EDGE('',*,*,#3704,.T.);
#2291=CARTESIAN_POINT('',(-0.0229553091049195,1.11490002098083,-3.555));
#2292=DIRECTION('',(0.237771780341107,-0.971321049125067,0.0));
#2293=DIRECTION('',(-0.971321049125067,-0.237771780341107,0.0));
#2294=SURFACE_STYLE_FILL_AREA(#3854);
#2295=ORIENTED_EDGE('',*,*,#3853,.T.);
#2296=ORIENTED_EDGE('',*,*,#3855,.F.);
#2297=ORIENTED_EDGE('',*,*,#3856,.F.);
#2298=ORIENTED_EDGE('',*,*,#3705,.T.);
#2299=CARTESIAN_POINT('',(0.145555324840546,1.11490002098083,-3.555));
#2300=DIRECTION('',(-0.0,-1.0,-0.0));
#2301=DIRECTION('',(-1.0,0.0,0.0));
#2302=SURFACE_STYLE_FILL_AREA(#3857);
#2303=ORIENTED_EDGE('',*,*,#3856,.T.);
#2304=ORIENTED_EDGE('',*,*,#3858,.F.);
#2305=ORIENTED_EDGE('',*,*,#3859,.F.);
#2306=ORIENTED_EDGE('',*,*,#3706,.T.);
#2307=CARTESIAN_POINT('',(0.190491489696503,1.1039,-3.555));
#2308=DIRECTION('',(-0.237771780341107,-0.971321049125067,-0.0));
#2309=DIRECTION('',(-0.971321049125067,0.237771780341107,0.0));
#2310=SURFACE_STYLE_FILL_AREA(#3860);
#2311=ORIENTED_EDGE('',*,*,#3859,.T.);
#2312=ORIENTED_EDGE('',*,*,#3861,.F.);
#2313=ORIENTED_EDGE('',*,*,#3862,.F.);
#2314=ORIENTED_EDGE('',*,*,#3707,.T.);
#2315=CARTESIAN_POINT('',(0.22419361333847,1.08190002098083,-3.555));
#2316=DIRECTION('',(-0.546622181089483,-0.837379359156276,-0.0));
#2317=DIRECTION('',(-0.837379359156276,0.546622181089483,0.0));
#2318=SURFACE_STYLE_FILL_AREA(#3863);
#2319=ORIENTED_EDGE('',*,*,#3862,.T.);
#2320=ORIENTED_EDGE('',*,*,#3864,.F.);
#2321=ORIENTED_EDGE('',*,*,#3865,.F.);
#2322=ORIENTED_EDGE('',*,*,#3708,.T.);
#2323=CARTESIAN_POINT('',(0.246661703634262,1.04890002098084,-3.555));
#2324=DIRECTION('',(-0.826599187119065,-0.56279106589755,-0.0));
#2325=DIRECTION('',(-0.56279106589755,0.826599187119065,0.0));
#2326=SURFACE_STYLE_FILL_AREA(#3866);
#2327=ORIENTED_EDGE('',*,*,#3865,.T.);
#2328=ORIENTED_EDGE('',*,*,#3867,.F.);
#2329=ORIENTED_EDGE('',*,*,#3868,.F.);
#2330=ORIENTED_EDGE('',*,*,#3709,.T.);
#2331=CARTESIAN_POINT('',(0.257895744848251,1.0049,-3.555));
#2332=DIRECTION('',(-0.968917745967776,-0.247383106837805,-0.0));
#2333=DIRECTION('',(-0.247383106837805,0.968917745967776,0.0));
#2334=SURFACE_STYLE_FILL_AREA(#3869);
#2335=ORIENTED_EDGE('',*,*,#3868,.T.);
#2336=ORIENTED_EDGE('',*,*,#3870,.F.);
#2337=ORIENTED_EDGE('',*,*,#3871,.F.);
#2338=ORIENTED_EDGE('',*,*,#3710,.T.);
#2339=CARTESIAN_POINT('',(0.257895744848251,0.9059,-3.555));
#2340=DIRECTION('',(-1.0,0.0,0.0));
#2341=DIRECTION('',(0.0,1.0,0.0));
#2342=SURFACE_STYLE_FILL_AREA(#3872);
#2343=ORIENTED_EDGE('',*,*,#3871,.T.);
#2344=ORIENTED_EDGE('',*,*,#3873,.F.);
#2345=ORIENTED_EDGE('',*,*,#3874,.F.);
#2346=ORIENTED_EDGE('',*,*,#3711,.T.);
#2347=CARTESIAN_POINT('',(0.246661703634262,0.861899979019165,-3.555));
#2348=DIRECTION('',(-0.968917745967776,0.247383106837805,0.0));
#2349=DIRECTION('',(0.247383106837805,0.968917745967776,0.0));
#2350=SURFACE_STYLE_FILL_AREA(#3875);
#2351=ORIENTED_EDGE('',*,*,#3874,.T.);
#2352=ORIENTED_EDGE('',*,*,#3876,.F.);
#2353=ORIENTED_EDGE('',*,*,#3877,.F.);
#2354=ORIENTED_EDGE('',*,*,#3712,.T.);
#2355=CARTESIAN_POINT('',(0.22419361333847,0.828899979019165,-3.555));
#2356=DIRECTION('',(-0.826599187119066,0.562791065897549,0.0));
#2357=DIRECTION('',(0.562791065897549,0.826599187119066,0.0));
#2358=SURFACE_STYLE_FILL_AREA(#3878);
#2359=ORIENTED_EDGE('',*,*,#3877,.T.);
#2360=ORIENTED_EDGE('',*,*,#3879,.F.);
#2361=ORIENTED_EDGE('',*,*,#3880,.F.);
#2362=ORIENTED_EDGE('',*,*,#3713,.T.);
#2363=CARTESIAN_POINT('',(0.190491489696503,0.817900020980835,-3.555));
#2364=DIRECTION('',(-0.310278995295631,0.950645541239391,0.0));
#2365=DIRECTION('',(0.950645541239391,0.310278995295631,0.0));
#2366=SURFACE_STYLE_FILL_AREA(#3881);
#2367=ORIENTED_EDGE('',*,*,#3880,.T.);
#2368=ORIENTED_EDGE('',*,*,#3882,.F.);
#2369=ORIENTED_EDGE('',*,*,#3764,.F.);
#2370=ORIENTED_EDGE('',*,*,#3714,.T.);
#2371=CARTESIAN_POINT('',(0.190491489696503,0.751900020980835,-3.555));
#2372=DIRECTION('',(-1.0,0.0,0.0));
#2373=DIRECTION('',(0.0,1.0,0.0));
#2374=SURFACE_STYLE_FILL_AREA(#3883);
#2375=ORIENTED_EDGE('',*,*,#3884,.T.);
#2376=ORIENTED_EDGE('',*,*,#3885,.F.);
#2377=ORIENTED_EDGE('',*,*,#3886,.F.);
#2378=ORIENTED_EDGE('',*,*,#3715,.T.);
#2379=CARTESIAN_POINT('',(0.3253,0.26790004196167,-3.555));
#2380=DIRECTION('',(-0.0,-1.0,-0.0));
#2381=DIRECTION('',(-1.0,0.0,0.0));
#2382=SURFACE_STYLE_FILL_AREA(#3887);
#2383=ORIENTED_EDGE('',*,*,#3886,.T.);
#2384=ORIENTED_EDGE('',*,*,#3888,.F.);
#2385=ORIENTED_EDGE('',*,*,#3889,.F.);
#2386=ORIENTED_EDGE('',*,*,#3716,.T.);
#2387=CARTESIAN_POINT('',(0.3253,0.663899979019165,-3.555));
#2388=DIRECTION('',(1.0,0.0,0.0));
#2389=DIRECTION('',(0.0,-1.0,0.0));
#2390=SURFACE_STYLE_FILL_AREA(#3890);
#2391=ORIENTED_EDGE('',*,*,#3889,.T.);
#2392=ORIENTED_EDGE('',*,*,#3891,.F.);
#2393=ORIENTED_EDGE('',*,*,#3892,.F.);
#2394=ORIENTED_EDGE('',*,*,#3717,.T.);
#2395=CARTESIAN_POINT('',(-0.2027,0.663899979019165,-3.555));
#2396=DIRECTION('',(-0.0,1.0,0.0));
#2397=DIRECTION('',(1.0,0.0,0.0));
#2398=SURFACE_STYLE_FILL_AREA(#3893);
#2399=ORIENTED_EDGE('',*,*,#3892,.T.);
#2400=ORIENTED_EDGE('',*,*,#3894,.F.);
#2401=ORIENTED_EDGE('',*,*,#3895,.F.);
#2402=ORIENTED_EDGE('',*,*,#3718,.T.);
#2403=CARTESIAN_POINT('',(-0.2027,0.26790004196167,-3.555));
#2404=DIRECTION('',(-1.0,0.0,0.0));
#2405=DIRECTION('',(0.0,1.0,0.0));
#2406=SURFACE_STYLE_FILL_AREA(#3896);
#2407=ORIENTED_EDGE('',*,*,#3895,.T.);
#2408=ORIENTED_EDGE('',*,*,#3897,.F.);
#2409=ORIENTED_EDGE('',*,*,#3898,.F.);
#2410=ORIENTED_EDGE('',*,*,#3719,.T.);
#2411=CARTESIAN_POINT('',(-0.135295752716064,0.26790004196167,-3.555));
#2412=DIRECTION('',(-0.0,-1.0,-0.0));
#2413=DIRECTION('',(-1.0,0.0,0.0));
#2414=SURFACE_STYLE_FILL_AREA(#3899);
#2415=ORIENTED_EDGE('',*,*,#3898,.T.);
#2416=ORIENTED_EDGE('',*,*,#3900,.F.);
#2417=ORIENTED_EDGE('',*,*,#3901,.F.);
#2418=ORIENTED_EDGE('',*,*,#3720,.T.);
#2419=CARTESIAN_POINT('',(-0.135295752716064,0.59790004196167,-3.555));
#2420=DIRECTION('',(1.0,0.0,0.0));
#2421=DIRECTION('',(0.0,-1.0,0.0));
#2422=SURFACE_STYLE_FILL_AREA(#3902);
#2423=ORIENTED_EDGE('',*,*,#3901,.T.);
#2424=ORIENTED_EDGE('',*,*,#3903,.F.);
#2425=ORIENTED_EDGE('',*,*,#3904,.F.);
#2426=ORIENTED_EDGE('',*,*,#3721,.T.);
#2427=CARTESIAN_POINT('',(0.0107468145370483,0.59790004196167,-3.555));
#2428=DIRECTION('',(-0.0,-1.0,-0.0));
#2429=DIRECTION('',(-1.0,0.0,0.0));
#2430=SURFACE_STYLE_FILL_AREA(#3905);
#2431=ORIENTED_EDGE('',*,*,#3904,.T.);
#2432=ORIENTED_EDGE('',*,*,#3906,.F.);
#2433=ORIENTED_EDGE('',*,*,#3907,.F.);
#2434=ORIENTED_EDGE('',*,*,#3722,.T.);
#2435=CARTESIAN_POINT('',(0.0107468145370483,0.3119,-3.555));
#2436=DIRECTION('',(-1.0,0.0,0.0));
#2437=DIRECTION('',(0.0,1.0,0.0));
#2438=SURFACE_STYLE_FILL_AREA(#3908);
#2439=ORIENTED_EDGE('',*,*,#3907,.T.);
#2440=ORIENTED_EDGE('',*,*,#3909,.F.);
#2441=ORIENTED_EDGE('',*,*,#3910,.F.);
#2442=ORIENTED_EDGE('',*,*,#3723,.T.);
#2443=CARTESIAN_POINT('',(0.0781510618209839,0.3119,-3.555));
#2444=DIRECTION('',(-0.0,-1.0,-0.0));
#2445=DIRECTION('',(-1.0,0.0,0.0));
#2446=SURFACE_STYLE_FILL_AREA(#3911);
#2447=ORIENTED_EDGE('',*,*,#3910,.T.);
#2448=ORIENTED_EDGE('',*,*,#3912,.F.);
#2449=ORIENTED_EDGE('',*,*,#3913,.F.);
#2450=ORIENTED_EDGE('',*,*,#3724,.T.);
#2451=CARTESIAN_POINT('',(0.0781510618209839,0.59790004196167,-3.555));
#2452=DIRECTION('',(1.0,0.0,0.0));
#2453=DIRECTION('',(0.0,-1.0,0.0));
#2454=SURFACE_STYLE_FILL_AREA(#3914);
#2455=ORIENTED_EDGE('',*,*,#3913,.T.);
#2456=ORIENTED_EDGE('',*,*,#3915,.F.);
#2457=ORIENTED_EDGE('',*,*,#3916,.F.);
#2458=ORIENTED_EDGE('',*,*,#3725,.T.);
#2459=CARTESIAN_POINT('',(0.257895744848251,0.59790004196167,-3.555));
#2460=DIRECTION('',(-0.0,-1.0,-0.0));
#2461=DIRECTION('',(-1.0,0.0,0.0));
#2462=SURFACE_STYLE_FILL_AREA(#3917);
#2463=ORIENTED_EDGE('',*,*,#3916,.T.);
#2464=ORIENTED_EDGE('',*,*,#3918,.F.);
#2465=ORIENTED_EDGE('',*,*,#3884,.F.);
#2466=ORIENTED_EDGE('',*,*,#3726,.T.);
#2467=CARTESIAN_POINT('',(0.257895744848251,0.26790004196167,-3.555));
#2468=DIRECTION('',(-1.0,0.0,0.0));
#2469=DIRECTION('',(0.0,1.0,0.0));
#2470=SURFACE_STYLE_FILL_AREA(#3919);
#2471=ORIENTED_EDGE('',*,*,#3920,.T.);
#2472=ORIENTED_EDGE('',*,*,#3921,.F.);
#2473=ORIENTED_EDGE('',*,*,#3922,.F.);
#2474=ORIENTED_EDGE('',*,*,#3727,.T.);
#2475=CARTESIAN_POINT('',(-0.191465958786011,-0.13910004196167,-3.555));
#2476=DIRECTION('',(-0.979770739215335,-0.20012320849276,-0.0));
#2477=DIRECTION('',(-0.20012320849276,0.979770739215335,0.0));
#2478=SURFACE_STYLE_FILL_AREA(#3923);
#2479=ORIENTED_EDGE('',*,*,#3922,.T.);
#2480=ORIENTED_EDGE('',*,*,#3924,.F.);
#2481=ORIENTED_EDGE('',*,*,#3925,.F.);
#2482=ORIENTED_EDGE('',*,*,#3728,.T.);
#2483=CARTESIAN_POINT('',(-0.168997876358032,-0.1831,-3.555));
#2484=DIRECTION('',(-0.890605111201687,-0.454777457556364,-0.0));
#2485=DIRECTION('',(-0.454777457556364,0.890605111201687,0.0));
#2486=SURFACE_STYLE_FILL_AREA(#3926);
#2487=ORIENTED_EDGE('',*,*,#3925,.T.);
#2488=ORIENTED_EDGE('',*,*,#3927,.F.);
#2489=ORIENTED_EDGE('',*,*,#3928,.F.);
#2490=ORIENTED_EDGE('',*,*,#3729,.T.);
#2491=CARTESIAN_POINT('',(-0.124061711502075,-0.22709995803833,-3.555));
#2492=DIRECTION('',(-0.699624494557072,-0.714510718335115,-0.0));
#2493=DIRECTION('',(-0.714510718335115,0.699624494557072,0.0));
#2494=SURFACE_STYLE_FILL_AREA(#3929);
#2495=ORIENTED_EDGE('',*,*,#3928,.T.);
#2496=ORIENTED_EDGE('',*,*,#3930,.F.);
#2497=ORIENTED_EDGE('',*,*,#3931,.F.);
#2498=ORIENTED_EDGE('',*,*,#3730,.T.);
#2499=CARTESIAN_POINT('',(-0.0791255466461182,-0.2491,-3.555));
#2500=DIRECTION('',(-0.439714172352678,-0.898137765953642,-0.0));
#2501=DIRECTION('',(-0.898137765953642,0.439714172352678,0.0));
#2502=SURFACE_STYLE_FILL_AREA(#3932);
#2503=ORIENTED_EDGE('',*,*,#3931,.T.);
#2504=ORIENTED_EDGE('',*,*,#3933,.F.);
#2505=ORIENTED_EDGE('',*,*,#3934,.F.);
#2506=ORIENTED_EDGE('',*,*,#3731,.T.);
#2507=CARTESIAN_POINT('',(-0.0229553091049195,-0.26009995803833,-3.555));
#2508=DIRECTION('',(-0.192182043673012,-0.981359293067358,-0.0));
#2509=DIRECTION('',(-0.981359293067358,0.192182043673012,0.0));
#2510=SURFACE_STYLE_FILL_AREA(#3935);
#2511=ORIENTED_EDGE('',*,*,#3934,.T.);
#2512=ORIENTED_EDGE('',*,*,#3936,.F.);
#2513=ORIENTED_EDGE('',*,*,#3937,.F.);
#2514=ORIENTED_EDGE('',*,*,#3732,.T.);
#2515=CARTESIAN_POINT('',(0.145555324840546,-0.26009995803833,-3.555));
#2516=DIRECTION('',(-0.0,-1.0,-0.0));
#2517=DIRECTION('',(-1.0,0.0,0.0));
#2518=SURFACE_STYLE_FILL_AREA(#3938);
#2519=ORIENTED_EDGE('',*,*,#3937,.T.);
#2520=ORIENTED_EDGE('',*,*,#3939,.F.);
#2521=ORIENTED_EDGE('',*,*,#3940,.F.);
#2522=ORIENTED_EDGE('',*,*,#3733,.T.);
#2523=CARTESIAN_POINT('',(0.201725530910492,-0.2491,-3.555));
#2524=DIRECTION('',(0.192182147372564,-0.98135927275961,0.0));
#2525=DIRECTION('',(-0.98135927275961,-0.192182147372564,0.0));
#2526=SURFACE_STYLE_FILL_AREA(#3941);
#2527=ORIENTED_EDGE('',*,*,#3940,.T.);
#2528=ORIENTED_EDGE('',*,*,#3942,.F.);
#2529=ORIENTED_EDGE('',*,*,#3943,.F.);
#2530=ORIENTED_EDGE('',*,*,#3734,.T.);
#2531=CARTESIAN_POINT('',(0.246661703634262,-0.22709995803833,-3.555));
#2532=DIRECTION('',(0.439714110249424,-0.89813779635842,0.0));
#2533=DIRECTION('',(-0.89813779635842,-0.439714110249424,0.0));
#2534=SURFACE_STYLE_FILL_AREA(#3944);
#2535=ORIENTED_EDGE('',*,*,#3943,.T.);
#2536=ORIENTED_EDGE('',*,*,#3945,.F.);
#2537=ORIENTED_EDGE('',*,*,#3946,.F.);
#2538=ORIENTED_EDGE('',*,*,#3735,.T.);
#2539=CARTESIAN_POINT('',(0.291597872424126,-0.1831,-3.555));
#2540=DIRECTION('',(0.699624463288321,-0.714510748952407,0.0));
#2541=DIRECTION('',(-0.714510748952407,-0.699624463288321,0.0));
#2542=SURFACE_STYLE_FILL_AREA(#3947);
#2543=ORIENTED_EDGE('',*,*,#3946,.T.);
#2544=ORIENTED_EDGE('',*,*,#3948,.F.);
#2545=ORIENTED_EDGE('',*,*,#3949,.F.);
#2546=ORIENTED_EDGE('',*,*,#3736,.T.);
#2547=CARTESIAN_POINT('',(0.314065957802534,-0.13910004196167,-3.555));
#2548=DIRECTION('',(0.890605087013554,-0.454777504924749,0.0));
#2549=DIRECTION('',(-0.454777504924749,-0.890605087013554,0.0));
#2550=SURFACE_STYLE_FILL_AREA(#3950);
#2551=ORIENTED_EDGE('',*,*,#3949,.T.);
#2552=ORIENTED_EDGE('',*,*,#3951,.F.);
#2553=ORIENTED_EDGE('',*,*,#3952,.F.);
#2554=ORIENTED_EDGE('',*,*,#3737,.T.);
#2555=CARTESIAN_POINT('',(0.3253,-0.0841000000000001,-3.555));
#2556=DIRECTION('',(0.979770735780171,-0.200123225310762,0.0));
#2557=DIRECTION('',(-0.200123225310762,-0.979770735780171,0.0));
#2558=SURFACE_STYLE_FILL_AREA(#3953);
#2559=ORIENTED_EDGE('',*,*,#3952,.T.);
#2560=ORIENTED_EDGE('',*,*,#3954,.F.);
#2561=ORIENTED_EDGE('',*,*,#3955,.F.);
#2562=ORIENTED_EDGE('',*,*,#3738,.T.);
#2563=CARTESIAN_POINT('',(0.3253,0.1799,-3.555));
#2564=DIRECTION('',(1.0,0.0,0.0));
#2565=DIRECTION('',(0.0,-1.0,0.0));
#2566=SURFACE_STYLE_FILL_AREA(#3956);
#2567=ORIENTED_EDGE('',*,*,#3955,.T.);
#2568=ORIENTED_EDGE('',*,*,#3957,.F.);
#2569=ORIENTED_EDGE('',*,*,#3958,.F.);
#2570=ORIENTED_EDGE('',*,*,#3739,.T.);
#2571=CARTESIAN_POINT('',(-0.2027,0.1799,-3.555));
#2572=DIRECTION('',(-0.0,1.0,0.0));
#2573=DIRECTION('',(1.0,0.0,0.0));
#2574=SURFACE_STYLE_FILL_AREA(#3959);
#2575=ORIENTED_EDGE('',*,*,#3958,.T.);
#2576=ORIENTED_EDGE('',*,*,#3960,.F.);
#2577=ORIENTED_EDGE('',*,*,#3920,.F.);
#2578=ORIENTED_EDGE('',*,*,#3740,.T.);
#2579=CARTESIAN_POINT('',(-0.2027,-0.0841000000000001,-3.555));
#2580=DIRECTION('',(-1.0,0.0,0.0));
#2581=DIRECTION('',(0.0,1.0,0.0));
#2582=SURFACE_STYLE_FILL_AREA(#3961);
#2583=ORIENTED_EDGE('',*,*,#3962,.F.);
#2584=ORIENTED_EDGE('',*,*,#3963,.T.);
#2585=ORIENTED_EDGE('',*,*,#3964,.T.);
#2586=ORIENTED_EDGE('',*,*,#3965,.F.);
#2587=ORIENTED_EDGE('',*,*,#3966,.T.);
#2588=ORIENTED_EDGE('',*,*,#3967,.T.);
#2589=ORIENTED_EDGE('',*,*,#3968,.T.);
#2590=ORIENTED_EDGE('',*,*,#3969,.F.);
#2591=ORIENTED_EDGE('',*,*,#3970,.T.);
#2592=ORIENTED_EDGE('',*,*,#3971,.T.);
#2593=ORIENTED_EDGE('',*,*,#3972,.F.);
#2594=ORIENTED_EDGE('',*,*,#3741,.T.);
#2595=ORIENTED_EDGE('',*,*,#3973,.F.);
#2596=ORIENTED_EDGE('',*,*,#3974,.F.);
#2597=ORIENTED_EDGE('',*,*,#3975,.F.);
#2598=ORIENTED_EDGE('',*,*,#3976,.T.);
#2599=ORIENTED_EDGE('',*,*,#3977,.T.);
#2600=ORIENTED_EDGE('',*,*,#3978,.F.);
#2601=ORIENTED_EDGE('',*,*,#3979,.T.);
#2602=ORIENTED_EDGE('',*,*,#3980,.T.);
#2603=ORIENTED_EDGE('',*,*,#3981,.F.);
#2604=ORIENTED_EDGE('',*,*,#3982,.F.);
#2605=ORIENTED_EDGE('',*,*,#3983,.F.);
#2606=ORIENTED_EDGE('',*,*,#3984,.T.);
#2607=ORIENTED_EDGE('',*,*,#3985,.T.);
#2608=ORIENTED_EDGE('',*,*,#3986,.T.);
#2609=ORIENTED_EDGE('',*,*,#3987,.T.);
#2610=CARTESIAN_POINT('',(0.400000000000007,-10.16,-3.555));
#2611=DIRECTION('',(1.0,0.0,0.0));
#2612=DIRECTION('',(0.0,1.0,0.0));
#2613=SURFACE_STYLE_FILL_AREA(#3988);
#2614=ORIENTED_EDGE('',*,*,#3972,.T.);
#2615=ORIENTED_EDGE('',*,*,#3989,.F.);
#2616=ORIENTED_EDGE('',*,*,#3990,.F.);
#2617=ORIENTED_EDGE('',*,*,#3742,.T.);
#2618=CARTESIAN_POINT('',(-0.399999999999993,-2.23999999999997,-2.795));
#2619=DIRECTION('',(0.0,1.0,0.0));
#2620=DIRECTION('',(0.0,0.0,-1.0));
#2621=SURFACE_STYLE_FILL_AREA(#3991);
#2622=ORIENTED_EDGE('',*,*,#3992,.F.);
#2623=ORIENTED_EDGE('',*,*,#3993,.F.);
#2624=ORIENTED_EDGE('',*,*,#3994,.F.);
#2625=ORIENTED_EDGE('',*,*,#3995,.F.);
#2626=ORIENTED_EDGE('',*,*,#3996,.F.);
#2627=ORIENTED_EDGE('',*,*,#3997,.F.);
#2628=ORIENTED_EDGE('',*,*,#3998,.F.);
#2629=ORIENTED_EDGE('',*,*,#3999,.F.);
#2630=ORIENTED_EDGE('',*,*,#4000,.F.);
#2631=ORIENTED_EDGE('',*,*,#4001,.F.);
#2632=ORIENTED_EDGE('',*,*,#4002,.F.);
#2633=ORIENTED_EDGE('',*,*,#4003,.F.);
#2634=ORIENTED_EDGE('',*,*,#4004,.F.);
#2635=ORIENTED_EDGE('',*,*,#4005,.F.);
#2636=ORIENTED_EDGE('',*,*,#4006,.F.);
#2637=ORIENTED_EDGE('',*,*,#4007,.F.);
#2638=ORIENTED_EDGE('',*,*,#4008,.F.);
#2639=ORIENTED_EDGE('',*,*,#4009,.F.);
#2640=ORIENTED_EDGE('',*,*,#4010,.F.);
#2641=ORIENTED_EDGE('',*,*,#4011,.F.);
#2642=ORIENTED_EDGE('',*,*,#4012,.F.);
#2643=ORIENTED_EDGE('',*,*,#4013,.F.);
#2644=ORIENTED_EDGE('',*,*,#4014,.F.);
#2645=ORIENTED_EDGE('',*,*,#4015,.F.);
#2646=ORIENTED_EDGE('',*,*,#4016,.F.);
#2647=ORIENTED_EDGE('',*,*,#4017,.F.);
#2648=ORIENTED_EDGE('',*,*,#4018,.F.);
#2649=ORIENTED_EDGE('',*,*,#4019,.F.);
#2650=ORIENTED_EDGE('',*,*,#4020,.F.);
#2651=ORIENTED_EDGE('',*,*,#4021,.F.);
#2652=ORIENTED_EDGE('',*,*,#4022,.F.);
#2653=ORIENTED_EDGE('',*,*,#4023,.F.);
#2654=ORIENTED_EDGE('',*,*,#4024,.F.);
#2655=ORIENTED_EDGE('',*,*,#4025,.F.);
#2656=ORIENTED_EDGE('',*,*,#4026,.F.);
#2657=ORIENTED_EDGE('',*,*,#4027,.F.);
#2658=ORIENTED_EDGE('',*,*,#4028,.F.);
#2659=ORIENTED_EDGE('',*,*,#4029,.T.);
#2660=ORIENTED_EDGE('',*,*,#4030,.T.);
#2661=ORIENTED_EDGE('',*,*,#4031,.T.);
#2662=ORIENTED_EDGE('',*,*,#4032,.T.);
#2663=ORIENTED_EDGE('',*,*,#4033,.T.);
#2664=ORIENTED_EDGE('',*,*,#4034,.T.);
#2665=ORIENTED_EDGE('',*,*,#4035,.T.);
#2666=ORIENTED_EDGE('',*,*,#4036,.T.);
#2667=ORIENTED_EDGE('',*,*,#4037,.T.);
#2668=ORIENTED_EDGE('',*,*,#4038,.T.);
#2669=ORIENTED_EDGE('',*,*,#4039,.T.);
#2670=ORIENTED_EDGE('',*,*,#4040,.T.);
#2671=ORIENTED_EDGE('',*,*,#3743,.T.);
#2672=ORIENTED_EDGE('',*,*,#3990,.T.);
#2673=ORIENTED_EDGE('',*,*,#4041,.F.);
#2674=ORIENTED_EDGE('',*,*,#4042,.F.);
#2675=ORIENTED_EDGE('',*,*,#4043,.F.);
#2676=ORIENTED_EDGE('',*,*,#4044,.F.);
#2677=ORIENTED_EDGE('',*,*,#4045,.F.);
#2678=ORIENTED_EDGE('',*,*,#4046,.F.);
#2679=ORIENTED_EDGE('',*,*,#4047,.T.);
#2680=ORIENTED_EDGE('',*,*,#4048,.T.);
#2681=ORIENTED_EDGE('',*,*,#4049,.T.);
#2682=ORIENTED_EDGE('',*,*,#4050,.T.);
#2683=ORIENTED_EDGE('',*,*,#4051,.T.);
#2684=CARTESIAN_POINT('',(-0.399999999999993,10.16,-3.555));
#2685=DIRECTION('',(-1.0,0.0,0.0));
#2686=DIRECTION('',(0.0,-1.0,0.0));
#2687=SURFACE_STYLE_FILL_AREA(#4052);
#2688=ORIENTED_EDGE('',*,*,#4040,.F.);
#2689=ORIENTED_EDGE('',*,*,#4053,.T.);
#2690=ORIENTED_EDGE('',*,*,#3973,.T.);
#2691=ORIENTED_EDGE('',*,*,#3744,.F.);
#2692=CARTESIAN_POINT('',(-0.399999999999993,3.05000000000003,-5.335));
#2693=DIRECTION('',(0.0,-1.0,0.0));
#2694=DIRECTION('',(0.0,0.0,1.0));
#2695=SURFACE_STYLE_FILL_AREA(#4054);
#2696=ORIENTED_EDGE('',*,*,#3759,.T.);
#2697=ORIENTED_EDGE('',*,*,#3756,.T.);
#2698=ORIENTED_EDGE('',*,*,#3753,.T.);
#2699=ORIENTED_EDGE('',*,*,#3750,.T.);
#2700=ORIENTED_EDGE('',*,*,#3747,.T.);
#2701=ORIENTED_EDGE('',*,*,#3762,.T.);
#2702=CARTESIAN_POINT('',(0.0,0.0,-3.575));
#2703=DIRECTION('',(-0.0,-0.0,-1.0));
#2704=DIRECTION('',(0.0,-1.0,0.0));
#2705=SURFACE_STYLE_FILL_AREA(#4055);
#2706=ORIENTED_EDGE('',*,*,#3879,.T.);
#2707=ORIENTED_EDGE('',*,*,#3876,.T.);
#2708=ORIENTED_EDGE('',*,*,#3873,.T.);
#2709=ORIENTED_EDGE('',*,*,#3870,.T.);
#2710=ORIENTED_EDGE('',*,*,#3867,.T.);
#2711=ORIENTED_EDGE('',*,*,#3864,.T.);
#2712=ORIENTED_EDGE('',*,*,#3861,.T.);
#2713=ORIENTED_EDGE('',*,*,#3858,.T.);
#2714=ORIENTED_EDGE('',*,*,#3855,.T.);
#2715=ORIENTED_EDGE('',*,*,#3852,.T.);
#2716=ORIENTED_EDGE('',*,*,#3849,.T.);
#2717=ORIENTED_EDGE('',*,*,#3846,.T.);
#2718=ORIENTED_EDGE('',*,*,#3843,.T.);
#2719=ORIENTED_EDGE('',*,*,#3840,.T.);
#2720=ORIENTED_EDGE('',*,*,#3837,.T.);
#2721=ORIENTED_EDGE('',*,*,#3834,.T.);
#2722=ORIENTED_EDGE('',*,*,#3831,.T.);
#2723=ORIENTED_EDGE('',*,*,#3828,.T.);
#2724=ORIENTED_EDGE('',*,*,#3825,.T.);
#2725=ORIENTED_EDGE('',*,*,#3822,.T.);
#2726=ORIENTED_EDGE('',*,*,#3819,.T.);
#2727=ORIENTED_EDGE('',*,*,#3816,.T.);
#2728=ORIENTED_EDGE('',*,*,#3813,.T.);
#2729=ORIENTED_EDGE('',*,*,#3810,.T.);
#2730=ORIENTED_EDGE('',*,*,#3807,.T.);
#2731=ORIENTED_EDGE('',*,*,#3804,.T.);
#2732=ORIENTED_EDGE('',*,*,#3801,.T.);
#2733=ORIENTED_EDGE('',*,*,#3798,.T.);
#2734=ORIENTED_EDGE('',*,*,#3795,.T.);
#2735=ORIENTED_EDGE('',*,*,#3792,.T.);
#2736=ORIENTED_EDGE('',*,*,#3789,.T.);
#2737=ORIENTED_EDGE('',*,*,#3786,.T.);
#2738=ORIENTED_EDGE('',*,*,#3783,.T.);
#2739=ORIENTED_EDGE('',*,*,#3780,.T.);
#2740=ORIENTED_EDGE('',*,*,#3777,.T.);
#2741=ORIENTED_EDGE('',*,*,#3774,.T.);
#2742=ORIENTED_EDGE('',*,*,#3771,.T.);
#2743=ORIENTED_EDGE('',*,*,#3768,.T.);
#2744=ORIENTED_EDGE('',*,*,#3765,.T.);
#2745=ORIENTED_EDGE('',*,*,#3882,.T.);
#2746=CARTESIAN_POINT('',(0.0,0.0,-3.575));
#2747=DIRECTION('',(-0.0,-0.0,-1.0));
#2748=DIRECTION('',(0.0,-1.0,0.0));
#2749=SURFACE_STYLE_FILL_AREA(#4056);
#2750=ORIENTED_EDGE('',*,*,#3915,.T.);
#2751=ORIENTED_EDGE('',*,*,#3912,.T.);
#2752=ORIENTED_EDGE('',*,*,#3909,.T.);
#2753=ORIENTED_EDGE('',*,*,#3906,.T.);
#2754=ORIENTED_EDGE('',*,*,#3903,.T.);
#2755=ORIENTED_EDGE('',*,*,#3900,.T.);
#2756=ORIENTED_EDGE('',*,*,#3897,.T.);
#2757=ORIENTED_EDGE('',*,*,#3894,.T.);
#2758=ORIENTED_EDGE('',*,*,#3891,.T.);
#2759=ORIENTED_EDGE('',*,*,#3888,.T.);
#2760=ORIENTED_EDGE('',*,*,#3885,.T.);
#2761=ORIENTED_EDGE('',*,*,#3918,.T.);
#2762=CARTESIAN_POINT('',(0.0,0.0,-3.575));
#2763=DIRECTION('',(-0.0,-0.0,-1.0));
#2764=DIRECTION('',(0.0,-1.0,0.0));
#2765=SURFACE_STYLE_FILL_AREA(#4057);
#2766=ORIENTED_EDGE('',*,*,#4058,.T.);
#2767=ORIENTED_EDGE('',*,*,#4059,.T.);
#2768=ORIENTED_EDGE('',*,*,#4060,.T.);
#2769=ORIENTED_EDGE('',*,*,#4061,.T.);
#2770=ORIENTED_EDGE('',*,*,#4062,.T.);
#2771=ORIENTED_EDGE('',*,*,#4063,.T.);
#2772=ORIENTED_EDGE('',*,*,#4064,.T.);
#2773=ORIENTED_EDGE('',*,*,#4065,.T.);
#2774=ORIENTED_EDGE('',*,*,#4066,.T.);
#2775=ORIENTED_EDGE('',*,*,#4067,.T.);
#2776=ORIENTED_EDGE('',*,*,#4068,.T.);
#2777=ORIENTED_EDGE('',*,*,#4069,.T.);
#2778=ORIENTED_EDGE('',*,*,#3957,.T.);
#2779=ORIENTED_EDGE('',*,*,#3954,.T.);
#2780=ORIENTED_EDGE('',*,*,#3951,.T.);
#2781=ORIENTED_EDGE('',*,*,#3948,.T.);
#2782=ORIENTED_EDGE('',*,*,#3945,.T.);
#2783=ORIENTED_EDGE('',*,*,#3942,.T.);
#2784=ORIENTED_EDGE('',*,*,#3939,.T.);
#2785=ORIENTED_EDGE('',*,*,#3936,.T.);
#2786=ORIENTED_EDGE('',*,*,#3933,.T.);
#2787=ORIENTED_EDGE('',*,*,#3930,.T.);
#2788=ORIENTED_EDGE('',*,*,#3927,.T.);
#2789=ORIENTED_EDGE('',*,*,#3924,.T.);
#2790=ORIENTED_EDGE('',*,*,#3921,.T.);
#2791=ORIENTED_EDGE('',*,*,#3960,.T.);
#2792=CARTESIAN_POINT('',(0.0,0.0,-3.575));
#2793=DIRECTION('',(-0.0,-0.0,-1.0));
#2794=DIRECTION('',(0.0,-1.0,0.0));
#2795=SURFACE_STYLE_FILL_AREA(#4070);
#2796=ORIENTED_EDGE('',*,*,#4050,.F.);
#2797=ORIENTED_EDGE('',*,*,#4071,.T.);
#2798=ORIENTED_EDGE('',*,*,#3962,.T.);
#2799=ORIENTED_EDGE('',*,*,#4072,.T.);
#2800=CARTESIAN_POINT('',(-0.399999999999993,10.16,-9.145));
#2801=DIRECTION('',(-0.0,-0.0,-1.0));
#2802=DIRECTION('',(0.0,-1.0,0.0));
#2803=SURFACE_STYLE_FILL_AREA(#4073);
#2804=ORIENTED_EDGE('',*,*,#4071,.F.);
#2805=ORIENTED_EDGE('',*,*,#4049,.F.);
#2806=ORIENTED_EDGE('',*,*,#4074,.T.);
#2807=ORIENTED_EDGE('',*,*,#3963,.F.);
#2808=CARTESIAN_POINT('',(-1.44288000000004,9.59981137949151,-8.845));
#2809=DIRECTION('',(1.0,-0.0,0.0));
#2810=DIRECTION('',(0.0,0.0,-1.0));
#2811=SURFACE_STYLE_FILL_AREA(#4075);
#2812=ORIENTED_EDGE('',*,*,#4048,.F.);
#2813=ORIENTED_EDGE('',*,*,#4076,.T.);
#2814=ORIENTED_EDGE('',*,*,#3964,.F.);
#2815=ORIENTED_EDGE('',*,*,#4074,.F.);
#2816=CARTESIAN_POINT('',(3.5527136788005E-15,10.01,-8.095));
#2817=DIRECTION('',(0.0,0.989949493661167,-0.141421356237309));
#2818=DIRECTION('',(0.0,0.141421356237309,0.989949493661167));
#2819=SURFACE_STYLE_FILL_AREA(#4077);
#2820=ORIENTED_EDGE('',*,*,#4047,.F.);
#2821=ORIENTED_EDGE('',*,*,#4078,.F.);
#2822=ORIENTED_EDGE('',*,*,#3965,.T.);
#2823=ORIENTED_EDGE('',*,*,#4076,.F.);
#2824=CARTESIAN_POINT('',(0.400000000000007,10.16,-3.555));
#2825=DIRECTION('',(0.0,1.0,-0.0));
#2826=DIRECTION('',(-1.0,0.0,0.0));
#2827=SURFACE_STYLE_FILL_AREA(#4079);
#2828=ORIENTED_EDGE('',*,*,#4080,.T.);
#2829=ORIENTED_EDGE('',*,*,#3966,.F.);
#2830=ORIENTED_EDGE('',*,*,#4078,.T.);
#2831=ORIENTED_EDGE('',*,*,#4046,.T.);
#2832=CARTESIAN_POINT('',(-0.399999999999993,10.16,-4.29143107478748));
#2833=DIRECTION('',(-0.0,-0.774484335236541,-0.632593087595188));
#2834=DIRECTION('',(0.0,-0.632593087595188,0.774484335236541));
#2835=SURFACE_STYLE_FILL_AREA(#4081);
#2836=ORIENTED_EDGE('',*,*,#4082,.F.);
#2837=ORIENTED_EDGE('',*,*,#4083,.T.);
#2838=ORIENTED_EDGE('',*,*,#3967,.F.);
#2839=ORIENTED_EDGE('',*,*,#4080,.F.);
#2840=ORIENTED_EDGE('',*,*,#4045,.T.);
#2841=ORIENTED_EDGE('',*,*,#4084,.T.);
#2842=CARTESIAN_POINT('',(-0.399999999999993,9.06000000000003,-2.9447));
#2843=DIRECTION('',(0.0,-0.796222702778825,0.605003642616788));
#2844=DIRECTION('',(0.0,0.605003642616788,0.796222702778825));
#2845=SURFACE_STYLE_FILL_AREA(#4085);
#2846=ORIENTED_EDGE('',*,*,#4086,.T.);
#2847=ORIENTED_EDGE('',*,*,#3968,.F.);
#2848=ORIENTED_EDGE('',*,*,#4083,.F.);
#2849=ORIENTED_EDGE('',*,*,#4087,.T.);
#2850=CARTESIAN_POINT('',(0.325000000000007,9.66000000000003,1.02898446260626));
#2851=DIRECTION('',(0.988936352868298,0.148340452930244,-1.27862888637656E-19));
#2852=DIRECTION('',(-0.148340452930244,0.988936352868298,1.91794332956483E-20));
#2853=SURFACE_STYLE_FILL_AREA(#4088);
#2854=ORIENTED_EDGE('',*,*,#3969,.T.);
#2855=ORIENTED_EDGE('',*,*,#4089,.T.);
#2856=ORIENTED_EDGE('',*,*,#4043,.T.);
#2857=ORIENTED_EDGE('',*,*,#4090,.T.);
#2858=CARTESIAN_POINT('',(0.0,0.0,3.555));
#2859=DIRECTION('',(0.0,0.0,1.0));
#2860=DIRECTION('',(1.0,0.0,0.0));
#2861=SURFACE_STYLE_FILL_AREA(#4091);
#2862=ORIENTED_EDGE('',*,*,#4092,.F.);
#2863=ORIENTED_EDGE('',*,*,#3970,.F.);
#2864=ORIENTED_EDGE('',*,*,#4093,.T.);
#2865=ORIENTED_EDGE('',*,*,#4094,.T.);
#2866=CARTESIAN_POINT('',(0.325000000000007,-9.65999999999997,0.379999999999987));
#2867=DIRECTION('',(0.988936352868298,-0.148340452930245,0.0));
#2868=DIRECTION('',(-0.148340452930245,-0.988936352868298,0.0));
#2869=SURFACE_STYLE_FILL_AREA(#4095);
#2870=ORIENTED_EDGE('',*,*,#4041,.T.);
#2871=ORIENTED_EDGE('',*,*,#3989,.T.);
#2872=ORIENTED_EDGE('',*,*,#3971,.F.);
#2873=ORIENTED_EDGE('',*,*,#4096,.F.);
#2874=CARTESIAN_POINT('',(-0.399999999999993,-10.16,-2.795));
#2875=DIRECTION('',(0.0,-0.0,1.0));
#2876=DIRECTION('',(0.0,1.0,0.0));
#2877=SURFACE_STYLE_FILL_AREA(#4097);
#2878=ORIENTED_EDGE('',*,*,#3974,.T.);
#2879=ORIENTED_EDGE('',*,*,#4053,.F.);
#2880=ORIENTED_EDGE('',*,*,#4039,.F.);
#2881=ORIENTED_EDGE('',*,*,#4098,.F.);
#2882=CARTESIAN_POINT('',(-0.399999999999993,10.16,-5.335));
#2883=DIRECTION('',(-0.0,-0.0,-1.0));
#2884=DIRECTION('',(0.0,-1.0,0.0));
#2885=SURFACE_STYLE_FILL_AREA(#4099);
#2886=ORIENTED_EDGE('',*,*,#3975,.T.);
#2887=ORIENTED_EDGE('',*,*,#4098,.T.);
#2888=ORIENTED_EDGE('',*,*,#4038,.F.);
#2889=ORIENTED_EDGE('',*,*,#4100,.T.);
#2890=CARTESIAN_POINT('',(-0.399999999999993,3.88000000000003,-9.145));
#2891=DIRECTION('',(0.0,-1.0,0.0));
#2892=DIRECTION('',(0.0,0.0,1.0));
#2893=SURFACE_STYLE_FILL_AREA(#4101);
#2894=ORIENTED_EDGE('',*,*,#3976,.F.);
#2895=ORIENTED_EDGE('',*,*,#4100,.F.);
#2896=ORIENTED_EDGE('',*,*,#4037,.F.);
#2897=ORIENTED_EDGE('',*,*,#4102,.F.);
#2898=CARTESIAN_POINT('',(2.66453525910038E-15,4.03000000000003,-8.095));
#2899=DIRECTION('',(-1.5884594878114E-18,-0.989949493661167,-0.141421356237309));
#2900=DIRECTION('',(-1.11192164146798E-17,0.141421356237309,-0.989949493661167));
#2901=SURFACE_STYLE_FILL_AREA(#4103);
#2902=ORIENTED_EDGE('',*,*,#4104,.F.);
#2903=ORIENTED_EDGE('',*,*,#3977,.F.);
#2904=ORIENTED_EDGE('',*,*,#4102,.T.);
#2905=ORIENTED_EDGE('',*,*,#4036,.F.);
#2906=CARTESIAN_POINT('',(1.44288000000005,4.44018862050855,-8.845));
#2907=DIRECTION('',(-1.0,-0.0,0.0));
#2908=DIRECTION('',(0.0,-2.96059473233374E-15,-1.0));
#2909=SURFACE_STYLE_FILL_AREA(#4105);
#2910=ORIENTED_EDGE('',*,*,#3978,.T.);
#2911=ORIENTED_EDGE('',*,*,#4104,.T.);
#2912=ORIENTED_EDGE('',*,*,#4035,.F.);
#2913=ORIENTED_EDGE('',*,*,#4106,.T.);
#2914=CARTESIAN_POINT('',(-0.399999999999993,5.08000000000003,-9.145));
#2915=DIRECTION('',(-0.0,-0.0,-1.0));
#2916=DIRECTION('',(0.0,-1.0,0.0));
#2917=SURFACE_STYLE_FILL_AREA(#4107);
#2918=ORIENTED_EDGE('',*,*,#4106,.F.);
#2919=ORIENTED_EDGE('',*,*,#4034,.F.);
#2920=ORIENTED_EDGE('',*,*,#4108,.T.);
#2921=ORIENTED_EDGE('',*,*,#3979,.F.);
#2922=CARTESIAN_POINT('',(-1.44288000000004,4.51981137949151,-8.845));
#2923=DIRECTION('',(1.0,-0.0,0.0));
#2924=DIRECTION('',(0.0,0.0,-1.0));
#2925=SURFACE_STYLE_FILL_AREA(#4109);
#2926=ORIENTED_EDGE('',*,*,#4033,.F.);
#2927=ORIENTED_EDGE('',*,*,#4110,.T.);
#2928=ORIENTED_EDGE('',*,*,#3980,.F.);
#2929=ORIENTED_EDGE('',*,*,#4108,.F.);
#2930=CARTESIAN_POINT('',(0.0,4.93000000000003,-8.095));
#2931=DIRECTION('',(5.0584202385932E-19,0.989949493661167,-0.141421356237309));
#2932=DIRECTION('',(-3.54089416701524E-18,0.141421356237309,0.989949493661167));
#2933=SURFACE_STYLE_FILL_AREA(#4111);
#2934=ORIENTED_EDGE('',*,*,#4032,.F.);
#2935=ORIENTED_EDGE('',*,*,#4112,.F.);
#2936=ORIENTED_EDGE('',*,*,#3981,.T.);
#2937=ORIENTED_EDGE('',*,*,#4110,.F.);
#2938=CARTESIAN_POINT('',(-0.399999999999993,5.08000000000003,-5.335));
#2939=DIRECTION('',(0.0,1.0,0.0));
#2940=DIRECTION('',(0.0,0.0,-1.0));
#2941=SURFACE_STYLE_FILL_AREA(#4113);
#2942=ORIENTED_EDGE('',*,*,#3982,.T.);
#2943=ORIENTED_EDGE('',*,*,#4112,.T.);
#2944=ORIENTED_EDGE('',*,*,#4031,.F.);
#2945=ORIENTED_EDGE('',*,*,#4114,.F.);
#2946=CARTESIAN_POINT('',(-0.399999999999993,10.16,-5.335));
#2947=DIRECTION('',(-0.0,-0.0,-1.0));
#2948=DIRECTION('',(0.0,-1.0,0.0));
#2949=SURFACE_STYLE_FILL_AREA(#4115);
#2950=ORIENTED_EDGE('',*,*,#3983,.T.);
#2951=ORIENTED_EDGE('',*,*,#4114,.T.);
#2952=ORIENTED_EDGE('',*,*,#4030,.F.);
#2953=ORIENTED_EDGE('',*,*,#4116,.T.);
#2954=CARTESIAN_POINT('',(-0.399999999999993,8.96000000000003,-9.145));
#2955=DIRECTION('',(0.0,-1.0,0.0));
#2956=DIRECTION('',(0.0,0.0,1.0));
#2957=SURFACE_STYLE_FILL_AREA(#4117);
#2958=ORIENTED_EDGE('',*,*,#3984,.F.);
#2959=ORIENTED_EDGE('',*,*,#4116,.F.);
#2960=ORIENTED_EDGE('',*,*,#4029,.F.);
#2961=ORIENTED_EDGE('',*,*,#4118,.F.);
#2962=CARTESIAN_POINT('',(1.77635683940025E-15,9.11000000000003,-8.095));
#2963=DIRECTION('',(3.96849468209685E-19,-0.989949493661167,-0.141421356237309));
#2964=DIRECTION('',(2.7779462774678E-18,0.141421356237309,-0.989949493661167));
#2965=SURFACE_STYLE_FILL_AREA(#4119);
#2966=ORIENTED_EDGE('',*,*,#4072,.F.);
#2967=ORIENTED_EDGE('',*,*,#3985,.F.);
#2968=ORIENTED_EDGE('',*,*,#4118,.T.);
#2969=ORIENTED_EDGE('',*,*,#4051,.F.);
#2970=CARTESIAN_POINT('',(1.44288000000005,9.52018862050856,-8.845));
#2971=DIRECTION('',(-1.0,-0.0,-0.0));
#2972=DIRECTION('',(0.0,0.0,-1.0));
#2973=SURFACE_STYLE_FILL_AREA(#4120);
#2974=ORIENTED_EDGE('',*,*,#4121,.T.);
#2975=ORIENTED_EDGE('',*,*,#3986,.F.);
#2976=ORIENTED_EDGE('',*,*,#4122,.F.);
#2977=ORIENTED_EDGE('',*,*,#3992,.T.);
#2978=CARTESIAN_POINT('',(-0.399999999999993,-5.64499999999997,0.38));
#2979=DIRECTION('',(-1.0,0.0,0.0));
#2980=DIRECTION('',(0.0,-1.0,0.0));
#2981=SURFACE_STYLE_FILL_AREA(#4123);
#2982=ORIENTED_EDGE('',*,*,#4122,.T.);
#2983=ORIENTED_EDGE('',*,*,#3987,.F.);
#2984=ORIENTED_EDGE('',*,*,#4121,.F.);
#2985=ORIENTED_EDGE('',*,*,#3993,.T.);
#2986=CARTESIAN_POINT('',(-0.399999999999993,-5.64499999999997,0.38));
#2987=DIRECTION('',(-1.0,0.0,0.0));
#2988=DIRECTION('',(0.0,-1.0,0.0));
#2989=SURFACE_STYLE_FILL_AREA(#4124);
#2990=ORIENTED_EDGE('',*,*,#4125,.T.);
#2991=ORIENTED_EDGE('',*,*,#4126,.F.);
#2992=ORIENTED_EDGE('',*,*,#4127,.F.);
#2993=ORIENTED_EDGE('',*,*,#3994,.T.);
#2994=CARTESIAN_POINT('',(-0.399999999999993,6.1992,0.0334333134651184));
#2995=DIRECTION('',(0.0,0.316227749053059,0.948683303705107));
#2996=DIRECTION('',(0.0,0.948683303705107,-0.316227749053059));
#2997=SURFACE_STYLE_FILL_AREA(#4128);
#2998=ORIENTED_EDGE('',*,*,#4127,.T.);
#2999=ORIENTED_EDGE('',*,*,#4129,.F.);
#3000=ORIENTED_EDGE('',*,*,#4130,.F.);
#3001=ORIENTED_EDGE('',*,*,#3995,.T.);
#3002=CARTESIAN_POINT('',(-0.399999999999993,6.1992,-0.0915666865348816));
#3003=DIRECTION('',(0.0,-1.0,0.0));
#3004=DIRECTION('',(0.0,0.0,1.0));
#3005=SURFACE_STYLE_FILL_AREA(#4131);
#3006=ORIENTED_EDGE('',*,*,#4130,.T.);
#3007=ORIENTED_EDGE('',*,*,#4132,.F.);
#3008=ORIENTED_EDGE('',*,*,#4133,.F.);
#3009=ORIENTED_EDGE('',*,*,#3996,.T.);
#3010=CARTESIAN_POINT('',(-0.399999999999993,6.45451914830208,-0.1749));
#3011=DIRECTION('',(-0.0,-0.310279965383401,-0.950645224614144));
#3012=DIRECTION('',(0.0,-0.950645224614144,0.310279965383401));
#3013=SURFACE_STYLE_FILL_AREA(#4134);
#3014=ORIENTED_EDGE('',*,*,#4133,.T.);
#3015=ORIENTED_EDGE('',*,*,#4135,.F.);
#3016=ORIENTED_EDGE('',*,*,#4136,.F.);
#3017=ORIENTED_EDGE('',*,*,#3997,.T.);
#3018=CARTESIAN_POINT('',(-0.399999999999993,6.45451914830208,-0.59156667163372));
#3019=DIRECTION('',(0.0,-1.0,0.0));
#3020=DIRECTION('',(0.0,0.0,1.0));
#3021=SURFACE_STYLE_FILL_AREA(#4137);
#3022=ORIENTED_EDGE('',*,*,#4136,.T.);
#3023=ORIENTED_EDGE('',*,*,#4138,.F.);
#3024=ORIENTED_EDGE('',*,*,#4139,.F.);
#3025=ORIENTED_EDGE('',*,*,#3998,.T.);
#3026=CARTESIAN_POINT('',(-0.399999999999993,6.1992,-0.6749));
#3027=DIRECTION('',(0.0,-0.310280015524301,0.950645208248713));
#3028=DIRECTION('',(0.0,0.950645208248713,0.310280015524301));
#3029=SURFACE_STYLE_FILL_AREA(#4140);
#3030=ORIENTED_EDGE('',*,*,#4139,.T.);
#3031=ORIENTED_EDGE('',*,*,#4141,.F.);
#3032=ORIENTED_EDGE('',*,*,#4142,.F.);
#3033=ORIENTED_EDGE('',*,*,#3999,.T.);
#3034=CARTESIAN_POINT('',(-0.399999999999993,6.1992,-0.7999));
#3035=DIRECTION('',(0.0,-1.0,0.0));
#3036=DIRECTION('',(0.0,0.0,1.0));
#3037=SURFACE_STYLE_FILL_AREA(#4143);
#3038=ORIENTED_EDGE('',*,*,#4142,.T.);
#3039=ORIENTED_EDGE('',*,*,#4144,.F.);
#3040=ORIENTED_EDGE('',*,*,#4145,.F.);
#3041=ORIENTED_EDGE('',*,*,#4000,.T.);
#3042=CARTESIAN_POINT('',(-0.399999999999993,7.1992,-0.466566656732559));
#3043=DIRECTION('',(0.0,0.316227774498728,-0.948683295223217));
#3044=DIRECTION('',(0.0,-0.948683295223217,-0.316227774498728));
#3045=SURFACE_STYLE_FILL_AREA(#4146);
#3046=ORIENTED_EDGE('',*,*,#4145,.T.);
#3047=ORIENTED_EDGE('',*,*,#4147,.F.);
#3048=ORIENTED_EDGE('',*,*,#4125,.F.);
#3049=ORIENTED_EDGE('',*,*,#4001,.T.);
#3050=CARTESIAN_POINT('',(-0.399999999999993,7.1992,-0.2999));
#3051=DIRECTION('',(0.0,1.0,0.0));
#3052=DIRECTION('',(0.0,0.0,-1.0));
#3053=SURFACE_STYLE_FILL_AREA(#4148);
#3054=ORIENTED_EDGE('',*,*,#4149,.T.);
#3055=ORIENTED_EDGE('',*,*,#4150,.F.);
#3056=ORIENTED_EDGE('',*,*,#4151,.F.);
#3057=ORIENTED_EDGE('',*,*,#4002,.T.);
#3058=CARTESIAN_POINT('',(-0.399999999999993,6.1992,0.783433373069764));
#3059=DIRECTION('',(0.0,-0.347417480073588,0.937710560108671));
#3060=DIRECTION('',(0.0,0.937710560108671,0.347417480073588));
#3061=SURFACE_STYLE_FILL_AREA(#4152);
#3062=ORIENTED_EDGE('',*,*,#4151,.T.);
#3063=ORIENTED_EDGE('',*,*,#4153,.F.);
#3064=ORIENTED_EDGE('',*,*,#4154,.F.);
#3065=ORIENTED_EDGE('',*,*,#4003,.T.);
#3066=CARTESIAN_POINT('',(-0.399999999999993,6.1992,0.616766626930237));
#3067=DIRECTION('',(0.0,-1.0,0.0));
#3068=DIRECTION('',(0.0,0.0,1.0));
#3069=SURFACE_STYLE_FILL_AREA(#4155);
#3070=ORIENTED_EDGE('',*,*,#4154,.T.);
#3071=ORIENTED_EDGE('',*,*,#4156,.F.);
#3072=ORIENTED_EDGE('',*,*,#4157,.F.);
#3073=ORIENTED_EDGE('',*,*,#4004,.T.);
#3074=CARTESIAN_POINT('',(-0.399999999999993,6.98643406791687,0.3251));
#3075=DIRECTION('',(-0.0,-0.347417480073589,-0.937710560108671));
#3076=DIRECTION('',(0.0,-0.937710560108671,0.347417480073589));
#3077=SURFACE_STYLE_FILL_AREA(#4158);
#3078=ORIENTED_EDGE('',*,*,#4157,.T.);
#3079=ORIENTED_EDGE('',*,*,#4159,.F.);
#3080=ORIENTED_EDGE('',*,*,#4160,.F.);
#3081=ORIENTED_EDGE('',*,*,#4005,.T.);
#3082=CARTESIAN_POINT('',(-0.399999999999993,6.1992,0.3251));
#3083=DIRECTION('',(0.0,-0.0,1.0));
#3084=DIRECTION('',(0.0,1.0,0.0));
#3085=SURFACE_STYLE_FILL_AREA(#4161);
#3086=ORIENTED_EDGE('',*,*,#4160,.T.);
#3087=ORIENTED_EDGE('',*,*,#4162,.F.);
#3088=ORIENTED_EDGE('',*,*,#4163,.F.);
#3089=ORIENTED_EDGE('',*,*,#4006,.T.);
#3090=CARTESIAN_POINT('',(-0.399999999999993,6.1992,0.2001));
#3091=DIRECTION('',(0.0,-1.0,0.0));
#3092=DIRECTION('',(0.0,0.0,1.0));
#3093=SURFACE_STYLE_FILL_AREA(#4164);
#3094=ORIENTED_EDGE('',*,*,#4163,.T.);
#3095=ORIENTED_EDGE('',*,*,#4165,.F.);
#3096=ORIENTED_EDGE('',*,*,#4166,.F.);
#3097=ORIENTED_EDGE('',*,*,#4007,.T.);
#3098=CARTESIAN_POINT('',(-0.399999999999993,7.1992,0.2001));
#3099=DIRECTION('',(-0.0,-0.0,-1.0));
#3100=DIRECTION('',(0.0,-1.0,0.0));
#3101=SURFACE_STYLE_FILL_AREA(#4167);
#3102=ORIENTED_EDGE('',*,*,#4166,.T.);
#3103=ORIENTED_EDGE('',*,*,#4168,.F.);
#3104=ORIENTED_EDGE('',*,*,#4169,.F.);
#3105=ORIENTED_EDGE('',*,*,#4008,.T.);
#3106=CARTESIAN_POINT('',(-0.399999999999993,7.1992,0.3876));
#3107=DIRECTION('',(0.0,1.0,0.0));
#3108=DIRECTION('',(0.0,0.0,-1.0));
#3109=SURFACE_STYLE_FILL_AREA(#4170);
#3110=ORIENTED_EDGE('',*,*,#4169,.T.);
#3111=ORIENTED_EDGE('',*,*,#4171,.F.);
#3112=ORIENTED_EDGE('',*,*,#4172,.F.);
#3113=ORIENTED_EDGE('',*,*,#4009,.T.);
#3114=CARTESIAN_POINT('',(-0.399999999999993,6.30558298094273,0.7001));
#3115=DIRECTION('',(0.0,0.330100136530059,0.943945919988448));
#3116=DIRECTION('',(0.0,0.943945919988448,-0.330100136530059));
#3117=SURFACE_STYLE_FILL_AREA(#4173);
#3118=ORIENTED_EDGE('',*,*,#4172,.T.);
#3119=ORIENTED_EDGE('',*,*,#4174,.F.);
#3120=ORIENTED_EDGE('',*,*,#4175,.F.);
#3121=ORIENTED_EDGE('',*,*,#4010,.T.);
#3122=CARTESIAN_POINT('',(-0.399999999999993,7.1992,1.0126));
#3123=DIRECTION('',(0.0,0.330100136530058,-0.943945919988448));
#3124=DIRECTION('',(0.0,-0.943945919988448,-0.330100136530058));
#3125=SURFACE_STYLE_FILL_AREA(#4176);
#3126=ORIENTED_EDGE('',*,*,#4175,.T.);
#3127=ORIENTED_EDGE('',*,*,#4177,.F.);
#3128=ORIENTED_EDGE('',*,*,#4178,.F.);
#3129=ORIENTED_EDGE('',*,*,#4011,.T.);
#3130=CARTESIAN_POINT('',(-0.399999999999993,7.1992,1.2001));
#3131=DIRECTION('',(0.0,1.0,0.0));
#3132=DIRECTION('',(0.0,0.0,-1.0));
#3133=SURFACE_STYLE_FILL_AREA(#4179);
#3134=ORIENTED_EDGE('',*,*,#4178,.T.);
#3135=ORIENTED_EDGE('',*,*,#4180,.F.);
#3136=ORIENTED_EDGE('',*,*,#4181,.F.);
#3137=ORIENTED_EDGE('',*,*,#4012,.T.);
#3138=CARTESIAN_POINT('',(-0.399999999999993,6.1992,1.2001));
#3139=DIRECTION('',(0.0,-0.0,1.0));
#3140=DIRECTION('',(0.0,1.0,0.0));
#3141=SURFACE_STYLE_FILL_AREA(#4182);
#3142=ORIENTED_EDGE('',*,*,#4181,.T.);
#3143=ORIENTED_EDGE('',*,*,#4183,.F.);
#3144=ORIENTED_EDGE('',*,*,#4184,.F.);
#3145=ORIENTED_EDGE('',*,*,#4013,.T.);
#3146=CARTESIAN_POINT('',(-0.399999999999993,6.1992,1.0751));
#3147=DIRECTION('',(0.0,-1.0,0.0));
#3148=DIRECTION('',(0.0,0.0,1.0));
#3149=SURFACE_STYLE_FILL_AREA(#4185);
#3150=ORIENTED_EDGE('',*,*,#4184,.T.);
#3151=ORIENTED_EDGE('',*,*,#4186,.F.);
#3152=ORIENTED_EDGE('',*,*,#4149,.F.);
#3153=ORIENTED_EDGE('',*,*,#4014,.T.);
#3154=CARTESIAN_POINT('',(-0.399999999999993,6.98643406791687,1.0751));
#3155=DIRECTION('',(-0.0,-0.0,-1.0));
#3156=DIRECTION('',(0.0,-1.0,0.0));
#3157=SURFACE_STYLE_FILL_AREA(#4187);
#3158=ORIENTED_EDGE('',*,*,#4188,.T.);
#3159=ORIENTED_EDGE('',*,*,#4189,.F.);
#3160=ORIENTED_EDGE('',*,*,#4190,.F.);
#3161=ORIENTED_EDGE('',*,*,#4015,.T.);
#3162=CARTESIAN_POINT('',(-0.399999999999993,6.88005104227066,2.1376));
#3163=DIRECTION('',(0.0,-0.0,1.0));
#3164=DIRECTION('',(0.0,1.0,0.0));
#3165=SURFACE_STYLE_FILL_AREA(#4191);
#3166=ORIENTED_EDGE('',*,*,#4190,.T.);
#3167=ORIENTED_EDGE('',*,*,#4192,.F.);
#3168=ORIENTED_EDGE('',*,*,#4193,.F.);
#3169=ORIENTED_EDGE('',*,*,#4016,.T.);
#3170=CARTESIAN_POINT('',(-0.399999999999993,6.81622126264572,2.11676674613953));
#3171=DIRECTION('',(0.0,-0.310278995295631,0.950645541239391));
#3172=DIRECTION('',(0.0,0.950645541239391,0.310278995295631));
#3173=SURFACE_STYLE_FILL_AREA(#4194);
#3174=ORIENTED_EDGE('',*,*,#4193,.T.);
#3175=ORIENTED_EDGE('',*,*,#4195,.F.);
#3176=ORIENTED_EDGE('',*,*,#4196,.F.);
#3177=ORIENTED_EDGE('',*,*,#4017,.T.);
#3178=CARTESIAN_POINT('',(-0.399999999999993,6.73111488981247,2.05426674613953));
#3179=DIRECTION('',(0.0,-0.591909548749584,0.806004395831105));
#3180=DIRECTION('',(0.0,0.806004395831105,0.591909548749584));
#3181=SURFACE_STYLE_FILL_AREA(#4197);
#3182=ORIENTED_EDGE('',*,*,#4196,.T.);
#3183=ORIENTED_EDGE('',*,*,#4198,.F.);
#3184=ORIENTED_EDGE('',*,*,#4199,.F.);
#3185=ORIENTED_EDGE('',*,*,#4018,.T.);
#3186=CARTESIAN_POINT('',(-0.399999999999993,6.66728511018753,1.97093325386047));
#3187=DIRECTION('',(0.0,-0.793878740881228,0.608076101139353));
#3188=DIRECTION('',(0.0,0.608076101139353,0.793878740881228));
#3189=SURFACE_STYLE_FILL_AREA(#4200);
#3190=ORIENTED_EDGE('',*,*,#4199,.T.);
#3191=ORIENTED_EDGE('',*,*,#4201,.F.);
#3192=ORIENTED_EDGE('',*,*,#4202,.F.);
#3193=ORIENTED_EDGE('',*,*,#4019,.T.);
#3194=CARTESIAN_POINT('',(-0.399999999999993,6.64600851697922,1.86676674613953));
#3195=DIRECTION('',(0.0,-0.979770649403864,0.200123648194636));
#3196=DIRECTION('',(0.0,0.200123648194636,0.979770649403864));
#3197=SURFACE_STYLE_FILL_AREA(#4203);
#3198=ORIENTED_EDGE('',*,*,#4202,.T.);
#3199=ORIENTED_EDGE('',*,*,#4204,.F.);
#3200=ORIENTED_EDGE('',*,*,#4205,.F.);
#3201=ORIENTED_EDGE('',*,*,#4020,.T.);
#3202=CARTESIAN_POINT('',(-0.399999999999993,6.64600851697922,1.49176674613953));
#3203=DIRECTION('',(0.0,-1.0,0.0));
#3204=DIRECTION('',(0.0,0.0,1.0));
#3205=SURFACE_STYLE_FILL_AREA(#4206);
#3206=ORIENTED_EDGE('',*,*,#4205,.T.);
#3207=ORIENTED_EDGE('',*,*,#4207,.F.);
#3208=ORIENTED_EDGE('',*,*,#4208,.F.);
#3209=ORIENTED_EDGE('',*,*,#4021,.T.);
#3210=CARTESIAN_POINT('',(-0.399999999999993,6.1992,1.49176674613953));
#3211=DIRECTION('',(0.0,-0.0,1.0));
#3212=DIRECTION('',(0.0,1.0,0.0));
#3213=SURFACE_STYLE_FILL_AREA(#4209);
#3214=ORIENTED_EDGE('',*,*,#4208,.T.);
#3215=ORIENTED_EDGE('',*,*,#4210,.F.);
#3216=ORIENTED_EDGE('',*,*,#4211,.F.);
#3217=ORIENTED_EDGE('',*,*,#4022,.T.);
#3218=CARTESIAN_POINT('',(-0.399999999999993,6.1992,1.36676674613953));
#3219=DIRECTION('',(0.0,-1.0,0.0));
#3220=DIRECTION('',(0.0,0.0,1.0));
#3221=SURFACE_STYLE_FILL_AREA(#4212);
#3222=ORIENTED_EDGE('',*,*,#4211,.T.);
#3223=ORIENTED_EDGE('',*,*,#4213,.F.);
#3224=ORIENTED_EDGE('',*,*,#4214,.F.);
#3225=ORIENTED_EDGE('',*,*,#4023,.T.);
#3226=CARTESIAN_POINT('',(-0.399999999999993,7.1992,1.36676674613953));
#3227=DIRECTION('',(-0.0,-0.0,-1.0));
#3228=DIRECTION('',(0.0,-1.0,0.0));
#3229=SURFACE_STYLE_FILL_AREA(#4215);
#3230=ORIENTED_EDGE('',*,*,#4214,.T.);
#3231=ORIENTED_EDGE('',*,*,#4216,.F.);
#3232=ORIENTED_EDGE('',*,*,#4217,.F.);
#3233=ORIENTED_EDGE('',*,*,#4024,.T.);
#3234=CARTESIAN_POINT('',(-0.399999999999993,7.1992,1.86676674613953));
#3235=DIRECTION('',(0.0,1.0,0.0));
#3236=DIRECTION('',(0.0,0.0,-1.0));
#3237=SURFACE_STYLE_FILL_AREA(#4218);
#3238=ORIENTED_EDGE('',*,*,#4217,.T.);
#3239=ORIENTED_EDGE('',*,*,#4219,.F.);
#3240=ORIENTED_EDGE('',*,*,#4220,.F.);
#3241=ORIENTED_EDGE('',*,*,#4025,.T.);
#3242=CARTESIAN_POINT('',(-0.399999999999993,7.17792340679169,1.97093325386047));
#3243=DIRECTION('',(0.0,0.979770649403864,0.200123648194636));
#3244=DIRECTION('',(0.0,0.200123648194636,-0.979770649403864));
#3245=SURFACE_STYLE_FILL_AREA(#4221);
#3246=ORIENTED_EDGE('',*,*,#4220,.T.);
#3247=ORIENTED_EDGE('',*,*,#4222,.F.);
#3248=ORIENTED_EDGE('',*,*,#4223,.F.);
#3249=ORIENTED_EDGE('',*,*,#4026,.T.);
#3250=CARTESIAN_POINT('',(-0.399999999999993,7.11409362716675,2.05426674613953));
#3251=DIRECTION('',(0.0,0.793878740881228,0.608076101139353));
#3252=DIRECTION('',(0.0,0.608076101139353,-0.793878740881228));
#3253=SURFACE_STYLE_FILL_AREA(#4224);
#3254=ORIENTED_EDGE('',*,*,#4223,.T.);
#3255=ORIENTED_EDGE('',*,*,#4225,.F.);
#3256=ORIENTED_EDGE('',*,*,#4226,.F.);
#3257=ORIENTED_EDGE('',*,*,#4027,.T.);
#3258=CARTESIAN_POINT('',(-0.399999999999993,7.0289872543335,2.11676674613953));
#3259=DIRECTION('',(0.0,0.591909548749584,0.806004395831105));
#3260=DIRECTION('',(0.0,0.806004395831105,-0.591909548749584));
#3261=SURFACE_STYLE_FILL_AREA(#4227);
#3262=ORIENTED_EDGE('',*,*,#4226,.T.);
#3263=ORIENTED_EDGE('',*,*,#4228,.F.);
#3264=ORIENTED_EDGE('',*,*,#4188,.F.);
#3265=ORIENTED_EDGE('',*,*,#4028,.T.);
#3266=CARTESIAN_POINT('',(-0.399999999999993,6.96515747470856,2.1376));
#3267=DIRECTION('',(0.0,0.310278995295631,0.950645541239391));
#3268=DIRECTION('',(0.0,0.950645541239391,-0.310278995295631));
#3269=SURFACE_STYLE_FILL_AREA(#4229);
#3270=ORIENTED_EDGE('',*,*,#4230,.F.);
#3271=ORIENTED_EDGE('',*,*,#4231,.F.);
#3272=ORIENTED_EDGE('',*,*,#4232,.T.);
#3273=ORIENTED_EDGE('',*,*,#4042,.T.);
#3274=CARTESIAN_POINT('',(-0.324999999999993,-9.65999999999997,0.379999999999999));
#3275=DIRECTION('',(-0.988936352868298,-0.148340452930244,-0.0));
#3276=DIRECTION('',(-0.148340452930244,0.988936352868298,0.0));
#3277=SURFACE_STYLE_FILL_AREA(#4233);
#3278=ORIENTED_EDGE('',*,*,#4234,.F.);
#3279=ORIENTED_EDGE('',*,*,#4235,.F.);
#3280=ORIENTED_EDGE('',*,*,#4084,.F.);
#3281=ORIENTED_EDGE('',*,*,#4044,.T.);
#3282=CARTESIAN_POINT('',(-0.324999999999993,9.66000000000003,1.02898446260626));
#3283=DIRECTION('',(-0.988936352868298,0.148340452930245,0.0));
#3284=DIRECTION('',(-0.148340452930245,-0.988936352868298,0.0));
#3285=SURFACE_STYLE_FILL_AREA(#4236);
#3286=ORIENTED_EDGE('',*,*,#4237,.T.);
#3287=ORIENTED_EDGE('',*,*,#4058,.F.);
#3288=ORIENTED_EDGE('',*,*,#4238,.F.);
#3289=ORIENTED_EDGE('',*,*,#4239,.T.);
#3290=CARTESIAN_POINT('',(-0.135295752716064,-0.0841000000000001,-3.555));
#3291=DIRECTION('',(0.968917661143726,0.247383439065293,0.0));
#3292=DIRECTION('',(0.247383439065293,-0.968917661143726,0.0));
#3293=SURFACE_STYLE_FILL_AREA(#4240);
#3294=ORIENTED_EDGE('',*,*,#4241,.T.);
#3295=ORIENTED_EDGE('',*,*,#4059,.F.);
#3296=ORIENTED_EDGE('',*,*,#4237,.F.);
#3297=ORIENTED_EDGE('',*,*,#4242,.T.);
#3298=CARTESIAN_POINT('',(-0.124061711502075,-0.12809995803833,-3.555));
#3299=DIRECTION('',(0.82659927879962,0.562790931241742,0.0));
#3300=DIRECTION('',(0.562790931241742,-0.82659927879962,0.0));
#3301=SURFACE_STYLE_FILL_AREA(#4243);
#3302=ORIENTED_EDGE('',*,*,#4244,.T.);
#3303=ORIENTED_EDGE('',*,*,#4060,.F.);
#3304=ORIENTED_EDGE('',*,*,#4241,.F.);
#3305=ORIENTED_EDGE('',*,*,#4245,.T.);
#3306=CARTESIAN_POINT('',(-0.101593629074097,-0.16109995803833,-3.555));
#3307=DIRECTION('',(0.546622919779361,0.837378876955878,0.0));
#3308=DIRECTION('',(0.837378876955878,-0.546622919779361,0.0));
#3309=SURFACE_STYLE_FILL_AREA(#4246);
#3310=ORIENTED_EDGE('',*,*,#4247,.T.);
#3311=ORIENTED_EDGE('',*,*,#4061,.F.);
#3312=ORIENTED_EDGE('',*,*,#4244,.F.);
#3313=ORIENTED_EDGE('',*,*,#4248,.T.);
#3314=CARTESIAN_POINT('',(-0.0678914739608765,-0.1831,-3.555));
#3315=DIRECTION('',(0.237770496720648,0.971321363344396,0.0));
#3316=DIRECTION('',(0.971321363344396,-0.237770496720648,0.0));
#3317=SURFACE_STYLE_FILL_AREA(#4249);
#3318=ORIENTED_EDGE('',*,*,#4250,.T.);
#3319=ORIENTED_EDGE('',*,*,#4062,.F.);
#3320=ORIENTED_EDGE('',*,*,#4247,.F.);
#3321=ORIENTED_EDGE('',*,*,#4251,.T.);
#3322=CARTESIAN_POINT('',(-0.0229553091049195,-0.19409995803833,-3.555));
#3323=DIRECTION('',(-0.0,1.0,0.0));
#3324=DIRECTION('',(1.0,0.0,0.0));
#3325=SURFACE_STYLE_FILL_AREA(#4252);
#3326=ORIENTED_EDGE('',*,*,#4253,.T.);
#3327=ORIENTED_EDGE('',*,*,#4063,.F.);
#3328=ORIENTED_EDGE('',*,*,#4250,.F.);
#3329=ORIENTED_EDGE('',*,*,#4254,.T.);
#3330=CARTESIAN_POINT('',(0.145555324840546,-0.19409995803833,-3.555));
#3331=DIRECTION('',(-0.237770496720648,0.971321363344396,0.0));
#3332=DIRECTION('',(0.971321363344396,0.237770496720648,0.0));
#3333=SURFACE_STYLE_FILL_AREA(#4255);
#3334=ORIENTED_EDGE('',*,*,#4256,.T.);
#3335=ORIENTED_EDGE('',*,*,#4064,.F.);
#3336=ORIENTED_EDGE('',*,*,#4253,.F.);
#3337=ORIENTED_EDGE('',*,*,#4257,.T.);
#3338=CARTESIAN_POINT('',(0.190491489696503,-0.1831,-3.555));
#3339=DIRECTION('',(-0.546623277701381,0.837378643311972,0.0));
#3340=DIRECTION('',(0.837378643311972,0.546623277701381,0.0));
#3341=SURFACE_STYLE_FILL_AREA(#4258);
#3342=ORIENTED_EDGE('',*,*,#4259,.T.);
#3343=ORIENTED_EDGE('',*,*,#4065,.F.);
#3344=ORIENTED_EDGE('',*,*,#4256,.F.);
#3345=ORIENTED_EDGE('',*,*,#4260,.T.);
#3346=CARTESIAN_POINT('',(0.22419361333847,-0.16109995803833,-3.555));
#3347=DIRECTION('',(-0.826599187119065,0.56279106589755,0.0));
#3348=DIRECTION('',(0.56279106589755,0.826599187119065,0.0));
#3349=SURFACE_STYLE_FILL_AREA(#4261);
#3350=ORIENTED_EDGE('',*,*,#4262,.T.);
#3351=ORIENTED_EDGE('',*,*,#4066,.F.);
#3352=ORIENTED_EDGE('',*,*,#4259,.F.);
#3353=ORIENTED_EDGE('',*,*,#4263,.T.);
#3354=CARTESIAN_POINT('',(0.246661703634262,-0.12809995803833,-3.555));
#3355=DIRECTION('',(-0.968917661143726,0.247383439065293,0.0));
#3356=DIRECTION('',(0.247383439065293,0.968917661143726,0.0));
#3357=SURFACE_STYLE_FILL_AREA(#4264);
#3358=ORIENTED_EDGE('',*,*,#4265,.T.);
#3359=ORIENTED_EDGE('',*,*,#4067,.F.);
#3360=ORIENTED_EDGE('',*,*,#4262,.F.);
#3361=ORIENTED_EDGE('',*,*,#4266,.T.);
#3362=CARTESIAN_POINT('',(0.257895744848251,-0.0841000000000001,-3.555));
#3363=DIRECTION('',(-1.0,0.0,0.0));
#3364=DIRECTION('',(0.0,1.0,0.0));
#3365=SURFACE_STYLE_FILL_AREA(#4267);
#3366=ORIENTED_EDGE('',*,*,#4268,.T.);
#3367=ORIENTED_EDGE('',*,*,#4068,.F.);
#3368=ORIENTED_EDGE('',*,*,#4265,.F.);
#3369=ORIENTED_EDGE('',*,*,#4269,.T.);
#3370=CARTESIAN_POINT('',(0.257895744848251,0.1139,-3.555));
#3371=DIRECTION('',(-0.0,-1.0,-0.0));
#3372=DIRECTION('',(-1.0,0.0,0.0));
#3373=SURFACE_STYLE_FILL_AREA(#4270);
#3374=ORIENTED_EDGE('',*,*,#4238,.T.);
#3375=ORIENTED_EDGE('',*,*,#4069,.F.);
#3376=ORIENTED_EDGE('',*,*,#4268,.F.);
#3377=ORIENTED_EDGE('',*,*,#4271,.T.);
#3378=CARTESIAN_POINT('',(-0.135295752716064,0.1139,-3.555));
#3379=DIRECTION('',(1.0,0.0,0.0));
#3380=DIRECTION('',(0.0,-1.0,0.0));
#3381=SURFACE_STYLE_FILL_AREA(#4272);
#3382=ORIENTED_EDGE('',*,*,#4273,.F.);
#3383=ORIENTED_EDGE('',*,*,#4087,.F.);
#3384=ORIENTED_EDGE('',*,*,#4082,.T.);
#3385=ORIENTED_EDGE('',*,*,#4235,.T.);
#3386=CARTESIAN_POINT('',(0.400000000000007,10.16,-3.555));
#3387=DIRECTION('',(0.0,1.0,-0.0));
#3388=DIRECTION('',(-1.0,0.0,0.0));
#3389=SURFACE_STYLE_FILL_AREA(#4274);
#3390=ORIENTED_EDGE('',*,*,#4086,.F.);
#3391=ORIENTED_EDGE('',*,*,#4273,.T.);
#3392=ORIENTED_EDGE('',*,*,#4234,.T.);
#3393=ORIENTED_EDGE('',*,*,#4089,.F.);
#3394=CARTESIAN_POINT('',(1.24344978758018E-14,9.66000000000003,3.305));
#3395=DIRECTION('',(0.0,0.447213595499958,0.894427190999916));
#3396=DIRECTION('',(0.0,0.894427190999916,-0.447213595499958));
#3397=SURFACE_STYLE_FILL_AREA(#4275);
#3398=ORIENTED_EDGE('',*,*,#4093,.F.);
#3399=ORIENTED_EDGE('',*,*,#4090,.F.);
#3400=ORIENTED_EDGE('',*,*,#4232,.F.);
#3401=ORIENTED_EDGE('',*,*,#4276,.T.);
#3402=CARTESIAN_POINT('',(-3.5527136788005E-15,-9.65999999999997,3.305));
#3403=DIRECTION('',(0.0,-0.447213595499958,0.894427190999916));
#3404=DIRECTION('',(0.0,-0.894427190999916,-0.447213595499958));
#3405=SURFACE_STYLE_FILL_AREA(#4277);
#3406=ORIENTED_EDGE('',*,*,#4092,.T.);
#3407=ORIENTED_EDGE('',*,*,#4278,.F.);
#3408=ORIENTED_EDGE('',*,*,#4230,.T.);
#3409=ORIENTED_EDGE('',*,*,#4096,.T.);
#3410=CARTESIAN_POINT('',(1.77635683940025E-14,-9.65999999999997,-2.545));
#3411=DIRECTION('',(-1.15116926314501E-18,-0.447213595499958,-0.894427190999916));
#3412=DIRECTION('',(-5.75584631572505E-19,0.894427190999916,-0.447213595499958));
#3413=SURFACE_STYLE_FILL_AREA(#4279);
#3414=ORIENTED_EDGE('',*,*,#4094,.F.);
#3415=ORIENTED_EDGE('',*,*,#4276,.F.);
#3416=ORIENTED_EDGE('',*,*,#4231,.T.);
#3417=ORIENTED_EDGE('',*,*,#4278,.T.);
#3418=CARTESIAN_POINT('',(-0.399999999999993,-10.16,-3.555));
#3419=DIRECTION('',(0.0,-1.0,0.0));
#3420=DIRECTION('',(1.0,0.0,0.0));
#3421=SURFACE_STYLE_FILL_AREA(#4280);
#3422=ORIENTED_EDGE('',*,*,#4281,.T.);
#3423=ORIENTED_EDGE('',*,*,#4282,.T.);
#3424=ORIENTED_EDGE('',*,*,#4283,.T.);
#3425=ORIENTED_EDGE('',*,*,#4144,.T.);
#3426=ORIENTED_EDGE('',*,*,#4141,.T.);
#3427=ORIENTED_EDGE('',*,*,#4138,.T.);
#3428=ORIENTED_EDGE('',*,*,#4135,.T.);
#3429=ORIENTED_EDGE('',*,*,#4132,.T.);
#3430=ORIENTED_EDGE('',*,*,#4129,.T.);
#3431=ORIENTED_EDGE('',*,*,#4126,.T.);
#3432=ORIENTED_EDGE('',*,*,#4147,.T.);
#3433=CARTESIAN_POINT('',(-0.349999999999993,0.0,-3.555));
#3434=DIRECTION('',(-1.0,0.0,0.0));
#3435=DIRECTION('',(0.0,0.0,1.0));
#3436=SURFACE_STYLE_FILL_AREA(#4284);
#3437=ORIENTED_EDGE('',*,*,#4183,.T.);
#3438=ORIENTED_EDGE('',*,*,#4180,.T.);
#3439=ORIENTED_EDGE('',*,*,#4177,.T.);
#3440=ORIENTED_EDGE('',*,*,#4174,.T.);
#3441=ORIENTED_EDGE('',*,*,#4171,.T.);
#3442=ORIENTED_EDGE('',*,*,#4168,.T.);
#3443=ORIENTED_EDGE('',*,*,#4165,.T.);
#3444=ORIENTED_EDGE('',*,*,#4162,.T.);
#3445=ORIENTED_EDGE('',*,*,#4159,.T.);
#3446=ORIENTED_EDGE('',*,*,#4156,.T.);
#3447=ORIENTED_EDGE('',*,*,#4153,.T.);
#3448=ORIENTED_EDGE('',*,*,#4150,.T.);
#3449=ORIENTED_EDGE('',*,*,#4186,.T.);
#3450=CARTESIAN_POINT('',(-0.349999999999993,0.0,-3.555));
#3451=DIRECTION('',(-1.0,0.0,0.0));
#3452=DIRECTION('',(0.0,0.0,1.0));
#3453=SURFACE_STYLE_FILL_AREA(#4285);
#3454=ORIENTED_EDGE('',*,*,#4286,.T.);
#3455=ORIENTED_EDGE('',*,*,#4287,.T.);
#3456=ORIENTED_EDGE('',*,*,#4288,.T.);
#3457=ORIENTED_EDGE('',*,*,#4289,.T.);
#3458=ORIENTED_EDGE('',*,*,#4290,.T.);
#3459=ORIENTED_EDGE('',*,*,#4291,.T.);
#3460=ORIENTED_EDGE('',*,*,#4292,.T.);
#3461=ORIENTED_EDGE('',*,*,#4293,.T.);
#3462=ORIENTED_EDGE('',*,*,#4294,.T.);
#3463=ORIENTED_EDGE('',*,*,#4295,.T.);
#3464=ORIENTED_EDGE('',*,*,#4225,.T.);
#3465=ORIENTED_EDGE('',*,*,#4222,.T.);
#3466=ORIENTED_EDGE('',*,*,#4219,.T.);
#3467=ORIENTED_EDGE('',*,*,#4216,.T.);
#3468=ORIENTED_EDGE('',*,*,#4213,.T.);
#3469=ORIENTED_EDGE('',*,*,#4210,.T.);
#3470=ORIENTED_EDGE('',*,*,#4207,.T.);
#3471=ORIENTED_EDGE('',*,*,#4204,.T.);
#3472=ORIENTED_EDGE('',*,*,#4201,.T.);
#3473=ORIENTED_EDGE('',*,*,#4198,.T.);
#3474=ORIENTED_EDGE('',*,*,#4195,.T.);
#3475=ORIENTED_EDGE('',*,*,#4192,.T.);
#3476=ORIENTED_EDGE('',*,*,#4189,.T.);
#3477=ORIENTED_EDGE('',*,*,#4228,.T.);
#3478=CARTESIAN_POINT('',(-0.349999999999993,0.0,-3.555));
#3479=DIRECTION('',(-1.0,0.0,0.0));
#3480=DIRECTION('',(0.0,0.0,1.0));
#3481=SURFACE_STYLE_FILL_AREA(#4296);
#3482=ORIENTED_EDGE('',*,*,#4269,.F.);
#3483=ORIENTED_EDGE('',*,*,#4266,.F.);
#3484=ORIENTED_EDGE('',*,*,#4263,.F.);
#3485=ORIENTED_EDGE('',*,*,#4260,.F.);
#3486=ORIENTED_EDGE('',*,*,#4257,.F.);
#3487=ORIENTED_EDGE('',*,*,#4254,.F.);
#3488=ORIENTED_EDGE('',*,*,#4251,.F.);
#3489=ORIENTED_EDGE('',*,*,#4248,.F.);
#3490=ORIENTED_EDGE('',*,*,#4245,.F.);
#3491=ORIENTED_EDGE('',*,*,#4242,.F.);
#3492=ORIENTED_EDGE('',*,*,#4239,.F.);
#3493=ORIENTED_EDGE('',*,*,#4271,.F.);
#3494=CARTESIAN_POINT('',(0.0,0.0,-3.555));
#3495=DIRECTION('',(0.0,0.0,1.0));
#3496=DIRECTION('',(1.0,0.0,0.0));
#3497=SURFACE_STYLE_FILL_AREA(#4297);
#3498=ORIENTED_EDGE('',*,*,#4298,.T.);
#3499=ORIENTED_EDGE('',*,*,#4281,.F.);
#3500=ORIENTED_EDGE('',*,*,#4299,.F.);
#3501=ORIENTED_EDGE('',*,*,#4300,.T.);
#3502=CARTESIAN_POINT('',(-0.399999999999993,6.53962552113533,-0.195733313465118));
#3503=DIRECTION('',(0.0,1.0,0.0));
#3504=DIRECTION('',(0.0,0.0,-1.0));
#3505=SURFACE_STYLE_FILL_AREA(#4301);
#3506=ORIENTED_EDGE('',*,*,#4302,.T.);
#3507=ORIENTED_EDGE('',*,*,#4282,.F.);
#3508=ORIENTED_EDGE('',*,*,#4298,.F.);
#3509=ORIENTED_EDGE('',*,*,#4303,.T.);
#3510=CARTESIAN_POINT('',(-0.399999999999993,6.53962552113533,-0.57073332836628));
#3511=DIRECTION('',(0.0,-0.310279999042803,0.950645213628091));
#3512=DIRECTION('',(0.0,0.950645213628091,0.310279999042803));
#3513=SURFACE_STYLE_FILL_AREA(#4304);
#3514=ORIENTED_EDGE('',*,*,#4299,.T.);
#3515=ORIENTED_EDGE('',*,*,#4283,.F.);
#3516=ORIENTED_EDGE('',*,*,#4302,.F.);
#3517=ORIENTED_EDGE('',*,*,#4305,.T.);
#3518=CARTESIAN_POINT('',(-0.399999999999993,7.11409362716675,-0.383233343267441));
#3519=DIRECTION('',(-0.0,-0.310280065897332,-0.950645191807515));
#3520=DIRECTION('',(0.0,-0.950645191807515,0.310280065897332));
#3521=SURFACE_STYLE_FILL_AREA(#4306);
#3522=ORIENTED_EDGE('',*,*,#4307,.T.);
#3523=ORIENTED_EDGE('',*,*,#4286,.F.);
#3524=ORIENTED_EDGE('',*,*,#4308,.F.);
#3525=ORIENTED_EDGE('',*,*,#4309,.T.);
#3526=CARTESIAN_POINT('',(-0.399999999999993,6.7736680762291,1.49176674613953));
#3527=DIRECTION('',(0.0,-0.0,1.0));
#3528=DIRECTION('',(0.0,1.0,0.0));
#3529=SURFACE_STYLE_FILL_AREA(#4310);
#3530=ORIENTED_EDGE('',*,*,#4311,.T.);
#3531=ORIENTED_EDGE('',*,*,#4287,.F.);
#3532=ORIENTED_EDGE('',*,*,#4307,.F.);
#3533=ORIENTED_EDGE('',*,*,#4312,.T.);
#3534=CARTESIAN_POINT('',(-0.399999999999993,7.09281703395844,1.49176674613953));
#3535=DIRECTION('',(0.0,-1.0,0.0));
#3536=DIRECTION('',(0.0,0.0,1.0));
#3537=SURFACE_STYLE_FILL_AREA(#4313);
#3538=ORIENTED_EDGE('',*,*,#4314,.T.);
#3539=ORIENTED_EDGE('',*,*,#4288,.F.);
#3540=ORIENTED_EDGE('',*,*,#4311,.F.);
#3541=ORIENTED_EDGE('',*,*,#4315,.T.);
#3542=CARTESIAN_POINT('',(-0.399999999999993,7.09281703395844,1.8876));
#3543=DIRECTION('',(-0.0,-0.946649917770007,-0.322263763377206));
#3544=DIRECTION('',(0.0,-0.322263763377206,0.946649917770007));
#3545=SURFACE_STYLE_FILL_AREA(#4316);
#3546=ORIENTED_EDGE('',*,*,#4317,.T.);
#3547=ORIENTED_EDGE('',*,*,#4289,.F.);
#3548=ORIENTED_EDGE('',*,*,#4314,.F.);
#3549=ORIENTED_EDGE('',*,*,#4318,.T.);
#3550=CARTESIAN_POINT('',(-0.399999999999993,7.07154044075012,1.9501));
#3551=DIRECTION('',(-0.0,-0.69962551644518,-0.714509717735746));
#3552=DIRECTION('',(0.0,-0.714509717735746,0.69962551644518));
#3553=SURFACE_STYLE_FILL_AREA(#4319);
#3554=ORIENTED_EDGE('',*,*,#4320,.T.);
#3555=ORIENTED_EDGE('',*,*,#4290,.F.);
#3556=ORIENTED_EDGE('',*,*,#4317,.F.);
#3557=ORIENTED_EDGE('',*,*,#4321,.T.);
#3558=CARTESIAN_POINT('',(-0.399999999999993,7.0289872543335,1.99176674613953));
#3559=DIRECTION('',(-0.0,-0.310278995295631,-0.950645541239391));
#3560=DIRECTION('',(0.0,-0.950645541239391,0.310278995295631));
#3561=SURFACE_STYLE_FILL_AREA(#4322);
#3562=ORIENTED_EDGE('',*,*,#4323,.T.);
#3563=ORIENTED_EDGE('',*,*,#4291,.F.);
#3564=ORIENTED_EDGE('',*,*,#4320,.F.);
#3565=ORIENTED_EDGE('',*,*,#4324,.T.);
#3566=CARTESIAN_POINT('',(-0.399999999999993,6.96515747470856,2.0126));
#3567=DIRECTION('',(-0.0,-0.0,-1.0));
#3568=DIRECTION('',(0.0,-1.0,0.0));
#3569=SURFACE_STYLE_FILL_AREA(#4325);
#3570=ORIENTED_EDGE('',*,*,#4326,.T.);
#3571=ORIENTED_EDGE('',*,*,#4292,.F.);
#3572=ORIENTED_EDGE('',*,*,#4323,.F.);
#3573=ORIENTED_EDGE('',*,*,#4327,.T.);
#3574=CARTESIAN_POINT('',(-0.399999999999993,6.90132763547897,2.0126));
#3575=DIRECTION('',(0.0,0.310278995295631,-0.950645541239391));
#3576=DIRECTION('',(0.0,-0.950645541239391,-0.310278995295631));
#3577=SURFACE_STYLE_FILL_AREA(#4328);
#3578=ORIENTED_EDGE('',*,*,#4329,.T.);
#3579=ORIENTED_EDGE('',*,*,#4293,.F.);
#3580=ORIENTED_EDGE('',*,*,#4326,.F.);
#3581=ORIENTED_EDGE('',*,*,#4330,.T.);
#3582=CARTESIAN_POINT('',(-0.399999999999993,6.83749785585403,1.99176674613953));
#3583=DIRECTION('',(0.0,0.69962551644518,-0.714509717735746));
#3584=DIRECTION('',(0.0,-0.714509717735746,-0.69962551644518));
#3585=SURFACE_STYLE_FILL_AREA(#4331);
#3586=ORIENTED_EDGE('',*,*,#4332,.T.);
#3587=ORIENTED_EDGE('',*,*,#4294,.F.);
#3588=ORIENTED_EDGE('',*,*,#4329,.F.);
#3589=ORIENTED_EDGE('',*,*,#4333,.T.);
#3590=CARTESIAN_POINT('',(-0.399999999999993,6.79494466943741,1.9501));
#3591=DIRECTION('',(0.0,0.946649917770007,-0.322263763377206));
#3592=DIRECTION('',(0.0,-0.322263763377206,-0.946649917770007));
#3593=SURFACE_STYLE_FILL_AREA(#4334);
#3594=ORIENTED_EDGE('',*,*,#4308,.T.);
#3595=ORIENTED_EDGE('',*,*,#4295,.F.);
#3596=ORIENTED_EDGE('',*,*,#4332,.F.);
#3597=ORIENTED_EDGE('',*,*,#4335,.T.);
#3598=CARTESIAN_POINT('',(-0.399999999999993,6.7736680762291,1.8876));
#3599=DIRECTION('',(0.0,1.0,0.0));
#3600=DIRECTION('',(0.0,0.0,-1.0));
#3601=SURFACE_STYLE_FILL_AREA(#4336);
#3602=ORIENTED_EDGE('',*,*,#4303,.F.);
#3603=ORIENTED_EDGE('',*,*,#4300,.F.);
#3604=ORIENTED_EDGE('',*,*,#4305,.F.);
#3605=CARTESIAN_POINT('',(-0.399999999999993,10.16,-3.555));
#3606=DIRECTION('',(-1.0,0.0,0.0));
#3607=DIRECTION('',(0.0,-1.0,0.0));
#3608=SURFACE_STYLE_FILL_AREA(#4337);
#3609=ORIENTED_EDGE('',*,*,#4333,.F.);
#3610=ORIENTED_EDGE('',*,*,#4330,.F.);
#3611=ORIENTED_EDGE('',*,*,#4327,.F.);
#3612=ORIENTED_EDGE('',*,*,#4324,.F.);
#3613=ORIENTED_EDGE('',*,*,#4321,.F.);
#3614=ORIENTED_EDGE('',*,*,#4318,.F.);
#3615=ORIENTED_EDGE('',*,*,#4315,.F.);
#3616=ORIENTED_EDGE('',*,*,#4312,.F.);
#3617=ORIENTED_EDGE('',*,*,#4309,.F.);
#3618=ORIENTED_EDGE('',*,*,#4335,.F.);
#3619=CARTESIAN_POINT('',(-0.399999999999993,10.16,-3.555));
#3620=DIRECTION('',(-1.0,0.0,0.0));
#3621=DIRECTION('',(0.0,-1.0,0.0));
#3622=FILL_AREA_STYLE('',(#4338));
#3623=EDGE_CURVE('',#4339,#4340,#4341,.T.);
#3624=EDGE_CURVE('',#4342,#4339,#4343,.T.);
#3625=EDGE_CURVE('',#4340,#4342,#4344,.T.);
#3626=FILL_AREA_STYLE('',(#4345));
#3627=EDGE_CURVE('',#4340,#4346,#4347,.T.);
#3628=EDGE_CURVE('',#4348,#4346,#4349,.T.);
#3629=EDGE_CURVE('',#4339,#4348,#4350,.T.);
#3630=FILL_AREA_STYLE('',(#4351));
#3631=EDGE_CURVE('',#4352,#4348,#4353,.T.);
#3632=EDGE_CURVE('',#4342,#4352,#4354,.T.);
#3633=FILL_AREA_STYLE('',(#4355));
#3634=EDGE_CURVE('',#4346,#4352,#4356,.T.);
#3635=FILL_AREA_STYLE('',(#4357));
#3636=EDGE_CURVE('',#4358,#4359,#4360,.T.);
#3637=EDGE_CURVE('',#4359,#4361,#4362,.T.);
#3638=EDGE_CURVE('',#4361,#4363,#4364,.T.);
#3639=EDGE_CURVE('',#4363,#4365,#4366,.T.);
#3640=EDGE_CURVE('',#4365,#4367,#4368,.T.);
#3641=EDGE_CURVE('',#4367,#4369,#4370,.T.);
#3642=EDGE_CURVE('',#4369,#4371,#4372,.T.);
#3643=EDGE_CURVE('',#4371,#4358,#4373,.T.);
#3644=FILL_AREA_STYLE('',(#4374));
#3645=EDGE_CURVE('',#4375,#4359,#4376,.T.);
#3646=EDGE_CURVE('',#4377,#4358,#4378,.T.);
#3647=EDGE_CURVE('',#4377,#4375,#4379,.T.);
#3648=FILL_AREA_STYLE('',(#4380));
#3649=EDGE_CURVE('',#4381,#4361,#4382,.T.);
#3650=EDGE_CURVE('',#4375,#4381,#4383,.T.);
#3651=FILL_AREA_STYLE('',(#4384));
#3652=EDGE_CURVE('',#4385,#4363,#4386,.T.);
#3653=EDGE_CURVE('',#4381,#4385,#4387,.T.);
#3654=FILL_AREA_STYLE('',(#4388));
#3655=EDGE_CURVE('',#4389,#4365,#4390,.T.);
#3656=EDGE_CURVE('',#4385,#4389,#4391,.T.);
#3657=FILL_AREA_STYLE('',(#4392));
#3658=EDGE_CURVE('',#4393,#4367,#4394,.T.);
#3659=EDGE_CURVE('',#4389,#4393,#4395,.T.);
#3660=FILL_AREA_STYLE('',(#4396));
#3661=EDGE_CURVE('',#4397,#4369,#4398,.T.);
#3662=EDGE_CURVE('',#4393,#4397,#4399,.T.);
#3663=FILL_AREA_STYLE('',(#4400));
#3664=EDGE_CURVE('',#4401,#4371,#4402,.T.);
#3665=EDGE_CURVE('',#4397,#4401,#4403,.T.);
#3666=FILL_AREA_STYLE('',(#4404));
#3667=EDGE_CURVE('',#4401,#4377,#4405,.T.);
#3668=FILL_AREA_STYLE('',(#4406));
#3669=EDGE_CURVE('',#4407,#4408,#4409,.T.);
#3670=EDGE_CURVE('',#4410,#4407,#4411,.T.);
#3671=EDGE_CURVE('',#4412,#4410,#4413,.T.);
#3672=EDGE_CURVE('',#4414,#4412,#4415,.T.);
#3673=EDGE_CURVE('',#4416,#4414,#4417,.T.);
#3674=EDGE_CURVE('',#4408,#4416,#4418,.T.);
#3675=EDGE_CURVE('',#4419,#4420,#4421,.T.);
#3676=EDGE_CURVE('',#4422,#4419,#4423,.T.);
#3677=EDGE_CURVE('',#4424,#4422,#4425,.T.);
#3678=EDGE_CURVE('',#4426,#4424,#4427,.T.);
#3679=EDGE_CURVE('',#4428,#4426,#4429,.T.);
#3680=EDGE_CURVE('',#4430,#4428,#4431,.T.);
#3681=EDGE_CURVE('',#4432,#4430,#4433,.T.);
#3682=EDGE_CURVE('',#4434,#4432,#4435,.T.);
#3683=EDGE_CURVE('',#4436,#4434,#4437,.T.);
#3684=EDGE_CURVE('',#4438,#4436,#4439,.T.);
#3685=EDGE_CURVE('',#4440,#4438,#4441,.T.);
#3686=EDGE_CURVE('',#4442,#4440,#4443,.T.);
#3687=EDGE_CURVE('',#4444,#4442,#4445,.T.);
#3688=EDGE_CURVE('',#4446,#4444,#4447,.T.);
#3689=EDGE_CURVE('',#4448,#4446,#4449,.T.);
#3690=EDGE_CURVE('',#4450,#4448,#4451,.T.);
#3691=EDGE_CURVE('',#4452,#4450,#4453,.T.);
#3692=EDGE_CURVE('',#4454,#4452,#4455,.T.);
#3693=EDGE_CURVE('',#4456,#4454,#4457,.T.);
#3694=EDGE_CURVE('',#4458,#4456,#4459,.T.);
#3695=EDGE_CURVE('',#4460,#4458,#4461,.T.);
#3696=EDGE_CURVE('',#4462,#4460,#4463,.T.);
#3697=EDGE_CURVE('',#4464,#4462,#4465,.T.);
#3698=EDGE_CURVE('',#4466,#4464,#4467,.T.);
#3699=EDGE_CURVE('',#4468,#4466,#4469,.T.);
#3700=EDGE_CURVE('',#4470,#4468,#4471,.T.);
#3701=EDGE_CURVE('',#4472,#4470,#4473,.T.);
#3702=EDGE_CURVE('',#4474,#4472,#4475,.T.);
#3703=EDGE_CURVE('',#4476,#4474,#4477,.T.);
#3704=EDGE_CURVE('',#4478,#4476,#4479,.T.);
#3705=EDGE_CURVE('',#4480,#4478,#4481,.T.);
#3706=EDGE_CURVE('',#4482,#4480,#4483,.T.);
#3707=EDGE_CURVE('',#4484,#4482,#4485,.T.);
#3708=EDGE_CURVE('',#4486,#4484,#4487,.T.);
#3709=EDGE_CURVE('',#4488,#4486,#4489,.T.);
#3710=EDGE_CURVE('',#4490,#4488,#4491,.T.);
#3711=EDGE_CURVE('',#4492,#4490,#4493,.T.);
#3712=EDGE_CURVE('',#4494,#4492,#4495,.T.);
#3713=EDGE_CURVE('',#4496,#4494,#4497,.T.);
#3714=EDGE_CURVE('',#4420,#4496,#4498,.T.);
#3715=EDGE_CURVE('',#4499,#4500,#4501,.T.);
#3716=EDGE_CURVE('',#4502,#4499,#4503,.T.);
#3717=EDGE_CURVE('',#4504,#4502,#4505,.T.);
#3718=EDGE_CURVE('',#4506,#4504,#4507,.T.);
#3719=EDGE_CURVE('',#4508,#4506,#4509,.T.);
#3720=EDGE_CURVE('',#4510,#4508,#4511,.T.);
#3721=EDGE_CURVE('',#4512,#4510,#4513,.T.);
#3722=EDGE_CURVE('',#4514,#4512,#4515,.T.);
#3723=EDGE_CURVE('',#4516,#4514,#4517,.T.);
#3724=EDGE_CURVE('',#4518,#4516,#4519,.T.);
#3725=EDGE_CURVE('',#4520,#4518,#4521,.T.);
#3726=EDGE_CURVE('',#4500,#4520,#4522,.T.);
#3727=EDGE_CURVE('',#4523,#4524,#4525,.T.);
#3728=EDGE_CURVE('',#4526,#4523,#4527,.T.);
#3729=EDGE_CURVE('',#4528,#4526,#4529,.T.);
#3730=EDGE_CURVE('',#4530,#4528,#4531,.T.);
#3731=EDGE_CURVE('',#4532,#4530,#4533,.T.);
#3732=EDGE_CURVE('',#4534,#4532,#4535,.T.);
#3733=EDGE_CURVE('',#4536,#4534,#4537,.T.);
#3734=EDGE_CURVE('',#4538,#4536,#4539,.T.);
#3735=EDGE_CURVE('',#4540,#4538,#4541,.T.);
#3736=EDGE_CURVE('',#4542,#4540,#4543,.T.);
#3737=EDGE_CURVE('',#4544,#4542,#4545,.T.);
#3738=EDGE_CURVE('',#4546,#4544,#4547,.T.);
#3739=EDGE_CURVE('',#4548,#4546,#4549,.T.);
#3740=EDGE_CURVE('',#4524,#4548,#4550,.T.);
#3741=EDGE_CURVE('',#4551,#4552,#4553,.T.);
#3742=EDGE_CURVE('',#4554,#4551,#4555,.T.);
#3743=EDGE_CURVE('',#4556,#4554,#4557,.T.);
#3744=EDGE_CURVE('',#4556,#4552,#4558,.T.);
#3745=FILL_AREA_STYLE('',(#4559));
#3746=EDGE_CURVE('',#4408,#4560,#4561,.T.);
#3747=EDGE_CURVE('',#4562,#4560,#4563,.T.);
#3748=EDGE_CURVE('',#4407,#4562,#4564,.T.);
#3749=FILL_AREA_STYLE('',(#4565));
#3750=EDGE_CURVE('',#4566,#4562,#4567,.T.);
#3751=EDGE_CURVE('',#4410,#4566,#4568,.T.);
#3752=FILL_AREA_STYLE('',(#4569));
#3753=EDGE_CURVE('',#4570,#4566,#4571,.T.);
#3754=EDGE_CURVE('',#4412,#4570,#4572,.T.);
#3755=FILL_AREA_STYLE('',(#4573));
#3756=EDGE_CURVE('',#4574,#4570,#4575,.T.);
#3757=EDGE_CURVE('',#4414,#4574,#4576,.T.);
#3758=FILL_AREA_STYLE('',(#4577));
#3759=EDGE_CURVE('',#4578,#4574,#4579,.T.);
#3760=EDGE_CURVE('',#4416,#4578,#4580,.T.);
#3761=FILL_AREA_STYLE('',(#4581));
#3762=EDGE_CURVE('',#4560,#4578,#4582,.T.);
#3763=FILL_AREA_STYLE('',(#4583));
#3764=EDGE_CURVE('',#4420,#4584,#4585,.T.);
#3765=EDGE_CURVE('',#4586,#4584,#4587,.T.);
#3766=EDGE_CURVE('',#4419,#4586,#4588,.T.);
#3767=FILL_AREA_STYLE('',(#4589));
#3768=EDGE_CURVE('',#4590,#4586,#4591,.T.);
#3769=EDGE_CURVE('',#4422,#4590,#4592,.T.);
#3770=FILL_AREA_STYLE('',(#4593));
#3771=EDGE_CURVE('',#4594,#4590,#4595,.T.);
#3772=EDGE_CURVE('',#4424,#4594,#4596,.T.);
#3773=FILL_AREA_STYLE('',(#4597));
#3774=EDGE_CURVE('',#4598,#4594,#4599,.T.);
#3775=EDGE_CURVE('',#4426,#4598,#4600,.T.);
#3776=FILL_AREA_STYLE('',(#4601));
#3777=EDGE_CURVE('',#4602,#4598,#4603,.T.);
#3778=EDGE_CURVE('',#4428,#4602,#4604,.T.);
#3779=FILL_AREA_STYLE('',(#4605));
#3780=EDGE_CURVE('',#4606,#4602,#4607,.T.);
#3781=EDGE_CURVE('',#4430,#4606,#4608,.T.);
#3782=FILL_AREA_STYLE('',(#4609));
#3783=EDGE_CURVE('',#4610,#4606,#4611,.T.);
#3784=EDGE_CURVE('',#4432,#4610,#4612,.T.);
#3785=FILL_AREA_STYLE('',(#4613));
#3786=EDGE_CURVE('',#4614,#4610,#4615,.T.);
#3787=EDGE_CURVE('',#4434,#4614,#4616,.T.);
#3788=FILL_AREA_STYLE('',(#4617));
#3789=EDGE_CURVE('',#4618,#4614,#4619,.T.);
#3790=EDGE_CURVE('',#4436,#4618,#4620,.T.);
#3791=FILL_AREA_STYLE('',(#4621));
#3792=EDGE_CURVE('',#4622,#4618,#4623,.T.);
#3793=EDGE_CURVE('',#4438,#4622,#4624,.T.);
#3794=FILL_AREA_STYLE('',(#4625));
#3795=EDGE_CURVE('',#4626,#4622,#4627,.T.);
#3796=EDGE_CURVE('',#4440,#4626,#4628,.T.);
#3797=FILL_AREA_STYLE('',(#4629));
#3798=EDGE_CURVE('',#4630,#4626,#4631,.T.);
#3799=EDGE_CURVE('',#4442,#4630,#4632,.T.);
#3800=FILL_AREA_STYLE('',(#4633));
#3801=EDGE_CURVE('',#4634,#4630,#4635,.T.);
#3802=EDGE_CURVE('',#4444,#4634,#4636,.T.);
#3803=FILL_AREA_STYLE('',(#4637));
#3804=EDGE_CURVE('',#4638,#4634,#4639,.T.);
#3805=EDGE_CURVE('',#4446,#4638,#4640,.T.);
#3806=FILL_AREA_STYLE('',(#4641));
#3807=EDGE_CURVE('',#4642,#4638,#4643,.T.);
#3808=EDGE_CURVE('',#4448,#4642,#4644,.T.);
#3809=FILL_AREA_STYLE('',(#4645));
#3810=EDGE_CURVE('',#4646,#4642,#4647,.T.);
#3811=EDGE_CURVE('',#4450,#4646,#4648,.T.);
#3812=FILL_AREA_STYLE('',(#4649));
#3813=EDGE_CURVE('',#4650,#4646,#4651,.T.);
#3814=EDGE_CURVE('',#4452,#4650,#4652,.T.);
#3815=FILL_AREA_STYLE('',(#4653));
#3816=EDGE_CURVE('',#4654,#4650,#4655,.T.);
#3817=EDGE_CURVE('',#4454,#4654,#4656,.T.);
#3818=FILL_AREA_STYLE('',(#4657));
#3819=EDGE_CURVE('',#4658,#4654,#4659,.T.);
#3820=EDGE_CURVE('',#4456,#4658,#4660,.T.);
#3821=FILL_AREA_STYLE('',(#4661));
#3822=EDGE_CURVE('',#4662,#4658,#4663,.T.);
#3823=EDGE_CURVE('',#4458,#4662,#4664,.T.);
#3824=FILL_AREA_STYLE('',(#4665));
#3825=EDGE_CURVE('',#4666,#4662,#4667,.T.);
#3826=EDGE_CURVE('',#4460,#4666,#4668,.T.);
#3827=FILL_AREA_STYLE('',(#4669));
#3828=EDGE_CURVE('',#4670,#4666,#4671,.T.);
#3829=EDGE_CURVE('',#4462,#4670,#4672,.T.);
#3830=FILL_AREA_STYLE('',(#4673));
#3831=EDGE_CURVE('',#4674,#4670,#4675,.T.);
#3832=EDGE_CURVE('',#4464,#4674,#4676,.T.);
#3833=FILL_AREA_STYLE('',(#4677));
#3834=EDGE_CURVE('',#4678,#4674,#4679,.T.);
#3835=EDGE_CURVE('',#4466,#4678,#4680,.T.);
#3836=FILL_AREA_STYLE('',(#4681));
#3837=EDGE_CURVE('',#4682,#4678,#4683,.T.);
#3838=EDGE_CURVE('',#4468,#4682,#4684,.T.);
#3839=FILL_AREA_STYLE('',(#4685));
#3840=EDGE_CURVE('',#4686,#4682,#4687,.T.);
#3841=EDGE_CURVE('',#4470,#4686,#4688,.T.);
#3842=FILL_AREA_STYLE('',(#4689));
#3843=EDGE_CURVE('',#4690,#4686,#4691,.T.);
#3844=EDGE_CURVE('',#4472,#4690,#4692,.T.);
#3845=FILL_AREA_STYLE('',(#4693));
#3846=EDGE_CURVE('',#4694,#4690,#4695,.T.);
#3847=EDGE_CURVE('',#4474,#4694,#4696,.T.);
#3848=FILL_AREA_STYLE('',(#4697));
#3849=EDGE_CURVE('',#4698,#4694,#4699,.T.);
#3850=EDGE_CURVE('',#4476,#4698,#4700,.T.);
#3851=FILL_AREA_STYLE('',(#4701));
#3852=EDGE_CURVE('',#4702,#4698,#4703,.T.);
#3853=EDGE_CURVE('',#4478,#4702,#4704,.T.);
#3854=FILL_AREA_STYLE('',(#4705));
#3855=EDGE_CURVE('',#4706,#4702,#4707,.T.);
#3856=EDGE_CURVE('',#4480,#4706,#4708,.T.);
#3857=FILL_AREA_STYLE('',(#4709));
#3858=EDGE_CURVE('',#4710,#4706,#4711,.T.);
#3859=EDGE_CURVE('',#4482,#4710,#4712,.T.);
#3860=FILL_AREA_STYLE('',(#4713));
#3861=EDGE_CURVE('',#4714,#4710,#4715,.T.);
#3862=EDGE_CURVE('',#4484,#4714,#4716,.T.);
#3863=FILL_AREA_STYLE('',(#4717));
#3864=EDGE_CURVE('',#4718,#4714,#4719,.T.);
#3865=EDGE_CURVE('',#4486,#4718,#4720,.T.);
#3866=FILL_AREA_STYLE('',(#4721));
#3867=EDGE_CURVE('',#4722,#4718,#4723,.T.);
#3868=EDGE_CURVE('',#4488,#4722,#4724,.T.);
#3869=FILL_AREA_STYLE('',(#4725));
#3870=EDGE_CURVE('',#4726,#4722,#4727,.T.);
#3871=EDGE_CURVE('',#4490,#4726,#4728,.T.);
#3872=FILL_AREA_STYLE('',(#4729));
#3873=EDGE_CURVE('',#4730,#4726,#4731,.T.);
#3874=EDGE_CURVE('',#4492,#4730,#4732,.T.);
#3875=FILL_AREA_STYLE('',(#4733));
#3876=EDGE_CURVE('',#4734,#4730,#4735,.T.);
#3877=EDGE_CURVE('',#4494,#4734,#4736,.T.);
#3878=FILL_AREA_STYLE('',(#4737));
#3879=EDGE_CURVE('',#4738,#4734,#4739,.T.);
#3880=EDGE_CURVE('',#4496,#4738,#4740,.T.);
#3881=FILL_AREA_STYLE('',(#4741));
#3882=EDGE_CURVE('',#4584,#4738,#4742,.T.);
#3883=FILL_AREA_STYLE('',(#4743));
#3884=EDGE_CURVE('',#4500,#4744,#4745,.T.);
#3885=EDGE_CURVE('',#4746,#4744,#4747,.T.);
#3886=EDGE_CURVE('',#4499,#4746,#4748,.T.);
#3887=FILL_AREA_STYLE('',(#4749));
#3888=EDGE_CURVE('',#4750,#4746,#4751,.T.);
#3889=EDGE_CURVE('',#4502,#4750,#4752,.T.);
#3890=FILL_AREA_STYLE('',(#4753));
#3891=EDGE_CURVE('',#4754,#4750,#4755,.T.);
#3892=EDGE_CURVE('',#4504,#4754,#4756,.T.);
#3893=FILL_AREA_STYLE('',(#4757));
#3894=EDGE_CURVE('',#4758,#4754,#4759,.T.);
#3895=EDGE_CURVE('',#4506,#4758,#4760,.T.);
#3896=FILL_AREA_STYLE('',(#4761));
#3897=EDGE_CURVE('',#4762,#4758,#4763,.T.);
#3898=EDGE_CURVE('',#4508,#4762,#4764,.T.);
#3899=FILL_AREA_STYLE('',(#4765));
#3900=EDGE_CURVE('',#4766,#4762,#4767,.T.);
#3901=EDGE_CURVE('',#4510,#4766,#4768,.T.);
#3902=FILL_AREA_STYLE('',(#4769));
#3903=EDGE_CURVE('',#4770,#4766,#4771,.T.);
#3904=EDGE_CURVE('',#4512,#4770,#4772,.T.);
#3905=FILL_AREA_STYLE('',(#4773));
#3906=EDGE_CURVE('',#4774,#4770,#4775,.T.);
#3907=EDGE_CURVE('',#4514,#4774,#4776,.T.);
#3908=FILL_AREA_STYLE('',(#4777));
#3909=EDGE_CURVE('',#4778,#4774,#4779,.T.);
#3910=EDGE_CURVE('',#4516,#4778,#4780,.T.);
#3911=FILL_AREA_STYLE('',(#4781));
#3912=EDGE_CURVE('',#4782,#4778,#4783,.T.);
#3913=EDGE_CURVE('',#4518,#4782,#4784,.T.);
#3914=FILL_AREA_STYLE('',(#4785));
#3915=EDGE_CURVE('',#4786,#4782,#4787,.T.);
#3916=EDGE_CURVE('',#4520,#4786,#4788,.T.);
#3917=FILL_AREA_STYLE('',(#4789));
#3918=EDGE_CURVE('',#4744,#4786,#4790,.T.);
#3919=FILL_AREA_STYLE('',(#4791));
#3920=EDGE_CURVE('',#4524,#4792,#4793,.T.);
#3921=EDGE_CURVE('',#4794,#4792,#4795,.T.);
#3922=EDGE_CURVE('',#4523,#4794,#4796,.T.);
#3923=FILL_AREA_STYLE('',(#4797));
#3924=EDGE_CURVE('',#4798,#4794,#4799,.T.);
#3925=EDGE_CURVE('',#4526,#4798,#4800,.T.);
#3926=FILL_AREA_STYLE('',(#4801));
#3927=EDGE_CURVE('',#4802,#4798,#4803,.T.);
#3928=EDGE_CURVE('',#4528,#4802,#4804,.T.);
#3929=FILL_AREA_STYLE('',(#4805));
#3930=EDGE_CURVE('',#4806,#4802,#4807,.T.);
#3931=EDGE_CURVE('',#4530,#4806,#4808,.T.);
#3932=FILL_AREA_STYLE('',(#4809));
#3933=EDGE_CURVE('',#4810,#4806,#4811,.T.);
#3934=EDGE_CURVE('',#4532,#4810,#4812,.T.);
#3935=FILL_AREA_STYLE('',(#4813));
#3936=EDGE_CURVE('',#4814,#4810,#4815,.T.);
#3937=EDGE_CURVE('',#4534,#4814,#4816,.T.);
#3938=FILL_AREA_STYLE('',(#4817));
#3939=EDGE_CURVE('',#4818,#4814,#4819,.T.);
#3940=EDGE_CURVE('',#4536,#4818,#4820,.T.);
#3941=FILL_AREA_STYLE('',(#4821));
#3942=EDGE_CURVE('',#4822,#4818,#4823,.T.);
#3943=EDGE_CURVE('',#4538,#4822,#4824,.T.);
#3944=FILL_AREA_STYLE('',(#4825));
#3945=EDGE_CURVE('',#4826,#4822,#4827,.T.);
#3946=EDGE_CURVE('',#4540,#4826,#4828,.T.);
#3947=FILL_AREA_STYLE('',(#4829));
#3948=EDGE_CURVE('',#4830,#4826,#4831,.T.);
#3949=EDGE_CURVE('',#4542,#4830,#4832,.T.);
#3950=FILL_AREA_STYLE('',(#4833));
#3951=EDGE_CURVE('',#4834,#4830,#4835,.T.);
#3952=EDGE_CURVE('',#4544,#4834,#4836,.T.);
#3953=FILL_AREA_STYLE('',(#4837));
#3954=EDGE_CURVE('',#4838,#4834,#4839,.T.);
#3955=EDGE_CURVE('',#4546,#4838,#4840,.T.);
#3956=FILL_AREA_STYLE('',(#4841));
#3957=EDGE_CURVE('',#4842,#4838,#4843,.T.);
#3958=EDGE_CURVE('',#4548,#4842,#4844,.T.);
#3959=FILL_AREA_STYLE('',(#4845));
#3960=EDGE_CURVE('',#4792,#4842,#4846,.T.);
#3961=FILL_AREA_STYLE('',(#4847));
#3962=EDGE_CURVE('',#4848,#4849,#4850,.T.);
#3963=EDGE_CURVE('',#4848,#4851,#4852,.T.);
#3964=EDGE_CURVE('',#4851,#4853,#4854,.T.);
#3965=EDGE_CURVE('',#4855,#4853,#4856,.T.);
#3966=EDGE_CURVE('',#4855,#4857,#4858,.T.);
#3967=EDGE_CURVE('',#4857,#4859,#4860,.T.);
#3968=EDGE_CURVE('',#4859,#4861,#4862,.T.);
#3969=EDGE_CURVE('',#4863,#4861,#4864,.T.);
#3970=EDGE_CURVE('',#4863,#4865,#4866,.T.);
#3971=EDGE_CURVE('',#4865,#4867,#4868,.T.);
#3972=EDGE_CURVE('',#4551,#4867,#4869,.T.);
#3973=EDGE_CURVE('',#4870,#4552,#4871,.T.);
#3974=EDGE_CURVE('',#4872,#4870,#4873,.T.);
#3975=EDGE_CURVE('',#4874,#4872,#4875,.T.);
#3976=EDGE_CURVE('',#4874,#4876,#4877,.T.);
#3977=EDGE_CURVE('',#4876,#4878,#4879,.T.);
#3978=EDGE_CURVE('',#4880,#4878,#4881,.T.);
#3979=EDGE_CURVE('',#4880,#4882,#4883,.T.);
#3980=EDGE_CURVE('',#4882,#4884,#4885,.T.);
#3981=EDGE_CURVE('',#4886,#4884,#4887,.T.);
#3982=EDGE_CURVE('',#4888,#4886,#4889,.T.);
#3983=EDGE_CURVE('',#4890,#4888,#4891,.T.);
#3984=EDGE_CURVE('',#4890,#4892,#4893,.T.);
#3985=EDGE_CURVE('',#4892,#4849,#4894,.T.);
#3986=EDGE_CURVE('',#4895,#4896,#4897,.T.);
#3987=EDGE_CURVE('',#4896,#4895,#4898,.T.);
#3988=FILL_AREA_STYLE('',(#4899));
#3989=EDGE_CURVE('',#4900,#4867,#4901,.T.);
#3990=EDGE_CURVE('',#4554,#4900,#4902,.T.);
#3991=FILL_AREA_STYLE('',(#4903));
#3992=EDGE_CURVE('',#4904,#4905,#4906,.T.);
#3993=EDGE_CURVE('',#4905,#4904,#4907,.T.);
#3994=EDGE_CURVE('',#4908,#4909,#4910,.T.);
#3995=EDGE_CURVE('',#4911,#4908,#4912,.T.);
#3996=EDGE_CURVE('',#4913,#4911,#4914,.T.);
#3997=EDGE_CURVE('',#4915,#4913,#4916,.T.);
#3998=EDGE_CURVE('',#4917,#4915,#4918,.T.);
#3999=EDGE_CURVE('',#4919,#4917,#4920,.T.);
#4000=EDGE_CURVE('',#4921,#4919,#4922,.T.);
#4001=EDGE_CURVE('',#4909,#4921,#4923,.T.);
#4002=EDGE_CURVE('',#4924,#4925,#4926,.T.);
#4003=EDGE_CURVE('',#4927,#4924,#4928,.T.);
#4004=EDGE_CURVE('',#4929,#4927,#4930,.T.);
#4005=EDGE_CURVE('',#4931,#4929,#4932,.T.);
#4006=EDGE_CURVE('',#4933,#4931,#4934,.T.);
#4007=EDGE_CURVE('',#4935,#4933,#4936,.T.);
#4008=EDGE_CURVE('',#4937,#4935,#4938,.T.);
#4009=EDGE_CURVE('',#4939,#4937,#4940,.T.);
#4010=EDGE_CURVE('',#4941,#4939,#4942,.T.);
#4011=EDGE_CURVE('',#4943,#4941,#4944,.T.);
#4012=EDGE_CURVE('',#4945,#4943,#4946,.T.);
#4013=EDGE_CURVE('',#4947,#4945,#4948,.T.);
#4014=EDGE_CURVE('',#4925,#4947,#4949,.T.);
#4015=EDGE_CURVE('',#4950,#4951,#4952,.T.);
#4016=EDGE_CURVE('',#4953,#4950,#4954,.T.);
#4017=EDGE_CURVE('',#4955,#4953,#4956,.T.);
#4018=EDGE_CURVE('',#4957,#4955,#4958,.T.);
#4019=EDGE_CURVE('',#4959,#4957,#4960,.T.);
#4020=EDGE_CURVE('',#4961,#4959,#4962,.T.);
#4021=EDGE_CURVE('',#4963,#4961,#4964,.T.);
#4022=EDGE_CURVE('',#4965,#4963,#4966,.T.);
#4023=EDGE_CURVE('',#4967,#4965,#4968,.T.);
#4024=EDGE_CURVE('',#4969,#4967,#4970,.T.);
#4025=EDGE_CURVE('',#4971,#4969,#4972,.T.);
#4026=EDGE_CURVE('',#4973,#4971,#4974,.T.);
#4027=EDGE_CURVE('',#4975,#4973,#4976,.T.);
#4028=EDGE_CURVE('',#4951,#4975,#4977,.T.);
#4029=EDGE_CURVE('',#4978,#4979,#4980,.T.);
#4030=EDGE_CURVE('',#4979,#4981,#4982,.T.);
#4031=EDGE_CURVE('',#4981,#4983,#4984,.T.);
#4032=EDGE_CURVE('',#4983,#4985,#4986,.T.);
#4033=EDGE_CURVE('',#4985,#4987,#4988,.T.);
#4034=EDGE_CURVE('',#4987,#4989,#4990,.T.);
#4035=EDGE_CURVE('',#4989,#4991,#4992,.T.);
#4036=EDGE_CURVE('',#4991,#4993,#4994,.T.);
#4037=EDGE_CURVE('',#4993,#4995,#4996,.T.);
#4038=EDGE_CURVE('',#4995,#4997,#4998,.T.);
#4039=EDGE_CURVE('',#4997,#4999,#5000,.T.);
#4040=EDGE_CURVE('',#4999,#4556,#5001,.T.);
#4041=EDGE_CURVE('',#5002,#4900,#5003,.T.);
#4042=EDGE_CURVE('',#5004,#5002,#5005,.T.);
#4043=EDGE_CURVE('',#5006,#5004,#5007,.T.);
#4044=EDGE_CURVE('',#5008,#5006,#5009,.T.);
#4045=EDGE_CURVE('',#5010,#5008,#5011,.T.);
#4046=EDGE_CURVE('',#5012,#5010,#5013,.T.);
#4047=EDGE_CURVE('',#5012,#5014,#5015,.T.);
#4048=EDGE_CURVE('',#5014,#5016,#5017,.T.);
#4049=EDGE_CURVE('',#5016,#5018,#5019,.T.);
#4050=EDGE_CURVE('',#5018,#5020,#5021,.T.);
#4051=EDGE_CURVE('',#5020,#4978,#5022,.T.);
#4052=FILL_AREA_STYLE('',(#5023));
#4053=EDGE_CURVE('',#4999,#4870,#5024,.T.);
#4054=FILL_AREA_STYLE('',(#5025));
#4055=FILL_AREA_STYLE('',(#5026));
#4056=FILL_AREA_STYLE('',(#5027));
#4057=FILL_AREA_STYLE('',(#5028));
#4058=EDGE_CURVE('',#5029,#5030,#5031,.T.);
#4059=EDGE_CURVE('',#5030,#5032,#5033,.T.);
#4060=EDGE_CURVE('',#5032,#5034,#5035,.T.);
#4061=EDGE_CURVE('',#5034,#5036,#5037,.T.);
#4062=EDGE_CURVE('',#5036,#5038,#5039,.T.);
#4063=EDGE_CURVE('',#5038,#5040,#5041,.T.);
#4064=EDGE_CURVE('',#5040,#5042,#5043,.T.);
#4065=EDGE_CURVE('',#5042,#5044,#5045,.T.);
#4066=EDGE_CURVE('',#5044,#5046,#5047,.T.);
#4067=EDGE_CURVE('',#5046,#5048,#5049,.T.);
#4068=EDGE_CURVE('',#5048,#5050,#5051,.T.);
#4069=EDGE_CURVE('',#5050,#5029,#5052,.T.);
#4070=FILL_AREA_STYLE('',(#5053));
#4071=EDGE_CURVE('',#5018,#4848,#5054,.T.);
#4072=EDGE_CURVE('',#4849,#5020,#5055,.T.);
#4073=FILL_AREA_STYLE('',(#5056));
#4074=EDGE_CURVE('',#5016,#4851,#5057,.T.);
#4075=FILL_AREA_STYLE('',(#5058));
#4076=EDGE_CURVE('',#5014,#4853,#5059,.T.);
#4077=FILL_AREA_STYLE('',(#5060));
#4078=EDGE_CURVE('',#4855,#5012,#5061,.T.);
#4079=FILL_AREA_STYLE('',(#5062));
#4080=EDGE_CURVE('',#5010,#4857,#5063,.T.);
#4081=FILL_AREA_STYLE('',(#5064));
#4082=EDGE_CURVE('',#5065,#5066,#5067,.T.);
#4083=EDGE_CURVE('',#5065,#4859,#5068,.T.);
#4084=EDGE_CURVE('',#5008,#5066,#5069,.T.);
#4085=FILL_AREA_STYLE('',(#5070));
#4086=EDGE_CURVE('',#5071,#4861,#5072,.T.);
#4087=EDGE_CURVE('',#5065,#5071,#5073,.T.);
#4088=FILL_AREA_STYLE('',(#5074));
#4089=EDGE_CURVE('',#4861,#5006,#5075,.T.);
#4090=EDGE_CURVE('',#5004,#4863,#5076,.T.);
#4091=FILL_AREA_STYLE('',(#5077));
#4092=EDGE_CURVE('',#4865,#5078,#5079,.T.);
#4093=EDGE_CURVE('',#4863,#5080,#5081,.T.);
#4094=EDGE_CURVE('',#5080,#5078,#5082,.T.);
#4095=FILL_AREA_STYLE('',(#5083));
#4096=EDGE_CURVE('',#5002,#4865,#5084,.T.);
#4097=FILL_AREA_STYLE('',(#5085));
#4098=EDGE_CURVE('',#4872,#4997,#5086,.T.);
#4099=FILL_AREA_STYLE('',(#5087));
#4100=EDGE_CURVE('',#4995,#4874,#5088,.T.);
#4101=FILL_AREA_STYLE('',(#5089));
#4102=EDGE_CURVE('',#4876,#4993,#5090,.T.);
#4103=FILL_AREA_STYLE('',(#5091));
#4104=EDGE_CURVE('',#4878,#4991,#5092,.T.);
#4105=FILL_AREA_STYLE('',(#5093));
#4106=EDGE_CURVE('',#4989,#4880,#5094,.T.);
#4107=FILL_AREA_STYLE('',(#5095));
#4108=EDGE_CURVE('',#4987,#4882,#5096,.T.);
#4109=FILL_AREA_STYLE('',(#5097));
#4110=EDGE_CURVE('',#4985,#4884,#5098,.T.);
#4111=FILL_AREA_STYLE('',(#5099));
#4112=EDGE_CURVE('',#4886,#4983,#5100,.T.);
#4113=FILL_AREA_STYLE('',(#5101));
#4114=EDGE_CURVE('',#4888,#4981,#5102,.T.);
#4115=FILL_AREA_STYLE('',(#5103));
#4116=EDGE_CURVE('',#4979,#4890,#5104,.T.);
#4117=FILL_AREA_STYLE('',(#5105));
#4118=EDGE_CURVE('',#4892,#4978,#5106,.T.);
#4119=FILL_AREA_STYLE('',(#5107));
#4120=FILL_AREA_STYLE('',(#5108));
#4121=EDGE_CURVE('',#4905,#4896,#5109,.T.);
#4122=EDGE_CURVE('',#4904,#4895,#5110,.T.);
#4123=FILL_AREA_STYLE('',(#5111));
#4124=FILL_AREA_STYLE('',(#5112));
#4125=EDGE_CURVE('',#4909,#5113,#5114,.T.);
#4126=EDGE_CURVE('',#5115,#5113,#5116,.T.);
#4127=EDGE_CURVE('',#4908,#5115,#5117,.T.);
#4128=FILL_AREA_STYLE('',(#5118));
#4129=EDGE_CURVE('',#5119,#5115,#5120,.T.);
#4130=EDGE_CURVE('',#4911,#5119,#5121,.T.);
#4131=FILL_AREA_STYLE('',(#5122));
#4132=EDGE_CURVE('',#5123,#5119,#5124,.T.);
#4133=EDGE_CURVE('',#4913,#5123,#5125,.T.);
#4134=FILL_AREA_STYLE('',(#5126));
#4135=EDGE_CURVE('',#5127,#5123,#5128,.T.);
#4136=EDGE_CURVE('',#4915,#5127,#5129,.T.);
#4137=FILL_AREA_STYLE('',(#5130));
#4138=EDGE_CURVE('',#5131,#5127,#5132,.T.);
#4139=EDGE_CURVE('',#4917,#5131,#5133,.T.);
#4140=FILL_AREA_STYLE('',(#5134));
#4141=EDGE_CURVE('',#5135,#5131,#5136,.T.);
#4142=EDGE_CURVE('',#4919,#5135,#5137,.T.);
#4143=FILL_AREA_STYLE('',(#5138));
#4144=EDGE_CURVE('',#5139,#5135,#5140,.T.);
#4145=EDGE_CURVE('',#4921,#5139,#5141,.T.);
#4146=FILL_AREA_STYLE('',(#5142));
#4147=EDGE_CURVE('',#5113,#5139,#5143,.T.);
#4148=FILL_AREA_STYLE('',(#5144));
#4149=EDGE_CURVE('',#4925,#5145,#5146,.T.);
#4150=EDGE_CURVE('',#5147,#5145,#5148,.T.);
#4151=EDGE_CURVE('',#4924,#5147,#5149,.T.);
#4152=FILL_AREA_STYLE('',(#5150));
#4153=EDGE_CURVE('',#5151,#5147,#5152,.T.);
#4154=EDGE_CURVE('',#4927,#5151,#5153,.T.);
#4155=FILL_AREA_STYLE('',(#5154));
#4156=EDGE_CURVE('',#5155,#5151,#5156,.T.);
#4157=EDGE_CURVE('',#4929,#5155,#5157,.T.);
#4158=FILL_AREA_STYLE('',(#5158));
#4159=EDGE_CURVE('',#5159,#5155,#5160,.T.);
#4160=EDGE_CURVE('',#4931,#5159,#5161,.T.);
#4161=FILL_AREA_STYLE('',(#5162));
#4162=EDGE_CURVE('',#5163,#5159,#5164,.T.);
#4163=EDGE_CURVE('',#4933,#5163,#5165,.T.);
#4164=FILL_AREA_STYLE('',(#5166));
#4165=EDGE_CURVE('',#5167,#5163,#5168,.T.);
#4166=EDGE_CURVE('',#4935,#5167,#5169,.T.);
#4167=FILL_AREA_STYLE('',(#5170));
#4168=EDGE_CURVE('',#5171,#5167,#5172,.T.);
#4169=EDGE_CURVE('',#4937,#5171,#5173,.T.);
#4170=FILL_AREA_STYLE('',(#5174));
#4171=EDGE_CURVE('',#5175,#5171,#5176,.T.);
#4172=EDGE_CURVE('',#4939,#5175,#5177,.T.);
#4173=FILL_AREA_STYLE('',(#5178));
#4174=EDGE_CURVE('',#5179,#5175,#5180,.T.);
#4175=EDGE_CURVE('',#4941,#5179,#5181,.T.);
#4176=FILL_AREA_STYLE('',(#5182));
#4177=EDGE_CURVE('',#5183,#5179,#5184,.T.);
#4178=EDGE_CURVE('',#4943,#5183,#5185,.T.);
#4179=FILL_AREA_STYLE('',(#5186));
#4180=EDGE_CURVE('',#5187,#5183,#5188,.T.);
#4181=EDGE_CURVE('',#4945,#5187,#5189,.T.);
#4182=FILL_AREA_STYLE('',(#5190));
#4183=EDGE_CURVE('',#5191,#5187,#5192,.T.);
#4184=EDGE_CURVE('',#4947,#5191,#5193,.T.);
#4185=FILL_AREA_STYLE('',(#5194));
#4186=EDGE_CURVE('',#5145,#5191,#5195,.T.);
#4187=FILL_AREA_STYLE('',(#5196));
#4188=EDGE_CURVE('',#4951,#5197,#5198,.T.);
#4189=EDGE_CURVE('',#5199,#5197,#5200,.T.);
#4190=EDGE_CURVE('',#4950,#5199,#5201,.T.);
#4191=FILL_AREA_STYLE('',(#5202));
#4192=EDGE_CURVE('',#5203,#5199,#5204,.T.);
#4193=EDGE_CURVE('',#4953,#5203,#5205,.T.);
#4194=FILL_AREA_STYLE('',(#5206));
#4195=EDGE_CURVE('',#5207,#5203,#5208,.T.);
#4196=EDGE_CURVE('',#4955,#5207,#5209,.T.);
#4197=FILL_AREA_STYLE('',(#5210));
#4198=EDGE_CURVE('',#5211,#5207,#5212,.T.);
#4199=EDGE_CURVE('',#4957,#5211,#5213,.T.);
#4200=FILL_AREA_STYLE('',(#5214));
#4201=EDGE_CURVE('',#5215,#5211,#5216,.T.);
#4202=EDGE_CURVE('',#4959,#5215,#5217,.T.);
#4203=FILL_AREA_STYLE('',(#5218));
#4204=EDGE_CURVE('',#5219,#5215,#5220,.T.);
#4205=EDGE_CURVE('',#4961,#5219,#5221,.T.);
#4206=FILL_AREA_STYLE('',(#5222));
#4207=EDGE_CURVE('',#5223,#5219,#5224,.T.);
#4208=EDGE_CURVE('',#4963,#5223,#5225,.T.);
#4209=FILL_AREA_STYLE('',(#5226));
#4210=EDGE_CURVE('',#5227,#5223,#5228,.T.);
#4211=EDGE_CURVE('',#4965,#5227,#5229,.T.);
#4212=FILL_AREA_STYLE('',(#5230));
#4213=EDGE_CURVE('',#5231,#5227,#5232,.T.);
#4214=EDGE_CURVE('',#4967,#5231,#5233,.T.);
#4215=FILL_AREA_STYLE('',(#5234));
#4216=EDGE_CURVE('',#5235,#5231,#5236,.T.);
#4217=EDGE_CURVE('',#4969,#5235,#5237,.T.);
#4218=FILL_AREA_STYLE('',(#5238));
#4219=EDGE_CURVE('',#5239,#5235,#5240,.T.);
#4220=EDGE_CURVE('',#4971,#5239,#5241,.T.);
#4221=FILL_AREA_STYLE('',(#5242));
#4222=EDGE_CURVE('',#5243,#5239,#5244,.T.);
#4223=EDGE_CURVE('',#4973,#5243,#5245,.T.);
#4224=FILL_AREA_STYLE('',(#5246));
#4225=EDGE_CURVE('',#5247,#5243,#5248,.T.);
#4226=EDGE_CURVE('',#4975,#5247,#5249,.T.);
#4227=FILL_AREA_STYLE('',(#5250));
#4228=EDGE_CURVE('',#5197,#5247,#5251,.T.);
#4229=FILL_AREA_STYLE('',(#5252));
#4230=EDGE_CURVE('',#5253,#5002,#5254,.T.);
#4231=EDGE_CURVE('',#5255,#5253,#5256,.T.);
#4232=EDGE_CURVE('',#5255,#5004,#5257,.T.);
#4233=FILL_AREA_STYLE('',(#5258));
#4234=EDGE_CURVE('',#5259,#5006,#5260,.T.);
#4235=EDGE_CURVE('',#5066,#5259,#5261,.T.);
#4236=FILL_AREA_STYLE('',(#5262));
#4237=EDGE_CURVE('',#5263,#5030,#5264,.T.);
#4238=EDGE_CURVE('',#5265,#5029,#5266,.T.);
#4239=EDGE_CURVE('',#5265,#5263,#5267,.T.);
#4240=FILL_AREA_STYLE('',(#5268));
#4241=EDGE_CURVE('',#5269,#5032,#5270,.T.);
#4242=EDGE_CURVE('',#5263,#5269,#5271,.T.);
#4243=FILL_AREA_STYLE('',(#5272));
#4244=EDGE_CURVE('',#5273,#5034,#5274,.T.);
#4245=EDGE_CURVE('',#5269,#5273,#5275,.T.);
#4246=FILL_AREA_STYLE('',(#5276));
#4247=EDGE_CURVE('',#5277,#5036,#5278,.T.);
#4248=EDGE_CURVE('',#5273,#5277,#5279,.T.);
#4249=FILL_AREA_STYLE('',(#5280));
#4250=EDGE_CURVE('',#5281,#5038,#5282,.T.);
#4251=EDGE_CURVE('',#5277,#5281,#5283,.T.);
#4252=FILL_AREA_STYLE('',(#5284));
#4253=EDGE_CURVE('',#5285,#5040,#5286,.T.);
#4254=EDGE_CURVE('',#5281,#5285,#5287,.T.);
#4255=FILL_AREA_STYLE('',(#5288));
#4256=EDGE_CURVE('',#5289,#5042,#5290,.T.);
#4257=EDGE_CURVE('',#5285,#5289,#5291,.T.);
#4258=FILL_AREA_STYLE('',(#5292));
#4259=EDGE_CURVE('',#5293,#5044,#5294,.T.);
#4260=EDGE_CURVE('',#5289,#5293,#5295,.T.);
#4261=FILL_AREA_STYLE('',(#5296));
#4262=EDGE_CURVE('',#5297,#5046,#5298,.T.);
#4263=EDGE_CURVE('',#5293,#5297,#5299,.T.);
#4264=FILL_AREA_STYLE('',(#5300));
#4265=EDGE_CURVE('',#5301,#5048,#5302,.T.);
#4266=EDGE_CURVE('',#5297,#5301,#5303,.T.);
#4267=FILL_AREA_STYLE('',(#5304));
#4268=EDGE_CURVE('',#5305,#5050,#5306,.T.);
#4269=EDGE_CURVE('',#5301,#5305,#5307,.T.);
#4270=FILL_AREA_STYLE('',(#5308));
#4271=EDGE_CURVE('',#5305,#5265,#5309,.T.);
#4272=FILL_AREA_STYLE('',(#5310));
#4273=EDGE_CURVE('',#5071,#5259,#5311,.T.);
#4274=FILL_AREA_STYLE('',(#5312));
#4275=FILL_AREA_STYLE('',(#5313));
#4276=EDGE_CURVE('',#5255,#5080,#5314,.T.);
#4277=FILL_AREA_STYLE('',(#5315));
#4278=EDGE_CURVE('',#5253,#5078,#5316,.T.);
#4279=FILL_AREA_STYLE('',(#5317));
#4280=FILL_AREA_STYLE('',(#5318));
#4281=EDGE_CURVE('',#5319,#5320,#5321,.T.);
#4282=EDGE_CURVE('',#5320,#5322,#5323,.T.);
#4283=EDGE_CURVE('',#5322,#5319,#5324,.T.);
#4284=FILL_AREA_STYLE('',(#5325));
#4285=FILL_AREA_STYLE('',(#5326));
#4286=EDGE_CURVE('',#5327,#5328,#5329,.T.);
#4287=EDGE_CURVE('',#5328,#5330,#5331,.T.);
#4288=EDGE_CURVE('',#5330,#5332,#5333,.T.);
#4289=EDGE_CURVE('',#5332,#5334,#5335,.T.);
#4290=EDGE_CURVE('',#5334,#5336,#5337,.T.);
#4291=EDGE_CURVE('',#5336,#5338,#5339,.T.);
#4292=EDGE_CURVE('',#5338,#5340,#5341,.T.);
#4293=EDGE_CURVE('',#5340,#5342,#5343,.T.);
#4294=EDGE_CURVE('',#5342,#5344,#5345,.T.);
#4295=EDGE_CURVE('',#5344,#5327,#5346,.T.);
#4296=FILL_AREA_STYLE('',(#5347));
#4297=FILL_AREA_STYLE('',(#5348));
#4298=EDGE_CURVE('',#5349,#5320,#5350,.T.);
#4299=EDGE_CURVE('',#5351,#5319,#5352,.T.);
#4300=EDGE_CURVE('',#5351,#5349,#5353,.T.);
#4301=FILL_AREA_STYLE('',(#5354));
#4302=EDGE_CURVE('',#5355,#5322,#5356,.T.);
#4303=EDGE_CURVE('',#5349,#5355,#5357,.T.);
#4304=FILL_AREA_STYLE('',(#5358));
#4305=EDGE_CURVE('',#5355,#5351,#5359,.T.);
#4306=FILL_AREA_STYLE('',(#5360));
#4307=EDGE_CURVE('',#5361,#5328,#5362,.T.);
#4308=EDGE_CURVE('',#5363,#5327,#5364,.T.);
#4309=EDGE_CURVE('',#5363,#5361,#5365,.T.);
#4310=FILL_AREA_STYLE('',(#5366));
#4311=EDGE_CURVE('',#5367,#5330,#5368,.T.);
#4312=EDGE_CURVE('',#5361,#5367,#5369,.T.);
#4313=FILL_AREA_STYLE('',(#5370));
#4314=EDGE_CURVE('',#5371,#5332,#5372,.T.);
#4315=EDGE_CURVE('',#5367,#5371,#5373,.T.);
#4316=FILL_AREA_STYLE('',(#5374));
#4317=EDGE_CURVE('',#5375,#5334,#5376,.T.);
#4318=EDGE_CURVE('',#5371,#5375,#5377,.T.);
#4319=FILL_AREA_STYLE('',(#5378));
#4320=EDGE_CURVE('',#5379,#5336,#5380,.T.);
#4321=EDGE_CURVE('',#5375,#5379,#5381,.T.);
#4322=FILL_AREA_STYLE('',(#5382));
#4323=EDGE_CURVE('',#5383,#5338,#5384,.T.);
#4324=EDGE_CURVE('',#5379,#5383,#5385,.T.);
#4325=FILL_AREA_STYLE('',(#5386));
#4326=EDGE_CURVE('',#5387,#5340,#5388,.T.);
#4327=EDGE_CURVE('',#5383,#5387,#5389,.T.);
#4328=FILL_AREA_STYLE('',(#5390));
#4329=EDGE_CURVE('',#5391,#5342,#5392,.T.);
#4330=EDGE_CURVE('',#5387,#5391,#5393,.T.);
#4331=FILL_AREA_STYLE('',(#5394));
#4332=EDGE_CURVE('',#5395,#5344,#5396,.T.);
#4333=EDGE_CURVE('',#5391,#5395,#5397,.T.);
#4334=FILL_AREA_STYLE('',(#5398));
#4335=EDGE_CURVE('',#5395,#5363,#5399,.T.);
#4336=FILL_AREA_STYLE('',(#5400));
#4337=FILL_AREA_STYLE('',(#5401));
#4338=FILL_AREA_STYLE_COLOUR('',#5402);
#4339=VERTEX_POINT('',#5403);
#4340=VERTEX_POINT('',#5404);
#4341=LINE('',#5405,#5406);
#4342=VERTEX_POINT('',#5407);
#4343=LINE('',#5408,#5409);
#4344=LINE('',#5410,#5411);
#4345=FILL_AREA_STYLE_COLOUR('',#5412);
#4346=VERTEX_POINT('',#5413);
#4347=LINE('',#5414,#5415);
#4348=VERTEX_POINT('',#5416);
#4349=LINE('',#5417,#5418);
#4350=LINE('',#5419,#5420);
#4351=FILL_AREA_STYLE_COLOUR('',#5421);
#4352=VERTEX_POINT('',#5422);
#4353=LINE('',#5423,#5424);
#4354=LINE('',#5425,#5426);
#4355=FILL_AREA_STYLE_COLOUR('',#5427);
#4356=LINE('',#5428,#5429);
#4357=FILL_AREA_STYLE_COLOUR('',#5430);
#4358=VERTEX_POINT('',#5431);
#4359=VERTEX_POINT('',#5432);
#4360=LINE('',#5433,#5434);
#4361=VERTEX_POINT('',#5435);
#4362=LINE('',#5436,#5437);
#4363=VERTEX_POINT('',#5438);
#4364=LINE('',#5439,#5440);
#4365=VERTEX_POINT('',#5441);
#4366=LINE('',#5442,#5443);
#4367=VERTEX_POINT('',#5444);
#4368=LINE('',#5445,#5446);
#4369=VERTEX_POINT('',#5447);
#4370=LINE('',#5448,#5449);
#4371=VERTEX_POINT('',#5450);
#4372=LINE('',#5451,#5452);
#4373=LINE('',#5453,#5454);
#4374=FILL_AREA_STYLE_COLOUR('',#5455);
#4375=VERTEX_POINT('',#5456);
#4376=LINE('',#5457,#5458);
#4377=VERTEX_POINT('',#5459);
#4378=LINE('',#5460,#5461);
#4379=LINE('',#5462,#5463);
#4380=FILL_AREA_STYLE_COLOUR('',#5464);
#4381=VERTEX_POINT('',#5465);
#4382=LINE('',#5466,#5467);
#4383=LINE('',#5468,#5469);
#4384=FILL_AREA_STYLE_COLOUR('',#5470);
#4385=VERTEX_POINT('',#5471);
#4386=LINE('',#5472,#5473);
#4387=LINE('',#5474,#5475);
#4388=FILL_AREA_STYLE_COLOUR('',#5476);
#4389=VERTEX_POINT('',#5477);
#4390=LINE('',#5478,#5479);
#4391=LINE('',#5480,#5481);
#4392=FILL_AREA_STYLE_COLOUR('',#5482);
#4393=VERTEX_POINT('',#5483);
#4394=LINE('',#5484,#5485);
#4395=LINE('',#5486,#5487);
#4396=FILL_AREA_STYLE_COLOUR('',#5488);
#4397=VERTEX_POINT('',#5489);
#4398=LINE('',#5490,#5491);
#4399=LINE('',#5492,#5493);
#4400=FILL_AREA_STYLE_COLOUR('',#5494);
#4401=VERTEX_POINT('',#5495);
#4402=LINE('',#5496,#5497);
#4403=LINE('',#5498,#5499);
#4404=FILL_AREA_STYLE_COLOUR('',#5500);
#4405=LINE('',#5501,#5502);
#4406=FILL_AREA_STYLE_COLOUR('',#5503);
#4407=VERTEX_POINT('',#5504);
#4408=VERTEX_POINT('',#5505);
#4409=LINE('',#5506,#5507);
#4410=VERTEX_POINT('',#5508);
#4411=LINE('',#5509,#5510);
#4412=VERTEX_POINT('',#5511);
#4413=LINE('',#5512,#5513);
#4414=VERTEX_POINT('',#5514);
#4415=LINE('',#5515,#5516);
#4416=VERTEX_POINT('',#5517);
#4417=LINE('',#5518,#5519);
#4418=LINE('',#5520,#5521);
#4419=VERTEX_POINT('',#5522);
#4420=VERTEX_POINT('',#5523);
#4421=LINE('',#5524,#5525);
#4422=VERTEX_POINT('',#5526);
#4423=LINE('',#5527,#5528);
#4424=VERTEX_POINT('',#5529);
#4425=LINE('',#5530,#5531);
#4426=VERTEX_POINT('',#5532);
#4427=LINE('',#5533,#5534);
#4428=VERTEX_POINT('',#5535);
#4429=LINE('',#5536,#5537);
#4430=VERTEX_POINT('',#5538);
#4431=LINE('',#5539,#5540);
#4432=VERTEX_POINT('',#5541);
#4433=LINE('',#5542,#5543);
#4434=VERTEX_POINT('',#5544);
#4435=LINE('',#5545,#5546);
#4436=VERTEX_POINT('',#5547);
#4437=LINE('',#5548,#5549);
#4438=VERTEX_POINT('',#5550);
#4439=LINE('',#5551,#5552);
#4440=VERTEX_POINT('',#5553);
#4441=LINE('',#5554,#5555);
#4442=VERTEX_POINT('',#5556);
#4443=LINE('',#5557,#5558);
#4444=VERTEX_POINT('',#5559);
#4445=LINE('',#5560,#5561);
#4446=VERTEX_POINT('',#5562);
#4447=LINE('',#5563,#5564);
#4448=VERTEX_POINT('',#5565);
#4449=LINE('',#5566,#5567);
#4450=VERTEX_POINT('',#5568);
#4451=LINE('',#5569,#5570);
#4452=VERTEX_POINT('',#5571);
#4453=LINE('',#5572,#5573);
#4454=VERTEX_POINT('',#5574);
#4455=LINE('',#5575,#5576);
#4456=VERTEX_POINT('',#5577);
#4457=LINE('',#5578,#5579);
#4458=VERTEX_POINT('',#5580);
#4459=LINE('',#5581,#5582);
#4460=VERTEX_POINT('',#5583);
#4461=LINE('',#5584,#5585);
#4462=VERTEX_POINT('',#5586);
#4463=LINE('',#5587,#5588);
#4464=VERTEX_POINT('',#5589);
#4465=LINE('',#5590,#5591);
#4466=VERTEX_POINT('',#5592);
#4467=LINE('',#5593,#5594);
#4468=VERTEX_POINT('',#5595);
#4469=LINE('',#5596,#5597);
#4470=VERTEX_POINT('',#5598);
#4471=LINE('',#5599,#5600);
#4472=VERTEX_POINT('',#5601);
#4473=LINE('',#5602,#5603);
#4474=VERTEX_POINT('',#5604);
#4475=LINE('',#5605,#5606);
#4476=VERTEX_POINT('',#5607);
#4477=LINE('',#5608,#5609);
#4478=VERTEX_POINT('',#5610);
#4479=LINE('',#5611,#5612);
#4480=VERTEX_POINT('',#5613);
#4481=LINE('',#5614,#5615);
#4482=VERTEX_POINT('',#5616);
#4483=LINE('',#5617,#5618);
#4484=VERTEX_POINT('',#5619);
#4485=LINE('',#5620,#5621);
#4486=VERTEX_POINT('',#5622);
#4487=LINE('',#5623,#5624);
#4488=VERTEX_POINT('',#5625);
#4489=LINE('',#5626,#5627);
#4490=VERTEX_POINT('',#5628);
#4491=LINE('',#5629,#5630);
#4492=VERTEX_POINT('',#5631);
#4493=LINE('',#5632,#5633);
#4494=VERTEX_POINT('',#5634);
#4495=LINE('',#5635,#5636);
#4496=VERTEX_POINT('',#5637);
#4497=LINE('',#5638,#5639);
#4498=LINE('',#5640,#5641);
#4499=VERTEX_POINT('',#5642);
#4500=VERTEX_POINT('',#5643);
#4501=LINE('',#5644,#5645);
#4502=VERTEX_POINT('',#5646);
#4503=LINE('',#5647,#5648);
#4504=VERTEX_POINT('',#5649);
#4505=LINE('',#5650,#5651);
#4506=VERTEX_POINT('',#5652);
#4507=LINE('',#5653,#5654);
#4508=VERTEX_POINT('',#5655);
#4509=LINE('',#5656,#5657);
#4510=VERTEX_POINT('',#5658);
#4511=LINE('',#5659,#5660);
#4512=VERTEX_POINT('',#5661);
#4513=LINE('',#5662,#5663);
#4514=VERTEX_POINT('',#5664);
#4515=LINE('',#5665,#5666);
#4516=VERTEX_POINT('',#5667);
#4517=LINE('',#5668,#5669);
#4518=VERTEX_POINT('',#5670);
#4519=LINE('',#5671,#5672);
#4520=VERTEX_POINT('',#5673);
#4521=LINE('',#5674,#5675);
#4522=LINE('',#5676,#5677);
#4523=VERTEX_POINT('',#5678);
#4524=VERTEX_POINT('',#5679);
#4525=LINE('',#5680,#5681);
#4526=VERTEX_POINT('',#5682);
#4527=LINE('',#5683,#5684);
#4528=VERTEX_POINT('',#5685);
#4529=LINE('',#5686,#5687);
#4530=VERTEX_POINT('',#5688);
#4531=LINE('',#5689,#5690);
#4532=VERTEX_POINT('',#5691);
#4533=LINE('',#5692,#5693);
#4534=VERTEX_POINT('',#5694);
#4535=LINE('',#5695,#5696);
#4536=VERTEX_POINT('',#5697);
#4537=LINE('',#5698,#5699);
#4538=VERTEX_POINT('',#5700);
#4539=LINE('',#5701,#5702);
#4540=VERTEX_POINT('',#5703);
#4541=LINE('',#5704,#5705);
#4542=VERTEX_POINT('',#5706);
#4543=LINE('',#5707,#5708);
#4544=VERTEX_POINT('',#5709);
#4545=LINE('',#5710,#5711);
#4546=VERTEX_POINT('',#5712);
#4547=LINE('',#5713,#5714);
#4548=VERTEX_POINT('',#5715);
#4549=LINE('',#5716,#5717);
#4550=LINE('',#5718,#5719);
#4551=VERTEX_POINT('',#5720);
#4552=VERTEX_POINT('',#5721);
#4553=LINE('',#5722,#5723);
#4554=VERTEX_POINT('',#5724);
#4555=LINE('',#5725,#5726);
#4556=VERTEX_POINT('',#5727);
#4557=LINE('',#5728,#5729);
#4558=LINE('',#5730,#5731);
#4559=FILL_AREA_STYLE_COLOUR('',#5732);
#4560=VERTEX_POINT('',#5733);
#4561=LINE('',#5734,#5735);
#4562=VERTEX_POINT('',#5736);
#4563=LINE('',#5737,#5738);
#4564=LINE('',#5739,#5740);
#4565=FILL_AREA_STYLE_COLOUR('',#5741);
#4566=VERTEX_POINT('',#5742);
#4567=LINE('',#5743,#5744);
#4568=LINE('',#5745,#5746);
#4569=FILL_AREA_STYLE_COLOUR('',#5747);
#4570=VERTEX_POINT('',#5748);
#4571=LINE('',#5749,#5750);
#4572=LINE('',#5751,#5752);
#4573=FILL_AREA_STYLE_COLOUR('',#5753);
#4574=VERTEX_POINT('',#5754);
#4575=LINE('',#5755,#5756);
#4576=LINE('',#5757,#5758);
#4577=FILL_AREA_STYLE_COLOUR('',#5759);
#4578=VERTEX_POINT('',#5760);
#4579=LINE('',#5761,#5762);
#4580=LINE('',#5763,#5764);
#4581=FILL_AREA_STYLE_COLOUR('',#5765);
#4582=LINE('',#5766,#5767);
#4583=FILL_AREA_STYLE_COLOUR('',#5768);
#4584=VERTEX_POINT('',#5769);
#4585=LINE('',#5770,#5771);
#4586=VERTEX_POINT('',#5772);
#4587=LINE('',#5773,#5774);
#4588=LINE('',#5775,#5776);
#4589=FILL_AREA_STYLE_COLOUR('',#5777);
#4590=VERTEX_POINT('',#5778);
#4591=LINE('',#5779,#5780);
#4592=LINE('',#5781,#5782);
#4593=FILL_AREA_STYLE_COLOUR('',#5783);
#4594=VERTEX_POINT('',#5784);
#4595=LINE('',#5785,#5786);
#4596=LINE('',#5787,#5788);
#4597=FILL_AREA_STYLE_COLOUR('',#5789);
#4598=VERTEX_POINT('',#5790);
#4599=LINE('',#5791,#5792);
#4600=LINE('',#5793,#5794);
#4601=FILL_AREA_STYLE_COLOUR('',#5795);
#4602=VERTEX_POINT('',#5796);
#4603=LINE('',#5797,#5798);
#4604=LINE('',#5799,#5800);
#4605=FILL_AREA_STYLE_COLOUR('',#5801);
#4606=VERTEX_POINT('',#5802);
#4607=LINE('',#5803,#5804);
#4608=LINE('',#5805,#5806);
#4609=FILL_AREA_STYLE_COLOUR('',#5807);
#4610=VERTEX_POINT('',#5808);
#4611=LINE('',#5809,#5810);
#4612=LINE('',#5811,#5812);
#4613=FILL_AREA_STYLE_COLOUR('',#5813);
#4614=VERTEX_POINT('',#5814);
#4615=LINE('',#5815,#5816);
#4616=LINE('',#5817,#5818);
#4617=FILL_AREA_STYLE_COLOUR('',#5819);
#4618=VERTEX_POINT('',#5820);
#4619=LINE('',#5821,#5822);
#4620=LINE('',#5823,#5824);
#4621=FILL_AREA_STYLE_COLOUR('',#5825);
#4622=VERTEX_POINT('',#5826);
#4623=LINE('',#5827,#5828);
#4624=LINE('',#5829,#5830);
#4625=FILL_AREA_STYLE_COLOUR('',#5831);
#4626=VERTEX_POINT('',#5832);
#4627=LINE('',#5833,#5834);
#4628=LINE('',#5835,#5836);
#4629=FILL_AREA_STYLE_COLOUR('',#5837);
#4630=VERTEX_POINT('',#5838);
#4631=LINE('',#5839,#5840);
#4632=LINE('',#5841,#5842);
#4633=FILL_AREA_STYLE_COLOUR('',#5843);
#4634=VERTEX_POINT('',#5844);
#4635=LINE('',#5845,#5846);
#4636=LINE('',#5847,#5848);
#4637=FILL_AREA_STYLE_COLOUR('',#5849);
#4638=VERTEX_POINT('',#5850);
#4639=LINE('',#5851,#5852);
#4640=LINE('',#5853,#5854);
#4641=FILL_AREA_STYLE_COLOUR('',#5855);
#4642=VERTEX_POINT('',#5856);
#4643=LINE('',#5857,#5858);
#4644=LINE('',#5859,#5860);
#4645=FILL_AREA_STYLE_COLOUR('',#5861);
#4646=VERTEX_POINT('',#5862);
#4647=LINE('',#5863,#5864);
#4648=LINE('',#5865,#5866);
#4649=FILL_AREA_STYLE_COLOUR('',#5867);
#4650=VERTEX_POINT('',#5868);
#4651=LINE('',#5869,#5870);
#4652=LINE('',#5871,#5872);
#4653=FILL_AREA_STYLE_COLOUR('',#5873);
#4654=VERTEX_POINT('',#5874);
#4655=LINE('',#5875,#5876);
#4656=LINE('',#5877,#5878);
#4657=FILL_AREA_STYLE_COLOUR('',#5879);
#4658=VERTEX_POINT('',#5880);
#4659=LINE('',#5881,#5882);
#4660=LINE('',#5883,#5884);
#4661=FILL_AREA_STYLE_COLOUR('',#5885);
#4662=VERTEX_POINT('',#5886);
#4663=LINE('',#5887,#5888);
#4664=LINE('',#5889,#5890);
#4665=FILL_AREA_STYLE_COLOUR('',#5891);
#4666=VERTEX_POINT('',#5892);
#4667=LINE('',#5893,#5894);
#4668=LINE('',#5895,#5896);
#4669=FILL_AREA_STYLE_COLOUR('',#5897);
#4670=VERTEX_POINT('',#5898);
#4671=LINE('',#5899,#5900);
#4672=LINE('',#5901,#5902);
#4673=FILL_AREA_STYLE_COLOUR('',#5903);
#4674=VERTEX_POINT('',#5904);
#4675=LINE('',#5905,#5906);
#4676=LINE('',#5907,#5908);
#4677=FILL_AREA_STYLE_COLOUR('',#5909);
#4678=VERTEX_POINT('',#5910);
#4679=LINE('',#5911,#5912);
#4680=LINE('',#5913,#5914);
#4681=FILL_AREA_STYLE_COLOUR('',#5915);
#4682=VERTEX_POINT('',#5916);
#4683=LINE('',#5917,#5918);
#4684=LINE('',#5919,#5920);
#4685=FILL_AREA_STYLE_COLOUR('',#5921);
#4686=VERTEX_POINT('',#5922);
#4687=LINE('',#5923,#5924);
#4688=LINE('',#5925,#5926);
#4689=FILL_AREA_STYLE_COLOUR('',#5927);
#4690=VERTEX_POINT('',#5928);
#4691=LINE('',#5929,#5930);
#4692=LINE('',#5931,#5932);
#4693=FILL_AREA_STYLE_COLOUR('',#5933);
#4694=VERTEX_POINT('',#5934);
#4695=LINE('',#5935,#5936);
#4696=LINE('',#5937,#5938);
#4697=FILL_AREA_STYLE_COLOUR('',#5939);
#4698=VERTEX_POINT('',#5940);
#4699=LINE('',#5941,#5942);
#4700=LINE('',#5943,#5944);
#4701=FILL_AREA_STYLE_COLOUR('',#5945);
#4702=VERTEX_POINT('',#5946);
#4703=LINE('',#5947,#5948);
#4704=LINE('',#5949,#5950);
#4705=FILL_AREA_STYLE_COLOUR('',#5951);
#4706=VERTEX_POINT('',#5952);
#4707=LINE('',#5953,#5954);
#4708=LINE('',#5955,#5956);
#4709=FILL_AREA_STYLE_COLOUR('',#5957);
#4710=VERTEX_POINT('',#5958);
#4711=LINE('',#5959,#5960);
#4712=LINE('',#5961,#5962);
#4713=FILL_AREA_STYLE_COLOUR('',#5963);
#4714=VERTEX_POINT('',#5964);
#4715=LINE('',#5965,#5966);
#4716=LINE('',#5967,#5968);
#4717=FILL_AREA_STYLE_COLOUR('',#5969);
#4718=VERTEX_POINT('',#5970);
#4719=LINE('',#5971,#5972);
#4720=LINE('',#5973,#5974);
#4721=FILL_AREA_STYLE_COLOUR('',#5975);
#4722=VERTEX_POINT('',#5976);
#4723=LINE('',#5977,#5978);
#4724=LINE('',#5979,#5980);
#4725=FILL_AREA_STYLE_COLOUR('',#5981);
#4726=VERTEX_POINT('',#5982);
#4727=LINE('',#5983,#5984);
#4728=LINE('',#5985,#5986);
#4729=FILL_AREA_STYLE_COLOUR('',#5987);
#4730=VERTEX_POINT('',#5988);
#4731=LINE('',#5989,#5990);
#4732=LINE('',#5991,#5992);
#4733=FILL_AREA_STYLE_COLOUR('',#5993);
#4734=VERTEX_POINT('',#5994);
#4735=LINE('',#5995,#5996);
#4736=LINE('',#5997,#5998);
#4737=FILL_AREA_STYLE_COLOUR('',#5999);
#4738=VERTEX_POINT('',#6000);
#4739=LINE('',#6001,#6002);
#4740=LINE('',#6003,#6004);
#4741=FILL_AREA_STYLE_COLOUR('',#6005);
#4742=LINE('',#6006,#6007);
#4743=FILL_AREA_STYLE_COLOUR('',#6008);
#4744=VERTEX_POINT('',#6009);
#4745=LINE('',#6010,#6011);
#4746=VERTEX_POINT('',#6012);
#4747=LINE('',#6013,#6014);
#4748=LINE('',#6015,#6016);
#4749=FILL_AREA_STYLE_COLOUR('',#6017);
#4750=VERTEX_POINT('',#6018);
#4751=LINE('',#6019,#6020);
#4752=LINE('',#6021,#6022);
#4753=FILL_AREA_STYLE_COLOUR('',#6023);
#4754=VERTEX_POINT('',#6024);
#4755=LINE('',#6025,#6026);
#4756=LINE('',#6027,#6028);
#4757=FILL_AREA_STYLE_COLOUR('',#6029);
#4758=VERTEX_POINT('',#6030);
#4759=LINE('',#6031,#6032);
#4760=LINE('',#6033,#6034);
#4761=FILL_AREA_STYLE_COLOUR('',#6035);
#4762=VERTEX_POINT('',#6036);
#4763=LINE('',#6037,#6038);
#4764=LINE('',#6039,#6040);
#4765=FILL_AREA_STYLE_COLOUR('',#6041);
#4766=VERTEX_POINT('',#6042);
#4767=LINE('',#6043,#6044);
#4768=LINE('',#6045,#6046);
#4769=FILL_AREA_STYLE_COLOUR('',#6047);
#4770=VERTEX_POINT('',#6048);
#4771=LINE('',#6049,#6050);
#4772=LINE('',#6051,#6052);
#4773=FILL_AREA_STYLE_COLOUR('',#6053);
#4774=VERTEX_POINT('',#6054);
#4775=LINE('',#6055,#6056);
#4776=LINE('',#6057,#6058);
#4777=FILL_AREA_STYLE_COLOUR('',#6059);
#4778=VERTEX_POINT('',#6060);
#4779=LINE('',#6061,#6062);
#4780=LINE('',#6063,#6064);
#4781=FILL_AREA_STYLE_COLOUR('',#6065);
#4782=VERTEX_POINT('',#6066);
#4783=LINE('',#6067,#6068);
#4784=LINE('',#6069,#6070);
#4785=FILL_AREA_STYLE_COLOUR('',#6071);
#4786=VERTEX_POINT('',#6072);
#4787=LINE('',#6073,#6074);
#4788=LINE('',#6075,#6076);
#4789=FILL_AREA_STYLE_COLOUR('',#6077);
#4790=LINE('',#6078,#6079);
#4791=FILL_AREA_STYLE_COLOUR('',#6080);
#4792=VERTEX_POINT('',#6081);
#4793=LINE('',#6082,#6083);
#4794=VERTEX_POINT('',#6084);
#4795=LINE('',#6085,#6086);
#4796=LINE('',#6087,#6088);
#4797=FILL_AREA_STYLE_COLOUR('',#6089);
#4798=VERTEX_POINT('',#6090);
#4799=LINE('',#6091,#6092);
#4800=LINE('',#6093,#6094);
#4801=FILL_AREA_STYLE_COLOUR('',#6095);
#4802=VERTEX_POINT('',#6096);
#4803=LINE('',#6097,#6098);
#4804=LINE('',#6099,#6100);
#4805=FILL_AREA_STYLE_COLOUR('',#6101);
#4806=VERTEX_POINT('',#6102);
#4807=LINE('',#6103,#6104);
#4808=LINE('',#6105,#6106);
#4809=FILL_AREA_STYLE_COLOUR('',#6107);
#4810=VERTEX_POINT('',#6108);
#4811=LINE('',#6109,#6110);
#4812=LINE('',#6111,#6112);
#4813=FILL_AREA_STYLE_COLOUR('',#6113);
#4814=VERTEX_POINT('',#6114);
#4815=LINE('',#6115,#6116);
#4816=LINE('',#6117,#6118);
#4817=FILL_AREA_STYLE_COLOUR('',#6119);
#4818=VERTEX_POINT('',#6120);
#4819=LINE('',#6121,#6122);
#4820=LINE('',#6123,#6124);
#4821=FILL_AREA_STYLE_COLOUR('',#6125);
#4822=VERTEX_POINT('',#6126);
#4823=LINE('',#6127,#6128);
#4824=LINE('',#6129,#6130);
#4825=FILL_AREA_STYLE_COLOUR('',#6131);
#4826=VERTEX_POINT('',#6132);
#4827=LINE('',#6133,#6134);
#4828=LINE('',#6135,#6136);
#4829=FILL_AREA_STYLE_COLOUR('',#6137);
#4830=VERTEX_POINT('',#6138);
#4831=LINE('',#6139,#6140);
#4832=LINE('',#6141,#6142);
#4833=FILL_AREA_STYLE_COLOUR('',#6143);
#4834=VERTEX_POINT('',#6144);
#4835=LINE('',#6145,#6146);
#4836=LINE('',#6147,#6148);
#4837=FILL_AREA_STYLE_COLOUR('',#6149);
#4838=VERTEX_POINT('',#6150);
#4839=LINE('',#6151,#6152);
#4840=LINE('',#6153,#6154);
#4841=FILL_AREA_STYLE_COLOUR('',#6155);
#4842=VERTEX_POINT('',#6156);
#4843=LINE('',#6157,#6158);
#4844=LINE('',#6159,#6160);
#4845=FILL_AREA_STYLE_COLOUR('',#6161);
#4846=LINE('',#6162,#6163);
#4847=FILL_AREA_STYLE_COLOUR('',#6164);
#4848=VERTEX_POINT('',#6165);
#4849=VERTEX_POINT('',#6166);
#4850=LINE('',#6167,#6168);
#4851=VERTEX_POINT('',#6169);
#4852=CIRCLE('',#6170,0.299999999999999);
#4853=VERTEX_POINT('',#6171);
#4854=LINE('',#6172,#6173);
#4855=VERTEX_POINT('',#6174);
#4856=LINE('',#6175,#6176);
#4857=VERTEX_POINT('',#6177);
#4858=LINE('',#6178,#6179);
#4859=VERTEX_POINT('',#6180);
#4860=LINE('',#6181,#6182);
#4861=VERTEX_POINT('',#6183);
#4862=LINE('',#6184,#6185);
#4863=VERTEX_POINT('',#6186);
#4864=LINE('',#6187,#6188);
#4865=VERTEX_POINT('',#6189);
#4866=LINE('',#6190,#6191);
#4867=VERTEX_POINT('',#6192);
#4868=LINE('',#6193,#6194);
#4869=LINE('',#6195,#6196);
#4870=VERTEX_POINT('',#6197);
#4871=LINE('',#6198,#6199);
#4872=VERTEX_POINT('',#6200);
#4873=LINE('',#6201,#6202);
#4874=VERTEX_POINT('',#6203);
#4875=LINE('',#6204,#6205);
#4876=VERTEX_POINT('',#6206);
#4877=LINE('',#6207,#6208);
#4878=VERTEX_POINT('',#6209);
#4879=CIRCLE('',#6210,0.300000000000001);
#4880=VERTEX_POINT('',#6211);
#4881=LINE('',#6212,#6213);
#4882=VERTEX_POINT('',#6214);
#4883=CIRCLE('',#6215,0.300000000000002);
#4884=VERTEX_POINT('',#6216);
#4885=LINE('',#6217,#6218);
#4886=VERTEX_POINT('',#6219);
#4887=LINE('',#6220,#6221);
#4888=VERTEX_POINT('',#6222);
#4889=LINE('',#6223,#6224);
#4890=VERTEX_POINT('',#6225);
#4891=LINE('',#6226,#6227);
#4892=VERTEX_POINT('',#6228);
#4893=LINE('',#6229,#6230);
#4894=CIRCLE('',#6231,0.300000000000005);
#4895=VERTEX_POINT('',#6232);
#4896=VERTEX_POINT('',#6233);
#4897=CIRCLE('',#6234,0.89);
#4898=CIRCLE('',#6235,0.890000000000001);
#4899=FILL_AREA_STYLE_COLOUR('',#6236);
#4900=VERTEX_POINT('',#6237);
#4901=LINE('',#6238,#6239);
#4902=LINE('',#6240,#6241);
#4903=FILL_AREA_STYLE_COLOUR('',#6242);
#4904=VERTEX_POINT('',#6243);
#4905=VERTEX_POINT('',#6244);
#4906=CIRCLE('',#6245,0.889999999999999);
#4907=CIRCLE('',#6246,0.889999999999999);
#4908=VERTEX_POINT('',#6247);
#4909=VERTEX_POINT('',#6248);
#4910=LINE('',#6249,#6250);
#4911=VERTEX_POINT('',#6251);
#4912=LINE('',#6252,#6253);
#4913=VERTEX_POINT('',#6254);
#4914=LINE('',#6255,#6256);
#4915=VERTEX_POINT('',#6257);
#4916=LINE('',#6258,#6259);
#4917=VERTEX_POINT('',#6260);
#4918=LINE('',#6261,#6262);
#4919=VERTEX_POINT('',#6263);
#4920=LINE('',#6264,#6265);
#4921=VERTEX_POINT('',#6266);
#4922=LINE('',#6267,#6268);
#4923=LINE('',#6269,#6270);
#4924=VERTEX_POINT('',#6271);
#4925=VERTEX_POINT('',#6272);
#4926=LINE('',#6273,#6274);
#4927=VERTEX_POINT('',#6275);
#4928=LINE('',#6276,#6277);
#4929=VERTEX_POINT('',#6278);
#4930=LINE('',#6279,#6280);
#4931=VERTEX_POINT('',#6281);
#4932=LINE('',#6282,#6283);
#4933=VERTEX_POINT('',#6284);
#4934=LINE('',#6285,#6286);
#4935=VERTEX_POINT('',#6287);
#4936=LINE('',#6288,#6289);
#4937=VERTEX_POINT('',#6290);
#4938=LINE('',#6291,#6292);
#4939=VERTEX_POINT('',#6293);
#4940=LINE('',#6294,#6295);
#4941=VERTEX_POINT('',#6296);
#4942=LINE('',#6297,#6298);
#4943=VERTEX_POINT('',#6299);
#4944=LINE('',#6300,#6301);
#4945=VERTEX_POINT('',#6302);
#4946=LINE('',#6303,#6304);
#4947=VERTEX_POINT('',#6305);
#4948=LINE('',#6306,#6307);
#4949=LINE('',#6308,#6309);
#4950=VERTEX_POINT('',#6310);
#4951=VERTEX_POINT('',#6311);
#4952=LINE('',#6312,#6313);
#4953=VERTEX_POINT('',#6314);
#4954=LINE('',#6315,#6316);
#4955=VERTEX_POINT('',#6317);
#4956=LINE('',#6318,#6319);
#4957=VERTEX_POINT('',#6320);
#4958=LINE('',#6321,#6322);
#4959=VERTEX_POINT('',#6323);
#4960=LINE('',#6324,#6325);
#4961=VERTEX_POINT('',#6326);
#4962=LINE('',#6327,#6328);
#4963=VERTEX_POINT('',#6329);
#4964=LINE('',#6330,#6331);
#4965=VERTEX_POINT('',#6332);
#4966=LINE('',#6333,#6334);
#4967=VERTEX_POINT('',#6335);
#4968=LINE('',#6336,#6337);
#4969=VERTEX_POINT('',#6338);
#4970=LINE('',#6339,#6340);
#4971=VERTEX_POINT('',#6341);
#4972=LINE('',#6342,#6343);
#4973=VERTEX_POINT('',#6344);
#4974=LINE('',#6345,#6346);
#4975=VERTEX_POINT('',#6347);
#4976=LINE('',#6348,#6349);
#4977=LINE('',#6350,#6351);
#4978=VERTEX_POINT('',#6352);
#4979=VERTEX_POINT('',#6353);
#4980=LINE('',#6354,#6355);
#4981=VERTEX_POINT('',#6356);
#4982=LINE('',#6357,#6358);
#4983=VERTEX_POINT('',#6359);
#4984=LINE('',#6360,#6361);
#4985=VERTEX_POINT('',#6362);
#4986=LINE('',#6363,#6364);
#4987=VERTEX_POINT('',#6365);
#4988=LINE('',#6366,#6367);
#4989=VERTEX_POINT('',#6368);
#4990=CIRCLE('',#6369,0.300000000000005);
#4991=VERTEX_POINT('',#6370);
#4992=LINE('',#6371,#6372);
#4993=VERTEX_POINT('',#6373);
#4994=CIRCLE('',#6374,0.300000000000002);
#4995=VERTEX_POINT('',#6375);
#4996=LINE('',#6376,#6377);
#4997=VERTEX_POINT('',#6378);
#4998=LINE('',#6379,#6380);
#4999=VERTEX_POINT('',#6381);
#5000=LINE('',#6382,#6383);
#5001=LINE('',#6384,#6385);
#5002=VERTEX_POINT('',#6386);
#5003=LINE('',#6387,#6388);
#5004=VERTEX_POINT('',#6389);
#5005=LINE('',#6390,#6391);
#5006=VERTEX_POINT('',#6392);
#5007=LINE('',#6393,#6394);
#5008=VERTEX_POINT('',#6395);
#5009=LINE('',#6396,#6397);
#5010=VERTEX_POINT('',#6398);
#5011=LINE('',#6399,#6400);
#5012=VERTEX_POINT('',#6401);
#5013=LINE('',#6402,#6403);
#5014=VERTEX_POINT('',#6404);
#5015=LINE('',#6405,#6406);
#5016=VERTEX_POINT('',#6407);
#5017=LINE('',#6408,#6409);
#5018=VERTEX_POINT('',#6410);
#5019=CIRCLE('',#6411,0.300000000000004);
#5020=VERTEX_POINT('',#6412);
#5021=LINE('',#6413,#6414);
#5022=CIRCLE('',#6415,0.300000000000004);
#5023=FILL_AREA_STYLE_COLOUR('',#6416);
#5024=LINE('',#6417,#6418);
#5025=FILL_AREA_STYLE_COLOUR('',#6419);
#5026=FILL_AREA_STYLE_COLOUR('',#6420);
#5027=FILL_AREA_STYLE_COLOUR('',#6421);
#5028=FILL_AREA_STYLE_COLOUR('',#6422);
#5029=VERTEX_POINT('',#6423);
#5030=VERTEX_POINT('',#6424);
#5031=LINE('',#6425,#6426);
#5032=VERTEX_POINT('',#6427);
#5033=LINE('',#6428,#6429);
#5034=VERTEX_POINT('',#6430);
#5035=LINE('',#6431,#6432);
#5036=VERTEX_POINT('',#6433);
#5037=LINE('',#6434,#6435);
#5038=VERTEX_POINT('',#6436);
#5039=LINE('',#6437,#6438);
#5040=VERTEX_POINT('',#6439);
#5041=LINE('',#6440,#6441);
#5042=VERTEX_POINT('',#6442);
#5043=LINE('',#6443,#6444);
#5044=VERTEX_POINT('',#6445);
#5045=LINE('',#6446,#6447);
#5046=VERTEX_POINT('',#6448);
#5047=LINE('',#6449,#6450);
#5048=VERTEX_POINT('',#6451);
#5049=LINE('',#6452,#6453);
#5050=VERTEX_POINT('',#6454);
#5051=LINE('',#6455,#6456);
#5052=LINE('',#6457,#6458);
#5053=FILL_AREA_STYLE_COLOUR('',#6459);
#5054=LINE('',#6460,#6461);
#5055=LINE('',#6462,#6463);
#5056=FILL_AREA_STYLE_COLOUR('',#6464);
#5057=LINE('',#6465,#6466);
#5058=FILL_AREA_STYLE_COLOUR('',#6467);
#5059=LINE('',#6468,#6469);
#5060=FILL_AREA_STYLE_COLOUR('',#6470);
#5061=LINE('',#6471,#6472);
#5062=FILL_AREA_STYLE_COLOUR('',#6473);
#5063=LINE('',#6474,#6475);
#5064=FILL_AREA_STYLE_COLOUR('',#6476);
#5065=VERTEX_POINT('',#6477);
#5066=VERTEX_POINT('',#6478);
#5067=LINE('',#6479,#6480);
#5068=LINE('',#6481,#6482);
#5069=LINE('',#6483,#6484);
#5070=FILL_AREA_STYLE_COLOUR('',#6485);
#5071=VERTEX_POINT('',#6486);
#5072=LINE('',#6487,#6488);
#5073=LINE('',#6489,#6490);
#5074=FILL_AREA_STYLE_COLOUR('',#6491);
#5075=LINE('',#6492,#6493);
#5076=LINE('',#6494,#6495);
#5077=FILL_AREA_STYLE_COLOUR('',#6496);
#5078=VERTEX_POINT('',#6497);
#5079=LINE('',#6498,#6499);
#5080=VERTEX_POINT('',#6500);
#5081=LINE('',#6501,#6502);
#5082=LINE('',#6503,#6504);
#5083=FILL_AREA_STYLE_COLOUR('',#6505);
#5084=LINE('',#6506,#6507);
#5085=FILL_AREA_STYLE_COLOUR('',#6508);
#5086=LINE('',#6509,#6510);
#5087=FILL_AREA_STYLE_COLOUR('',#6511);
#5088=LINE('',#6512,#6513);
#5089=FILL_AREA_STYLE_COLOUR('',#6514);
#5090=LINE('',#6515,#6516);
#5091=FILL_AREA_STYLE_COLOUR('',#6517);
#5092=LINE('',#6518,#6519);
#5093=FILL_AREA_STYLE_COLOUR('',#6520);
#5094=LINE('',#6521,#6522);
#5095=FILL_AREA_STYLE_COLOUR('',#6523);
#5096=LINE('',#6524,#6525);
#5097=FILL_AREA_STYLE_COLOUR('',#6526);
#5098=LINE('',#6527,#6528);
#5099=FILL_AREA_STYLE_COLOUR('',#6529);
#5100=LINE('',#6530,#6531);
#5101=FILL_AREA_STYLE_COLOUR('',#6532);
#5102=LINE('',#6533,#6534);
#5103=FILL_AREA_STYLE_COLOUR('',#6535);
#5104=LINE('',#6536,#6537);
#5105=FILL_AREA_STYLE_COLOUR('',#6538);
#5106=LINE('',#6539,#6540);
#5107=FILL_AREA_STYLE_COLOUR('',#6541);
#5108=FILL_AREA_STYLE_COLOUR('',#6542);
#5109=LINE('',#6543,#6544);
#5110=LINE('',#6545,#6546);
#5111=FILL_AREA_STYLE_COLOUR('',#6547);
#5112=FILL_AREA_STYLE_COLOUR('',#6548);
#5113=VERTEX_POINT('',#6549);
#5114=LINE('',#6550,#6551);
#5115=VERTEX_POINT('',#6552);
#5116=LINE('',#6553,#6554);
#5117=LINE('',#6555,#6556);
#5118=FILL_AREA_STYLE_COLOUR('',#6557);
#5119=VERTEX_POINT('',#6558);
#5120=LINE('',#6559,#6560);
#5121=LINE('',#6561,#6562);
#5122=FILL_AREA_STYLE_COLOUR('',#6563);
#5123=VERTEX_POINT('',#6564);
#5124=LINE('',#6565,#6566);
#5125=LINE('',#6567,#6568);
#5126=FILL_AREA_STYLE_COLOUR('',#6569);
#5127=VERTEX_POINT('',#6570);
#5128=LINE('',#6571,#6572);
#5129=LINE('',#6573,#6574);
#5130=FILL_AREA_STYLE_COLOUR('',#6575);
#5131=VERTEX_POINT('',#6576);
#5132=LINE('',#6577,#6578);
#5133=LINE('',#6579,#6580);
#5134=FILL_AREA_STYLE_COLOUR('',#6581);
#5135=VERTEX_POINT('',#6582);
#5136=LINE('',#6583,#6584);
#5137=LINE('',#6585,#6586);
#5138=FILL_AREA_STYLE_COLOUR('',#6587);
#5139=VERTEX_POINT('',#6588);
#5140=LINE('',#6589,#6590);
#5141=LINE('',#6591,#6592);
#5142=FILL_AREA_STYLE_COLOUR('',#6593);
#5143=LINE('',#6594,#6595);
#5144=FILL_AREA_STYLE_COLOUR('',#6596);
#5145=VERTEX_POINT('',#6597);
#5146=LINE('',#6598,#6599);
#5147=VERTEX_POINT('',#6600);
#5148=LINE('',#6601,#6602);
#5149=LINE('',#6603,#6604);
#5150=FILL_AREA_STYLE_COLOUR('',#6605);
#5151=VERTEX_POINT('',#6606);
#5152=LINE('',#6607,#6608);
#5153=LINE('',#6609,#6610);
#5154=FILL_AREA_STYLE_COLOUR('',#6611);
#5155=VERTEX_POINT('',#6612);
#5156=LINE('',#6613,#6614);
#5157=LINE('',#6615,#6616);
#5158=FILL_AREA_STYLE_COLOUR('',#6617);
#5159=VERTEX_POINT('',#6618);
#5160=LINE('',#6619,#6620);
#5161=LINE('',#6621,#6622);
#5162=FILL_AREA_STYLE_COLOUR('',#6623);
#5163=VERTEX_POINT('',#6624);
#5164=LINE('',#6625,#6626);
#5165=LINE('',#6627,#6628);
#5166=FILL_AREA_STYLE_COLOUR('',#6629);
#5167=VERTEX_POINT('',#6630);
#5168=LINE('',#6631,#6632);
#5169=LINE('',#6633,#6634);
#5170=FILL_AREA_STYLE_COLOUR('',#6635);
#5171=VERTEX_POINT('',#6636);
#5172=LINE('',#6637,#6638);
#5173=LINE('',#6639,#6640);
#5174=FILL_AREA_STYLE_COLOUR('',#6641);
#5175=VERTEX_POINT('',#6642);
#5176=LINE('',#6643,#6644);
#5177=LINE('',#6645,#6646);
#5178=FILL_AREA_STYLE_COLOUR('',#6647);
#5179=VERTEX_POINT('',#6648);
#5180=LINE('',#6649,#6650);
#5181=LINE('',#6651,#6652);
#5182=FILL_AREA_STYLE_COLOUR('',#6653);
#5183=VERTEX_POINT('',#6654);
#5184=LINE('',#6655,#6656);
#5185=LINE('',#6657,#6658);
#5186=FILL_AREA_STYLE_COLOUR('',#6659);
#5187=VERTEX_POINT('',#6660);
#5188=LINE('',#6661,#6662);
#5189=LINE('',#6663,#6664);
#5190=FILL_AREA_STYLE_COLOUR('',#6665);
#5191=VERTEX_POINT('',#6666);
#5192=LINE('',#6667,#6668);
#5193=LINE('',#6669,#6670);
#5194=FILL_AREA_STYLE_COLOUR('',#6671);
#5195=LINE('',#6672,#6673);
#5196=FILL_AREA_STYLE_COLOUR('',#6674);
#5197=VERTEX_POINT('',#6675);
#5198=LINE('',#6676,#6677);
#5199=VERTEX_POINT('',#6678);
#5200=LINE('',#6679,#6680);
#5201=LINE('',#6681,#6682);
#5202=FILL_AREA_STYLE_COLOUR('',#6683);
#5203=VERTEX_POINT('',#6684);
#5204=LINE('',#6685,#6686);
#5205=LINE('',#6687,#6688);
#5206=FILL_AREA_STYLE_COLOUR('',#6689);
#5207=VERTEX_POINT('',#6690);
#5208=LINE('',#6691,#6692);
#5209=LINE('',#6693,#6694);
#5210=FILL_AREA_STYLE_COLOUR('',#6695);
#5211=VERTEX_POINT('',#6696);
#5212=LINE('',#6697,#6698);
#5213=LINE('',#6699,#6700);
#5214=FILL_AREA_STYLE_COLOUR('',#6701);
#5215=VERTEX_POINT('',#6702);
#5216=LINE('',#6703,#6704);
#5217=LINE('',#6705,#6706);
#5218=FILL_AREA_STYLE_COLOUR('',#6707);
#5219=VERTEX_POINT('',#6708);
#5220=LINE('',#6709,#6710);
#5221=LINE('',#6711,#6712);
#5222=FILL_AREA_STYLE_COLOUR('',#6713);
#5223=VERTEX_POINT('',#6714);
#5224=LINE('',#6715,#6716);
#5225=LINE('',#6717,#6718);
#5226=FILL_AREA_STYLE_COLOUR('',#6719);
#5227=VERTEX_POINT('',#6720);
#5228=LINE('',#6721,#6722);
#5229=LINE('',#6723,#6724);
#5230=FILL_AREA_STYLE_COLOUR('',#6725);
#5231=VERTEX_POINT('',#6726);
#5232=LINE('',#6727,#6728);
#5233=LINE('',#6729,#6730);
#5234=FILL_AREA_STYLE_COLOUR('',#6731);
#5235=VERTEX_POINT('',#6732);
#5236=LINE('',#6733,#6734);
#5237=LINE('',#6735,#6736);
#5238=FILL_AREA_STYLE_COLOUR('',#6737);
#5239=VERTEX_POINT('',#6738);
#5240=LINE('',#6739,#6740);
#5241=LINE('',#6741,#6742);
#5242=FILL_AREA_STYLE_COLOUR('',#6743);
#5243=VERTEX_POINT('',#6744);
#5244=LINE('',#6745,#6746);
#5245=LINE('',#6747,#6748);
#5246=FILL_AREA_STYLE_COLOUR('',#6749);
#5247=VERTEX_POINT('',#6750);
#5248=LINE('',#6751,#6752);
#5249=LINE('',#6753,#6754);
#5250=FILL_AREA_STYLE_COLOUR('',#6755);
#5251=LINE('',#6756,#6757);
#5252=FILL_AREA_STYLE_COLOUR('',#6758);
#5253=VERTEX_POINT('',#6759);
#5254=LINE('',#6760,#6761);
#5255=VERTEX_POINT('',#6762);
#5256=LINE('',#6763,#6764);
#5257=LINE('',#6765,#6766);
#5258=FILL_AREA_STYLE_COLOUR('',#6767);
#5259=VERTEX_POINT('',#6768);
#5260=LINE('',#6769,#6770);
#5261=LINE('',#6771,#6772);
#5262=FILL_AREA_STYLE_COLOUR('',#6773);
#5263=VERTEX_POINT('',#6774);
#5264=LINE('',#6775,#6776);
#5265=VERTEX_POINT('',#6777);
#5266=LINE('',#6778,#6779);
#5267=LINE('',#6780,#6781);
#5268=FILL_AREA_STYLE_COLOUR('',#6782);
#5269=VERTEX_POINT('',#6783);
#5270=LINE('',#6784,#6785);
#5271=LINE('',#6786,#6787);
#5272=FILL_AREA_STYLE_COLOUR('',#6788);
#5273=VERTEX_POINT('',#6789);
#5274=LINE('',#6790,#6791);
#5275=LINE('',#6792,#6793);
#5276=FILL_AREA_STYLE_COLOUR('',#6794);
#5277=VERTEX_POINT('',#6795);
#5278=LINE('',#6796,#6797);
#5279=LINE('',#6798,#6799);
#5280=FILL_AREA_STYLE_COLOUR('',#6800);
#5281=VERTEX_POINT('',#6801);
#5282=LINE('',#6802,#6803);
#5283=LINE('',#6804,#6805);
#5284=FILL_AREA_STYLE_COLOUR('',#6806);
#5285=VERTEX_POINT('',#6807);
#5286=LINE('',#6808,#6809);
#5287=LINE('',#6810,#6811);
#5288=FILL_AREA_STYLE_COLOUR('',#6812);
#5289=VERTEX_POINT('',#6813);
#5290=LINE('',#6814,#6815);
#5291=LINE('',#6816,#6817);
#5292=FILL_AREA_STYLE_COLOUR('',#6818);
#5293=VERTEX_POINT('',#6819);
#5294=LINE('',#6820,#6821);
#5295=LINE('',#6822,#6823);
#5296=FILL_AREA_STYLE_COLOUR('',#6824);
#5297=VERTEX_POINT('',#6825);
#5298=LINE('',#6826,#6827);
#5299=LINE('',#6828,#6829);
#5300=FILL_AREA_STYLE_COLOUR('',#6830);
#5301=VERTEX_POINT('',#6831);
#5302=LINE('',#6832,#6833);
#5303=LINE('',#6834,#6835);
#5304=FILL_AREA_STYLE_COLOUR('',#6836);
#5305=VERTEX_POINT('',#6837);
#5306=LINE('',#6838,#6839);
#5307=LINE('',#6840,#6841);
#5308=FILL_AREA_STYLE_COLOUR('',#6842);
#5309=LINE('',#6843,#6844);
#5310=FILL_AREA_STYLE_COLOUR('',#6845);
#5311=LINE('',#6846,#6847);
#5312=FILL_AREA_STYLE_COLOUR('',#6848);
#5313=FILL_AREA_STYLE_COLOUR('',#6849);
#5314=LINE('',#6850,#6851);
#5315=FILL_AREA_STYLE_COLOUR('',#6852);
#5316=LINE('',#6853,#6854);
#5317=FILL_AREA_STYLE_COLOUR('',#6855);
#5318=FILL_AREA_STYLE_COLOUR('',#6856);
#5319=VERTEX_POINT('',#6857);
#5320=VERTEX_POINT('',#6858);
#5321=LINE('',#6859,#6860);
#5322=VERTEX_POINT('',#6861);
#5323=LINE('',#6862,#6863);
#5324=LINE('',#6864,#6865);
#5325=FILL_AREA_STYLE_COLOUR('',#6866);
#5326=FILL_AREA_STYLE_COLOUR('',#6867);
#5327=VERTEX_POINT('',#6868);
#5328=VERTEX_POINT('',#6869);
#5329=LINE('',#6870,#6871);
#5330=VERTEX_POINT('',#6872);
#5331=LINE('',#6873,#6874);
#5332=VERTEX_POINT('',#6875);
#5333=LINE('',#6876,#6877);
#5334=VERTEX_POINT('',#6878);
#5335=LINE('',#6879,#6880);
#5336=VERTEX_POINT('',#6881);
#5337=LINE('',#6882,#6883);
#5338=VERTEX_POINT('',#6884);
#5339=LINE('',#6885,#6886);
#5340=VERTEX_POINT('',#6887);
#5341=LINE('',#6888,#6889);
#5342=VERTEX_POINT('',#6890);
#5343=LINE('',#6891,#6892);
#5344=VERTEX_POINT('',#6893);
#5345=LINE('',#6894,#6895);
#5346=LINE('',#6896,#6897);
#5347=FILL_AREA_STYLE_COLOUR('',#6898);
#5348=FILL_AREA_STYLE_COLOUR('',#6899);
#5349=VERTEX_POINT('',#6900);
#5350=LINE('',#6901,#6902);
#5351=VERTEX_POINT('',#6903);
#5352=LINE('',#6904,#6905);
#5353=LINE('',#6906,#6907);
#5354=FILL_AREA_STYLE_COLOUR('',#6908);
#5355=VERTEX_POINT('',#6909);
#5356=LINE('',#6910,#6911);
#5357=LINE('',#6912,#6913);
#5358=FILL_AREA_STYLE_COLOUR('',#6914);
#5359=LINE('',#6915,#6916);
#5360=FILL_AREA_STYLE_COLOUR('',#6917);
#5361=VERTEX_POINT('',#6918);
#5362=LINE('',#6919,#6920);
#5363=VERTEX_POINT('',#6921);
#5364=LINE('',#6922,#6923);
#5365=LINE('',#6924,#6925);
#5366=FILL_AREA_STYLE_COLOUR('',#6926);
#5367=VERTEX_POINT('',#6927);
#5368=LINE('',#6928,#6929);
#5369=LINE('',#6930,#6931);
#5370=FILL_AREA_STYLE_COLOUR('',#6932);
#5371=VERTEX_POINT('',#6933);
#5372=LINE('',#6934,#6935);
#5373=LINE('',#6936,#6937);
#5374=FILL_AREA_STYLE_COLOUR('',#6938);
#5375=VERTEX_POINT('',#6939);
#5376=LINE('',#6940,#6941);
#5377=LINE('',#6942,#6943);
#5378=FILL_AREA_STYLE_COLOUR('',#6944);
#5379=VERTEX_POINT('',#6945);
#5380=LINE('',#6946,#6947);
#5381=LINE('',#6948,#6949);
#5382=FILL_AREA_STYLE_COLOUR('',#6950);
#5383=VERTEX_POINT('',#6951);
#5384=LINE('',#6952,#6953);
#5385=LINE('',#6954,#6955);
#5386=FILL_AREA_STYLE_COLOUR('',#6956);
#5387=VERTEX_POINT('',#6957);
#5388=LINE('',#6958,#6959);
#5389=LINE('',#6960,#6961);
#5390=FILL_AREA_STYLE_COLOUR('',#6962);
#5391=VERTEX_POINT('',#6963);
#5392=LINE('',#6964,#6965);
#5393=LINE('',#6966,#6967);
#5394=FILL_AREA_STYLE_COLOUR('',#6968);
#5395=VERTEX_POINT('',#6969);
#5396=LINE('',#6970,#6971);
#5397=LINE('',#6972,#6973);
#5398=FILL_AREA_STYLE_COLOUR('',#6974);
#5399=LINE('',#6975,#6976);
#5400=FILL_AREA_STYLE_COLOUR('',#6977);
#5401=FILL_AREA_STYLE_COLOUR('',#6978);
#5402=COLOUR_RGB('',0.839785039424896,0.839785039424896,0.839805841445923);
#5403=CARTESIAN_POINT('',(0.145555324840546,-0.46909991607666,-3.555));
#5404=CARTESIAN_POINT('',(-0.157763835144043,-0.56809991607666,-3.555));
#5405=CARTESIAN_POINT('',(0.145555324840546,-0.46909991607666,-3.555));
#5406=VECTOR('',#6979,1.0);
#5407=CARTESIAN_POINT('',(0.145555324840546,-0.667099916076661,-3.555));
#5408=CARTESIAN_POINT('',(0.145555324840546,-0.66709991607666,-3.555));
#5409=VECTOR('',#6980,1.0);
#5410=CARTESIAN_POINT('',(-0.157763835144043,-0.56809991607666,-3.555));
#5411=VECTOR('',#6981,1.0);
#5412=COLOUR_RGB('',0.839785039424896,0.839785039424896,0.839805841445923);
#5413=CARTESIAN_POINT('',(-0.157763835144043,-0.56809991607666,-3.575));
#5414=CARTESIAN_POINT('',(-0.157763835144043,-0.56809991607666,-3.555));
#5415=VECTOR('',#6982,1.0);
#5416=CARTESIAN_POINT('',(0.145555324840546,-0.46909991607666,-3.575));
#5417=CARTESIAN_POINT('',(0.145555324840546,-0.46909991607666,-3.575));
#5418=VECTOR('',#6983,1.0);
#5419=CARTESIAN_POINT('',(0.145555324840546,-0.46909991607666,-3.555));
#5420=VECTOR('',#6984,1.0);
#5421=COLOUR_RGB('',0.839785039424896,0.839785039424896,0.839805841445923);
#5422=CARTESIAN_POINT('',(0.145555324840546,-0.667099916076661,-3.575));
#5423=CARTESIAN_POINT('',(0.145555324840546,-0.66709991607666,-3.575));
#5424=VECTOR('',#6985,1.0);
#5425=CARTESIAN_POINT('',(0.145555324840546,-0.66709991607666,-3.555));
#5426=VECTOR('',#6986,1.0);
#5427=COLOUR_RGB('',0.839785039424896,0.839785039424896,0.839805841445923);
#5428=CARTESIAN_POINT('',(-0.157763835144043,-0.56809991607666,-3.575));
#5429=VECTOR('',#6987,1.0);
#5430=COLOUR_RGB('',0.839785039424896,0.839785039424896,0.839805841445923);
#5431=CARTESIAN_POINT('',(-0.2027,-0.52410008392334,-3.575));
#5432=CARTESIAN_POINT('',(0.3253,-0.3481,-3.575));
#5433=CARTESIAN_POINT('',(-0.2027,-0.52410008392334,-3.575));
#5434=VECTOR('',#6988,1.0);
#5435=CARTESIAN_POINT('',(0.3253,-0.4141,-3.575));
#5436=CARTESIAN_POINT('',(0.3253,-0.3481,-3.575));
#5437=VECTOR('',#6989,1.0);
#5438=CARTESIAN_POINT('',(0.190491489696503,-0.45810008392334,-3.575));
#5439=CARTESIAN_POINT('',(0.3253,-0.4141,-3.575));
#5440=VECTOR('',#6990,1.0);
#5441=CARTESIAN_POINT('',(0.190491489696503,-0.6781,-3.575));
#5442=CARTESIAN_POINT('',(0.190491489696503,-0.45810008392334,-3.575));
#5443=VECTOR('',#6991,1.0);
#5444=CARTESIAN_POINT('',(0.3253,-0.72210008392334,-3.575));
#5445=CARTESIAN_POINT('',(0.190491489696503,-0.6781,-3.575));
#5446=VECTOR('',#6992,1.0);
#5447=CARTESIAN_POINT('',(0.3253,-0.78810008392334,-3.575));
#5448=CARTESIAN_POINT('',(0.3253,-0.72210008392334,-3.575));
#5449=VECTOR('',#6993,1.0);
#5450=CARTESIAN_POINT('',(-0.2027,-0.6121,-3.575));
#5451=CARTESIAN_POINT('',(0.3253,-0.78810008392334,-3.575));
#5452=VECTOR('',#6994,1.0);
#5453=CARTESIAN_POINT('',(-0.2027,-0.6121,-3.575));
#5454=VECTOR('',#6995,1.0);
#5455=COLOUR_RGB('',0.839785039424896,0.839785039424896,0.839805841445923);
#5456=CARTESIAN_POINT('',(0.3253,-0.3481,-3.555));
#5457=CARTESIAN_POINT('',(0.3253,-0.3481,-3.555));
#5458=VECTOR('',#6996,1.0);
#5459=CARTESIAN_POINT('',(-0.2027,-0.52410008392334,-3.555));
#5460=CARTESIAN_POINT('',(-0.2027,-0.52410008392334,-3.555));
#5461=VECTOR('',#6997,1.0);
#5462=CARTESIAN_POINT('',(-0.2027,-0.52410008392334,-3.555));
#5463=VECTOR('',#6998,1.0);
#5464=COLOUR_RGB('',0.839785039424896,0.839785039424896,0.839805841445923);
#5465=CARTESIAN_POINT('',(0.3253,-0.4141,-3.555));
#5466=CARTESIAN_POINT('',(0.3253,-0.4141,-3.555));
#5467=VECTOR('',#6999,1.0);
#5468=CARTESIAN_POINT('',(0.3253,-0.3481,-3.555));
#5469=VECTOR('',#7000,1.0);
#5470=COLOUR_RGB('',0.839785039424896,0.839785039424896,0.839805841445923);
#5471=CARTESIAN_POINT('',(0.190491489696503,-0.45810008392334,-3.555));
#5472=CARTESIAN_POINT('',(0.190491489696503,-0.45810008392334,-3.555));
#5473=VECTOR('',#7001,1.0);
#5474=CARTESIAN_POINT('',(0.3253,-0.4141,-3.555));
#5475=VECTOR('',#7002,1.0);
#5476=COLOUR_RGB('',0.839785039424896,0.839785039424896,0.839805841445923);
#5477=CARTESIAN_POINT('',(0.190491489696503,-0.6781,-3.555));
#5478=CARTESIAN_POINT('',(0.190491489696503,-0.6781,-3.555));
#5479=VECTOR('',#7003,1.0);
#5480=CARTESIAN_POINT('',(0.190491489696503,-0.45810008392334,-3.555));
#5481=VECTOR('',#7004,1.0);
#5482=COLOUR_RGB('',0.839785039424896,0.839785039424896,0.839805841445923);
#5483=CARTESIAN_POINT('',(0.3253,-0.72210008392334,-3.555));
#5484=CARTESIAN_POINT('',(0.3253,-0.72210008392334,-3.555));
#5485=VECTOR('',#7005,1.0);
#5486=CARTESIAN_POINT('',(0.190491489696503,-0.6781,-3.555));
#5487=VECTOR('',#7006,1.0);
#5488=COLOUR_RGB('',0.839785039424896,0.839785039424896,0.839805841445923);
#5489=CARTESIAN_POINT('',(0.3253,-0.78810008392334,-3.555));
#5490=CARTESIAN_POINT('',(0.3253,-0.78810008392334,-3.555));
#5491=VECTOR('',#7007,1.0);
#5492=CARTESIAN_POINT('',(0.3253,-0.72210008392334,-3.555));
#5493=VECTOR('',#7008,1.0);
#5494=COLOUR_RGB('',0.839785039424896,0.839785039424896,0.839805841445923);
#5495=CARTESIAN_POINT('',(-0.2027,-0.6121,-3.555));
#5496=CARTESIAN_POINT('',(-0.2027,-0.6121,-3.555));
#5497=VECTOR('',#7009,1.0);
#5498=CARTESIAN_POINT('',(0.3253,-0.78810008392334,-3.555));
#5499=VECTOR('',#7010,1.0);
#5500=COLOUR_RGB('',0.839785039424896,0.839785039424896,0.839805841445923);
#5501=CARTESIAN_POINT('',(-0.2027,-0.6121,-3.555));
#5502=VECTOR('',#7011,1.0);
#5503=COLOUR_RGB('',0.839785039424896,0.839785039424896,0.839805841445923);
#5504=CARTESIAN_POINT('',(-0.2027,1.5989,-3.555));
#5505=CARTESIAN_POINT('',(-0.2027,1.6649,-3.555));
#5506=CARTESIAN_POINT('',(-0.2027,1.5989,-3.555));
#5507=VECTOR('',#7012,1.0);
#5508=CARTESIAN_POINT('',(0.257895744848251,1.5989,-3.555));
#5509=CARTESIAN_POINT('',(0.257895744848251,1.5989,-3.555));
#5510=VECTOR('',#7013,1.0);
#5511=CARTESIAN_POINT('',(0.257895744848251,1.2689,-3.555));
#5512=CARTESIAN_POINT('',(0.257895744848251,1.2689,-3.555));
#5513=VECTOR('',#7014,1.0);
#5514=CARTESIAN_POINT('',(0.3253,1.2689,-3.555));
#5515=CARTESIAN_POINT('',(0.3253,1.2689,-3.555));
#5516=VECTOR('',#7015,1.0);
#5517=CARTESIAN_POINT('',(0.3253,1.6649,-3.555));
#5518=CARTESIAN_POINT('',(0.3253,1.6649,-3.555));
#5519=VECTOR('',#7016,1.0);
#5520=CARTESIAN_POINT('',(-0.2027,1.6649,-3.555));
#5521=VECTOR('',#7017,1.0);
#5522=CARTESIAN_POINT('',(0.246661703634262,0.762899979019165,-3.555));
#5523=CARTESIAN_POINT('',(0.190491489696503,0.751900020980835,-3.555));
#5524=CARTESIAN_POINT('',(0.246661703634262,0.762899979019165,-3.555));
#5525=VECTOR('',#7018,1.0);
#5526=CARTESIAN_POINT('',(0.291597872424126,0.8069,-3.555));
#5527=CARTESIAN_POINT('',(0.291597872424126,0.8069,-3.555));
#5528=VECTOR('',#7019,1.0);
#5529=CARTESIAN_POINT('',(0.314065957802534,0.850900020980835,-3.555));
#5530=CARTESIAN_POINT('',(0.314065957802534,0.850900020980835,-3.555));
#5531=VECTOR('',#7020,1.0);
#5532=CARTESIAN_POINT('',(0.3253,0.9059,-3.555));
#5533=CARTESIAN_POINT('',(0.3253,0.9059,-3.555));
#5534=VECTOR('',#7021,1.0);
#5535=CARTESIAN_POINT('',(0.3253,1.0049,-3.555));
#5536=CARTESIAN_POINT('',(0.3253,1.0049,-3.555));
#5537=VECTOR('',#7022,1.0);
#5538=CARTESIAN_POINT('',(0.314065957802534,1.05989997901916,-3.555));
#5539=CARTESIAN_POINT('',(0.314065957802534,1.05989997901916,-3.555));
#5540=VECTOR('',#7023,1.0);
#5541=CARTESIAN_POINT('',(0.291597872424126,1.1039,-3.555));
#5542=CARTESIAN_POINT('',(0.291597872424126,1.1039,-3.555));
#5543=VECTOR('',#7024,1.0);
#5544=CARTESIAN_POINT('',(0.246661703634262,1.14789998950958,-3.555));
#5545=CARTESIAN_POINT('',(0.246661703634262,1.14789998950958,-3.555));
#5546=VECTOR('',#7025,1.0);
#5547=CARTESIAN_POINT('',(0.201725530910492,1.1699,-3.555));
#5548=CARTESIAN_POINT('',(0.201725530910492,1.1699,-3.555));
#5549=VECTOR('',#7026,1.0);
#5550=CARTESIAN_POINT('',(0.145555324840546,1.18089998950958,-3.555));
#5551=CARTESIAN_POINT('',(0.145555324840546,1.18089998950958,-3.555));
#5552=VECTOR('',#7027,1.0);
#5553=CARTESIAN_POINT('',(-0.0229553091049195,1.18089998950958,-3.555));
#5554=CARTESIAN_POINT('',(-0.0229553091049195,1.18089998950958,-3.555));
#5555=VECTOR('',#7028,1.0);
#5556=CARTESIAN_POINT('',(-0.0791255466461182,1.1699,-3.555));
#5557=CARTESIAN_POINT('',(-0.0791255466461182,1.1699,-3.555));
#5558=VECTOR('',#7029,1.0);
#5559=CARTESIAN_POINT('',(-0.124061711502075,1.14789998950958,-3.555));
#5560=CARTESIAN_POINT('',(-0.124061711502075,1.14789998950958,-3.555));
#5561=VECTOR('',#7030,1.0);
#5562=CARTESIAN_POINT('',(-0.168997876358032,1.1039,-3.555));
#5563=CARTESIAN_POINT('',(-0.168997876358032,1.1039,-3.555));
#5564=VECTOR('',#7031,1.0);
#5565=CARTESIAN_POINT('',(-0.191465958786011,1.05989997901916,-3.555));
#5566=CARTESIAN_POINT('',(-0.191465958786011,1.05989997901916,-3.555));
#5567=VECTOR('',#7032,1.0);
#5568=CARTESIAN_POINT('',(-0.2027,1.0049,-3.555));
#5569=CARTESIAN_POINT('',(-0.2027,1.0049,-3.555));
#5570=VECTOR('',#7033,1.0);
#5571=CARTESIAN_POINT('',(-0.2027,0.9059,-3.555));
#5572=CARTESIAN_POINT('',(-0.2027,0.9059,-3.555));
#5573=VECTOR('',#7034,1.0);
#5574=CARTESIAN_POINT('',(-0.191465958786011,0.850900020980835,-3.555));
#5575=CARTESIAN_POINT('',(-0.191465958786011,0.850900020980835,-3.555));
#5576=VECTOR('',#7035,1.0);
#5577=CARTESIAN_POINT('',(-0.168997876358032,0.8069,-3.555));
#5578=CARTESIAN_POINT('',(-0.168997876358032,0.8069,-3.555));
#5579=VECTOR('',#7036,1.0);
#5580=CARTESIAN_POINT('',(-0.124061711502075,0.762899979019165,-3.555));
#5581=CARTESIAN_POINT('',(-0.124061711502075,0.762899979019165,-3.555));
#5582=VECTOR('',#7037,1.0);
#5583=CARTESIAN_POINT('',(-0.0678914739608765,0.751900020980835,-3.555));
#5584=CARTESIAN_POINT('',(-0.0678914739608765,0.751900020980835,-3.555));
#5585=VECTOR('',#7038,1.0);
#5586=CARTESIAN_POINT('',(-0.0678914739608765,0.817900020980835,-3.555));
#5587=CARTESIAN_POINT('',(-0.0678914739608765,0.817900020980835,-3.555));
#5588=VECTOR('',#7039,1.0);
#5589=CARTESIAN_POINT('',(-0.101593629074097,0.828899979019165,-3.555));
#5590=CARTESIAN_POINT('',(-0.101593629074097,0.828899979019165,-3.555));
#5591=VECTOR('',#7040,1.0);
#5592=CARTESIAN_POINT('',(-0.124061711502075,0.861899979019165,-3.555));
#5593=CARTESIAN_POINT('',(-0.124061711502075,0.861899979019165,-3.555));
#5594=VECTOR('',#7041,1.0);
#5595=CARTESIAN_POINT('',(-0.135295752716064,0.9059,-3.555));
#5596=CARTESIAN_POINT('',(-0.135295752716064,0.9059,-3.555));
#5597=VECTOR('',#7042,1.0);
#5598=CARTESIAN_POINT('',(-0.135295752716064,1.0049,-3.555));
#5599=CARTESIAN_POINT('',(-0.135295752716064,1.0049,-3.555));
#5600=VECTOR('',#7043,1.0);
#5601=CARTESIAN_POINT('',(-0.124061711502075,1.04890002098084,-3.555));
#5602=CARTESIAN_POINT('',(-0.124061711502075,1.04890002098084,-3.555));
#5603=VECTOR('',#7044,1.0);
#5604=CARTESIAN_POINT('',(-0.101593629074097,1.08190002098083,-3.555));
#5605=CARTESIAN_POINT('',(-0.101593629074097,1.08190002098083,-3.555));
#5606=VECTOR('',#7045,1.0);
#5607=CARTESIAN_POINT('',(-0.0678914739608767,1.1039,-3.555));
#5608=CARTESIAN_POINT('',(-0.0678914739608767,1.1039,-3.555));
#5609=VECTOR('',#7046,1.0);
#5610=CARTESIAN_POINT('',(-0.0229553091049195,1.11490002098083,-3.555));
#5611=CARTESIAN_POINT('',(-0.0229553091049195,1.11490002098083,-3.555));
#5612=VECTOR('',#7047,1.0);
#5613=CARTESIAN_POINT('',(0.145555324840546,1.11490002098083,-3.555));
#5614=CARTESIAN_POINT('',(0.145555324840546,1.11490002098083,-3.555));
#5615=VECTOR('',#7048,1.0);
#5616=CARTESIAN_POINT('',(0.190491489696503,1.1039,-3.555));
#5617=CARTESIAN_POINT('',(0.190491489696502,1.1039,-3.555));
#5618=VECTOR('',#7049,1.0);
#5619=CARTESIAN_POINT('',(0.22419361333847,1.08190002098083,-3.555));
#5620=CARTESIAN_POINT('',(0.22419361333847,1.08190002098083,-3.555));
#5621=VECTOR('',#7050,1.0);
#5622=CARTESIAN_POINT('',(0.246661703634262,1.04890002098084,-3.555));
#5623=CARTESIAN_POINT('',(0.246661703634262,1.04890002098084,-3.555));
#5624=VECTOR('',#7051,1.0);
#5625=CARTESIAN_POINT('',(0.257895744848251,1.0049,-3.555));
#5626=CARTESIAN_POINT('',(0.257895744848251,1.0049,-3.555));
#5627=VECTOR('',#7052,1.0);
#5628=CARTESIAN_POINT('',(0.257895744848251,0.9059,-3.555));
#5629=CARTESIAN_POINT('',(0.257895744848251,0.9059,-3.555));
#5630=VECTOR('',#7053,1.0);
#5631=CARTESIAN_POINT('',(0.246661703634262,0.861899979019165,-3.555));
#5632=CARTESIAN_POINT('',(0.246661703634262,0.861899979019165,-3.555));
#5633=VECTOR('',#7054,1.0);
#5634=CARTESIAN_POINT('',(0.22419361333847,0.828899979019165,-3.555));
#5635=CARTESIAN_POINT('',(0.22419361333847,0.828899979019165,-3.555));
#5636=VECTOR('',#7055,1.0);
#5637=CARTESIAN_POINT('',(0.190491489696503,0.817900020980835,-3.555));
#5638=CARTESIAN_POINT('',(0.190491489696503,0.817900020980835,-3.555));
#5639=VECTOR('',#7056,1.0);
#5640=CARTESIAN_POINT('',(0.190491489696503,0.751900020980835,-3.555));
#5641=VECTOR('',#7057,1.0);
#5642=CARTESIAN_POINT('',(0.3253,0.26790004196167,-3.555));
#5643=CARTESIAN_POINT('',(0.257895744848251,0.26790004196167,-3.555));
#5644=CARTESIAN_POINT('',(0.3253,0.26790004196167,-3.555));
#5645=VECTOR('',#7058,1.0);
#5646=CARTESIAN_POINT('',(0.3253,0.663899979019165,-3.555));
#5647=CARTESIAN_POINT('',(0.3253,0.663899979019165,-3.555));
#5648=VECTOR('',#7059,1.0);
#5649=CARTESIAN_POINT('',(-0.2027,0.663899979019165,-3.555));
#5650=CARTESIAN_POINT('',(-0.2027,0.663899979019165,-3.555));
#5651=VECTOR('',#7060,1.0);
#5652=CARTESIAN_POINT('',(-0.2027,0.26790004196167,-3.555));
#5653=CARTESIAN_POINT('',(-0.2027,0.26790004196167,-3.555));
#5654=VECTOR('',#7061,1.0);
#5655=CARTESIAN_POINT('',(-0.135295752716064,0.26790004196167,-3.555));
#5656=CARTESIAN_POINT('',(-0.135295752716064,0.26790004196167,-3.555));
#5657=VECTOR('',#7062,1.0);
#5658=CARTESIAN_POINT('',(-0.135295752716064,0.59790004196167,-3.555));
#5659=CARTESIAN_POINT('',(-0.135295752716064,0.59790004196167,-3.555));
#5660=VECTOR('',#7063,1.0);
#5661=CARTESIAN_POINT('',(0.0107468145370483,0.59790004196167,-3.555));
#5662=CARTESIAN_POINT('',(0.0107468145370483,0.59790004196167,-3.555));
#5663=VECTOR('',#7064,1.0);
#5664=CARTESIAN_POINT('',(0.0107468145370483,0.3119,-3.555));
#5665=CARTESIAN_POINT('',(0.0107468145370483,0.3119,-3.555));
#5666=VECTOR('',#7065,1.0);
#5667=CARTESIAN_POINT('',(0.0781510618209839,0.3119,-3.555));
#5668=CARTESIAN_POINT('',(0.0781510618209839,0.3119,-3.555));
#5669=VECTOR('',#7066,1.0);
#5670=CARTESIAN_POINT('',(0.0781510618209839,0.59790004196167,-3.555));
#5671=CARTESIAN_POINT('',(0.0781510618209839,0.59790004196167,-3.555));
#5672=VECTOR('',#7067,1.0);
#5673=CARTESIAN_POINT('',(0.257895744848251,0.59790004196167,-3.555));
#5674=CARTESIAN_POINT('',(0.257895744848251,0.59790004196167,-3.555));
#5675=VECTOR('',#7068,1.0);
#5676=CARTESIAN_POINT('',(0.257895744848251,0.26790004196167,-3.555));
#5677=VECTOR('',#7069,1.0);
#5678=CARTESIAN_POINT('',(-0.191465958786011,-0.13910004196167,-3.555));
#5679=CARTESIAN_POINT('',(-0.2027,-0.0841,-3.555));
#5680=CARTESIAN_POINT('',(-0.191465958786011,-0.13910004196167,-3.555));
#5681=VECTOR('',#7070,1.0);
#5682=CARTESIAN_POINT('',(-0.168997876358032,-0.1831,-3.555));
#5683=CARTESIAN_POINT('',(-0.168997876358032,-0.1831,-3.555));
#5684=VECTOR('',#7071,1.0);
#5685=CARTESIAN_POINT('',(-0.124061711502075,-0.22709995803833,-3.555));
#5686=CARTESIAN_POINT('',(-0.124061711502075,-0.22709995803833,-3.555));
#5687=VECTOR('',#7072,1.0);
#5688=CARTESIAN_POINT('',(-0.0791255466461182,-0.2491,-3.555));
#5689=CARTESIAN_POINT('',(-0.0791255466461182,-0.2491,-3.555));
#5690=VECTOR('',#7073,1.0);
#5691=CARTESIAN_POINT('',(-0.0229553091049195,-0.26009995803833,-3.555));
#5692=CARTESIAN_POINT('',(-0.0229553091049195,-0.26009995803833,-3.555));
#5693=VECTOR('',#7074,1.0);
#5694=CARTESIAN_POINT('',(0.145555324840546,-0.26009995803833,-3.555));
#5695=CARTESIAN_POINT('',(0.145555324840546,-0.26009995803833,-3.555));
#5696=VECTOR('',#7075,1.0);
#5697=CARTESIAN_POINT('',(0.201725530910492,-0.2491,-3.555));
#5698=CARTESIAN_POINT('',(0.201725530910492,-0.2491,-3.555));
#5699=VECTOR('',#7076,1.0);
#5700=CARTESIAN_POINT('',(0.246661703634262,-0.22709995803833,-3.555));
#5701=CARTESIAN_POINT('',(0.246661703634262,-0.22709995803833,-3.555));
#5702=VECTOR('',#7077,1.0);
#5703=CARTESIAN_POINT('',(0.291597872424126,-0.1831,-3.555));
#5704=CARTESIAN_POINT('',(0.291597872424126,-0.1831,-3.555));
#5705=VECTOR('',#7078,1.0);
#5706=CARTESIAN_POINT('',(0.314065957802534,-0.13910004196167,-3.555));
#5707=CARTESIAN_POINT('',(0.314065957802534,-0.13910004196167,-3.555));
#5708=VECTOR('',#7079,1.0);
#5709=CARTESIAN_POINT('',(0.3253,-0.0841,-3.555));
#5710=CARTESIAN_POINT('',(0.3253,-0.0841,-3.555));
#5711=VECTOR('',#7080,1.0);
#5712=CARTESIAN_POINT('',(0.3253,0.1799,-3.555));
#5713=CARTESIAN_POINT('',(0.3253,0.1799,-3.555));
#5714=VECTOR('',#7081,1.0);
#5715=CARTESIAN_POINT('',(-0.2027,0.1799,-3.555));
#5716=CARTESIAN_POINT('',(-0.2027,0.1799,-3.555));
#5717=VECTOR('',#7082,1.0);
#5718=CARTESIAN_POINT('',(-0.2027,-0.0841,-3.555));
#5719=VECTOR('',#7083,1.0);
#5720=CARTESIAN_POINT('',(0.400000000000007,-2.23999999999997,-3.555));
#5721=CARTESIAN_POINT('',(0.400000000000007,3.05000000000003,-3.555));
#5722=CARTESIAN_POINT('',(0.400000000000007,-2.23999999999997,-3.555));
#5723=VECTOR('',#7084,1.0);
#5724=CARTESIAN_POINT('',(-0.399999999999993,-2.23999999999997,-3.555));
#5725=CARTESIAN_POINT('',(-0.399999999999993,-2.23999999999997,-3.555));
#5726=VECTOR('',#7085,1.0);
#5727=CARTESIAN_POINT('',(-0.399999999999993,3.05000000000003,-3.555));
#5728=CARTESIAN_POINT('',(-0.399999999999993,3.05000000000003,-3.555));
#5729=VECTOR('',#7086,1.0);
#5730=CARTESIAN_POINT('',(-0.399999999999993,3.05000000000003,-3.555));
#5731=VECTOR('',#7087,1.0);
#5732=COLOUR_RGB('',0.839785039424896,0.839785039424896,0.839805841445923);
#5733=CARTESIAN_POINT('',(-0.2027,1.6649,-3.575));
#5734=CARTESIAN_POINT('',(-0.2027,1.6649,-3.555));
#5735=VECTOR('',#7088,1.0);
#5736=CARTESIAN_POINT('',(-0.2027,1.5989,-3.575));
#5737=CARTESIAN_POINT('',(-0.2027,1.5989,-3.575));
#5738=VECTOR('',#7089,1.0);
#5739=CARTESIAN_POINT('',(-0.2027,1.5989,-3.555));
#5740=VECTOR('',#7090,1.0);
#5741=COLOUR_RGB('',0.839785039424896,0.839785039424896,0.839805841445923);
#5742=CARTESIAN_POINT('',(0.257895744848251,1.5989,-3.575));
#5743=CARTESIAN_POINT('',(0.257895744848251,1.5989,-3.575));
#5744=VECTOR('',#7091,1.0);
#5745=CARTESIAN_POINT('',(0.257895744848251,1.5989,-3.555));
#5746=VECTOR('',#7092,1.0);
#5747=COLOUR_RGB('',0.839785039424896,0.839785039424896,0.839805841445923);
#5748=CARTESIAN_POINT('',(0.257895744848251,1.2689,-3.575));
#5749=CARTESIAN_POINT('',(0.257895744848251,1.2689,-3.575));
#5750=VECTOR('',#7093,1.0);
#5751=CARTESIAN_POINT('',(0.257895744848251,1.2689,-3.555));
#5752=VECTOR('',#7094,1.0);
#5753=COLOUR_RGB('',0.839785039424896,0.839785039424896,0.839805841445923);
#5754=CARTESIAN_POINT('',(0.3253,1.2689,-3.575));
#5755=CARTESIAN_POINT('',(0.3253,1.2689,-3.575));
#5756=VECTOR('',#7095,1.0);
#5757=CARTESIAN_POINT('',(0.3253,1.2689,-3.555));
#5758=VECTOR('',#7096,1.0);
#5759=COLOUR_RGB('',0.839785039424896,0.839785039424896,0.839805841445923);
#5760=CARTESIAN_POINT('',(0.3253,1.6649,-3.575));
#5761=CARTESIAN_POINT('',(0.3253,1.6649,-3.575));
#5762=VECTOR('',#7097,1.0);
#5763=CARTESIAN_POINT('',(0.3253,1.6649,-3.555));
#5764=VECTOR('',#7098,1.0);
#5765=COLOUR_RGB('',0.839785039424896,0.839785039424896,0.839805841445923);
#5766=CARTESIAN_POINT('',(-0.2027,1.6649,-3.575));
#5767=VECTOR('',#7099,1.0);
#5768=COLOUR_RGB('',0.839785039424896,0.839785039424896,0.839805841445923);
#5769=CARTESIAN_POINT('',(0.190491489696503,0.751900020980835,-3.575));
#5770=CARTESIAN_POINT('',(0.190491489696503,0.751900020980835,-3.555));
#5771=VECTOR('',#7100,1.0);
#5772=CARTESIAN_POINT('',(0.246661703634262,0.762899979019165,-3.575));
#5773=CARTESIAN_POINT('',(0.246661703634262,0.762899979019165,-3.575));
#5774=VECTOR('',#7101,1.0);
#5775=CARTESIAN_POINT('',(0.246661703634262,0.762899979019165,-3.555));
#5776=VECTOR('',#7102,1.0);
#5777=COLOUR_RGB('',0.839785039424896,0.839785039424896,0.839805841445923);
#5778=CARTESIAN_POINT('',(0.291597872424126,0.8069,-3.575));
#5779=CARTESIAN_POINT('',(0.291597872424126,0.8069,-3.575));
#5780=VECTOR('',#7103,1.0);
#5781=CARTESIAN_POINT('',(0.291597872424126,0.8069,-3.555));
#5782=VECTOR('',#7104,1.0);
#5783=COLOUR_RGB('',0.839785039424896,0.839785039424896,0.839805841445923);
#5784=CARTESIAN_POINT('',(0.314065957802534,0.850900020980835,-3.575));
#5785=CARTESIAN_POINT('',(0.314065957802534,0.850900020980835,-3.575));
#5786=VECTOR('',#7105,1.0);
#5787=CARTESIAN_POINT('',(0.314065957802534,0.850900020980835,-3.555));
#5788=VECTOR('',#7106,1.0);
#5789=COLOUR_RGB('',0.839785039424896,0.839785039424896,0.839805841445923);
#5790=CARTESIAN_POINT('',(0.3253,0.9059,-3.575));
#5791=CARTESIAN_POINT('',(0.3253,0.9059,-3.575));
#5792=VECTOR('',#7107,1.0);
#5793=CARTESIAN_POINT('',(0.3253,0.9059,-3.555));
#5794=VECTOR('',#7108,1.0);
#5795=COLOUR_RGB('',0.839785039424896,0.839785039424896,0.839805841445923);
#5796=CARTESIAN_POINT('',(0.3253,1.0049,-3.575));
#5797=CARTESIAN_POINT('',(0.3253,1.0049,-3.575));
#5798=VECTOR('',#7109,1.0);
#5799=CARTESIAN_POINT('',(0.3253,1.0049,-3.555));
#5800=VECTOR('',#7110,1.0);
#5801=COLOUR_RGB('',0.839785039424896,0.839785039424896,0.839805841445923);
#5802=CARTESIAN_POINT('',(0.314065957802534,1.05989997901916,-3.575));
#5803=CARTESIAN_POINT('',(0.314065957802534,1.05989997901916,-3.575));
#5804=VECTOR('',#7111,1.0);
#5805=CARTESIAN_POINT('',(0.314065957802534,1.05989997901916,-3.555));
#5806=VECTOR('',#7112,1.0);
#5807=COLOUR_RGB('',0.839785039424896,0.839785039424896,0.839805841445923);
#5808=CARTESIAN_POINT('',(0.291597872424126,1.1039,-3.575));
#5809=CARTESIAN_POINT('',(0.291597872424126,1.1039,-3.575));
#5810=VECTOR('',#7113,1.0);
#5811=CARTESIAN_POINT('',(0.291597872424126,1.1039,-3.555));
#5812=VECTOR('',#7114,1.0);
#5813=COLOUR_RGB('',0.839785039424896,0.839785039424896,0.839805841445923);
#5814=CARTESIAN_POINT('',(0.246661703634262,1.14789998950958,-3.575));
#5815=CARTESIAN_POINT('',(0.246661703634262,1.14789998950958,-3.575));
#5816=VECTOR('',#7115,1.0);
#5817=CARTESIAN_POINT('',(0.246661703634262,1.14789998950958,-3.555));
#5818=VECTOR('',#7116,1.0);
#5819=COLOUR_RGB('',0.839785039424896,0.839785039424896,0.839805841445923);
#5820=CARTESIAN_POINT('',(0.201725530910492,1.1699,-3.575));
#5821=CARTESIAN_POINT('',(0.201725530910492,1.1699,-3.575));
#5822=VECTOR('',#7117,1.0);
#5823=CARTESIAN_POINT('',(0.201725530910492,1.1699,-3.555));
#5824=VECTOR('',#7118,1.0);
#5825=COLOUR_RGB('',0.839785039424896,0.839785039424896,0.839805841445923);
#5826=CARTESIAN_POINT('',(0.145555324840546,1.18089998950958,-3.575));
#5827=CARTESIAN_POINT('',(0.145555324840546,1.18089998950958,-3.575));
#5828=VECTOR('',#7119,1.0);
#5829=CARTESIAN_POINT('',(0.145555324840546,1.18089998950958,-3.555));
#5830=VECTOR('',#7120,1.0);
#5831=COLOUR_RGB('',0.839785039424896,0.839785039424896,0.839805841445923);
#5832=CARTESIAN_POINT('',(-0.0229553091049195,1.18089998950958,-3.575));
#5833=CARTESIAN_POINT('',(-0.0229553091049195,1.18089998950958,-3.575));
#5834=VECTOR('',#7121,1.0);
#5835=CARTESIAN_POINT('',(-0.0229553091049195,1.18089998950958,-3.555));
#5836=VECTOR('',#7122,1.0);
#5837=COLOUR_RGB('',0.839785039424896,0.839785039424896,0.839805841445923);
#5838=CARTESIAN_POINT('',(-0.0791255466461182,1.1699,-3.575));
#5839=CARTESIAN_POINT('',(-0.0791255466461182,1.1699,-3.575));
#5840=VECTOR('',#7123,1.0);
#5841=CARTESIAN_POINT('',(-0.0791255466461182,1.1699,-3.555));
#5842=VECTOR('',#7124,1.0);
#5843=COLOUR_RGB('',0.839785039424896,0.839785039424896,0.839805841445923);
#5844=CARTESIAN_POINT('',(-0.124061711502075,1.14789998950958,-3.575));
#5845=CARTESIAN_POINT('',(-0.124061711502075,1.14789998950958,-3.575));
#5846=VECTOR('',#7125,1.0);
#5847=CARTESIAN_POINT('',(-0.124061711502075,1.14789998950958,-3.555));
#5848=VECTOR('',#7126,1.0);
#5849=COLOUR_RGB('',0.839785039424896,0.839785039424896,0.839805841445923);
#5850=CARTESIAN_POINT('',(-0.168997876358032,1.1039,-3.575));
#5851=CARTESIAN_POINT('',(-0.168997876358032,1.1039,-3.575));
#5852=VECTOR('',#7127,1.0);
#5853=CARTESIAN_POINT('',(-0.168997876358032,1.1039,-3.555));
#5854=VECTOR('',#7128,1.0);
#5855=COLOUR_RGB('',0.839785039424896,0.839785039424896,0.839805841445923);
#5856=CARTESIAN_POINT('',(-0.191465958786011,1.05989997901916,-3.575));
#5857=CARTESIAN_POINT('',(-0.191465958786011,1.05989997901916,-3.575));
#5858=VECTOR('',#7129,1.0);
#5859=CARTESIAN_POINT('',(-0.191465958786011,1.05989997901916,-3.555));
#5860=VECTOR('',#7130,1.0);
#5861=COLOUR_RGB('',0.839785039424896,0.839785039424896,0.839805841445923);
#5862=CARTESIAN_POINT('',(-0.2027,1.0049,-3.575));
#5863=CARTESIAN_POINT('',(-0.2027,1.0049,-3.575));
#5864=VECTOR('',#7131,1.0);
#5865=CARTESIAN_POINT('',(-0.2027,1.0049,-3.555));
#5866=VECTOR('',#7132,1.0);
#5867=COLOUR_RGB('',0.839785039424896,0.839785039424896,0.839805841445923);
#5868=CARTESIAN_POINT('',(-0.2027,0.9059,-3.575));
#5869=CARTESIAN_POINT('',(-0.2027,0.9059,-3.575));
#5870=VECTOR('',#7133,1.0);
#5871=CARTESIAN_POINT('',(-0.2027,0.9059,-3.555));
#5872=VECTOR('',#7134,1.0);
#5873=COLOUR_RGB('',0.839785039424896,0.839785039424896,0.839805841445923);
#5874=CARTESIAN_POINT('',(-0.191465958786011,0.850900020980835,-3.575));
#5875=CARTESIAN_POINT('',(-0.191465958786011,0.850900020980835,-3.575));
#5876=VECTOR('',#7135,1.0);
#5877=CARTESIAN_POINT('',(-0.191465958786011,0.850900020980835,-3.555));
#5878=VECTOR('',#7136,1.0);
#5879=COLOUR_RGB('',0.839785039424896,0.839785039424896,0.839805841445923);
#5880=CARTESIAN_POINT('',(-0.168997876358032,0.8069,-3.575));
#5881=CARTESIAN_POINT('',(-0.168997876358032,0.8069,-3.575));
#5882=VECTOR('',#7137,1.0);
#5883=CARTESIAN_POINT('',(-0.168997876358032,0.8069,-3.555));
#5884=VECTOR('',#7138,1.0);
#5885=COLOUR_RGB('',0.839785039424896,0.839785039424896,0.839805841445923);
#5886=CARTESIAN_POINT('',(-0.124061711502075,0.762899979019165,-3.575));
#5887=CARTESIAN_POINT('',(-0.124061711502075,0.762899979019165,-3.575));
#5888=VECTOR('',#7139,1.0);
#5889=CARTESIAN_POINT('',(-0.124061711502075,0.762899979019165,-3.555));
#5890=VECTOR('',#7140,1.0);
#5891=COLOUR_RGB('',0.839785039424896,0.839785039424896,0.839805841445923);
#5892=CARTESIAN_POINT('',(-0.0678914739608765,0.751900020980835,-3.575));
#5893=CARTESIAN_POINT('',(-0.0678914739608765,0.751900020980835,-3.575));
#5894=VECTOR('',#7141,1.0);
#5895=CARTESIAN_POINT('',(-0.0678914739608765,0.751900020980835,-3.555));
#5896=VECTOR('',#7142,1.0);
#5897=COLOUR_RGB('',0.839785039424896,0.839785039424896,0.839805841445923);
#5898=CARTESIAN_POINT('',(-0.0678914739608765,0.817900020980835,-3.575));
#5899=CARTESIAN_POINT('',(-0.0678914739608765,0.817900020980835,-3.575));
#5900=VECTOR('',#7143,1.0);
#5901=CARTESIAN_POINT('',(-0.0678914739608765,0.817900020980835,-3.555));
#5902=VECTOR('',#7144,1.0);
#5903=COLOUR_RGB('',0.839785039424896,0.839785039424896,0.839805841445923);
#5904=CARTESIAN_POINT('',(-0.101593629074097,0.828899979019165,-3.575));
#5905=CARTESIAN_POINT('',(-0.101593629074097,0.828899979019165,-3.575));
#5906=VECTOR('',#7145,1.0);
#5907=CARTESIAN_POINT('',(-0.101593629074097,0.828899979019165,-3.555));
#5908=VECTOR('',#7146,1.0);
#5909=COLOUR_RGB('',0.839785039424896,0.839785039424896,0.839805841445923);
#5910=CARTESIAN_POINT('',(-0.124061711502075,0.861899979019165,-3.575));
#5911=CARTESIAN_POINT('',(-0.124061711502075,0.861899979019165,-3.575));
#5912=VECTOR('',#7147,1.0);
#5913=CARTESIAN_POINT('',(-0.124061711502075,0.861899979019165,-3.555));
#5914=VECTOR('',#7148,1.0);
#5915=COLOUR_RGB('',0.839785039424896,0.839785039424896,0.839805841445923);
#5916=CARTESIAN_POINT('',(-0.135295752716064,0.9059,-3.575));
#5917=CARTESIAN_POINT('',(-0.135295752716064,0.9059,-3.575));
#5918=VECTOR('',#7149,1.0);
#5919=CARTESIAN_POINT('',(-0.135295752716064,0.9059,-3.555));
#5920=VECTOR('',#7150,1.0);
#5921=COLOUR_RGB('',0.839785039424896,0.839785039424896,0.839805841445923);
#5922=CARTESIAN_POINT('',(-0.135295752716064,1.0049,-3.575));
#5923=CARTESIAN_POINT('',(-0.135295752716064,1.0049,-3.575));
#5924=VECTOR('',#7151,1.0);
#5925=CARTESIAN_POINT('',(-0.135295752716064,1.0049,-3.555));
#5926=VECTOR('',#7152,1.0);
#5927=COLOUR_RGB('',0.839785039424896,0.839785039424896,0.839805841445923);
#5928=CARTESIAN_POINT('',(-0.124061711502075,1.04890002098084,-3.575));
#5929=CARTESIAN_POINT('',(-0.124061711502075,1.04890002098084,-3.575));
#5930=VECTOR('',#7153,1.0);
#5931=CARTESIAN_POINT('',(-0.124061711502075,1.04890002098084,-3.555));
#5932=VECTOR('',#7154,1.0);
#5933=COLOUR_RGB('',0.839785039424896,0.839785039424896,0.839805841445923);
#5934=CARTESIAN_POINT('',(-0.101593629074097,1.08190002098083,-3.575));
#5935=CARTESIAN_POINT('',(-0.101593629074097,1.08190002098083,-3.575));
#5936=VECTOR('',#7155,1.0);
#5937=CARTESIAN_POINT('',(-0.101593629074097,1.08190002098083,-3.555));
#5938=VECTOR('',#7156,1.0);
#5939=COLOUR_RGB('',0.839785039424896,0.839785039424896,0.839805841445923);
#5940=CARTESIAN_POINT('',(-0.0678914739608765,1.1039,-3.575));
#5941=CARTESIAN_POINT('',(-0.0678914739608765,1.1039,-3.575));
#5942=VECTOR('',#7157,1.0);
#5943=CARTESIAN_POINT('',(-0.0678914739608765,1.1039,-3.555));
#5944=VECTOR('',#7158,1.0);
#5945=COLOUR_RGB('',0.839785039424896,0.839785039424896,0.839805841445923);
#5946=CARTESIAN_POINT('',(-0.0229553091049195,1.11490002098083,-3.575));
#5947=CARTESIAN_POINT('',(-0.0229553091049195,1.11490002098083,-3.575));
#5948=VECTOR('',#7159,1.0);
#5949=CARTESIAN_POINT('',(-0.0229553091049195,1.11490002098083,-3.555));
#5950=VECTOR('',#7160,1.0);
#5951=COLOUR_RGB('',0.839785039424896,0.839785039424896,0.839805841445923);
#5952=CARTESIAN_POINT('',(0.145555324840546,1.11490002098083,-3.575));
#5953=CARTESIAN_POINT('',(0.145555324840546,1.11490002098083,-3.575));
#5954=VECTOR('',#7161,1.0);
#5955=CARTESIAN_POINT('',(0.145555324840546,1.11490002098083,-3.555));
#5956=VECTOR('',#7162,1.0);
#5957=COLOUR_RGB('',0.839785039424896,0.839785039424896,0.839805841445923);
#5958=CARTESIAN_POINT('',(0.190491489696503,1.1039,-3.575));
#5959=CARTESIAN_POINT('',(0.190491489696503,1.1039,-3.575));
#5960=VECTOR('',#7163,1.0);
#5961=CARTESIAN_POINT('',(0.190491489696503,1.1039,-3.555));
#5962=VECTOR('',#7164,1.0);
#5963=COLOUR_RGB('',0.839785039424896,0.839785039424896,0.839805841445923);
#5964=CARTESIAN_POINT('',(0.22419361333847,1.08190002098083,-3.575));
#5965=CARTESIAN_POINT('',(0.22419361333847,1.08190002098083,-3.575));
#5966=VECTOR('',#7165,1.0);
#5967=CARTESIAN_POINT('',(0.22419361333847,1.08190002098083,-3.555));
#5968=VECTOR('',#7166,1.0);
#5969=COLOUR_RGB('',0.839785039424896,0.839785039424896,0.839805841445923);
#5970=CARTESIAN_POINT('',(0.246661703634262,1.04890002098084,-3.575));
#5971=CARTESIAN_POINT('',(0.246661703634262,1.04890002098084,-3.575));
#5972=VECTOR('',#7167,1.0);
#5973=CARTESIAN_POINT('',(0.246661703634262,1.04890002098084,-3.555));
#5974=VECTOR('',#7168,1.0);
#5975=COLOUR_RGB('',0.839785039424896,0.839785039424896,0.839805841445923);
#5976=CARTESIAN_POINT('',(0.257895744848251,1.0049,-3.575));
#5977=CARTESIAN_POINT('',(0.257895744848251,1.0049,-3.575));
#5978=VECTOR('',#7169,1.0);
#5979=CARTESIAN_POINT('',(0.257895744848251,1.0049,-3.555));
#5980=VECTOR('',#7170,1.0);
#5981=COLOUR_RGB('',0.839785039424896,0.839785039424896,0.839805841445923);
#5982=CARTESIAN_POINT('',(0.257895744848251,0.9059,-3.575));
#5983=CARTESIAN_POINT('',(0.257895744848251,0.9059,-3.575));
#5984=VECTOR('',#7171,1.0);
#5985=CARTESIAN_POINT('',(0.257895744848251,0.9059,-3.555));
#5986=VECTOR('',#7172,1.0);
#5987=COLOUR_RGB('',0.839785039424896,0.839785039424896,0.839805841445923);
#5988=CARTESIAN_POINT('',(0.246661703634262,0.861899979019165,-3.575));
#5989=CARTESIAN_POINT('',(0.246661703634262,0.861899979019165,-3.575));
#5990=VECTOR('',#7173,1.0);
#5991=CARTESIAN_POINT('',(0.246661703634262,0.861899979019165,-3.555));
#5992=VECTOR('',#7174,1.0);
#5993=COLOUR_RGB('',0.839785039424896,0.839785039424896,0.839805841445923);
#5994=CARTESIAN_POINT('',(0.22419361333847,0.828899979019165,-3.575));
#5995=CARTESIAN_POINT('',(0.22419361333847,0.828899979019165,-3.575));
#5996=VECTOR('',#7175,1.0);
#5997=CARTESIAN_POINT('',(0.22419361333847,0.828899979019165,-3.555));
#5998=VECTOR('',#7176,1.0);
#5999=COLOUR_RGB('',0.839785039424896,0.839785039424896,0.839805841445923);
#6000=CARTESIAN_POINT('',(0.190491489696503,0.817900020980835,-3.575));
#6001=CARTESIAN_POINT('',(0.190491489696503,0.817900020980835,-3.575));
#6002=VECTOR('',#7177,1.0);
#6003=CARTESIAN_POINT('',(0.190491489696503,0.817900020980835,-3.555));
#6004=VECTOR('',#7178,1.0);
#6005=COLOUR_RGB('',0.839785039424896,0.839785039424896,0.839805841445923);
#6006=CARTESIAN_POINT('',(0.190491489696503,0.751900020980835,-3.575));
#6007=VECTOR('',#7179,1.0);
#6008=COLOUR_RGB('',0.839785039424896,0.839785039424896,0.839805841445923);
#6009=CARTESIAN_POINT('',(0.257895744848251,0.26790004196167,-3.575));
#6010=CARTESIAN_POINT('',(0.257895744848251,0.26790004196167,-3.555));
#6011=VECTOR('',#7180,1.0);
#6012=CARTESIAN_POINT('',(0.3253,0.26790004196167,-3.575));
#6013=CARTESIAN_POINT('',(0.3253,0.26790004196167,-3.575));
#6014=VECTOR('',#7181,1.0);
#6015=CARTESIAN_POINT('',(0.3253,0.26790004196167,-3.555));
#6016=VECTOR('',#7182,1.0);
#6017=COLOUR_RGB('',0.839785039424896,0.839785039424896,0.839805841445923);
#6018=CARTESIAN_POINT('',(0.3253,0.663899979019165,-3.575));
#6019=CARTESIAN_POINT('',(0.3253,0.663899979019165,-3.575));
#6020=VECTOR('',#7183,1.0);
#6021=CARTESIAN_POINT('',(0.3253,0.663899979019165,-3.555));
#6022=VECTOR('',#7184,1.0);
#6023=COLOUR_RGB('',0.839785039424896,0.839785039424896,0.839805841445923);
#6024=CARTESIAN_POINT('',(-0.2027,0.663899979019165,-3.575));
#6025=CARTESIAN_POINT('',(-0.2027,0.663899979019165,-3.575));
#6026=VECTOR('',#7185,1.0);
#6027=CARTESIAN_POINT('',(-0.2027,0.663899979019165,-3.555));
#6028=VECTOR('',#7186,1.0);
#6029=COLOUR_RGB('',0.839785039424896,0.839785039424896,0.839805841445923);
#6030=CARTESIAN_POINT('',(-0.2027,0.26790004196167,-3.575));
#6031=CARTESIAN_POINT('',(-0.2027,0.26790004196167,-3.575));
#6032=VECTOR('',#7187,1.0);
#6033=CARTESIAN_POINT('',(-0.2027,0.26790004196167,-3.555));
#6034=VECTOR('',#7188,1.0);
#6035=COLOUR_RGB('',0.839785039424896,0.839785039424896,0.839805841445923);
#6036=CARTESIAN_POINT('',(-0.135295752716064,0.26790004196167,-3.575));
#6037=CARTESIAN_POINT('',(-0.135295752716064,0.26790004196167,-3.575));
#6038=VECTOR('',#7189,1.0);
#6039=CARTESIAN_POINT('',(-0.135295752716064,0.26790004196167,-3.555));
#6040=VECTOR('',#7190,1.0);
#6041=COLOUR_RGB('',0.839785039424896,0.839785039424896,0.839805841445923);
#6042=CARTESIAN_POINT('',(-0.135295752716064,0.59790004196167,-3.575));
#6043=CARTESIAN_POINT('',(-0.135295752716064,0.59790004196167,-3.575));
#6044=VECTOR('',#7191,1.0);
#6045=CARTESIAN_POINT('',(-0.135295752716064,0.59790004196167,-3.555));
#6046=VECTOR('',#7192,1.0);
#6047=COLOUR_RGB('',0.839785039424896,0.839785039424896,0.839805841445923);
#6048=CARTESIAN_POINT('',(0.0107468145370483,0.59790004196167,-3.575));
#6049=CARTESIAN_POINT('',(0.0107468145370483,0.59790004196167,-3.575));
#6050=VECTOR('',#7193,1.0);
#6051=CARTESIAN_POINT('',(0.0107468145370483,0.59790004196167,-3.555));
#6052=VECTOR('',#7194,1.0);
#6053=COLOUR_RGB('',0.839785039424896,0.839785039424896,0.839805841445923);
#6054=CARTESIAN_POINT('',(0.0107468145370483,0.3119,-3.575));
#6055=CARTESIAN_POINT('',(0.0107468145370483,0.3119,-3.575));
#6056=VECTOR('',#7195,1.0);
#6057=CARTESIAN_POINT('',(0.0107468145370483,0.3119,-3.555));
#6058=VECTOR('',#7196,1.0);
#6059=COLOUR_RGB('',0.839785039424896,0.839785039424896,0.839805841445923);
#6060=CARTESIAN_POINT('',(0.0781510618209839,0.3119,-3.575));
#6061=CARTESIAN_POINT('',(0.0781510618209839,0.3119,-3.575));
#6062=VECTOR('',#7197,1.0);
#6063=CARTESIAN_POINT('',(0.0781510618209839,0.3119,-3.555));
#6064=VECTOR('',#7198,1.0);
#6065=COLOUR_RGB('',0.839785039424896,0.839785039424896,0.839805841445923);
#6066=CARTESIAN_POINT('',(0.0781510618209839,0.59790004196167,-3.575));
#6067=CARTESIAN_POINT('',(0.0781510618209839,0.59790004196167,-3.575));
#6068=VECTOR('',#7199,1.0);
#6069=CARTESIAN_POINT('',(0.0781510618209839,0.59790004196167,-3.555));
#6070=VECTOR('',#7200,1.0);
#6071=COLOUR_RGB('',0.839785039424896,0.839785039424896,0.839805841445923);
#6072=CARTESIAN_POINT('',(0.257895744848251,0.59790004196167,-3.575));
#6073=CARTESIAN_POINT('',(0.257895744848251,0.59790004196167,-3.575));
#6074=VECTOR('',#7201,1.0);
#6075=CARTESIAN_POINT('',(0.257895744848251,0.59790004196167,-3.555));
#6076=VECTOR('',#7202,1.0);
#6077=COLOUR_RGB('',0.839785039424896,0.839785039424896,0.839805841445923);
#6078=CARTESIAN_POINT('',(0.257895744848251,0.26790004196167,-3.575));
#6079=VECTOR('',#7203,1.0);
#6080=COLOUR_RGB('',0.839785039424896,0.839785039424896,0.839805841445923);
#6081=CARTESIAN_POINT('',(-0.2027,-0.0841000000000001,-3.575));
#6082=CARTESIAN_POINT('',(-0.2027,-0.0841000000000001,-3.555));
#6083=VECTOR('',#7204,1.0);
#6084=CARTESIAN_POINT('',(-0.191465958786011,-0.13910004196167,-3.575));
#6085=CARTESIAN_POINT('',(-0.191465958786011,-0.13910004196167,-3.575));
#6086=VECTOR('',#7205,1.0);
#6087=CARTESIAN_POINT('',(-0.191465958786011,-0.13910004196167,-3.555));
#6088=VECTOR('',#7206,1.0);
#6089=COLOUR_RGB('',0.839785039424896,0.839785039424896,0.839805841445923);
#6090=CARTESIAN_POINT('',(-0.168997876358032,-0.1831,-3.575));
#6091=CARTESIAN_POINT('',(-0.168997876358032,-0.1831,-3.575));
#6092=VECTOR('',#7207,1.0);
#6093=CARTESIAN_POINT('',(-0.168997876358032,-0.1831,-3.555));
#6094=VECTOR('',#7208,1.0);
#6095=COLOUR_RGB('',0.839785039424896,0.839785039424896,0.839805841445923);
#6096=CARTESIAN_POINT('',(-0.124061711502075,-0.22709995803833,-3.575));
#6097=CARTESIAN_POINT('',(-0.124061711502075,-0.22709995803833,-3.575));
#6098=VECTOR('',#7209,1.0);
#6099=CARTESIAN_POINT('',(-0.124061711502075,-0.22709995803833,-3.555));
#6100=VECTOR('',#7210,1.0);
#6101=COLOUR_RGB('',0.839785039424896,0.839785039424896,0.839805841445923);
#6102=CARTESIAN_POINT('',(-0.0791255466461182,-0.2491,-3.575));
#6103=CARTESIAN_POINT('',(-0.0791255466461182,-0.2491,-3.575));
#6104=VECTOR('',#7211,1.0);
#6105=CARTESIAN_POINT('',(-0.0791255466461182,-0.2491,-3.555));
#6106=VECTOR('',#7212,1.0);
#6107=COLOUR_RGB('',0.839785039424896,0.839785039424896,0.839805841445923);
#6108=CARTESIAN_POINT('',(-0.0229553091049195,-0.26009995803833,-3.575));
#6109=CARTESIAN_POINT('',(-0.0229553091049195,-0.26009995803833,-3.575));
#6110=VECTOR('',#7213,1.0);
#6111=CARTESIAN_POINT('',(-0.0229553091049195,-0.26009995803833,-3.555));
#6112=VECTOR('',#7214,1.0);
#6113=COLOUR_RGB('',0.839785039424896,0.839785039424896,0.839805841445923);
#6114=CARTESIAN_POINT('',(0.145555324840546,-0.26009995803833,-3.575));
#6115=CARTESIAN_POINT('',(0.145555324840546,-0.26009995803833,-3.575));
#6116=VECTOR('',#7215,1.0);
#6117=CARTESIAN_POINT('',(0.145555324840546,-0.26009995803833,-3.555));
#6118=VECTOR('',#7216,1.0);
#6119=COLOUR_RGB('',0.839785039424896,0.839785039424896,0.839805841445923);
#6120=CARTESIAN_POINT('',(0.201725530910492,-0.2491,-3.575));
#6121=CARTESIAN_POINT('',(0.201725530910492,-0.2491,-3.575));
#6122=VECTOR('',#7217,1.0);
#6123=CARTESIAN_POINT('',(0.201725530910492,-0.2491,-3.555));
#6124=VECTOR('',#7218,1.0);
#6125=COLOUR_RGB('',0.839785039424896,0.839785039424896,0.839805841445923);
#6126=CARTESIAN_POINT('',(0.246661703634262,-0.22709995803833,-3.575));
#6127=CARTESIAN_POINT('',(0.246661703634262,-0.22709995803833,-3.575));
#6128=VECTOR('',#7219,1.0);
#6129=CARTESIAN_POINT('',(0.246661703634262,-0.22709995803833,-3.555));
#6130=VECTOR('',#7220,1.0);
#6131=COLOUR_RGB('',0.839785039424896,0.839785039424896,0.839805841445923);
#6132=CARTESIAN_POINT('',(0.291597872424126,-0.1831,-3.575));
#6133=CARTESIAN_POINT('',(0.291597872424126,-0.1831,-3.575));
#6134=VECTOR('',#7221,1.0);
#6135=CARTESIAN_POINT('',(0.291597872424126,-0.1831,-3.555));
#6136=VECTOR('',#7222,1.0);
#6137=COLOUR_RGB('',0.839785039424896,0.839785039424896,0.839805841445923);
#6138=CARTESIAN_POINT('',(0.314065957802534,-0.13910004196167,-3.575));
#6139=CARTESIAN_POINT('',(0.314065957802534,-0.13910004196167,-3.575));
#6140=VECTOR('',#7223,1.0);
#6141=CARTESIAN_POINT('',(0.314065957802534,-0.13910004196167,-3.555));
#6142=VECTOR('',#7224,1.0);
#6143=COLOUR_RGB('',0.839785039424896,0.839785039424896,0.839805841445923);
#6144=CARTESIAN_POINT('',(0.3253,-0.0841000000000001,-3.575));
#6145=CARTESIAN_POINT('',(0.3253,-0.0841000000000001,-3.575));
#6146=VECTOR('',#7225,1.0);
#6147=CARTESIAN_POINT('',(0.3253,-0.0841000000000001,-3.555));
#6148=VECTOR('',#7226,1.0);
#6149=COLOUR_RGB('',0.839785039424896,0.839785039424896,0.839805841445923);
#6150=CARTESIAN_POINT('',(0.3253,0.1799,-3.575));
#6151=CARTESIAN_POINT('',(0.3253,0.1799,-3.575));
#6152=VECTOR('',#7227,1.0);
#6153=CARTESIAN_POINT('',(0.3253,0.1799,-3.555));
#6154=VECTOR('',#7228,1.0);
#6155=COLOUR_RGB('',0.839785039424896,0.839785039424896,0.839805841445923);
#6156=CARTESIAN_POINT('',(-0.2027,0.1799,-3.575));
#6157=CARTESIAN_POINT('',(-0.2027,0.1799,-3.575));
#6158=VECTOR('',#7229,1.0);
#6159=CARTESIAN_POINT('',(-0.2027,0.1799,-3.555));
#6160=VECTOR('',#7230,1.0);
#6161=COLOUR_RGB('',0.839785039424896,0.839785039424896,0.839805841445923);
#6162=CARTESIAN_POINT('',(-0.2027,-0.0841000000000001,-3.575));
#6163=VECTOR('',#7231,1.0);
#6164=COLOUR_RGB('',0.839785039424896,0.839785039424896,0.839805841445923);
#6165=CARTESIAN_POINT('',(0.400000000000007,9.59981137949151,-9.145));
#6166=CARTESIAN_POINT('',(0.400000000000007,9.52018862050856,-9.145));
#6167=CARTESIAN_POINT('',(0.400000000000007,9.59981137949151,-9.145));
#6168=VECTOR('',#7232,1.0);
#6169=CARTESIAN_POINT('',(0.400000000000007,9.89679622758986,-8.88742640687119));
#6170=AXIS2_PLACEMENT_3D('',#7233,#7234,#7235);
#6171=CARTESIAN_POINT('',(0.400000000000007,10.16,-7.045));
#6172=CARTESIAN_POINT('',(0.400000000000007,9.89679622758986,-8.88742640687119));
#6173=VECTOR('',#7236,1.0);
#6174=CARTESIAN_POINT('',(0.400000000000007,10.16,-4.29143107478748));
#6175=CARTESIAN_POINT('',(0.400000000000007,10.16,-4.29143107478748));
#6176=VECTOR('',#7237,1.0);
#6177=CARTESIAN_POINT('',(0.400000000000007,9.06000000000003,-2.9447));
#6178=CARTESIAN_POINT('',(0.400000000000007,10.16,-4.29143107478748));
#6179=VECTOR('',#7238,1.0);
#6180=CARTESIAN_POINT('',(0.400000000000007,9.16000000000003,-2.81309373407159));
#6181=CARTESIAN_POINT('',(0.400000000000007,9.06000000000003,-2.9447));
#6182=VECTOR('',#7239,1.0);
#6183=CARTESIAN_POINT('',(0.400000000000007,9.16000000000003,3.555));
#6184=CARTESIAN_POINT('',(0.400000000000007,9.16000000000004,-2.81309373407159));
#6185=VECTOR('',#7240,1.0);
#6186=CARTESIAN_POINT('',(0.400000000000007,-9.15999999999997,3.555));
#6187=CARTESIAN_POINT('',(0.400000000000007,-9.15999999999997,3.555));
#6188=VECTOR('',#7241,1.0);
#6189=CARTESIAN_POINT('',(0.400000000000007,-9.15999999999997,-2.795));
#6190=CARTESIAN_POINT('',(0.400000000000007,-9.15999999999997,3.555));
#6191=VECTOR('',#7242,1.0);
#6192=CARTESIAN_POINT('',(0.400000000000007,-2.23999999999997,-2.795));
#6193=CARTESIAN_POINT('',(0.400000000000007,-9.15999999999997,-2.795));
#6194=VECTOR('',#7243,1.0);
#6195=CARTESIAN_POINT('',(0.400000000000007,-2.23999999999997,-3.555));
#6196=VECTOR('',#7244,1.0);
#6197=CARTESIAN_POINT('',(0.400000000000007,3.05000000000003,-5.335));
#6198=CARTESIAN_POINT('',(0.400000000000007,3.05000000000003,-5.335));
#6199=VECTOR('',#7245,1.0);
#6200=CARTESIAN_POINT('',(0.400000000000007,3.88000000000003,-5.335));
#6201=CARTESIAN_POINT('',(0.400000000000007,3.88000000000003,-5.335));
#6202=VECTOR('',#7246,1.0);
#6203=CARTESIAN_POINT('',(0.400000000000007,3.88000000000003,-7.045));
#6204=CARTESIAN_POINT('',(0.400000000000007,3.88000000000003,-7.045));
#6205=VECTOR('',#7247,1.0);
#6206=CARTESIAN_POINT('',(0.400000000000007,4.1432037724102,-8.88742640687119));
#6207=CARTESIAN_POINT('',(0.400000000000007,3.88000000000003,-7.045));
#6208=VECTOR('',#7248,1.0);
#6209=CARTESIAN_POINT('',(0.400000000000007,4.44018862050855,-9.145));
#6210=AXIS2_PLACEMENT_3D('',#7249,#7250,#7251);
#6211=CARTESIAN_POINT('',(0.400000000000007,4.51981137949151,-9.145));
#6212=CARTESIAN_POINT('',(0.400000000000007,4.51981137949151,-9.145));
#6213=VECTOR('',#7252,1.0);
#6214=CARTESIAN_POINT('',(0.400000000000007,4.81679622758986,-8.88742640687119));
#6215=AXIS2_PLACEMENT_3D('',#7253,#7254,#7255);
#6216=CARTESIAN_POINT('',(0.400000000000007,5.08000000000003,-7.045));
#6217=CARTESIAN_POINT('',(0.400000000000007,4.81679622758986,-8.88742640687119));
#6218=VECTOR('',#7256,1.0);
#6219=CARTESIAN_POINT('',(0.400000000000007,5.08000000000003,-5.335));
#6220=CARTESIAN_POINT('',(0.400000000000007,5.08000000000003,-5.335));
#6221=VECTOR('',#7257,1.0);
#6222=CARTESIAN_POINT('',(0.400000000000007,8.96000000000004,-5.335));
#6223=CARTESIAN_POINT('',(0.400000000000007,8.96000000000004,-5.335));
#6224=VECTOR('',#7258,1.0);
#6225=CARTESIAN_POINT('',(0.400000000000007,8.96000000000004,-7.045));
#6226=CARTESIAN_POINT('',(0.400000000000007,8.96000000000004,-7.045));
#6227=VECTOR('',#7259,1.0);
#6228=CARTESIAN_POINT('',(0.400000000000007,9.2232037724102,-8.88742640687119));
#6229=CARTESIAN_POINT('',(0.400000000000007,8.96000000000004,-7.045));
#6230=VECTOR('',#7260,1.0);
#6231=AXIS2_PLACEMENT_3D('',#7261,#7262,#7263);
#6232=CARTESIAN_POINT('',(0.400000000000007,-4.75499999999997,0.38));
#6233=CARTESIAN_POINT('',(0.400000000000007,-6.53499999999997,0.38));
#6234=AXIS2_PLACEMENT_3D('',#7264,#7265,#7266);
#6235=AXIS2_PLACEMENT_3D('',#7267,#7268,#7269);
#6236=COLOUR_RGB('',0.839785039424896,0.839785039424896,0.839805841445923);
#6237=CARTESIAN_POINT('',(-0.399999999999993,-2.23999999999997,-2.795));
#6238=CARTESIAN_POINT('',(-0.399999999999993,-2.23999999999997,-2.795));
#6239=VECTOR('',#7270,1.0);
#6240=CARTESIAN_POINT('',(-0.399999999999993,-2.23999999999997,-3.555));
#6241=VECTOR('',#7271,1.0);
#6242=COLOUR_RGB('',0.839785039424896,0.839785039424896,0.839805841445923);
#6243=CARTESIAN_POINT('',(-0.399999999999993,-4.75499999999997,0.38));
#6244=CARTESIAN_POINT('',(-0.399999999999993,-6.53499999999997,0.38));
#6245=AXIS2_PLACEMENT_3D('',#7272,#7273,#7274);
#6246=AXIS2_PLACEMENT_3D('',#7275,#7276,#7277);
#6247=CARTESIAN_POINT('',(-0.399999999999993,6.1992,0.0334333134651184));
#6248=CARTESIAN_POINT('',(-0.399999999999993,7.1992,-0.2999));
#6249=CARTESIAN_POINT('',(-0.399999999999993,6.1992,0.0334333134651184));
#6250=VECTOR('',#7278,1.0);
#6251=CARTESIAN_POINT('',(-0.399999999999993,6.1992,-0.0915666865348816));
#6252=CARTESIAN_POINT('',(-0.399999999999993,6.1992,-0.0915666865348816));
#6253=VECTOR('',#7279,1.0);
#6254=CARTESIAN_POINT('',(-0.399999999999993,6.45451914830208,-0.1749));
#6255=CARTESIAN_POINT('',(-0.399999999999993,6.45451914830208,-0.1749));
#6256=VECTOR('',#7280,1.0);
#6257=CARTESIAN_POINT('',(-0.399999999999993,6.45451914830208,-0.59156667163372));
#6258=CARTESIAN_POINT('',(-0.399999999999993,6.45451914830208,-0.59156667163372));
#6259=VECTOR('',#7281,1.0);
#6260=CARTESIAN_POINT('',(-0.399999999999993,6.1992,-0.6749));
#6261=CARTESIAN_POINT('',(-0.399999999999993,6.1992,-0.6749));
#6262=VECTOR('',#7282,1.0);
#6263=CARTESIAN_POINT('',(-0.399999999999993,6.1992,-0.7999));
#6264=CARTESIAN_POINT('',(-0.399999999999993,6.1992,-0.7999));
#6265=VECTOR('',#7283,1.0);
#6266=CARTESIAN_POINT('',(-0.399999999999993,7.1992,-0.466566656732559));
#6267=CARTESIAN_POINT('',(-0.399999999999993,7.1992,-0.466566656732559));
#6268=VECTOR('',#7284,1.0);
#6269=CARTESIAN_POINT('',(-0.399999999999993,7.1992,-0.2999));
#6270=VECTOR('',#7285,1.0);
#6271=CARTESIAN_POINT('',(-0.399999999999993,6.1992,0.783433373069764));
#6272=CARTESIAN_POINT('',(-0.399999999999993,6.98643406791687,1.0751));
#6273=CARTESIAN_POINT('',(-0.399999999999993,6.1992,0.783433373069764));
#6274=VECTOR('',#7286,1.0);
#6275=CARTESIAN_POINT('',(-0.399999999999993,6.1992,0.616766626930237));
#6276=CARTESIAN_POINT('',(-0.399999999999993,6.1992,0.616766626930237));
#6277=VECTOR('',#7287,1.0);
#6278=CARTESIAN_POINT('',(-0.399999999999993,6.98643406791687,0.3251));
#6279=CARTESIAN_POINT('',(-0.399999999999993,6.98643406791687,0.3251));
#6280=VECTOR('',#7288,1.0);
#6281=CARTESIAN_POINT('',(-0.399999999999993,6.1992,0.3251));
#6282=CARTESIAN_POINT('',(-0.399999999999993,6.1992,0.3251));
#6283=VECTOR('',#7289,1.0);
#6284=CARTESIAN_POINT('',(-0.399999999999993,6.1992,0.2001));
#6285=CARTESIAN_POINT('',(-0.399999999999993,6.1992,0.2001));
#6286=VECTOR('',#7290,1.0);
#6287=CARTESIAN_POINT('',(-0.399999999999993,7.1992,0.2001));
#6288=CARTESIAN_POINT('',(-0.399999999999993,7.1992,0.2001));
#6289=VECTOR('',#7291,1.0);
#6290=CARTESIAN_POINT('',(-0.399999999999993,7.1992,0.3876));
#6291=CARTESIAN_POINT('',(-0.399999999999993,7.1992,0.3876));
#6292=VECTOR('',#7292,1.0);
#6293=CARTESIAN_POINT('',(-0.399999999999993,6.30558298094273,0.7001));
#6294=CARTESIAN_POINT('',(-0.399999999999993,6.30558298094273,0.7001));
#6295=VECTOR('',#7293,1.0);
#6296=CARTESIAN_POINT('',(-0.399999999999993,7.1992,1.0126));
#6297=CARTESIAN_POINT('',(-0.399999999999993,7.1992,1.0126));
#6298=VECTOR('',#7294,1.0);
#6299=CARTESIAN_POINT('',(-0.399999999999993,7.1992,1.2001));
#6300=CARTESIAN_POINT('',(-0.399999999999993,7.1992,1.2001));
#6301=VECTOR('',#7295,1.0);
#6302=CARTESIAN_POINT('',(-0.399999999999993,6.1992,1.2001));
#6303=CARTESIAN_POINT('',(-0.399999999999993,6.1992,1.2001));
#6304=VECTOR('',#7296,1.0);
#6305=CARTESIAN_POINT('',(-0.399999999999993,6.1992,1.0751));
#6306=CARTESIAN_POINT('',(-0.399999999999993,6.1992,1.0751));
#6307=VECTOR('',#7297,1.0);
#6308=CARTESIAN_POINT('',(-0.399999999999993,6.98643406791687,1.0751));
#6309=VECTOR('',#7298,1.0);
#6310=CARTESIAN_POINT('',(-0.399999999999993,6.88005104227066,2.1376));
#6311=CARTESIAN_POINT('',(-0.399999999999993,6.96515747470856,2.1376));
#6312=CARTESIAN_POINT('',(-0.399999999999993,6.88005104227066,2.1376));
#6313=VECTOR('',#7299,1.0);
#6314=CARTESIAN_POINT('',(-0.399999999999993,6.81622126264572,2.11676674613953));
#6315=CARTESIAN_POINT('',(-0.399999999999993,6.81622126264572,2.11676674613953));
#6316=VECTOR('',#7300,1.0);
#6317=CARTESIAN_POINT('',(-0.399999999999993,6.73111488981247,2.05426674613953));
#6318=CARTESIAN_POINT('',(-0.399999999999993,6.73111488981247,2.05426674613953));
#6319=VECTOR('',#7301,1.0);
#6320=CARTESIAN_POINT('',(-0.399999999999993,6.66728511018753,1.97093325386047));
#6321=CARTESIAN_POINT('',(-0.399999999999993,6.66728511018753,1.97093325386047));
#6322=VECTOR('',#7302,1.0);
#6323=CARTESIAN_POINT('',(-0.399999999999993,6.64600851697922,1.86676674613953));
#6324=CARTESIAN_POINT('',(-0.399999999999993,6.64600851697922,1.86676674613953));
#6325=VECTOR('',#7303,1.0);
#6326=CARTESIAN_POINT('',(-0.399999999999993,6.64600851697922,1.49176674613953));
#6327=CARTESIAN_POINT('',(-0.399999999999993,6.64600851697922,1.49176674613953));
#6328=VECTOR('',#7304,1.0);
#6329=CARTESIAN_POINT('',(-0.399999999999993,6.1992,1.49176674613953));
#6330=CARTESIAN_POINT('',(-0.399999999999993,6.1992,1.49176674613953));
#6331=VECTOR('',#7305,1.0);
#6332=CARTESIAN_POINT('',(-0.399999999999993,6.1992,1.36676674613953));
#6333=CARTESIAN_POINT('',(-0.399999999999993,6.1992,1.36676674613953));
#6334=VECTOR('',#7306,1.0);
#6335=CARTESIAN_POINT('',(-0.399999999999993,7.1992,1.36676674613953));
#6336=CARTESIAN_POINT('',(-0.399999999999993,7.1992,1.36676674613953));
#6337=VECTOR('',#7307,1.0);
#6338=CARTESIAN_POINT('',(-0.399999999999993,7.1992,1.86676674613953));
#6339=CARTESIAN_POINT('',(-0.399999999999993,7.1992,1.86676674613953));
#6340=VECTOR('',#7308,1.0);
#6341=CARTESIAN_POINT('',(-0.399999999999993,7.17792340679169,1.97093325386047));
#6342=CARTESIAN_POINT('',(-0.399999999999993,7.17792340679169,1.97093325386047));
#6343=VECTOR('',#7309,1.0);
#6344=CARTESIAN_POINT('',(-0.399999999999993,7.11409362716675,2.05426674613953));
#6345=CARTESIAN_POINT('',(-0.399999999999993,7.11409362716675,2.05426674613953));
#6346=VECTOR('',#7310,1.0);
#6347=CARTESIAN_POINT('',(-0.399999999999993,7.0289872543335,2.11676674613953));
#6348=CARTESIAN_POINT('',(-0.399999999999993,7.0289872543335,2.11676674613953));
#6349=VECTOR('',#7311,1.0);
#6350=CARTESIAN_POINT('',(-0.399999999999993,6.96515747470856,2.1376));
#6351=VECTOR('',#7312,1.0);
#6352=CARTESIAN_POINT('',(-0.399999999999993,9.2232037724102,-8.88742640687119));
#6353=CARTESIAN_POINT('',(-0.399999999999993,8.96000000000003,-7.045));
#6354=CARTESIAN_POINT('',(-0.399999999999993,9.2232037724102,-8.8874264068712));
#6355=VECTOR('',#7313,1.0);
#6356=CARTESIAN_POINT('',(-0.399999999999993,8.96000000000003,-5.335));
#6357=CARTESIAN_POINT('',(-0.399999999999993,8.96000000000003,-7.045));
#6358=VECTOR('',#7314,1.0);
#6359=CARTESIAN_POINT('',(-0.399999999999993,5.08000000000003,-5.335));
#6360=CARTESIAN_POINT('',(-0.399999999999993,8.96000000000003,-5.335));
#6361=VECTOR('',#7315,1.0);
#6362=CARTESIAN_POINT('',(-0.399999999999993,5.08000000000003,-7.045));
#6363=CARTESIAN_POINT('',(-0.399999999999993,5.08000000000003,-5.335));
#6364=VECTOR('',#7316,1.0);
#6365=CARTESIAN_POINT('',(-0.399999999999993,4.81679622758986,-8.88742640687119));
#6366=CARTESIAN_POINT('',(-0.399999999999993,5.08000000000003,-7.045));
#6367=VECTOR('',#7317,1.0);
#6368=CARTESIAN_POINT('',(-0.399999999999993,4.51981137949151,-9.145));
#6369=AXIS2_PLACEMENT_3D('',#7318,#7319,#7320);
#6370=CARTESIAN_POINT('',(-0.399999999999993,4.44018862050855,-9.145));
#6371=CARTESIAN_POINT('',(-0.399999999999993,4.51981137949151,-9.145));
#6372=VECTOR('',#7321,1.0);
#6373=CARTESIAN_POINT('',(-0.399999999999993,4.1432037724102,-8.88742640687119));
#6374=AXIS2_PLACEMENT_3D('',#7322,#7323,#7324);
#6375=CARTESIAN_POINT('',(-0.399999999999993,3.88000000000003,-7.045));
#6376=CARTESIAN_POINT('',(-0.399999999999993,4.1432037724102,-8.88742640687119));
#6377=VECTOR('',#7325,1.0);
#6378=CARTESIAN_POINT('',(-0.399999999999993,3.88000000000003,-5.335));
#6379=CARTESIAN_POINT('',(-0.399999999999993,3.88000000000003,-7.045));
#6380=VECTOR('',#7326,1.0);
#6381=CARTESIAN_POINT('',(-0.399999999999993,3.05000000000003,-5.335));
#6382=CARTESIAN_POINT('',(-0.399999999999993,3.88000000000003,-5.335));
#6383=VECTOR('',#7327,1.0);
#6384=CARTESIAN_POINT('',(-0.399999999999993,3.05000000000003,-5.335));
#6385=VECTOR('',#7328,1.0);
#6386=CARTESIAN_POINT('',(-0.399999999999993,-9.15999999999997,-2.795));
#6387=CARTESIAN_POINT('',(-0.399999999999993,-9.15999999999997,-2.795));
#6388=VECTOR('',#7329,1.0);
#6389=CARTESIAN_POINT('',(-0.399999999999993,-9.15999999999997,3.555));
#6390=CARTESIAN_POINT('',(-0.399999999999993,-9.15999999999997,3.555));
#6391=VECTOR('',#7330,1.0);
#6392=CARTESIAN_POINT('',(-0.399999999999993,9.16000000000003,3.555));
#6393=CARTESIAN_POINT('',(-0.399999999999993,9.16000000000003,3.555));
#6394=VECTOR('',#7331,1.0);
#6395=CARTESIAN_POINT('',(-0.399999999999993,9.16000000000003,-2.81309373407159));
#6396=CARTESIAN_POINT('',(-0.399999999999993,9.16000000000003,-2.81309373407159));
#6397=VECTOR('',#7332,1.0);
#6398=CARTESIAN_POINT('',(-0.399999999999993,9.06000000000003,-2.9447));
#6399=CARTESIAN_POINT('',(-0.399999999999993,9.06000000000003,-2.9447));
#6400=VECTOR('',#7333,1.0);
#6401=CARTESIAN_POINT('',(-0.399999999999993,10.16,-4.29143107478748));
#6402=CARTESIAN_POINT('',(-0.399999999999993,10.16,-4.29143107478748));
#6403=VECTOR('',#7334,1.0);
#6404=CARTESIAN_POINT('',(-0.399999999999993,10.16,-7.045));
#6405=CARTESIAN_POINT('',(-0.399999999999993,10.16,-4.29143107478748));
#6406=VECTOR('',#7335,1.0);
#6407=CARTESIAN_POINT('',(-0.399999999999993,9.89679622758986,-8.88742640687119));
#6408=CARTESIAN_POINT('',(-0.399999999999993,10.16,-7.045));
#6409=VECTOR('',#7336,1.0);
#6410=CARTESIAN_POINT('',(-0.399999999999993,9.59981137949151,-9.145));
#6411=AXIS2_PLACEMENT_3D('',#7337,#7338,#7339);
#6412=CARTESIAN_POINT('',(-0.399999999999993,9.52018862050855,-9.145));
#6413=CARTESIAN_POINT('',(-0.399999999999993,9.59981137949151,-9.145));
#6414=VECTOR('',#7340,1.0);
#6415=AXIS2_PLACEMENT_3D('',#7341,#7342,#7343);
#6416=COLOUR_RGB('',0.839785039424896,0.839785039424896,0.839805841445923);
#6417=CARTESIAN_POINT('',(-0.399999999999993,3.05000000000003,-5.335));
#6418=VECTOR('',#7344,1.0);
#6419=COLOUR_RGB('',0.839785039424896,0.839785039424896,0.839805841445923);
#6420=COLOUR_RGB('',0.839785039424896,0.839785039424896,0.839805841445923);
#6421=COLOUR_RGB('',0.839785039424896,0.839785039424896,0.839805841445923);
#6422=COLOUR_RGB('',0.839785039424896,0.839785039424896,0.839805841445923);
#6423=CARTESIAN_POINT('',(-0.135295752716064,-0.0841000000000001,-3.575));
#6424=CARTESIAN_POINT('',(-0.124061711502075,-0.12809995803833,-3.575));
#6425=CARTESIAN_POINT('',(-0.135295752716064,-0.0841000000000001,-3.575));
#6426=VECTOR('',#7345,1.0);
#6427=CARTESIAN_POINT('',(-0.101593629074097,-0.16109995803833,-3.575));
#6428=CARTESIAN_POINT('',(-0.124061711502075,-0.12809995803833,-3.575));
#6429=VECTOR('',#7346,1.0);
#6430=CARTESIAN_POINT('',(-0.0678914739608765,-0.1831,-3.575));
#6431=CARTESIAN_POINT('',(-0.101593629074097,-0.16109995803833,-3.575));
#6432=VECTOR('',#7347,1.0);
#6433=CARTESIAN_POINT('',(-0.0229553091049195,-0.19409995803833,-3.575));
#6434=CARTESIAN_POINT('',(-0.0678914739608765,-0.1831,-3.575));
#6435=VECTOR('',#7348,1.0);
#6436=CARTESIAN_POINT('',(0.145555324840546,-0.19409995803833,-3.575));
#6437=CARTESIAN_POINT('',(-0.0229553091049195,-0.19409995803833,-3.575));
#6438=VECTOR('',#7349,1.0);
#6439=CARTESIAN_POINT('',(0.190491489696503,-0.1831,-3.575));
#6440=CARTESIAN_POINT('',(0.145555324840546,-0.19409995803833,-3.575));
#6441=VECTOR('',#7350,1.0);
#6442=CARTESIAN_POINT('',(0.22419361333847,-0.16109995803833,-3.575));
#6443=CARTESIAN_POINT('',(0.190491489696503,-0.1831,-3.575));
#6444=VECTOR('',#7351,1.0);
#6445=CARTESIAN_POINT('',(0.246661703634262,-0.12809995803833,-3.575));
#6446=CARTESIAN_POINT('',(0.22419361333847,-0.16109995803833,-3.575));
#6447=VECTOR('',#7352,1.0);
#6448=CARTESIAN_POINT('',(0.257895744848251,-0.0841000000000001,-3.575));
#6449=CARTESIAN_POINT('',(0.246661703634262,-0.12809995803833,-3.575));
#6450=VECTOR('',#7353,1.0);
#6451=CARTESIAN_POINT('',(0.257895744848251,0.1139,-3.575));
#6452=CARTESIAN_POINT('',(0.257895744848251,-0.0841000000000001,-3.575));
#6453=VECTOR('',#7354,1.0);
#6454=CARTESIAN_POINT('',(-0.135295752716064,0.1139,-3.575));
#6455=CARTESIAN_POINT('',(0.257895744848251,0.1139,-3.575));
#6456=VECTOR('',#7355,1.0);
#6457=CARTESIAN_POINT('',(-0.135295752716064,0.1139,-3.575));
#6458=VECTOR('',#7356,1.0);
#6459=COLOUR_RGB('',0.839785039424896,0.839785039424896,0.839805841445923);
#6460=CARTESIAN_POINT('',(-0.399999999999993,9.59981137949151,-9.145));
#6461=VECTOR('',#7357,1.0);
#6462=CARTESIAN_POINT('',(0.400000000000007,9.52018862050856,-9.145));
#6463=VECTOR('',#7358,1.0);
#6464=COLOUR_RGB('',0.839785039424896,0.839785039424896,0.839805841445923);
#6465=CARTESIAN_POINT('',(-0.399999999999993,9.89679622758986,-8.88742640687119));
#6466=VECTOR('',#7359,1.0);
#6467=COLOUR_RGB('',0.839785039424896,0.839785039424896,0.839805841445923);
#6468=CARTESIAN_POINT('',(-0.399999999999993,10.16,-7.045));
#6469=VECTOR('',#7360,1.0);
#6470=COLOUR_RGB('',0.839785039424896,0.839785039424896,0.839805841445923);
#6471=CARTESIAN_POINT('',(0.400000000000007,10.16,-4.29143107478748));
#6472=VECTOR('',#7361,1.0);
#6473=COLOUR_RGB('',0.839785039424896,0.839785039424896,0.839805841445923);
#6474=CARTESIAN_POINT('',(-0.399999999999993,9.06000000000003,-2.9447));
#6475=VECTOR('',#7362,1.0);
#6476=COLOUR_RGB('',0.839785039424896,0.839785039424896,0.839805841445923);
#6477=CARTESIAN_POINT('',(0.250000000000007,10.16,-1.49703107478748));
#6478=CARTESIAN_POINT('',(-0.249999999999993,10.16,-1.49703107478748));
#6479=CARTESIAN_POINT('',(0.250000000000007,10.16,-1.49703107478748));
#6480=VECTOR('',#7363,1.0);
#6481=CARTESIAN_POINT('',(0.250000000000007,10.16,-1.49703107478748));
#6482=VECTOR('',#7364,1.0);
#6483=CARTESIAN_POINT('',(-0.399999999999993,9.16000000000003,-2.81309373407159));
#6484=VECTOR('',#7365,1.0);
#6485=COLOUR_RGB('',0.839785039424896,0.839785039424896,0.839805841445923);
#6486=CARTESIAN_POINT('',(0.250000000000007,10.16,3.055));
#6487=CARTESIAN_POINT('',(0.250000000000006,10.16,3.055));
#6488=VECTOR('',#7366,1.0);
#6489=CARTESIAN_POINT('',(0.250000000000007,10.16,-1.49703107478748));
#6490=VECTOR('',#7367,1.0);
#6491=COLOUR_RGB('',0.839785039424896,0.839785039424896,0.839805841445923);
#6492=CARTESIAN_POINT('',(0.400000000000007,9.16000000000003,3.555));
#6493=VECTOR('',#7368,1.0);
#6494=CARTESIAN_POINT('',(-0.399999999999993,-9.15999999999997,3.555));
#6495=VECTOR('',#7369,1.0);
#6496=COLOUR_RGB('',0.839785039424896,0.839785039424896,0.839805841445923);
#6497=CARTESIAN_POINT('',(0.250000000000007,-10.16,-2.295));
#6498=CARTESIAN_POINT('',(0.400000000000007,-9.15999999999997,-2.795));
#6499=VECTOR('',#7370,1.0);
#6500=CARTESIAN_POINT('',(0.250000000000007,-10.16,3.055));
#6501=CARTESIAN_POINT('',(0.400000000000007,-9.15999999999997,3.555));
#6502=VECTOR('',#7371,1.0);
#6503=CARTESIAN_POINT('',(0.250000000000007,-10.16,3.055));
#6504=VECTOR('',#7372,1.0);
#6505=COLOUR_RGB('',0.839785039424896,0.839785039424896,0.839805841445923);
#6506=CARTESIAN_POINT('',(-0.399999999999993,-9.15999999999997,-2.795));
#6507=VECTOR('',#7373,1.0);
#6508=COLOUR_RGB('',0.839785039424896,0.839785039424896,0.839805841445923);
#6509=CARTESIAN_POINT('',(0.400000000000007,3.88000000000003,-5.335));
#6510=VECTOR('',#7374,1.0);
#6511=COLOUR_RGB('',0.839785039424896,0.839785039424896,0.839805841445923);
#6512=CARTESIAN_POINT('',(-0.399999999999993,3.88000000000003,-7.045));
#6513=VECTOR('',#7375,1.0);
#6514=COLOUR_RGB('',0.839785039424896,0.839785039424896,0.839805841445923);
#6515=CARTESIAN_POINT('',(0.400000000000007,4.1432037724102,-8.88742640687119));
#6516=VECTOR('',#7376,1.0);
#6517=COLOUR_RGB('',0.839785039424896,0.839785039424896,0.839805841445923);
#6518=CARTESIAN_POINT('',(0.400000000000007,4.44018862050855,-9.145));
#6519=VECTOR('',#7377,1.0);
#6520=COLOUR_RGB('',0.839785039424896,0.839785039424896,0.839805841445923);
#6521=CARTESIAN_POINT('',(-0.399999999999993,4.51981137949151,-9.145));
#6522=VECTOR('',#7378,1.0);
#6523=COLOUR_RGB('',0.839785039424896,0.839785039424896,0.839805841445923);
#6524=CARTESIAN_POINT('',(-0.399999999999993,4.81679622758986,-8.88742640687119));
#6525=VECTOR('',#7379,1.0);
#6526=COLOUR_RGB('',0.839785039424896,0.839785039424896,0.839805841445923);
#6527=CARTESIAN_POINT('',(-0.399999999999993,5.08000000000003,-7.045));
#6528=VECTOR('',#7380,1.0);
#6529=COLOUR_RGB('',0.839785039424896,0.839785039424896,0.839805841445923);
#6530=CARTESIAN_POINT('',(0.400000000000007,5.08000000000003,-5.335));
#6531=VECTOR('',#7381,1.0);
#6532=COLOUR_RGB('',0.839785039424896,0.839785039424896,0.839805841445923);
#6533=CARTESIAN_POINT('',(0.400000000000007,8.96000000000003,-5.335));
#6534=VECTOR('',#7382,1.0);
#6535=COLOUR_RGB('',0.839785039424896,0.839785039424896,0.839805841445923);
#6536=CARTESIAN_POINT('',(-0.399999999999993,8.96000000000003,-7.045));
#6537=VECTOR('',#7383,1.0);
#6538=COLOUR_RGB('',0.839785039424896,0.839785039424896,0.839805841445923);
#6539=CARTESIAN_POINT('',(0.400000000000007,9.2232037724102,-8.88742640687119));
#6540=VECTOR('',#7384,1.0);
#6541=COLOUR_RGB('',0.839785039424896,0.839785039424896,0.839805841445923);
#6542=COLOUR_RGB('',0.839785039424896,0.839785039424896,0.839805841445923);
#6543=CARTESIAN_POINT('',(-0.399999999999993,-6.53499999999997,0.38));
#6544=VECTOR('',#7385,1.0);
#6545=CARTESIAN_POINT('',(-0.399999999999993,-4.75499999999997,0.38));
#6546=VECTOR('',#7386,1.0);
#6547=COLOUR_RGB('',0.839785039424896,0.839785039424896,0.839805841445923);
#6548=COLOUR_RGB('',0.839785039424896,0.839785039424896,0.839805841445923);
#6549=CARTESIAN_POINT('',(-0.349999999999993,7.1992,-0.2999));
#6550=CARTESIAN_POINT('',(-0.399999999999993,7.1992,-0.2999));
#6551=VECTOR('',#7387,1.0);
#6552=CARTESIAN_POINT('',(-0.349999999999993,6.1992,0.0334333134651184));
#6553=CARTESIAN_POINT('',(-0.349999999999993,6.1992,0.0334333134651184));
#6554=VECTOR('',#7388,1.0);
#6555=CARTESIAN_POINT('',(-0.399999999999993,6.1992,0.0334333134651184));
#6556=VECTOR('',#7389,1.0);
#6557=COLOUR_RGB('',0.839785039424896,0.839785039424896,0.839805841445923);
#6558=CARTESIAN_POINT('',(-0.349999999999993,6.1992,-0.0915666865348816));
#6559=CARTESIAN_POINT('',(-0.349999999999993,6.1992,-0.0915666865348816));
#6560=VECTOR('',#7390,1.0);
#6561=CARTESIAN_POINT('',(-0.399999999999993,6.1992,-0.0915666865348816));
#6562=VECTOR('',#7391,1.0);
#6563=COLOUR_RGB('',0.839785039424896,0.839785039424896,0.839805841445923);
#6564=CARTESIAN_POINT('',(-0.349999999999993,6.45451914830208,-0.1749));
#6565=CARTESIAN_POINT('',(-0.349999999999993,6.45451914830208,-0.1749));
#6566=VECTOR('',#7392,1.0);
#6567=CARTESIAN_POINT('',(-0.399999999999993,6.45451914830208,-0.1749));
#6568=VECTOR('',#7393,1.0);
#6569=COLOUR_RGB('',0.839785039424896,0.839785039424896,0.839805841445923);
#6570=CARTESIAN_POINT('',(-0.349999999999993,6.45451914830208,-0.59156667163372));
#6571=CARTESIAN_POINT('',(-0.349999999999993,6.45451914830208,-0.59156667163372));
#6572=VECTOR('',#7394,1.0);
#6573=CARTESIAN_POINT('',(-0.399999999999993,6.45451914830208,-0.59156667163372));
#6574=VECTOR('',#7395,1.0);
#6575=COLOUR_RGB('',0.839785039424896,0.839785039424896,0.839805841445923);
#6576=CARTESIAN_POINT('',(-0.349999999999993,6.1992,-0.6749));
#6577=CARTESIAN_POINT('',(-0.349999999999993,6.1992,-0.6749));
#6578=VECTOR('',#7396,1.0);
#6579=CARTESIAN_POINT('',(-0.399999999999993,6.1992,-0.6749));
#6580=VECTOR('',#7397,1.0);
#6581=COLOUR_RGB('',0.839785039424896,0.839785039424896,0.839805841445923);
#6582=CARTESIAN_POINT('',(-0.349999999999993,6.1992,-0.7999));
#6583=CARTESIAN_POINT('',(-0.349999999999993,6.1992,-0.7999));
#6584=VECTOR('',#7398,1.0);
#6585=CARTESIAN_POINT('',(-0.399999999999993,6.1992,-0.7999));
#6586=VECTOR('',#7399,1.0);
#6587=COLOUR_RGB('',0.839785039424896,0.839785039424896,0.839805841445923);
#6588=CARTESIAN_POINT('',(-0.349999999999993,7.1992,-0.466566656732559));
#6589=CARTESIAN_POINT('',(-0.349999999999993,7.1992,-0.466566656732559));
#6590=VECTOR('',#7400,1.0);
#6591=CARTESIAN_POINT('',(-0.399999999999993,7.1992,-0.466566656732559));
#6592=VECTOR('',#7401,1.0);
#6593=COLOUR_RGB('',0.839785039424896,0.839785039424896,0.839805841445923);
#6594=CARTESIAN_POINT('',(-0.349999999999993,7.1992,-0.2999));
#6595=VECTOR('',#7402,1.0);
#6596=COLOUR_RGB('',0.839785039424896,0.839785039424896,0.839805841445923);
#6597=CARTESIAN_POINT('',(-0.349999999999993,6.98643406791687,1.0751));
#6598=CARTESIAN_POINT('',(-0.399999999999993,6.98643406791687,1.0751));
#6599=VECTOR('',#7403,1.0);
#6600=CARTESIAN_POINT('',(-0.349999999999993,6.1992,0.783433373069764));
#6601=CARTESIAN_POINT('',(-0.349999999999993,6.1992,0.783433373069764));
#6602=VECTOR('',#7404,1.0);
#6603=CARTESIAN_POINT('',(-0.399999999999993,6.1992,0.783433373069764));
#6604=VECTOR('',#7405,1.0);
#6605=COLOUR_RGB('',0.839785039424896,0.839785039424896,0.839805841445923);
#6606=CARTESIAN_POINT('',(-0.349999999999993,6.1992,0.616766626930237));
#6607=CARTESIAN_POINT('',(-0.349999999999993,6.1992,0.616766626930237));
#6608=VECTOR('',#7406,1.0);
#6609=CARTESIAN_POINT('',(-0.399999999999993,6.1992,0.616766626930237));
#6610=VECTOR('',#7407,1.0);
#6611=COLOUR_RGB('',0.839785039424896,0.839785039424896,0.839805841445923);
#6612=CARTESIAN_POINT('',(-0.349999999999993,6.98643406791687,0.3251));
#6613=CARTESIAN_POINT('',(-0.349999999999993,6.98643406791687,0.3251));
#6614=VECTOR('',#7408,1.0);
#6615=CARTESIAN_POINT('',(-0.399999999999993,6.98643406791687,0.3251));
#6616=VECTOR('',#7409,1.0);
#6617=COLOUR_RGB('',0.839785039424896,0.839785039424896,0.839805841445923);
#6618=CARTESIAN_POINT('',(-0.349999999999993,6.1992,0.3251));
#6619=CARTESIAN_POINT('',(-0.349999999999993,6.1992,0.3251));
#6620=VECTOR('',#7410,1.0);
#6621=CARTESIAN_POINT('',(-0.399999999999993,6.1992,0.3251));
#6622=VECTOR('',#7411,1.0);
#6623=COLOUR_RGB('',0.839785039424896,0.839785039424896,0.839805841445923);
#6624=CARTESIAN_POINT('',(-0.349999999999993,6.1992,0.2001));
#6625=CARTESIAN_POINT('',(-0.349999999999993,6.1992,0.2001));
#6626=VECTOR('',#7412,1.0);
#6627=CARTESIAN_POINT('',(-0.399999999999993,6.1992,0.2001));
#6628=VECTOR('',#7413,1.0);
#6629=COLOUR_RGB('',0.839785039424896,0.839785039424896,0.839805841445923);
#6630=CARTESIAN_POINT('',(-0.349999999999993,7.1992,0.2001));
#6631=CARTESIAN_POINT('',(-0.349999999999993,7.1992,0.2001));
#6632=VECTOR('',#7414,1.0);
#6633=CARTESIAN_POINT('',(-0.399999999999993,7.1992,0.2001));
#6634=VECTOR('',#7415,1.0);
#6635=COLOUR_RGB('',0.839785039424896,0.839785039424896,0.839805841445923);
#6636=CARTESIAN_POINT('',(-0.349999999999993,7.1992,0.3876));
#6637=CARTESIAN_POINT('',(-0.349999999999993,7.1992,0.3876));
#6638=VECTOR('',#7416,1.0);
#6639=CARTESIAN_POINT('',(-0.399999999999993,7.1992,0.3876));
#6640=VECTOR('',#7417,1.0);
#6641=COLOUR_RGB('',0.839785039424896,0.839785039424896,0.839805841445923);
#6642=CARTESIAN_POINT('',(-0.349999999999993,6.30558298094273,0.7001));
#6643=CARTESIAN_POINT('',(-0.349999999999993,6.30558298094273,0.7001));
#6644=VECTOR('',#7418,1.0);
#6645=CARTESIAN_POINT('',(-0.399999999999993,6.30558298094273,0.7001));
#6646=VECTOR('',#7419,1.0);
#6647=COLOUR_RGB('',0.839785039424896,0.839785039424896,0.839805841445923);
#6648=CARTESIAN_POINT('',(-0.349999999999993,7.1992,1.0126));
#6649=CARTESIAN_POINT('',(-0.349999999999993,7.1992,1.0126));
#6650=VECTOR('',#7420,1.0);
#6651=CARTESIAN_POINT('',(-0.399999999999993,7.1992,1.0126));
#6652=VECTOR('',#7421,1.0);
#6653=COLOUR_RGB('',0.839785039424896,0.839785039424896,0.839805841445923);
#6654=CARTESIAN_POINT('',(-0.349999999999993,7.1992,1.2001));
#6655=CARTESIAN_POINT('',(-0.349999999999993,7.1992,1.2001));
#6656=VECTOR('',#7422,1.0);
#6657=CARTESIAN_POINT('',(-0.399999999999993,7.1992,1.2001));
#6658=VECTOR('',#7423,1.0);
#6659=COLOUR_RGB('',0.839785039424896,0.839785039424896,0.839805841445923);
#6660=CARTESIAN_POINT('',(-0.349999999999993,6.1992,1.2001));
#6661=CARTESIAN_POINT('',(-0.349999999999993,6.1992,1.2001));
#6662=VECTOR('',#7424,1.0);
#6663=CARTESIAN_POINT('',(-0.399999999999993,6.1992,1.2001));
#6664=VECTOR('',#7425,1.0);
#6665=COLOUR_RGB('',0.839785039424896,0.839785039424896,0.839805841445923);
#6666=CARTESIAN_POINT('',(-0.349999999999993,6.1992,1.0751));
#6667=CARTESIAN_POINT('',(-0.349999999999993,6.1992,1.0751));
#6668=VECTOR('',#7426,1.0);
#6669=CARTESIAN_POINT('',(-0.399999999999993,6.1992,1.0751));
#6670=VECTOR('',#7427,1.0);
#6671=COLOUR_RGB('',0.839785039424896,0.839785039424896,0.839805841445923);
#6672=CARTESIAN_POINT('',(-0.349999999999993,6.98643406791687,1.0751));
#6673=VECTOR('',#7428,1.0);
#6674=COLOUR_RGB('',0.839785039424896,0.839785039424896,0.839805841445923);
#6675=CARTESIAN_POINT('',(-0.349999999999993,6.96515747470856,2.1376));
#6676=CARTESIAN_POINT('',(-0.399999999999993,6.96515747470856,2.1376));
#6677=VECTOR('',#7429,1.0);
#6678=CARTESIAN_POINT('',(-0.349999999999993,6.88005104227066,2.1376));
#6679=CARTESIAN_POINT('',(-0.349999999999993,6.88005104227066,2.1376));
#6680=VECTOR('',#7430,1.0);
#6681=CARTESIAN_POINT('',(-0.399999999999993,6.88005104227066,2.1376));
#6682=VECTOR('',#7431,1.0);
#6683=COLOUR_RGB('',0.839785039424896,0.839785039424896,0.839805841445923);
#6684=CARTESIAN_POINT('',(-0.349999999999993,6.81622126264572,2.11676674613953));
#6685=CARTESIAN_POINT('',(-0.349999999999993,6.81622126264572,2.11676674613953));
#6686=VECTOR('',#7432,1.0);
#6687=CARTESIAN_POINT('',(-0.399999999999993,6.81622126264572,2.11676674613953));
#6688=VECTOR('',#7433,1.0);
#6689=COLOUR_RGB('',0.839785039424896,0.839785039424896,0.839805841445923);
#6690=CARTESIAN_POINT('',(-0.349999999999993,6.73111488981247,2.05426674613953));
#6691=CARTESIAN_POINT('',(-0.349999999999993,6.73111488981247,2.05426674613953));
#6692=VECTOR('',#7434,1.0);
#6693=CARTESIAN_POINT('',(-0.399999999999993,6.73111488981247,2.05426674613953));
#6694=VECTOR('',#7435,1.0);
#6695=COLOUR_RGB('',0.839785039424896,0.839785039424896,0.839805841445923);
#6696=CARTESIAN_POINT('',(-0.349999999999993,6.66728511018753,1.97093325386047));
#6697=CARTESIAN_POINT('',(-0.349999999999993,6.66728511018753,1.97093325386047));
#6698=VECTOR('',#7436,1.0);
#6699=CARTESIAN_POINT('',(-0.399999999999993,6.66728511018753,1.97093325386047));
#6700=VECTOR('',#7437,1.0);
#6701=COLOUR_RGB('',0.839785039424896,0.839785039424896,0.839805841445923);
#6702=CARTESIAN_POINT('',(-0.349999999999993,6.64600851697922,1.86676674613953));
#6703=CARTESIAN_POINT('',(-0.349999999999993,6.64600851697922,1.86676674613953));
#6704=VECTOR('',#7438,1.0);
#6705=CARTESIAN_POINT('',(-0.399999999999993,6.64600851697922,1.86676674613953));
#6706=VECTOR('',#7439,1.0);
#6707=COLOUR_RGB('',0.839785039424896,0.839785039424896,0.839805841445923);
#6708=CARTESIAN_POINT('',(-0.349999999999993,6.64600851697922,1.49176674613953));
#6709=CARTESIAN_POINT('',(-0.349999999999993,6.64600851697922,1.49176674613953));
#6710=VECTOR('',#7440,1.0);
#6711=CARTESIAN_POINT('',(-0.399999999999993,6.64600851697922,1.49176674613953));
#6712=VECTOR('',#7441,1.0);
#6713=COLOUR_RGB('',0.839785039424896,0.839785039424896,0.839805841445923);
#6714=CARTESIAN_POINT('',(-0.349999999999993,6.1992,1.49176674613953));
#6715=CARTESIAN_POINT('',(-0.349999999999993,6.1992,1.49176674613953));
#6716=VECTOR('',#7442,1.0);
#6717=CARTESIAN_POINT('',(-0.399999999999993,6.1992,1.49176674613953));
#6718=VECTOR('',#7443,1.0);
#6719=COLOUR_RGB('',0.839785039424896,0.839785039424896,0.839805841445923);
#6720=CARTESIAN_POINT('',(-0.349999999999993,6.1992,1.36676674613953));
#6721=CARTESIAN_POINT('',(-0.349999999999993,6.1992,1.36676674613953));
#6722=VECTOR('',#7444,1.0);
#6723=CARTESIAN_POINT('',(-0.399999999999993,6.1992,1.36676674613953));
#6724=VECTOR('',#7445,1.0);
#6725=COLOUR_RGB('',0.839785039424896,0.839785039424896,0.839805841445923);
#6726=CARTESIAN_POINT('',(-0.349999999999993,7.1992,1.36676674613953));
#6727=CARTESIAN_POINT('',(-0.349999999999993,7.1992,1.36676674613953));
#6728=VECTOR('',#7446,1.0);
#6729=CARTESIAN_POINT('',(-0.399999999999993,7.1992,1.36676674613953));
#6730=VECTOR('',#7447,1.0);
#6731=COLOUR_RGB('',0.839785039424896,0.839785039424896,0.839805841445923);
#6732=CARTESIAN_POINT('',(-0.349999999999993,7.1992,1.86676674613953));
#6733=CARTESIAN_POINT('',(-0.349999999999993,7.1992,1.86676674613953));
#6734=VECTOR('',#7448,1.0);
#6735=CARTESIAN_POINT('',(-0.399999999999993,7.1992,1.86676674613953));
#6736=VECTOR('',#7449,1.0);
#6737=COLOUR_RGB('',0.839785039424896,0.839785039424896,0.839805841445923);
#6738=CARTESIAN_POINT('',(-0.349999999999993,7.17792340679169,1.97093325386047));
#6739=CARTESIAN_POINT('',(-0.349999999999993,7.17792340679169,1.97093325386047));
#6740=VECTOR('',#7450,1.0);
#6741=CARTESIAN_POINT('',(-0.399999999999993,7.17792340679169,1.97093325386047));
#6742=VECTOR('',#7451,1.0);
#6743=COLOUR_RGB('',0.839785039424896,0.839785039424896,0.839805841445923);
#6744=CARTESIAN_POINT('',(-0.349999999999993,7.11409362716675,2.05426674613953));
#6745=CARTESIAN_POINT('',(-0.349999999999993,7.11409362716675,2.05426674613953));
#6746=VECTOR('',#7452,1.0);
#6747=CARTESIAN_POINT('',(-0.399999999999993,7.11409362716675,2.05426674613953));
#6748=VECTOR('',#7453,1.0);
#6749=COLOUR_RGB('',0.839785039424896,0.839785039424896,0.839805841445923);
#6750=CARTESIAN_POINT('',(-0.349999999999993,7.0289872543335,2.11676674613953));
#6751=CARTESIAN_POINT('',(-0.349999999999993,7.0289872543335,2.11676674613953));
#6752=VECTOR('',#7454,1.0);
#6753=CARTESIAN_POINT('',(-0.399999999999993,7.0289872543335,2.11676674613953));
#6754=VECTOR('',#7455,1.0);
#6755=COLOUR_RGB('',0.839785039424896,0.839785039424896,0.839805841445923);
#6756=CARTESIAN_POINT('',(-0.349999999999993,6.96515747470856,2.1376));
#6757=VECTOR('',#7456,1.0);
#6758=COLOUR_RGB('',0.839785039424896,0.839785039424896,0.839805841445923);
#6759=CARTESIAN_POINT('',(-0.249999999999993,-10.16,-2.295));
#6760=CARTESIAN_POINT('',(-0.249999999999993,-10.16,-2.295));
#6761=VECTOR('',#7457,1.0);
#6762=CARTESIAN_POINT('',(-0.249999999999993,-10.16,3.055));
#6763=CARTESIAN_POINT('',(-0.249999999999993,-10.16,3.055));
#6764=VECTOR('',#7458,1.0);
#6765=CARTESIAN_POINT('',(-0.249999999999993,-10.16,3.055));
#6766=VECTOR('',#7459,1.0);
#6767=COLOUR_RGB('',0.839785039424896,0.839785039424896,0.839805841445923);
#6768=CARTESIAN_POINT('',(-0.249999999999993,10.16,3.055));
#6769=CARTESIAN_POINT('',(-0.249999999999993,10.16,3.055));
#6770=VECTOR('',#7460,1.0);
#6771=CARTESIAN_POINT('',(-0.249999999999993,10.16,-1.49703107478748));
#6772=VECTOR('',#7461,1.0);
#6773=COLOUR_RGB('',0.839785039424896,0.839785039424896,0.839805841445923);
#6774=CARTESIAN_POINT('',(-0.124061711502075,-0.12809995803833,-3.555));
#6775=CARTESIAN_POINT('',(-0.124061711502075,-0.12809995803833,-3.555));
#6776=VECTOR('',#7462,1.0);
#6777=CARTESIAN_POINT('',(-0.135295752716064,-0.0841,-3.555));
#6778=CARTESIAN_POINT('',(-0.135295752716064,-0.0841000000000001,-3.555));
#6779=VECTOR('',#7463,1.0);
#6780=CARTESIAN_POINT('',(-0.135295752716064,-0.0841,-3.555));
#6781=VECTOR('',#7464,1.0);
#6782=COLOUR_RGB('',0.839785039424896,0.839785039424896,0.839805841445923);
#6783=CARTESIAN_POINT('',(-0.101593629074097,-0.16109995803833,-3.555));
#6784=CARTESIAN_POINT('',(-0.101593629074097,-0.16109995803833,-3.555));
#6785=VECTOR('',#7465,1.0);
#6786=CARTESIAN_POINT('',(-0.124061711502075,-0.12809995803833,-3.555));
#6787=VECTOR('',#7466,1.0);
#6788=COLOUR_RGB('',0.839785039424896,0.839785039424896,0.839805841445923);
#6789=CARTESIAN_POINT('',(-0.0678914739608766,-0.1831,-3.555));
#6790=CARTESIAN_POINT('',(-0.0678914739608765,-0.1831,-3.555));
#6791=VECTOR('',#7467,1.0);
#6792=CARTESIAN_POINT('',(-0.101593629074097,-0.16109995803833,-3.555));
#6793=VECTOR('',#7468,1.0);
#6794=COLOUR_RGB('',0.839785039424896,0.839785039424896,0.839805841445923);
#6795=CARTESIAN_POINT('',(-0.0229553091049195,-0.19409995803833,-3.555));
#6796=CARTESIAN_POINT('',(-0.0229553091049195,-0.19409995803833,-3.555));
#6797=VECTOR('',#7469,1.0);
#6798=CARTESIAN_POINT('',(-0.0678914739608766,-0.1831,-3.555));
#6799=VECTOR('',#7470,1.0);
#6800=COLOUR_RGB('',0.839785039424896,0.839785039424896,0.839805841445923);
#6801=CARTESIAN_POINT('',(0.145555324840546,-0.19409995803833,-3.555));
#6802=CARTESIAN_POINT('',(0.145555324840546,-0.19409995803833,-3.555));
#6803=VECTOR('',#7471,1.0);
#6804=CARTESIAN_POINT('',(-0.0229553091049195,-0.19409995803833,-3.555));
#6805=VECTOR('',#7472,1.0);
#6806=COLOUR_RGB('',0.839785039424896,0.839785039424896,0.839805841445923);
#6807=CARTESIAN_POINT('',(0.190491489696503,-0.1831,-3.555));
#6808=CARTESIAN_POINT('',(0.190491489696503,-0.1831,-3.555));
#6809=VECTOR('',#7473,1.0);
#6810=CARTESIAN_POINT('',(0.145555324840546,-0.19409995803833,-3.555));
#6811=VECTOR('',#7474,1.0);
#6812=COLOUR_RGB('',0.839785039424896,0.839785039424896,0.839805841445923);
#6813=CARTESIAN_POINT('',(0.22419361333847,-0.16109995803833,-3.555));
#6814=CARTESIAN_POINT('',(0.22419361333847,-0.16109995803833,-3.555));
#6815=VECTOR('',#7475,1.0);
#6816=CARTESIAN_POINT('',(0.190491489696503,-0.1831,-3.555));
#6817=VECTOR('',#7476,1.0);
#6818=COLOUR_RGB('',0.839785039424896,0.839785039424896,0.839805841445923);
#6819=CARTESIAN_POINT('',(0.246661703634262,-0.12809995803833,-3.555));
#6820=CARTESIAN_POINT('',(0.246661703634262,-0.12809995803833,-3.555));
#6821=VECTOR('',#7477,1.0);
#6822=CARTESIAN_POINT('',(0.22419361333847,-0.16109995803833,-3.555));
#6823=VECTOR('',#7478,1.0);
#6824=COLOUR_RGB('',0.839785039424896,0.839785039424896,0.839805841445923);
#6825=CARTESIAN_POINT('',(0.257895744848251,-0.0841000000000001,-3.555));
#6826=CARTESIAN_POINT('',(0.257895744848251,-0.0841000000000001,-3.555));
#6827=VECTOR('',#7479,1.0);
#6828=CARTESIAN_POINT('',(0.246661703634262,-0.12809995803833,-3.555));
#6829=VECTOR('',#7480,1.0);
#6830=COLOUR_RGB('',0.839785039424896,0.839785039424896,0.839805841445923);
#6831=CARTESIAN_POINT('',(0.257895744848251,0.1139,-3.555));
#6832=CARTESIAN_POINT('',(0.257895744848251,0.1139,-3.555));
#6833=VECTOR('',#7481,1.0);
#6834=CARTESIAN_POINT('',(0.257895744848251,-0.0841000000000001,-3.555));
#6835=VECTOR('',#7482,1.0);
#6836=COLOUR_RGB('',0.839785039424896,0.839785039424896,0.839805841445923);
#6837=CARTESIAN_POINT('',(-0.135295752716064,0.1139,-3.555));
#6838=CARTESIAN_POINT('',(-0.135295752716064,0.1139,-3.555));
#6839=VECTOR('',#7483,1.0);
#6840=CARTESIAN_POINT('',(0.257895744848251,0.1139,-3.555));
#6841=VECTOR('',#7484,1.0);
#6842=COLOUR_RGB('',0.839785039424896,0.839785039424896,0.839805841445923);
#6843=CARTESIAN_POINT('',(-0.135295752716064,0.1139,-3.555));
#6844=VECTOR('',#7485,1.0);
#6845=COLOUR_RGB('',0.839785039424896,0.839785039424896,0.839805841445923);
#6846=CARTESIAN_POINT('',(0.250000000000007,10.16,3.055));
#6847=VECTOR('',#7486,1.0);
#6848=COLOUR_RGB('',0.839785039424896,0.839785039424896,0.839805841445923);
#6849=COLOUR_RGB('',0.839785039424896,0.839785039424896,0.839805841445923);
#6850=CARTESIAN_POINT('',(-0.249999999999993,-10.16,3.055));
#6851=VECTOR('',#7487,1.0);
#6852=COLOUR_RGB('',0.839785039424896,0.839785039424896,0.839805841445923);
#6853=CARTESIAN_POINT('',(-0.249999999999993,-10.16,-2.295));
#6854=VECTOR('',#7488,1.0);
#6855=COLOUR_RGB('',0.839785039424896,0.839785039424896,0.839805841445923);
#6856=COLOUR_RGB('',0.839785039424896,0.839785039424896,0.839805841445923);
#6857=CARTESIAN_POINT('',(-0.349999999999993,6.53962552113533,-0.195733313465118));
#6858=CARTESIAN_POINT('',(-0.349999999999993,6.53962552113533,-0.57073332836628));
#6859=CARTESIAN_POINT('',(-0.349999999999993,6.53962552113533,-0.195733313465118));
#6860=VECTOR('',#7489,1.0);
#6861=CARTESIAN_POINT('',(-0.349999999999993,7.11409362716675,-0.383233343267441));
#6862=CARTESIAN_POINT('',(-0.349999999999993,6.53962552113533,-0.57073332836628));
#6863=VECTOR('',#7490,1.0);
#6864=CARTESIAN_POINT('',(-0.349999999999993,7.11409362716675,-0.383233343267441));
#6865=VECTOR('',#7491,1.0);
#6866=COLOUR_RGB('',0.839785039424896,0.839785039424896,0.839805841445923);
#6867=COLOUR_RGB('',0.839785039424896,0.839785039424896,0.839805841445923);
#6868=CARTESIAN_POINT('',(-0.349999999999993,6.7736680762291,1.49176674613953));
#6869=CARTESIAN_POINT('',(-0.349999999999993,7.09281703395844,1.49176674613953));
#6870=CARTESIAN_POINT('',(-0.349999999999993,6.7736680762291,1.49176674613953));
#6871=VECTOR('',#7492,1.0);
#6872=CARTESIAN_POINT('',(-0.349999999999993,7.09281703395844,1.8876));
#6873=CARTESIAN_POINT('',(-0.349999999999993,7.09281703395844,1.49176674613953));
#6874=VECTOR('',#7493,1.0);
#6875=CARTESIAN_POINT('',(-0.349999999999993,7.07154044075012,1.9501));
#6876=CARTESIAN_POINT('',(-0.349999999999993,7.09281703395844,1.8876));
#6877=VECTOR('',#7494,1.0);
#6878=CARTESIAN_POINT('',(-0.349999999999993,7.0289872543335,1.99176674613953));
#6879=CARTESIAN_POINT('',(-0.349999999999993,7.07154044075012,1.9501));
#6880=VECTOR('',#7495,1.0);
#6881=CARTESIAN_POINT('',(-0.349999999999993,6.96515747470856,2.0126));
#6882=CARTESIAN_POINT('',(-0.349999999999993,7.0289872543335,1.99176674613953));
#6883=VECTOR('',#7496,1.0);
#6884=CARTESIAN_POINT('',(-0.349999999999993,6.90132763547897,2.0126));
#6885=CARTESIAN_POINT('',(-0.349999999999993,6.96515747470856,2.0126));
#6886=VECTOR('',#7497,1.0);
#6887=CARTESIAN_POINT('',(-0.349999999999993,6.83749785585403,1.99176674613953));
#6888=CARTESIAN_POINT('',(-0.349999999999993,6.90132763547897,2.0126));
#6889=VECTOR('',#7498,1.0);
#6890=CARTESIAN_POINT('',(-0.349999999999993,6.79494466943741,1.9501));
#6891=CARTESIAN_POINT('',(-0.349999999999993,6.83749785585403,1.99176674613953));
#6892=VECTOR('',#7499,1.0);
#6893=CARTESIAN_POINT('',(-0.349999999999993,6.7736680762291,1.8876));
#6894=CARTESIAN_POINT('',(-0.349999999999993,6.79494466943741,1.9501));
#6895=VECTOR('',#7500,1.0);
#6896=CARTESIAN_POINT('',(-0.349999999999993,6.7736680762291,1.8876));
#6897=VECTOR('',#7501,1.0);
#6898=COLOUR_RGB('',0.839785039424896,0.839785039424896,0.839805841445923);
#6899=COLOUR_RGB('',0.839785039424896,0.839785039424896,0.839805841445923);
#6900=CARTESIAN_POINT('',(-0.399999999999993,6.53962552113533,-0.57073332836628));
#6901=CARTESIAN_POINT('',(-0.399999999999993,6.53962552113533,-0.57073332836628));
#6902=VECTOR('',#7502,1.0);
#6903=CARTESIAN_POINT('',(-0.399999999999993,6.53962552113533,-0.195733313465118));
#6904=CARTESIAN_POINT('',(-0.399999999999993,6.53962552113533,-0.195733313465118));
#6905=VECTOR('',#7503,1.0);
#6906=CARTESIAN_POINT('',(-0.399999999999993,6.53962552113533,-0.195733313465118));
#6907=VECTOR('',#7504,1.0);
#6908=COLOUR_RGB('',0.839785039424896,0.839785039424896,0.839805841445923);
#6909=CARTESIAN_POINT('',(-0.399999999999993,7.11409362716675,-0.383233343267441));
#6910=CARTESIAN_POINT('',(-0.399999999999993,7.11409362716675,-0.383233343267441));
#6911=VECTOR('',#7505,1.0);
#6912=CARTESIAN_POINT('',(-0.399999999999993,6.53962552113533,-0.57073332836628));
#6913=VECTOR('',#7506,1.0);
#6914=COLOUR_RGB('',0.839785039424896,0.839785039424896,0.839805841445923);
#6915=CARTESIAN_POINT('',(-0.399999999999993,7.11409362716675,-0.383233343267441));
#6916=VECTOR('',#7507,1.0);
#6917=COLOUR_RGB('',0.839785039424896,0.839785039424896,0.839805841445923);
#6918=CARTESIAN_POINT('',(-0.399999999999993,7.09281703395844,1.49176674613953));
#6919=CARTESIAN_POINT('',(-0.399999999999993,7.09281703395844,1.49176674613953));
#6920=VECTOR('',#7508,1.0);
#6921=CARTESIAN_POINT('',(-0.399999999999993,6.7736680762291,1.49176674613953));
#6922=CARTESIAN_POINT('',(-0.399999999999993,6.7736680762291,1.49176674613953));
#6923=VECTOR('',#7509,1.0);
#6924=CARTESIAN_POINT('',(-0.399999999999993,6.7736680762291,1.49176674613953));
#6925=VECTOR('',#7510,1.0);
#6926=COLOUR_RGB('',0.839785039424896,0.839785039424896,0.839805841445923);
#6927=CARTESIAN_POINT('',(-0.399999999999993,7.09281703395844,1.8876));
#6928=CARTESIAN_POINT('',(-0.399999999999993,7.09281703395844,1.8876));
#6929=VECTOR('',#7511,1.0);
#6930=CARTESIAN_POINT('',(-0.399999999999993,7.09281703395844,1.49176674613953));
#6931=VECTOR('',#7512,1.0);
#6932=COLOUR_RGB('',0.839785039424896,0.839785039424896,0.839805841445923);
#6933=CARTESIAN_POINT('',(-0.399999999999993,7.07154044075012,1.9501));
#6934=CARTESIAN_POINT('',(-0.399999999999993,7.07154044075012,1.9501));
#6935=VECTOR('',#7513,1.0);
#6936=CARTESIAN_POINT('',(-0.399999999999993,7.09281703395844,1.8876));
#6937=VECTOR('',#7514,1.0);
#6938=COLOUR_RGB('',0.839785039424896,0.839785039424896,0.839805841445923);
#6939=CARTESIAN_POINT('',(-0.399999999999993,7.0289872543335,1.99176674613953));
#6940=CARTESIAN_POINT('',(-0.399999999999993,7.0289872543335,1.99176674613953));
#6941=VECTOR('',#7515,1.0);
#6942=CARTESIAN_POINT('',(-0.399999999999993,7.07154044075012,1.9501));
#6943=VECTOR('',#7516,1.0);
#6944=COLOUR_RGB('',0.839785039424896,0.839785039424896,0.839805841445923);
#6945=CARTESIAN_POINT('',(-0.399999999999993,6.96515747470856,2.0126));
#6946=CARTESIAN_POINT('',(-0.399999999999993,6.96515747470856,2.0126));
#6947=VECTOR('',#7517,1.0);
#6948=CARTESIAN_POINT('',(-0.399999999999993,7.0289872543335,1.99176674613953));
#6949=VECTOR('',#7518,1.0);
#6950=COLOUR_RGB('',0.839785039424896,0.839785039424896,0.839805841445923);
#6951=CARTESIAN_POINT('',(-0.399999999999993,6.90132763547897,2.0126));
#6952=CARTESIAN_POINT('',(-0.399999999999993,6.90132763547897,2.0126));
#6953=VECTOR('',#7519,1.0);
#6954=CARTESIAN_POINT('',(-0.399999999999993,6.96515747470856,2.0126));
#6955=VECTOR('',#7520,1.0);
#6956=COLOUR_RGB('',0.839785039424896,0.839785039424896,0.839805841445923);
#6957=CARTESIAN_POINT('',(-0.399999999999993,6.83749785585404,1.99176674613953));
#6958=CARTESIAN_POINT('',(-0.399999999999993,6.83749785585403,1.99176674613953));
#6959=VECTOR('',#7521,1.0);
#6960=CARTESIAN_POINT('',(-0.399999999999993,6.90132763547897,2.0126));
#6961=VECTOR('',#7522,1.0);
#6962=COLOUR_RGB('',0.839785039424896,0.839785039424896,0.839805841445923);
#6963=CARTESIAN_POINT('',(-0.399999999999993,6.79494466943741,1.9501));
#6964=CARTESIAN_POINT('',(-0.399999999999993,6.79494466943741,1.9501));
#6965=VECTOR('',#7523,1.0);
#6966=CARTESIAN_POINT('',(-0.399999999999993,6.83749785585404,1.99176674613953));
#6967=VECTOR('',#7524,1.0);
#6968=COLOUR_RGB('',0.839785039424896,0.839785039424896,0.839805841445923);
#6969=CARTESIAN_POINT('',(-0.399999999999993,6.7736680762291,1.8876));
#6970=CARTESIAN_POINT('',(-0.399999999999993,6.7736680762291,1.8876));
#6971=VECTOR('',#7525,1.0);
#6972=CARTESIAN_POINT('',(-0.399999999999993,6.79494466943741,1.9501));
#6973=VECTOR('',#7526,1.0);
#6974=COLOUR_RGB('',0.839785039424896,0.839785039424896,0.839805841445923);
#6975=CARTESIAN_POINT('',(-0.399999999999993,6.7736680762291,1.8876));
#6976=VECTOR('',#7527,1.0);
#6977=COLOUR_RGB('',0.839785039424896,0.839785039424896,0.839805841445923);
#6978=COLOUR_RGB('',0.839785039424896,0.839785039424896,0.839805841445923);
#6979=DIRECTION('',(-0.950645206354566,-0.310280021327647,0.0));
#6980=DIRECTION('',(0.0,1.0,0.0));
#6981=DIRECTION('',(0.950645206354566,-0.310280021327647,0.0));
#6982=DIRECTION('',(0.0,0.0,-1.0));
#6983=DIRECTION('',(-0.950645206354566,-0.310280021327647,0.0));
#6984=DIRECTION('',(0.0,0.0,-1.0));
#6985=DIRECTION('',(0.0,1.0,0.0));
#6986=DIRECTION('',(0.0,0.0,-1.0));
#6987=DIRECTION('',(0.950645206354566,-0.310280021327647,0.0));
#6988=DIRECTION('',(0.948683252813761,0.316227901727063,0.0));
#6989=DIRECTION('',(0.0,-1.0,0.0));
#6990=DIRECTION('',(-0.950645028228842,-0.310280567074034,0.0));
#6991=DIRECTION('',(0.0,-1.0,0.0));
#6992=DIRECTION('',(0.950645028228842,-0.310280567074034,0.0));
#6993=DIRECTION('',(0.0,-1.0,0.0));
#6994=DIRECTION('',(-0.948683252813761,0.316227901727063,0.0));
#6995=DIRECTION('',(0.0,1.0,0.0));
#6996=DIRECTION('',(0.0,0.0,-1.0));
#6997=DIRECTION('',(0.0,0.0,-1.0));
#6998=DIRECTION('',(0.948683252813761,0.316227901727063,0.0));
#6999=DIRECTION('',(0.0,0.0,-1.0));
#7000=DIRECTION('',(0.0,-1.0,0.0));
#7001=DIRECTION('',(0.0,0.0,-1.0));
#7002=DIRECTION('',(-0.950645028228842,-0.310280567074034,0.0));
#7003=DIRECTION('',(0.0,0.0,-1.0));
#7004=DIRECTION('',(0.0,-1.0,0.0));
#7005=DIRECTION('',(0.0,0.0,-1.0));
#7006=DIRECTION('',(0.950645028228842,-0.310280567074034,0.0));
#7007=DIRECTION('',(0.0,0.0,-1.0));
#7008=DIRECTION('',(0.0,-1.0,0.0));
#7009=DIRECTION('',(0.0,0.0,-1.0));
#7010=DIRECTION('',(-0.948683252813761,0.316227901727063,0.0));
#7011=DIRECTION('',(0.0,1.0,0.0));
#7012=DIRECTION('',(0.0,1.0,0.0));
#7013=DIRECTION('',(-1.0,0.0,0.0));
#7014=DIRECTION('',(0.0,1.0,0.0));
#7015=DIRECTION('',(-1.0,0.0,0.0));
#7016=DIRECTION('',(0.0,-1.0,0.0));
#7017=DIRECTION('',(1.0,0.0,0.0));
#7018=DIRECTION('',(-0.981359277836549,-0.192182121447668,0.0));
#7019=DIRECTION('',(-0.714510248652579,-0.699624974232931,0.0));
#7020=DIRECTION('',(-0.454776988911742,-0.890605350509624,0.0));
#7021=DIRECTION('',(-0.20012344516148,-0.979770690874503,0.0));
#7022=DIRECTION('',(0.0,-1.0,0.0));
#7023=DIRECTION('',(0.200123445161481,-0.979770690874502,0.0));
#7024=DIRECTION('',(0.454776988911743,-0.890605350509623,0.0));
#7025=DIRECTION('',(0.71451049880245,-0.699624718760761,0.0));
#7026=DIRECTION('',(0.898138044771329,-0.439713602853419,0.0));
#7027=DIRECTION('',(0.981359169059871,-0.192182676904344,0.0));
#7028=DIRECTION('',(1.0,0.0,0.0));
#7029=DIRECTION('',(0.981359189367729,0.192182573204528,0.0));
#7030=DIRECTION('',(0.898138014366615,0.439713664956634,0.0));
#7031=DIRECTION('',(0.714510468185146,0.699624750029502,0.0));
#7032=DIRECTION('',(0.454776941543383,0.890605374697709,0.0));
#7033=DIRECTION('',(0.200123428343462,0.979770694309673,0.0));
#7034=DIRECTION('',(0.0,1.0,0.0));
#7035=DIRECTION('',(-0.200123428343462,0.979770694309673,0.0));
#7036=DIRECTION('',(-0.454776941543382,0.890605374697709,0.0));
#7037=DIRECTION('',(-0.714510218035263,0.699625005501662,0.0));
#7038=DIRECTION('',(-0.981359293067358,0.192182043673014,0.0));
#7039=DIRECTION('',(0.0,-1.0,0.0));
#7040=DIRECTION('',(0.950645626702675,-0.310278733449586,0.0));
#7041=DIRECTION('',(0.562790931241741,-0.826599278799621,0.0));
#7042=DIRECTION('',(0.247383106837805,-0.968917745967776,0.0));
#7043=DIRECTION('',(0.0,-1.0,0.0));
#7044=DIRECTION('',(-0.247383106837805,-0.968917745967776,0.0));
#7045=DIRECTION('',(-0.562790931241742,-0.82659927879962,0.0));
#7046=DIRECTION('',(-0.837379592799445,-0.546621823167568,0.0));
#7047=DIRECTION('',(-0.971321049125067,-0.237771780341106,0.0));
#7048=DIRECTION('',(-1.0,0.0,0.0));
#7049=DIRECTION('',(-0.971321049125067,0.237771780341108,0.0));
#7050=DIRECTION('',(-0.837379359156275,0.546622181089485,0.0));
#7051=DIRECTION('',(-0.56279106589755,0.826599187119066,0.0));
#7052=DIRECTION('',(-0.247383106837805,0.968917745967776,0.0));
#7053=DIRECTION('',(0.0,1.0,0.0));
#7054=DIRECTION('',(0.247383106837805,0.968917745967776,0.0));
#7055=DIRECTION('',(0.562791065897548,0.826599187119066,0.0));
#7056=DIRECTION('',(0.950645541239391,0.310278995295631,0.0));
#7057=DIRECTION('',(0.0,1.0,0.0));
#7058=DIRECTION('',(-1.0,0.0,0.0));
#7059=DIRECTION('',(0.0,-1.0,0.0));
#7060=DIRECTION('',(1.0,0.0,0.0));
#7061=DIRECTION('',(0.0,1.0,0.0));
#7062=DIRECTION('',(-1.0,0.0,0.0));
#7063=DIRECTION('',(0.0,-1.0,0.0));
#7064=DIRECTION('',(-1.0,0.0,0.0));
#7065=DIRECTION('',(0.0,1.0,0.0));
#7066=DIRECTION('',(-1.0,0.0,0.0));
#7067=DIRECTION('',(0.0,-1.0,0.0));
#7068=DIRECTION('',(-1.0,0.0,0.0));
#7069=DIRECTION('',(0.0,1.0,0.0));
#7070=DIRECTION('',(-0.20012320849276,0.979770739215335,0.0));
#7071=DIRECTION('',(-0.454777457556364,0.890605111201687,0.0));
#7072=DIRECTION('',(-0.714510718335115,0.699624494557072,0.0));
#7073=DIRECTION('',(-0.898137765953642,0.439714172352677,0.0));
#7074=DIRECTION('',(-0.981359293067358,0.192182043673012,0.0));
#7075=DIRECTION('',(-1.0,0.0,0.0));
#7076=DIRECTION('',(-0.98135927275961,-0.192182147372564,0.0));
#7077=DIRECTION('',(-0.898137796358419,-0.439714110249424,0.0));
#7078=DIRECTION('',(-0.714510748952407,-0.699624463288321,0.0));
#7079=DIRECTION('',(-0.454777504924748,-0.890605087013554,0.0));
#7080=DIRECTION('',(-0.200123225310762,-0.979770735780171,0.0));
#7081=DIRECTION('',(0.0,-1.0,0.0));
#7082=DIRECTION('',(1.0,0.0,0.0));
#7083=DIRECTION('',(0.0,1.0,0.0));
#7084=DIRECTION('',(0.0,1.0,0.0));
#7085=DIRECTION('',(1.0,0.0,0.0));
#7086=DIRECTION('',(0.0,-1.0,0.0));
#7087=DIRECTION('',(1.0,0.0,0.0));
#7088=DIRECTION('',(0.0,0.0,-1.0));
#7089=DIRECTION('',(0.0,1.0,0.0));
#7090=DIRECTION('',(0.0,0.0,-1.0));
#7091=DIRECTION('',(-1.0,0.0,0.0));
#7092=DIRECTION('',(0.0,0.0,-1.0));
#7093=DIRECTION('',(0.0,1.0,0.0));
#7094=DIRECTION('',(0.0,0.0,-1.0));
#7095=DIRECTION('',(-1.0,0.0,0.0));
#7096=DIRECTION('',(0.0,0.0,-1.0));
#7097=DIRECTION('',(0.0,-1.0,0.0));
#7098=DIRECTION('',(0.0,0.0,-1.0));
#7099=DIRECTION('',(1.0,0.0,0.0));
#7100=DIRECTION('',(0.0,0.0,-1.0));
#7101=DIRECTION('',(-0.981359277836549,-0.192182121447668,0.0));
#7102=DIRECTION('',(0.0,0.0,-1.0));
#7103=DIRECTION('',(-0.714510248652579,-0.699624974232932,0.0));
#7104=DIRECTION('',(0.0,0.0,-1.0));
#7105=DIRECTION('',(-0.454776988911742,-0.890605350509624,0.0));
#7106=DIRECTION('',(0.0,0.0,-1.0));
#7107=DIRECTION('',(-0.20012344516148,-0.979770690874503,0.0));
#7108=DIRECTION('',(0.0,0.0,-1.0));
#7109=DIRECTION('',(0.0,-1.0,0.0));
#7110=DIRECTION('',(0.0,0.0,-1.0));
#7111=DIRECTION('',(0.200123445161481,-0.979770690874502,0.0));
#7112=DIRECTION('',(0.0,0.0,-1.0));
#7113=DIRECTION('',(0.454776988911743,-0.890605350509623,0.0));
#7114=DIRECTION('',(0.0,0.0,-1.0));
#7115=DIRECTION('',(0.71451049880245,-0.699624718760761,0.0));
#7116=DIRECTION('',(0.0,0.0,-1.0));
#7117=DIRECTION('',(0.898138044771329,-0.439713602853418,0.0));
#7118=DIRECTION('',(0.0,0.0,-1.0));
#7119=DIRECTION('',(0.981359169059871,-0.192182676904344,0.0));
#7120=DIRECTION('',(0.0,0.0,-1.0));
#7121=DIRECTION('',(1.0,0.0,0.0));
#7122=DIRECTION('',(0.0,0.0,-1.0));
#7123=DIRECTION('',(0.981359189367729,0.192182573204528,0.0));
#7124=DIRECTION('',(0.0,0.0,-1.0));
#7125=DIRECTION('',(0.898138014366614,0.439713664956635,0.0));
#7126=DIRECTION('',(0.0,0.0,-1.0));
#7127=DIRECTION('',(0.714510468185147,0.699624750029502,0.0));
#7128=DIRECTION('',(0.0,0.0,-1.0));
#7129=DIRECTION('',(0.454776941543383,0.890605374697709,0.0));
#7130=DIRECTION('',(0.0,0.0,-1.0));
#7131=DIRECTION('',(0.200123428343462,0.979770694309673,0.0));
#7132=DIRECTION('',(0.0,0.0,-1.0));
#7133=DIRECTION('',(0.0,1.0,0.0));
#7134=DIRECTION('',(0.0,0.0,-1.0));
#7135=DIRECTION('',(-0.200123428343462,0.979770694309673,0.0));
#7136=DIRECTION('',(0.0,0.0,-1.0));
#7137=DIRECTION('',(-0.454776941543382,0.890605374697709,0.0));
#7138=DIRECTION('',(0.0,0.0,-1.0));
#7139=DIRECTION('',(-0.714510218035264,0.699625005501662,0.0));
#7140=DIRECTION('',(0.0,0.0,-1.0));
#7141=DIRECTION('',(-0.981359293067358,0.192182043673014,0.0));
#7142=DIRECTION('',(0.0,0.0,-1.0));
#7143=DIRECTION('',(0.0,-1.0,0.0));
#7144=DIRECTION('',(0.0,0.0,-1.0));
#7145=DIRECTION('',(0.950645626702675,-0.310278733449585,0.0));
#7146=DIRECTION('',(0.0,0.0,-1.0));
#7147=DIRECTION('',(0.562790931241741,-0.826599278799621,0.0));
#7148=DIRECTION('',(0.0,0.0,-1.0));
#7149=DIRECTION('',(0.247383106837805,-0.968917745967776,0.0));
#7150=DIRECTION('',(0.0,0.0,-1.0));
#7151=DIRECTION('',(0.0,-1.0,0.0));
#7152=DIRECTION('',(0.0,0.0,-1.0));
#7153=DIRECTION('',(-0.247383106837805,-0.968917745967776,0.0));
#7154=DIRECTION('',(0.0,0.0,-1.0));
#7155=DIRECTION('',(-0.562790931241742,-0.82659927879962,0.0));
#7156=DIRECTION('',(0.0,0.0,-1.0));
#7157=DIRECTION('',(-0.837379592799444,-0.546621823167569,0.0));
#7158=DIRECTION('',(0.0,0.0,-1.0));
#7159=DIRECTION('',(-0.971321049125067,-0.237771780341107,0.0));
#7160=DIRECTION('',(0.0,0.0,-1.0));
#7161=DIRECTION('',(-1.0,0.0,0.0));
#7162=DIRECTION('',(0.0,0.0,-1.0));
#7163=DIRECTION('',(-0.971321049125067,0.237771780341107,0.0));
#7164=DIRECTION('',(0.0,0.0,-1.0));
#7165=DIRECTION('',(-0.837379359156276,0.546622181089483,0.0));
#7166=DIRECTION('',(0.0,0.0,-1.0));
#7167=DIRECTION('',(-0.56279106589755,0.826599187119065,0.0));
#7168=DIRECTION('',(0.0,0.0,-1.0));
#7169=DIRECTION('',(-0.247383106837805,0.968917745967776,0.0));
#7170=DIRECTION('',(0.0,0.0,-1.0));
#7171=DIRECTION('',(0.0,1.0,0.0));
#7172=DIRECTION('',(0.0,0.0,-1.0));
#7173=DIRECTION('',(0.247383106837805,0.968917745967776,0.0));
#7174=DIRECTION('',(0.0,0.0,-1.0));
#7175=DIRECTION('',(0.562791065897549,0.826599187119066,0.0));
#7176=DIRECTION('',(0.0,0.0,-1.0));
#7177=DIRECTION('',(0.950645541239391,0.310278995295631,0.0));
#7178=DIRECTION('',(0.0,0.0,-1.0));
#7179=DIRECTION('',(0.0,1.0,0.0));
#7180=DIRECTION('',(0.0,0.0,-1.0));
#7181=DIRECTION('',(-1.0,0.0,0.0));
#7182=DIRECTION('',(0.0,0.0,-1.0));
#7183=DIRECTION('',(0.0,-1.0,0.0));
#7184=DIRECTION('',(0.0,0.0,-1.0));
#7185=DIRECTION('',(1.0,0.0,0.0));
#7186=DIRECTION('',(0.0,0.0,-1.0));
#7187=DIRECTION('',(0.0,1.0,0.0));
#7188=DIRECTION('',(0.0,0.0,-1.0));
#7189=DIRECTION('',(-1.0,0.0,0.0));
#7190=DIRECTION('',(0.0,0.0,-1.0));
#7191=DIRECTION('',(0.0,-1.0,0.0));
#7192=DIRECTION('',(0.0,0.0,-1.0));
#7193=DIRECTION('',(-1.0,0.0,0.0));
#7194=DIRECTION('',(0.0,0.0,-1.0));
#7195=DIRECTION('',(0.0,1.0,0.0));
#7196=DIRECTION('',(0.0,0.0,-1.0));
#7197=DIRECTION('',(-1.0,0.0,0.0));
#7198=DIRECTION('',(0.0,0.0,-1.0));
#7199=DIRECTION('',(0.0,-1.0,0.0));
#7200=DIRECTION('',(0.0,0.0,-1.0));
#7201=DIRECTION('',(-1.0,0.0,0.0));
#7202=DIRECTION('',(0.0,0.0,-1.0));
#7203=DIRECTION('',(0.0,1.0,0.0));
#7204=DIRECTION('',(0.0,0.0,-1.0));
#7205=DIRECTION('',(-0.20012320849276,0.979770739215335,0.0));
#7206=DIRECTION('',(0.0,0.0,-1.0));
#7207=DIRECTION('',(-0.454777457556364,0.890605111201687,0.0));
#7208=DIRECTION('',(0.0,0.0,-1.0));
#7209=DIRECTION('',(-0.714510718335115,0.699624494557072,0.0));
#7210=DIRECTION('',(0.0,0.0,-1.0));
#7211=DIRECTION('',(-0.898137765953642,0.439714172352678,0.0));
#7212=DIRECTION('',(0.0,0.0,-1.0));
#7213=DIRECTION('',(-0.981359293067358,0.192182043673012,0.0));
#7214=DIRECTION('',(0.0,0.0,-1.0));
#7215=DIRECTION('',(-1.0,0.0,0.0));
#7216=DIRECTION('',(0.0,0.0,-1.0));
#7217=DIRECTION('',(-0.98135927275961,-0.192182147372564,0.0));
#7218=DIRECTION('',(0.0,0.0,-1.0));
#7219=DIRECTION('',(-0.89813779635842,-0.439714110249424,0.0));
#7220=DIRECTION('',(0.0,0.0,-1.0));
#7221=DIRECTION('',(-0.714510748952407,-0.699624463288321,0.0));
#7222=DIRECTION('',(0.0,0.0,-1.0));
#7223=DIRECTION('',(-0.454777504924749,-0.890605087013554,0.0));
#7224=DIRECTION('',(0.0,0.0,-1.0));
#7225=DIRECTION('',(-0.200123225310762,-0.979770735780171,0.0));
#7226=DIRECTION('',(0.0,0.0,-1.0));
#7227=DIRECTION('',(0.0,-1.0,0.0));
#7228=DIRECTION('',(0.0,0.0,-1.0));
#7229=DIRECTION('',(1.0,0.0,0.0));
#7230=DIRECTION('',(0.0,0.0,-1.0));
#7231=DIRECTION('',(0.0,1.0,0.0));
#7232=DIRECTION('',(0.0,-1.0,0.0));
#7233=CARTESIAN_POINT('',(0.400000000000007,9.59981137949151,-8.845));
#7234=DIRECTION('',(1.0,0.0,0.0));
#7235=DIRECTION('',(0.0,0.0,-1.0));
#7236=DIRECTION('',(0.0,0.141421356237309,0.989949493661167));
#7237=DIRECTION('',(0.0,0.0,-1.0));
#7238=DIRECTION('',(0.0,-0.632593087595187,0.774484335236542));
#7239=DIRECTION('',(0.0,0.605003642616786,0.796222702778827));
#7240=DIRECTION('',(0.0,0.0,1.0));
#7241=DIRECTION('',(0.0,1.0,0.0));
#7242=DIRECTION('',(0.0,0.0,-1.0));
#7243=DIRECTION('',(0.0,1.0,0.0));
#7244=DIRECTION('',(0.0,0.0,1.0));
#7245=DIRECTION('',(0.0,0.0,1.0));
#7246=DIRECTION('',(0.0,-1.0,0.0));
#7247=DIRECTION('',(0.0,0.0,1.0));
#7248=DIRECTION('',(0.0,0.141421356237309,-0.989949493661167));
#7249=CARTESIAN_POINT('',(0.400000000000007,4.44018862050856,-8.845));
#7250=DIRECTION('',(1.0,0.0,0.0));
#7251=DIRECTION('',(0.0,-0.989949493661165,-0.141421356237317));
#7252=DIRECTION('',(0.0,-1.0,0.0));
#7253=CARTESIAN_POINT('',(0.400000000000007,4.51981137949151,-8.845));
#7254=DIRECTION('',(1.0,0.0,0.0));
#7255=DIRECTION('',(0.0,1.18423789293349E-14,-1.0));
#7256=DIRECTION('',(0.0,0.141421356237309,0.989949493661167));
#7257=DIRECTION('',(0.0,0.0,-1.0));
#7258=DIRECTION('',(0.0,-1.0,0.0));
#7259=DIRECTION('',(0.0,0.0,1.0));
#7260=DIRECTION('',(0.0,0.141421356237309,-0.989949493661167));
#7261=CARTESIAN_POINT('',(0.400000000000007,9.52018862050856,-8.845));
#7262=DIRECTION('',(1.0,0.0,0.0));
#7263=DIRECTION('',(0.0,-0.989949493661165,-0.141421356237321));
#7264=CARTESIAN_POINT('',(0.400000000000007,-5.64499999999997,0.380000000000001));
#7265=DIRECTION('',(-1.0,0.0,0.0));
#7266=DIRECTION('',(0.0,1.0,-9.97953280561939E-16));
#7267=CARTESIAN_POINT('',(0.400000000000007,-5.64499999999997,0.38));
#7268=DIRECTION('',(-1.0,0.0,0.0));
#7269=DIRECTION('',(0.0,-1.0,0.0));
#7270=DIRECTION('',(1.0,0.0,0.0));
#7271=DIRECTION('',(0.0,0.0,1.0));
#7272=CARTESIAN_POINT('',(-0.399999999999993,-5.64499999999997,0.379999999999999));
#7273=DIRECTION('',(-1.0,0.0,0.0));
#7274=DIRECTION('',(0.0,1.0,9.9795328056194E-16));
#7275=CARTESIAN_POINT('',(-0.399999999999993,-5.64499999999997,0.380000000000001));
#7276=DIRECTION('',(-1.0,-0.0,0.0));
#7277=DIRECTION('',(0.0,-1.0,-9.9795328056194E-16));
#7278=DIRECTION('',(0.0,0.948683303705107,-0.316227749053059));
#7279=DIRECTION('',(0.0,0.0,1.0));
#7280=DIRECTION('',(0.0,-0.950645224614144,0.310279965383401));
#7281=DIRECTION('',(0.0,0.0,1.0));
#7282=DIRECTION('',(0.0,0.950645208248713,0.310280015524301));
#7283=DIRECTION('',(0.0,0.0,1.0));
#7284=DIRECTION('',(0.0,-0.948683295223217,-0.316227774498728));
#7285=DIRECTION('',(0.0,0.0,-1.0));
#7286=DIRECTION('',(0.0,0.937710560108671,0.347417480073589));
#7287=DIRECTION('',(0.0,0.0,1.0));
#7288=DIRECTION('',(0.0,-0.937710560108671,0.347417480073589));
#7289=DIRECTION('',(0.0,1.0,0.0));
#7290=DIRECTION('',(0.0,0.0,1.0));
#7291=DIRECTION('',(0.0,-1.0,0.0));
#7292=DIRECTION('',(0.0,0.0,-1.0));
#7293=DIRECTION('',(0.0,0.943945919988448,-0.330100136530059));
#7294=DIRECTION('',(0.0,-0.943945919988448,-0.330100136530058));
#7295=DIRECTION('',(0.0,0.0,-1.0));
#7296=DIRECTION('',(0.0,1.0,0.0));
#7297=DIRECTION('',(0.0,0.0,1.0));
#7298=DIRECTION('',(0.0,-1.0,0.0));
#7299=DIRECTION('',(0.0,1.0,0.0));
#7300=DIRECTION('',(0.0,0.950645541239394,0.310278995295619));
#7301=DIRECTION('',(0.0,0.806004395831107,0.591909548749581));
#7302=DIRECTION('',(0.0,0.608076101139348,0.793878740881232));
#7303=DIRECTION('',(0.0,0.200123648194636,0.979770649403864));
#7304=DIRECTION('',(0.0,0.0,1.0));
#7305=DIRECTION('',(0.0,1.0,0.0));
#7306=DIRECTION('',(0.0,0.0,1.0));
#7307=DIRECTION('',(0.0,-1.0,0.0));
#7308=DIRECTION('',(0.0,0.0,-1.0));
#7309=DIRECTION('',(0.0,0.200123648194636,-0.979770649403864));
#7310=DIRECTION('',(0.0,0.608076101139353,-0.793878740881228));
#7311=DIRECTION('',(0.0,0.806004395831103,-0.591909548749586));
#7312=DIRECTION('',(0.0,0.950645541239389,-0.310278995295635));
#7313=DIRECTION('',(0.0,-0.141421356237309,0.989949493661167));
#7314=DIRECTION('',(0.0,0.0,1.0));
#7315=DIRECTION('',(0.0,-1.0,0.0));
#7316=DIRECTION('',(0.0,0.0,-1.0));
#7317=DIRECTION('',(0.0,-0.141421356237309,-0.989949493661167));
#7318=CARTESIAN_POINT('',(-0.399999999999993,4.51981137949151,-8.84499999999999));
#7319=DIRECTION('',(-1.0,0.0,0.0));
#7320=DIRECTION('',(0.0,0.989949493661163,-0.141421356237333));
#7321=DIRECTION('',(0.0,-1.0,0.0));
#7322=CARTESIAN_POINT('',(-0.399999999999993,4.44018862050856,-8.845));
#7323=DIRECTION('',(-1.0,-0.0,0.0));
#7324=DIRECTION('',(0.0,-8.88178419700118E-15,-1.0));
#7325=DIRECTION('',(0.0,-0.141421356237309,0.989949493661167));
#7326=DIRECTION('',(0.0,0.0,1.0));
#7327=DIRECTION('',(0.0,-1.0,0.0));
#7328=DIRECTION('',(0.0,0.0,1.0));
#7329=DIRECTION('',(0.0,1.0,0.0));
#7330=DIRECTION('',(0.0,0.0,-1.0));
#7331=DIRECTION('',(0.0,-1.0,0.0));
#7332=DIRECTION('',(0.0,0.0,1.0));
#7333=DIRECTION('',(0.0,0.605003642616789,0.796222702778825));
#7334=DIRECTION('',(0.0,-0.632593087595188,0.774484335236541));
#7335=DIRECTION('',(0.0,0.0,-1.0));
#7336=DIRECTION('',(0.0,-0.141421356237308,-0.989949493661167));
#7337=CARTESIAN_POINT('',(-0.399999999999993,9.59981137949151,-8.845));
#7338=DIRECTION('',(-1.0,0.0,0.0));
#7339=DIRECTION('',(0.0,0.989949493661163,-0.141421356237334));
#7340=DIRECTION('',(0.0,-1.0,0.0));
#7341=CARTESIAN_POINT('',(-0.399999999999993,9.52018862050856,-8.845));
#7342=DIRECTION('',(-1.0,-0.0,0.0));
#7343=DIRECTION('',(0.0,-1.18423789293348E-14,-1.0));
#7344=DIRECTION('',(1.0,0.0,0.0));
#7345=DIRECTION('',(0.247383439065293,-0.968917661143726,0.0));
#7346=DIRECTION('',(0.562790931241742,-0.82659927879962,0.0));
#7347=DIRECTION('',(0.837378876955878,-0.546622919779361,0.0));
#7348=DIRECTION('',(0.971321363344396,-0.237770496720648,0.0));
#7349=DIRECTION('',(1.0,0.0,0.0));
#7350=DIRECTION('',(0.971321363344396,0.237770496720648,0.0));
#7351=DIRECTION('',(0.837378643311972,0.546623277701381,0.0));
#7352=DIRECTION('',(0.56279106589755,0.826599187119065,0.0));
#7353=DIRECTION('',(0.247383439065293,0.968917661143726,0.0));
#7354=DIRECTION('',(0.0,1.0,0.0));
#7355=DIRECTION('',(-1.0,0.0,0.0));
#7356=DIRECTION('',(0.0,-1.0,0.0));
#7357=DIRECTION('',(1.0,0.0,0.0));
#7358=DIRECTION('',(-1.0,-2.22044604925031E-15,0.0));
#7359=DIRECTION('',(1.0,0.0,0.0));
#7360=DIRECTION('',(1.0,0.0,-1.11022302462516E-15));
#7361=DIRECTION('',(-1.0,0.0,0.0));
#7362=DIRECTION('',(1.0,0.0,0.0));
#7363=DIRECTION('',(-1.0,0.0,0.0));
#7364=DIRECTION('',(0.0903791434877893,-0.60252762325193,-0.79296410614907));
#7365=DIRECTION('',(0.0903791434877894,0.60252762325193,0.79296410614907));
#7366=DIRECTION('',(0.132972662153381,-0.886484414355873,0.443242207177936));
#7367=DIRECTION('',(0.0,0.0,1.0));
#7368=DIRECTION('',(-1.0,0.0,0.0));
#7369=DIRECTION('',(1.0,0.0,0.0));
#7370=DIRECTION('',(-0.132972662153381,-0.886484414355873,0.443242207177936));
#7371=DIRECTION('',(-0.132972662153381,-0.886484414355873,-0.443242207177936));
#7372=DIRECTION('',(0.0,0.0,-1.0));
#7373=DIRECTION('',(1.0,0.0,0.0));
#7374=DIRECTION('',(-1.0,0.0,0.0));
#7375=DIRECTION('',(1.0,0.0,0.0));
#7376=DIRECTION('',(-1.0,0.0,0.0));
#7377=DIRECTION('',(-1.0,0.0,0.0));
#7378=DIRECTION('',(1.0,0.0,0.0));
#7379=DIRECTION('',(1.0,0.0,0.0));
#7380=DIRECTION('',(1.0,0.0,0.0));
#7381=DIRECTION('',(-1.0,0.0,0.0));
#7382=DIRECTION('',(-1.0,0.0,0.0));
#7383=DIRECTION('',(1.0,0.0,0.0));
#7384=DIRECTION('',(-1.0,0.0,0.0));
#7385=DIRECTION('',(1.0,0.0,0.0));
#7386=DIRECTION('',(1.0,0.0,0.0));
#7387=DIRECTION('',(1.0,0.0,0.0));
#7388=DIRECTION('',(0.0,0.948683303705107,-0.316227749053059));
#7389=DIRECTION('',(1.0,0.0,0.0));
#7390=DIRECTION('',(0.0,0.0,1.0));
#7391=DIRECTION('',(1.0,0.0,0.0));
#7392=DIRECTION('',(0.0,-0.950645224614144,0.310279965383401));
#7393=DIRECTION('',(1.0,0.0,0.0));
#7394=DIRECTION('',(0.0,0.0,1.0));
#7395=DIRECTION('',(1.0,0.0,0.0));
#7396=DIRECTION('',(0.0,0.950645208248713,0.310280015524301));
#7397=DIRECTION('',(1.0,0.0,0.0));
#7398=DIRECTION('',(0.0,0.0,1.0));
#7399=DIRECTION('',(1.0,0.0,0.0));
#7400=DIRECTION('',(0.0,-0.948683295223217,-0.316227774498728));
#7401=DIRECTION('',(1.0,0.0,0.0));
#7402=DIRECTION('',(0.0,0.0,-1.0));
#7403=DIRECTION('',(1.0,0.0,0.0));
#7404=DIRECTION('',(0.0,0.937710560108671,0.347417480073588));
#7405=DIRECTION('',(1.0,0.0,0.0));
#7406=DIRECTION('',(0.0,0.0,1.0));
#7407=DIRECTION('',(1.0,0.0,0.0));
#7408=DIRECTION('',(0.0,-0.937710560108671,0.347417480073589));
#7409=DIRECTION('',(1.0,0.0,0.0));
#7410=DIRECTION('',(0.0,1.0,0.0));
#7411=DIRECTION('',(1.0,0.0,0.0));
#7412=DIRECTION('',(0.0,0.0,1.0));
#7413=DIRECTION('',(1.0,0.0,0.0));
#7414=DIRECTION('',(0.0,-1.0,0.0));
#7415=DIRECTION('',(1.0,0.0,0.0));
#7416=DIRECTION('',(0.0,0.0,-1.0));
#7417=DIRECTION('',(1.0,0.0,0.0));
#7418=DIRECTION('',(0.0,0.943945919988448,-0.330100136530059));
#7419=DIRECTION('',(1.0,0.0,0.0));
#7420=DIRECTION('',(0.0,-0.943945919988448,-0.330100136530058));
#7421=DIRECTION('',(1.0,0.0,0.0));
#7422=DIRECTION('',(0.0,0.0,-1.0));
#7423=DIRECTION('',(1.0,0.0,0.0));
#7424=DIRECTION('',(0.0,1.0,0.0));
#7425=DIRECTION('',(1.0,0.0,0.0));
#7426=DIRECTION('',(0.0,0.0,1.0));
#7427=DIRECTION('',(1.0,0.0,0.0));
#7428=DIRECTION('',(0.0,-1.0,0.0));
#7429=DIRECTION('',(1.0,0.0,0.0));
#7430=DIRECTION('',(0.0,1.0,0.0));
#7431=DIRECTION('',(1.0,0.0,0.0));
#7432=DIRECTION('',(0.0,0.950645541239391,0.310278995295631));
#7433=DIRECTION('',(1.0,0.0,0.0));
#7434=DIRECTION('',(0.0,0.806004395831105,0.591909548749584));
#7435=DIRECTION('',(1.0,0.0,0.0));
#7436=DIRECTION('',(0.0,0.608076101139353,0.793878740881228));
#7437=DIRECTION('',(1.0,0.0,0.0));
#7438=DIRECTION('',(0.0,0.200123648194636,0.979770649403864));
#7439=DIRECTION('',(1.0,0.0,0.0));
#7440=DIRECTION('',(0.0,0.0,1.0));
#7441=DIRECTION('',(1.0,0.0,0.0));
#7442=DIRECTION('',(0.0,1.0,0.0));
#7443=DIRECTION('',(1.0,0.0,0.0));
#7444=DIRECTION('',(0.0,0.0,1.0));
#7445=DIRECTION('',(1.0,0.0,0.0));
#7446=DIRECTION('',(0.0,-1.0,0.0));
#7447=DIRECTION('',(1.0,0.0,0.0));
#7448=DIRECTION('',(0.0,0.0,-1.0));
#7449=DIRECTION('',(1.0,0.0,0.0));
#7450=DIRECTION('',(0.0,0.200123648194636,-0.979770649403864));
#7451=DIRECTION('',(1.0,0.0,0.0));
#7452=DIRECTION('',(0.0,0.608076101139353,-0.793878740881228));
#7453=DIRECTION('',(1.0,0.0,0.0));
#7454=DIRECTION('',(0.0,0.806004395831105,-0.591909548749584));
#7455=DIRECTION('',(1.0,0.0,0.0));
#7456=DIRECTION('',(0.0,0.950645541239391,-0.310278995295631));
#7457=DIRECTION('',(-0.132972662153381,0.886484414355873,-0.443242207177936));
#7458=DIRECTION('',(0.0,0.0,-1.0));
#7459=DIRECTION('',(-0.132972662153381,0.886484414355873,0.443242207177936));
#7460=DIRECTION('',(-0.132972662153381,-0.886484414355873,0.443242207177936));
#7461=DIRECTION('',(0.0,0.0,1.0));
#7462=DIRECTION('',(0.0,0.0,-1.0));
#7463=DIRECTION('',(0.0,0.0,-1.0));
#7464=DIRECTION('',(0.247383439065293,-0.968917661143726,0.0));
#7465=DIRECTION('',(0.0,0.0,-1.0));
#7466=DIRECTION('',(0.562790931241742,-0.82659927879962,0.0));
#7467=DIRECTION('',(0.0,0.0,-1.0));
#7468=DIRECTION('',(0.837378876955878,-0.54662291977936,0.0));
#7469=DIRECTION('',(0.0,0.0,-1.0));
#7470=DIRECTION('',(0.971321363344396,-0.237770496720648,0.0));
#7471=DIRECTION('',(0.0,0.0,-1.0));
#7472=DIRECTION('',(1.0,0.0,0.0));
#7473=DIRECTION('',(0.0,0.0,-1.0));
#7474=DIRECTION('',(0.971321363344396,0.237770496720648,0.0));
#7475=DIRECTION('',(0.0,0.0,-1.0));
#7476=DIRECTION('',(0.837378643311972,0.546623277701381,0.0));
#7477=DIRECTION('',(0.0,0.0,-1.0));
#7478=DIRECTION('',(0.56279106589755,0.826599187119065,0.0));
#7479=DIRECTION('',(0.0,0.0,-1.0));
#7480=DIRECTION('',(0.247383439065293,0.968917661143726,0.0));
#7481=DIRECTION('',(0.0,0.0,-1.0));
#7482=DIRECTION('',(0.0,1.0,0.0));
#7483=DIRECTION('',(0.0,0.0,-1.0));
#7484=DIRECTION('',(-1.0,0.0,0.0));
#7485=DIRECTION('',(0.0,-1.0,0.0));
#7486=DIRECTION('',(-1.0,0.0,0.0));
#7487=DIRECTION('',(1.0,0.0,0.0));
#7488=DIRECTION('',(1.0,0.0,0.0));
#7489=DIRECTION('',(0.0,0.0,-1.0));
#7490=DIRECTION('',(0.0,0.950645213628091,0.310279999042803));
#7491=DIRECTION('',(0.0,-0.950645191807515,0.310280065897332));
#7492=DIRECTION('',(0.0,1.0,0.0));
#7493=DIRECTION('',(0.0,0.0,1.0));
#7494=DIRECTION('',(0.0,-0.322263763377206,0.946649917770007));
#7495=DIRECTION('',(0.0,-0.714509717735746,0.69962551644518));
#7496=DIRECTION('',(0.0,-0.950645541239391,0.310278995295631));
#7497=DIRECTION('',(0.0,-1.0,0.0));
#7498=DIRECTION('',(0.0,-0.950645541239391,-0.310278995295631));
#7499=DIRECTION('',(0.0,-0.714509717735746,-0.69962551644518));
#7500=DIRECTION('',(0.0,-0.322263763377206,-0.946649917770007));
#7501=DIRECTION('',(0.0,0.0,-1.0));
#7502=DIRECTION('',(1.0,0.0,0.0));
#7503=DIRECTION('',(1.0,0.0,0.0));
#7504=DIRECTION('',(0.0,0.0,-1.0));
#7505=DIRECTION('',(1.0,0.0,0.0));
#7506=DIRECTION('',(0.0,0.950645213628091,0.310279999042804));
#7507=DIRECTION('',(0.0,-0.950645191807515,0.310280065897332));
#7508=DIRECTION('',(1.0,0.0,0.0));
#7509=DIRECTION('',(1.0,0.0,0.0));
#7510=DIRECTION('',(0.0,1.0,0.0));
#7511=DIRECTION('',(1.0,0.0,0.0));
#7512=DIRECTION('',(0.0,0.0,1.0));
#7513=DIRECTION('',(1.0,0.0,0.0));
#7514=DIRECTION('',(0.0,-0.322263763377206,0.946649917770007));
#7515=DIRECTION('',(1.0,0.0,0.0));
#7516=DIRECTION('',(0.0,-0.714509717735746,0.69962551644518));
#7517=DIRECTION('',(1.0,0.0,0.0));
#7518=DIRECTION('',(0.0,-0.950645541239389,0.310278995295635));
#7519=DIRECTION('',(1.0,0.0,0.0));
#7520=DIRECTION('',(0.0,-1.0,0.0));
#7521=DIRECTION('',(1.0,0.0,0.0));
#7522=DIRECTION('',(0.0,-0.950645541239389,-0.310278995295635));
#7523=DIRECTION('',(1.0,0.0,0.0));
#7524=DIRECTION('',(0.0,-0.714509717735746,-0.69962551644518));
#7525=DIRECTION('',(1.0,0.0,0.0));
#7526=DIRECTION('',(0.0,-0.322263763377206,-0.946649917770007));
#7527=DIRECTION('',(0.0,0.0,-1.0));
#7528=PRESENTATION_LAYER_ASSIGNMENT('0','02___PRT_ALL_AXES',(#456,#458));
ENDSEC;
END-ISO-10303-21;
