#VRML V2.0 utf8
# 3D model generated by easyeda2kicad.py (https://github.com/uPesy/easyeda2kicad.py)

Shape{
    appearance Appearance {
        material  Material 	{
            diffuseColor 0.2235294117647059 0.2235294117647059 0.2235294117647059
            specularColor 0.11372549019607843 0.11372549019607843 0.11372549019607843
            ambientIntensity 0.2
            transparency 0
            shininess 0.5
        }
    }
    geometry IndexedFaceSet {
        ccw TRUE
        solid FALSE
        coord DEF co Coordinate {
            point [
                0.0986 -0.1276 0.1181, 0.0986 -0.0095 0.1181, 0.1102 0.0452 0.1181, 0.439 0.0984 0.1181, 0.439 0.0452 0.1181, 0.4028 0.0452 0.1181, 2.8012 0.0984 0.1181, 2.5059 0.1969 0.1181, 2.998 0.0984 0.1181, 3.2933 0.1969 0.1181, 2.998 0.0452 0.1181, 3.2933 0.0452 0.1181, 2.998 -0.0984 0.1181, 3.2933 -0.1969 0.1181, 2.8012 -0.0984 0.1181, 2.5059 -0.1969 0.1181, 2.8012 0.0452 0.1181, 2.5059 0.0452 0.1181, -2.2185 -0.1969 0.1181, -3.7933 -0.1969 0.1181, -3.3012 -0.0984 0.1181, -3.498 -0.0984 0.1181, -3.498 0.0452 0.1181, -3.7933 0.0452 0.1181, -3.498 0.0984 0.1181, -3.7933 0.1969 0.1181, -3.3012 0.0984 0.1181, -2.2185 0.1969 0.1181, -2.7106 0.0984 0.1181, -3.3012 0.0452 0.1181, -2.7106 0.0452 0.1181, -2.7106 -0.0984 0.1181, -2.5138 -0.0984 0.1181, -2.2185 0.0452 0.1181, -2.5138 0.0452 0.1181, -2.5138 0.0984 0.1181, -8.2224 0.0984 0.1181, -8.5177 0.1969 0.1181, -8.0256 0.0984 0.1181, -7.7303 0.1969 0.1181, -8.0256 0.0452 0.1181, -7.7303 0.0452 0.1181, -8.0256 -0.0984 0.1181, -7.7303 -0.1969 0.1181, -8.2224 -0.0984 0.1181, -8.5177 -0.1969 0.1181, -8.2224 0.0452 0.1181, -8.5177 0.0452 0.1181, -5.8602 0.0984 0.1181, -6.1555 0.1969 0.1181, -5.6634 0.0984 0.1181, -5.3681 0.1969 0.1181, -5.6634 0.0452 0.1181, -5.3681 0.0452 0.1181, -5.6634 -0.0984 0.1181, -5.3681 -0.1969 0.1181, -5.8602 -0.0984 0.1181, -6.1555 -0.1969 0.1181, -5.8602 0.0452 0.1181, -6.1555 0.0452 0.1181, -4.2854 0.0984 0.1181, -4.5807 0.1969 0.1181, -4.0886 0.0984 0.1181, -4.0886 0.0452 0.1181, -4.0886 -0.0984 0.1181, -4.2854 -0.0984 0.1181, -4.5807 -0.1969 0.1181, -4.2854 0.0452 0.1181, -4.5807 0.0452 0.1181, -5.0728 0.0984 0.1181, -4.876 0.0984 0.1181, -4.876 0.0452 0.1181, -4.876 -0.0984 0.1181, -5.0728 -0.0984 0.1181, -5.0728 0.0452 0.1181, -6.6476 -0.0984 0.1181, -6.4508 -0.0984 0.1181, -7.435 -0.0984 0.1181, -7.2382 -0.0984 0.1181, -7.435 0.0452 0.1181, -7.435 0.0984 0.1181, -7.2382 0.0984 0.1181, -6.4508 0.0452 0.1181, -6.4508 0.0984 0.1181, -6.6476 0.0984 0.1181, -6.6476 0.0452 0.1181, -7.2382 0.0452 0.1181, -10.0925 -0.1969 0.1181, -11.6673 -0.1969 0.1181, -11.1752 -0.0984 0.1181, -11.372 -0.0984 0.1181, -10.5846 0.0984 0.1181, -11.6673 0.1969 0.1181, -10.0925 0.1969 0.1181, -11.372 0.0452 0.1181, -11.6673 0.0452 0.1181, -11.372 0.0984 0.1181, -11.1752 0.0984 0.1181, -11.1752 0.0452 0.1181, -10.5846 0.0452 0.1181, -10.5846 -0.0984 0.1181, -10.3878 -0.0984 0.1181, -10.0925 0.0452 0.1181, -10.3878 0.0452 0.1181, -10.3878 0.0984 0.1181, -9.0098 0.0984 0.1181, -9.3051 0.1969 0.1181, -8.813 0.0984 0.1181, -8.813 0.0452 0.1181, -8.813 -0.0984 0.1181, -9.0098 -0.0984 0.1181, -9.3051 -0.1969 0.1181, -9.0098 0.0452 0.1181, -9.3051 0.0452 0.1181, -9.7972 0.0984 0.1181, -9.6004 0.0984 0.1181, -9.6004 0.0452 0.1181, -9.6004 -0.0984 0.1181, -9.7972 -0.0984 0.1181, -9.7972 0.0452 0.1181, -12.1594 0.0984 0.1181, -12.4547 0.1969 0.1181, -11.9626 0.0984 0.1181, -11.9626 0.0452 0.1181, -11.9626 -0.0984 0.1181, -12.1594 -0.0984 0.1181, -12.4547 -0.1969 0.1181, -12.1594 0.0452 0.1181, -12.4547 0.0452 0.1181, -12.9468 0.0984 0.1181, -13.2421 0.1969 0.1181, -12.75 0.0984 0.1181, -12.75 0.0452 0.1181, -12.75 -0.0984 0.1181, -12.9468 -0.0984 0.1181, -13.2421 -0.1969 0.1181, -12.9468 0.0452 0.1181, -13.2421 0.0452 0.1181, -13.7343 0.0984 0.1181, -13.8819 0.1969 0.1181, -13.5374 0.0984 0.1181, -13.5374 0.0452 0.1181, -13.5374 -0.0984 0.1181, -13.7343 -0.0984 0.1181, -13.8819 -0.1969 0.1181, -13.7343 0.0452 0.1181, -13.8819 0.0452 0.1181, 0.6358 -0.0984 0.1181, 1.7185 -0.1969 0.1181, 0.4028 -0.1969 0.1181, 0.439 -0.0984 0.1181, 1.2264 0.0984 0.1181, 0.4028 0.1969 0.1181, 1.7185 0.1969 0.1181, 0.6358 0.0984 0.1181, 0.6358 0.0452 0.1181, 1.2264 0.0452 0.1181, 1.2264 -0.0984 0.1181, 1.4232 -0.0984 0.1181, 1.7185 0.0452 0.1181, 1.4232 0.0452 0.1181, 1.4232 0.0984 0.1181, 2.0138 0.0984 0.1181, 2.2106 0.0984 0.1181, 2.2106 0.0452 0.1181, 2.2106 -0.0984 0.1181, 2.0138 -0.0984 0.1181, 2.0138 0.0452 0.1181, -1.1358 0.0984 0.1181, -1.4311 0.1969 0.1181, -0.939 0.0984 0.1181, -0.6437 0.1969 0.1181, -0.939 0.0452 0.1181, -0.6437 0.0452 0.1181, -0.939 -0.0984 0.1181, -0.6437 -0.1969 0.1181, -1.1358 -0.0984 0.1181, -1.4311 -0.1969 0.1181, -1.1358 0.0452 0.1181, -1.4311 0.0452 0.1181, -1.9232 0.0984 0.1181, -1.7264 0.0984 0.1181, -1.7264 0.0452 0.1181, -1.7264 -0.0984 0.1181, -1.9232 -0.0984 0.1181, -1.9232 0.0452 0.1181, 6.7382 0.0984 0.1181, 6.4429 0.1969 0.1181, 6.935 0.0984 0.1181, 7.2303 0.1969 0.1181, 6.935 0.0452 0.1181, 7.2303 0.0452 0.1181, 6.935 -0.0984 0.1181, 7.2303 -0.1969 0.1181, 6.7382 -0.0984 0.1181, 6.4429 -0.1969 0.1181, 6.7382 0.0452 0.1181, 6.4429 0.0452 0.1181, 5.9508 0.0984 0.1181, 5.6555 0.1969 0.1181, 6.1476 0.0984 0.1181, 6.1476 0.0452 0.1181, 6.1476 -0.0984 0.1181, 5.9508 -0.0984 0.1181, 5.6555 -0.1969 0.1181, 5.9508 0.0452 0.1181, 5.6555 0.0452 0.1181, 4.0807 -0.1969 0.1181, 4.5728 -0.0984 0.1181, 4.376 -0.0984 0.1181, 4.376 0.0452 0.1181, 4.0807 0.0452 0.1181, 4.376 0.0984 0.1181, 4.0807 0.1969 0.1181, 4.5728 0.0984 0.1181, 5.1634 0.0984 0.1181, 4.5728 0.0452 0.1181, 5.1634 0.0452 0.1181, 5.1634 -0.0984 0.1181, 5.3602 -0.0984 0.1181, 5.3602 0.0452 0.1181, 5.3602 0.0984 0.1181, 3.5886 0.0984 0.1181, 3.7854 0.0984 0.1181, 3.7854 0.0452 0.1181, 3.7854 -0.0984 0.1181, 3.5886 -0.0984 0.1181, 3.5886 0.0452 0.1181, 9.8878 0.0984 0.1181, 9.5925 0.1969 0.1181, 10.0846 0.0984 0.1181, 10.3799 0.1969 0.1181, 10.0846 0.0452 0.1181, 10.3799 0.0452 0.1181, 10.0846 -0.0984 0.1181, 10.3799 -0.1969 0.1181, 9.8878 -0.0984 0.1181, 9.5925 -0.1969 0.1181, 9.8878 0.0452 0.1181, 9.5925 0.0452 0.1181, 9.1004 -0.0984 0.1181, 9.2972 -0.0984 0.1181, 8.0177 -0.1969 0.1181, 8.313 -0.0984 0.1181, 8.5098 -0.0984 0.1181, 8.313 0.0452 0.1181, 8.0177 0.0452 0.1181, 8.313 0.0984 0.1181, 8.0177 0.1969 0.1181, 8.5098 0.0984 0.1181, 9.2972 0.0452 0.1181, 9.2972 0.0984 0.1181, 9.1004 0.0984 0.1181, 9.1004 0.0452 0.1181, 8.5098 0.0452 0.1181, 7.5256 0.0984 0.1181, 7.7224 0.0984 0.1181, 7.7224 0.0452 0.1181, 7.7224 -0.0984 0.1181, 7.5256 -0.0984 0.1181, 7.5256 0.0452 0.1181, 12.25 0.0984 0.1181, 11.9547 0.1969 0.1181, 12.4469 0.0984 0.1181, 12.7421 0.1969 0.1181, 12.4469 0.0452 0.1181, 12.7421 0.0452 0.1181, 12.4469 -0.0984 0.1181, 12.7421 -0.1969 0.1181, 12.25 -0.0984 0.1181, 11.9547 -0.1969 0.1181, 12.25 0.0452 0.1181, 11.9547 0.0452 0.1181, 11.4626 0.0984 0.1181, 11.1673 0.1969 0.1181, 11.6594 0.0984 0.1181, 11.6594 0.0452 0.1181, 11.6594 -0.0984 0.1181, 11.4626 -0.0984 0.1181, 11.1673 -0.1969 0.1181, 11.4626 0.0452 0.1181, 11.1673 0.0452 0.1181, 10.6752 0.0984 0.1181, 10.872 0.0984 0.1181, 10.872 0.0452 0.1181, 10.872 -0.0984 0.1181, 10.6752 -0.0984 0.1181, 10.6752 0.0452 0.1181, 14.3169 -0.1969 0.1181, 13.2343 -0.0984 0.1181, 13.0374 -0.0984 0.1181, 13.8248 0.0984 0.1181, 14.3169 0.1969 0.1181, 13.0374 0.0452 0.1181, 13.0374 0.0984 0.1181, 13.2343 0.0984 0.1181, 13.2343 0.0452 0.1181, 13.8248 0.0452 0.1181, 13.8248 -0.0984 0.1181, 14.0217 -0.0984 0.1181, 14.3169 0.0452 0.1181, 14.0217 0.0452 0.1181, 14.0217 0.0984 0.1181, -14.0295 0.1969 0.1181, -14.0295 0.0452 0.1181, -14.0295 -0.1969 0.1181, -0.1316 0.0452 0.1181, -0.0497 -0.0095 0.1181, -0.0944 -0.1276 0.1181, -0.0824 -0.0945 0.1181, -0.0336 -0.0945 0.1181, -0.0051 -0.1276 0.1181, 0.1102 -0.1969 0.1181, -0.0223 -0.1276 0.1181, -0.1316 -0.1969 0.1181, -0.0656 -0.0095 0.1181, -0.1116 -0.1276 0.1181, 0.0653 -0.0095 0.1181, 0.0483 -0.0113 0.1181, 0.0344 -0.0162 0.1181, 0.0216 -0.0248 0.1181, 0.0095 -0.0952 0.1181, 0.0163 -0.1058 0.1181, 0.0215 -0.0249 0.1181, 0.0131 -0.0342 0.1181, 0.0076 -0.0443 0.1181, 0.026 -0.1151 0.1181, 0.0383 -0.1223 0.1181, 0.0519 -0.1263 0.1181, 0.0665 -0.1276 0.1181, 0.0044 -0.0559 0.1181, 0.0036 -0.0671 0.1181, 0.0052 -0.0829 0.1181, 0.1246 -0.0225 0.1181, 0.1692 -0.0225 0.1181, 0.1692 -0.0613 0.1181, 0.1692 -0.0743 0.1181, 0.1692 -0.1146 0.1181, 0.1275 -0.0743 0.1181, 0.1217 -0.1146 0.1181, 0.1275 -0.0613 0.1181, 0.1217 -0.1276 0.1181, 0.1966 -0.1969 0.1181, 0.1851 -0.1276 0.1181, 0.1966 0.0452 0.1181, 0.1851 -0.0095 0.1181, 0.1246 -0.0095 0.1181, 0.2081 -0.1085 0.1181, 0.2081 -0.1215 0.1181, 0.2207 -0.1266 0.1181, 0.2218 -0.009 0.1181, 0.2081 -0.0127 0.1181, 0.2081 -0.0286 0.1181, 0.2214 -0.0229 0.1181, 0.2102 -0.1097 0.1181, 0.2358 -0.021 0.1181, 0.2474 -0.0223 0.1181, 0.2666 -0.1236 0.1181, 0.2761 -0.1175 0.1181, 0.301 -0.1969 0.1181, 0.285 -0.1082 0.1181, 0.2913 -0.097 0.1181, 0.2897 -0.0406 0.1181, 0.2828 -0.0296 0.1181, 0.301 0.0452 0.1181, 0.2722 -0.0193 0.1181, 0.2562 -0.0255 0.1181, 0.2644 -0.031 0.1181, 0.2716 -0.0389 0.1181, 0.2801 -0.0698 0.1181, 0.2789 -0.0826 0.1181, 0.2757 -0.0927 0.1181, 0.2494 -0.1148 0.1181, 0.2384 -0.1161 0.1181, 0.2581 -0.1117 0.1181, 0.2653 -0.1068 0.1181, 0.2708 -0.1009 0.1181, 0.2228 -0.1143 0.1181, 0.2764 -0.048 0.1181, 0.2796 -0.0606 0.1181, 0.2609 -0.0128 0.1181, 0.2478 -0.009 0.1181, 0.2359 -0.008 0.1181, 0.2374 -0.129 0.1181, 0.2406 -0.129 0.1181, 0.2552 -0.1275 0.1181, 0.2948 -0.0845 0.1181, 0.296 -0.0708 0.1181, 0.2943 -0.054 0.1181, 0.3507 -0.0095 0.1181, 0.3507 -0.1146 0.1181, 0.3061 -0.1146 0.1181, 0.3061 -0.1276 0.1181, 0.3666 -0.1276 0.1181, 0.3666 -0.0095 0.1181, 0.301 0.1969 0.1181, 0.1966 0.1969 0.1181, 0.1102 0.1969 0.1181, -0.1316 0.1969 0.1181, -0.1516 0.0984 0.1181, -0.3484 0.0984 0.1181, -0.3484 0.0452 0.1181, -0.3484 -0.0984 0.1181, -0.1516 -0.0984 0.1181, -0.1516 0.0452 0.1181, -13.9508 0.3937 0.0, -13.3209 0.3937 0.0, -14.0295 0.315 0.0, -13.2421 0.315 0.0, -14.0295 0.1969 0.0, -13.1634 0.3937 0.0, -12.5335 0.3937 0.0, -12.4547 0.315 0.0, -7.7303 0.315 0.0, -7.6516 0.3937 0.0, -7.0217 0.3937 0.0, -10.8799 0.315 0.0, -10.8012 0.3937 0.0, -10.1713 0.3937 0.0, 12.7421 0.315 0.0, 12.8209 0.3937 0.0, 13.4508 0.3937 0.0, 13.6083 0.3937 0.0, 14.2382 0.3937 0.0, 13.5295 0.315 0.0, 14.3169 0.315 0.0, 14.3169 0.1969 0.0, -10.0138 0.3937 0.0, -9.3839 0.3937 0.0, -10.0925 0.315 0.0, -9.3051 0.315 0.0, -8.439 0.3937 0.0, -7.8091 0.3937 0.0, -8.5177 0.315 0.0, -3.7146 0.3937 0.0, -3.0846 0.3937 0.0, -3.7933 0.315 0.0, -3.0059 0.315 0.0, -11.5886 0.3937 0.0, -10.9587 0.3937 0.0, -11.6673 0.315 0.0, -12.376 0.3937 0.0, -11.7461 0.3937 0.0, -9.2264 0.3937 0.0, -8.5965 0.3937 0.0, -6.9429 0.315 0.0, -2.9272 0.3937 0.0, -2.2972 0.3937 0.0, 12.0335 0.3937 0.0, 12.6634 0.3937 0.0, 11.9547 0.315 0.0, -0.565 0.3937 0.0, 0.065 0.3937 0.0, -0.6437 0.315 0.0, 0.1437 0.315 0.0, -6.0768 0.3937 0.0, -5.4469 0.3937 0.0, -6.1555 0.315 0.0, -5.3681 0.315 0.0, -5.2894 0.3937 0.0, -4.6594 0.3937 0.0, 10.3799 0.315 0.0, 10.4587 0.3937 0.0, 11.0886 0.3937 0.0, 11.2461 0.3937 0.0, 11.876 0.3937 0.0, 11.1673 0.315 0.0, 2.5846 0.3937 0.0, 3.2146 0.3937 0.0, 2.5059 0.315 0.0, 3.2933 0.315 0.0, 9.6713 0.3937 0.0, 10.3012 0.3937 0.0, 9.5925 0.315 0.0, -1.3524 0.3937 0.0, -0.7224 0.3937 0.0, -1.4311 0.315 0.0, 1.0098 0.3937 0.0, 1.6398 0.3937 0.0, 0.9311 0.315 0.0, 1.7185 0.315 0.0, 8.8051 0.315 0.0, 9.5138 0.3937 0.0, 8.8839 0.3937 0.0, 0.2224 0.3937 0.0, 0.8524 0.3937 0.0, -6.8642 0.3937 0.0, -6.2343 0.3937 0.0, -4.5807 0.315 0.0, -2.2185 0.315 0.0, -3.872 0.3937 0.0, -4.502 0.3937 0.0, -2.1398 0.3937 0.0, -1.5098 0.3937 0.0, 4.9469 0.3937 0.0, 5.5768 0.3937 0.0, 4.8681 0.315 0.0, 5.6555 0.315 0.0, 3.372 0.3937 0.0, 4.002 0.3937 0.0, 7.3091 0.3937 0.0, 7.939 0.3937 0.0, 7.2303 0.315 0.0, 8.0177 0.315 0.0, 8.0965 0.3937 0.0, 8.7264 0.3937 0.0, 5.7343 0.3937 0.0, 6.3642 0.3937 0.0, 6.4429 0.315 0.0, 7.1516 0.3937 0.0, 6.5217 0.3937 0.0, 1.7972 0.3937 0.0, 2.4272 0.3937 0.0, 4.0807 0.315 0.0, 4.7894 0.3937 0.0, 4.1594 0.3937 0.0, 2.5846 0.3937 0.7874, 3.2146 0.3937 0.7874, 3.2146 -0.3937 0.7874, 2.5846 -0.3937 0.7874, 3.2146 -0.3937 0.0, 2.5846 -0.3937 0.0, 4.002 -0.3937 0.7874, 4.0807 -0.315 0.7874, 4.0807 -0.2461 0.7874, 5.5768 -0.3937 0.7874, 5.6555 -0.315 0.7874, 5.6555 -0.2461 0.7874, 7.939 -0.3937 0.7874, 8.0177 -0.315 0.7874, 8.0177 -0.2461 0.7874, 11.0886 -0.3937 0.7874, 11.1673 -0.315 0.7874, 11.1673 -0.2461 0.7874, -1.1358 0.0984 0.7874, -0.939 0.0984 0.7874, -0.6437 0.315 0.7874, -6.8642 -0.3937 0.7874, -6.2343 -0.3937 0.7874, -6.1555 -0.315 0.7874, 2.5059 -0.2461 0.7874, 2.5059 -0.315 0.7874, 3.2933 -0.2461 0.7874, 2.4272 -0.3937 0.7874, 1.7972 -0.3937 0.7874, 1.7185 -0.315 0.7874, 1.7185 -0.2461 0.7874, 0.1437 -0.2461 0.7874, 0.1437 -0.315 0.7874, 0.9311 -0.2461 0.7874, 0.2224 -0.3937 0.7874, 1.6398 -0.3937 0.7874, 1.0098 -0.3937 0.7874, 0.9311 -0.315 0.7874, 0.8524 -0.3937 0.7874, -1.3524 -0.3937 0.7874, -0.7224 -0.3937 0.7874, -1.4311 -0.315 0.7874, -0.6437 -0.315 0.7874, -2.1398 -0.3937 0.7874, -1.4311 -0.2461 0.7874, -2.2185 -0.315 0.7874, -2.2185 -0.2461 0.7874, -2.2972 -0.3937 0.7874, 0.065 -0.3937 0.7874, -0.565 -0.3937 0.7874, -1.5098 -0.3937 0.7874, -3.7933 -0.2461 0.7874, -3.7933 -0.315 0.7874, -3.0059 -0.2461 0.7874, -3.7146 -0.3937 0.7874, -3.0846 -0.3937 0.7874, -3.0059 -0.315 0.7874, -2.9272 -0.3937 0.7874, -5.2894 -0.3937 0.7874, -4.5807 -0.2461 0.7874, -5.3681 -0.315 0.7874, -5.3681 -0.2461 0.7874, -5.4469 -0.3937 0.7874, -3.872 -0.3937 0.7874, -4.502 -0.3937 0.7874, -4.5807 -0.315 0.7874, -4.6594 -0.3937 0.7874, -6.1555 -0.2461 0.7874, -6.9429 -0.2461 0.7874, -6.9429 -0.315 0.7874, -6.0768 -0.3937 0.7874, -8.5177 -0.2461 0.7874, -8.5177 -0.315 0.7874, -8.439 -0.3937 0.7874, -7.0217 -0.3937 0.7874, -7.6516 -0.3937 0.7874, -7.7303 -0.315 0.7874, -7.8091 -0.3937 0.7874, -9.2264 -0.3937 0.7874, -8.5965 -0.3937 0.7874, -9.3051 -0.315 0.7874, -9.3051 -0.2461 0.7874, -9.3839 -0.3937 0.7874, -10.0925 -0.2461 0.7874, -10.0138 -0.3937 0.7874, -10.8799 -0.315 0.7874, -10.8012 -0.3937 0.7874, -10.8799 -0.2461 0.7874, -10.1713 -0.3937 0.7874, -10.0925 -0.315 0.7874, -10.9587 -0.3937 0.7874, -11.6673 -0.2461 0.7874, -11.5886 -0.3937 0.7874, -12.376 -0.3937 0.7874, -11.7461 -0.3937 0.7874, -12.4547 -0.315 0.7874, -11.6673 -0.315 0.7874, -13.2421 -0.2461 0.7874, -13.2421 -0.315 0.7874, -12.4547 -0.2461 0.7874, -13.1634 -0.3937 0.7874, -12.5335 -0.3937 0.7874, -13.8819 -0.2461 0.7874, -13.8819 -0.3937 0.7874, -13.3209 -0.3937 0.7874, -13.9508 -0.3937 0.7874, -14.0295 -0.315 0.7874, -14.0295 -0.2461 0.7874, -14.0295 0.315 0.7874, -13.5374 -0.0984 0.7874, -13.7343 -0.0984 0.7874, -13.8819 0.3937 0.7874, -13.9508 0.3937 0.7874, -13.2421 0.315 0.7874, -13.3209 0.3937 0.7874, -13.5374 0.0984 0.7874, -13.7343 0.0984 0.7874, -12.75 -0.0984 0.7874, -12.9468 -0.0984 0.7874, -12.9468 0.0984 0.7874, -12.4547 0.315 0.7874, -12.5335 0.3937 0.7874, -12.75 0.0984 0.7874, -13.1634 0.3937 0.7874, -11.6673 0.315 0.7874, -11.9626 0.0984 0.7874, -11.9626 -0.0984 0.7874, -12.1594 -0.0984 0.7874, -12.1594 0.0984 0.7874, -11.7461 0.3937 0.7874, -12.376 0.3937 0.7874, -10.8799 0.315 0.7874, -10.9587 0.3937 0.7874, -11.5886 0.3937 0.7874, -11.372 0.0984 0.7874, -11.372 -0.0984 0.7874, -11.1752 -0.0984 0.7874, -11.1752 0.0984 0.7874, -10.0925 0.315 0.7874, -10.1713 0.3937 0.7874, -10.8012 0.3937 0.7874, -10.5846 0.0984 0.7874, -10.5846 -0.0984 0.7874, -10.3878 -0.0984 0.7874, -10.3878 0.0984 0.7874, -9.3051 0.315 0.7874, -9.3839 0.3937 0.7874, -9.6004 0.0984 0.7874, -10.0138 0.3937 0.7874, -9.7972 0.0984 0.7874, -9.7972 -0.0984 0.7874, -9.6004 -0.0984 0.7874, -8.5177 0.315 0.7874, -8.813 0.0984 0.7874, -8.813 -0.0984 0.7874, -9.0098 -0.0984 0.7874, -9.0098 0.0984 0.7874, -8.5965 0.3937 0.7874, -9.2264 0.3937 0.7874, -6.9429 0.315 0.7874, -7.0217 0.3937 0.7874, -7.7303 0.315 0.7874, -7.8091 0.3937 0.7874, -8.0256 0.0984 0.7874, -8.439 0.3937 0.7874, -8.2224 0.0984 0.7874, -8.2224 -0.0984 0.7874, -8.0256 -0.0984 0.7874, -7.435 -0.0984 0.7874, -7.6516 0.3937 0.7874, -7.435 0.0984 0.7874, -7.2382 0.0984 0.7874, -7.2382 -0.0984 0.7874, -6.4508 0.0984 0.7874, -6.4508 -0.0984 0.7874, -6.2343 0.3937 0.7874, -6.8642 0.3937 0.7874, -6.6476 -0.0984 0.7874, -6.6476 0.0984 0.7874, -5.3681 0.315 0.7874, -5.6634 0.0984 0.7874, -5.6634 -0.0984 0.7874, -5.8602 -0.0984 0.7874, -5.8602 0.0984 0.7874, -5.4469 0.3937 0.7874, -6.0768 0.3937 0.7874, -6.1555 0.315 0.7874, -4.5807 0.315 0.7874, -4.6594 0.3937 0.7874, -4.876 0.0984 0.7874, -5.2894 0.3937 0.7874, -5.0728 0.0984 0.7874, -5.0728 -0.0984 0.7874, -4.876 -0.0984 0.7874, -3.7933 0.315 0.7874, -3.872 0.3937 0.7874, -4.502 0.3937 0.7874, -4.2854 0.0984 0.7874, -4.2854 -0.0984 0.7874, -4.0886 -0.0984 0.7874, -4.0886 0.0984 0.7874, -3.0059 0.315 0.7874, -3.0846 0.3937 0.7874, -3.7146 0.3937 0.7874, -3.498 0.0984 0.7874, -3.498 -0.0984 0.7874, -3.3012 -0.0984 0.7874, -3.3012 0.0984 0.7874, -2.9272 0.3937 0.7874, -2.2972 0.3937 0.7874, -2.7106 0.0984 0.7874, -2.2185 0.315 0.7874, -2.5138 0.0984 0.7874, -2.5138 -0.0984 0.7874, -2.7106 -0.0984 0.7874, -1.4311 0.315 0.7874, -1.5098 0.3937 0.7874, -2.1398 0.3937 0.7874, -1.9232 0.0984 0.7874, -1.9232 -0.0984 0.7874, -1.7264 -0.0984 0.7874, -1.7264 0.0984 0.7874, 0.1437 0.315 0.7874, 0.065 0.3937 0.7874, -0.7224 0.3937 0.7874, -1.3524 0.3937 0.7874, -0.565 0.3937 0.7874, -0.1516 -0.0984 0.7874, -0.3484 -0.0984 0.7874, -0.939 -0.0984 0.7874, -1.1358 -0.0984 0.7874, -0.1516 0.0984 0.7874, -0.3484 0.0984 0.7874, 0.2224 0.3937 0.7874, 0.8524 0.3937 0.7874, 0.439 0.0984 0.7874, 0.9311 0.315 0.7874, 0.6358 0.0984 0.7874, 0.6358 -0.0984 0.7874, 0.439 -0.0984 0.7874, 1.7185 0.315 0.7874, 1.6398 0.3937 0.7874, 1.0098 0.3937 0.7874, 1.2264 0.0984 0.7874, 1.2264 -0.0984 0.7874, 1.4232 -0.0984 0.7874, 1.4232 0.0984 0.7874, 1.7972 0.3937 0.7874, 2.4272 0.3937 0.7874, 2.0138 0.0984 0.7874, 2.5059 0.315 0.7874, 2.2106 0.0984 0.7874, 2.2106 -0.0984 0.7874, 2.0138 -0.0984 0.7874, 3.2933 0.315 0.7874, 2.8012 0.0984 0.7874, 2.8012 -0.0984 0.7874, 2.998 -0.0984 0.7874, 2.998 0.0984 0.7874, 3.372 0.3937 0.7874, 4.002 0.3937 0.7874, 3.5886 0.0984 0.7874, 4.0807 0.315 0.7874, 3.7854 0.0984 0.7874, 3.7854 -0.0984 0.7874, 3.5886 -0.0984 0.7874, 4.8681 -0.2461 0.7874, 4.8681 0.315 0.7874, 4.7894 0.3937 0.7874, 4.1594 0.3937 0.7874, 4.5728 -0.0984 0.7874, 4.5728 0.0984 0.7874, 4.376 0.0984 0.7874, 4.376 -0.0984 0.7874, 4.9469 0.3937 0.7874, 5.5768 0.3937 0.7874, 5.1634 0.0984 0.7874, 5.6555 0.315 0.7874, 5.3602 0.0984 0.7874, 5.3602 -0.0984 0.7874, 5.1634 -0.0984 0.7874, 6.935 -0.0984 0.7874, 7.2303 -0.2461 0.7874, 6.935 0.0984 0.7874, 7.2303 0.315 0.7874, 6.7382 0.0984 0.7874, 7.1516 0.3937 0.7874, 6.4429 0.315 0.7874, 6.3642 0.3937 0.7874, 6.1476 0.0984 0.7874, 5.7343 0.3937 0.7874, 5.9508 0.0984 0.7874, 5.9508 -0.0984 0.7874, 6.1476 -0.0984 0.7874, 6.7382 -0.0984 0.7874, 6.5217 0.3937 0.7874, 8.0177 0.315 0.7874, 7.939 0.3937 0.7874, 7.7224 0.0984 0.7874, 7.3091 0.3937 0.7874, 7.5256 0.0984 0.7874, 7.5256 -0.0984 0.7874, 7.7224 -0.0984 0.7874, 8.313 0.0984 0.7874, 8.5098 0.0984 0.7874, 8.7264 0.3937 0.7874, 8.8051 -0.2461 0.7874, 8.8051 0.315 0.7874, 8.5098 -0.0984 0.7874, 8.313 -0.0984 0.7874, 8.0965 0.3937 0.7874, 9.5925 0.315 0.7874, 9.5138 0.3937 0.7874, 9.2972 0.0984 0.7874, 8.8839 0.3937 0.7874, 9.1004 0.0984 0.7874, 9.1004 -0.0984 0.7874, 9.2972 -0.0984 0.7874, 9.5925 -0.2461 0.7874, 10.3799 -0.2461 0.7874, 10.3799 0.315 0.7874, 10.0846 0.0984 0.7874, 10.0846 -0.0984 0.7874, 9.8878 -0.0984 0.7874, 9.8878 0.0984 0.7874, 10.3012 0.3937 0.7874, 9.6713 0.3937 0.7874, 11.1673 0.315 0.7874, 11.0886 0.3937 0.7874, 10.872 0.0984 0.7874, 10.4587 0.3937 0.7874, 10.6752 0.0984 0.7874, 10.6752 -0.0984 0.7874, 10.872 -0.0984 0.7874, 11.4626 0.0984 0.7874, 11.6594 0.0984 0.7874, 11.876 0.3937 0.7874, 11.9547 -0.2461 0.7874, 11.9547 0.315 0.7874, 11.6594 -0.0984 0.7874, 11.4626 -0.0984 0.7874, 11.2461 0.3937 0.7874, 12.4469 -0.0984 0.7874, 12.25 -0.0984 0.7874, 12.6634 0.3937 0.7874, 12.0335 0.3937 0.7874, 12.25 0.0984 0.7874, 14.3169 -0.2461 0.7874, 14.3169 0.315 0.7874, 14.2382 0.3937 0.7874, 13.8248 -0.0984 0.7874, 13.2343 -0.0984 0.7874, 12.7421 -0.2461 0.7874, 13.0374 -0.0984 0.7874, 13.0374 0.0984 0.7874, 13.5295 0.315 0.7874, 13.4508 0.3937 0.7874, 13.2343 0.0984 0.7874, 12.8209 0.3937 0.7874, 12.7421 0.315 0.7874, 12.4469 0.0984 0.7874, 13.6083 0.3937 0.7874, 13.8248 0.0984 0.7874, 14.0217 0.0984 0.7874, 14.0217 -0.0984 0.7874, 12.7421 -0.315 0.7874, 12.8209 -0.3937 0.7874, 13.6083 -0.3937 0.7874, 14.2382 -0.3937 0.7874, 13.5295 -0.315 0.7874, 14.3169 -0.315 0.7874, 13.4508 -0.3937 0.7874, 11.9547 -0.315 0.7874, 12.0335 -0.3937 0.7874, 12.6634 -0.3937 0.7874, 11.2461 -0.3937 0.7874, 11.876 -0.3937 0.7874, 10.3799 -0.315 0.7874, 10.4587 -0.3937 0.7874, 9.5138 -0.3937 0.7874, 9.5925 -0.315 0.7874, 10.3012 -0.3937 0.7874, 9.6713 -0.3937 0.7874, 8.8839 -0.3937 0.7874, 8.8051 -0.315 0.7874, 8.0965 -0.3937 0.7874, 8.7264 -0.3937 0.7874, 6.4429 -0.315 0.7874, 6.5217 -0.3937 0.7874, 7.1516 -0.3937 0.7874, 7.2303 -0.315 0.7874, 7.3091 -0.3937 0.7874, 5.7343 -0.3937 0.7874, 6.3642 -0.3937 0.7874, 4.1594 -0.3937 0.7874, 4.7894 -0.3937 0.7874, 4.8681 -0.315 0.7874, 4.9469 -0.3937 0.7874, 3.2933 -0.315 0.7874, 3.372 -0.3937 0.7874, -5.4469 -0.3937 0.0, -6.0768 -0.3937 0.0, -5.3681 -0.315 0.0, -6.1555 -0.315 0.0, 14.2382 -0.3937 0.0, 13.6083 -0.3937 0.0, 14.3169 -0.315 0.0, 13.5295 -0.315 0.0, 14.3169 -0.1969 0.0, 4.7894 -0.3937 0.0, 4.1594 -0.3937 0.0, 4.8681 -0.315 0.0, 4.0807 -0.315 0.0, 4.002 -0.3937 0.0, 3.372 -0.3937 0.0, -3.7933 -0.315 0.0, -3.872 -0.3937 0.0, -4.502 -0.3937 0.0, -13.3209 -0.3937 0.0, -13.9508 -0.3937 0.0, -13.2421 -0.315 0.0, -14.0295 -0.315 0.0, 12.6634 -0.3937 0.0, 12.0335 -0.3937 0.0, 12.7421 -0.315 0.0, 11.9547 -0.315 0.0, 11.876 -0.3937 0.0, 11.2461 -0.3937 0.0, -7.8091 -0.3937 0.0, -8.439 -0.3937 0.0, -7.7303 -0.315 0.0, -8.5177 -0.315 0.0, -11.7461 -0.3937 0.0, -12.376 -0.3937 0.0, -11.6673 -0.315 0.0, -12.4547 -0.315 0.0, -14.0295 -0.1969 0.0, -12.5335 -0.3937 0.0, -13.1634 -0.3937 0.0, 9.5925 -0.315 0.0, 9.5138 -0.3937 0.0, 8.8839 -0.3937 0.0, -6.2343 -0.3937 0.0, -6.8642 -0.3937 0.0, -8.5965 -0.3937 0.0, -9.2264 -0.3937 0.0, 13.4508 -0.3937 0.0, 12.8209 -0.3937 0.0, 11.1673 -0.315 0.0, 10.3012 -0.3937 0.0, 9.6713 -0.3937 0.0, 10.3799 -0.315 0.0, 7.939 -0.3937 0.0, 7.3091 -0.3937 0.0, 8.0177 -0.315 0.0, 7.2303 -0.315 0.0, 7.1516 -0.3937 0.0, 6.5217 -0.3937 0.0, 11.0886 -0.3937 0.0, 10.4587 -0.3937 0.0, 8.8051 -0.315 0.0, -1.4311 -0.315 0.0, -1.5098 -0.3937 0.0, -2.1398 -0.3937 0.0, -10.8799 -0.315 0.0, -10.9587 -0.3937 0.0, -11.5886 -0.3937 0.0, 1.6398 -0.3937 0.0, 1.0098 -0.3937 0.0, 1.7185 -0.315 0.0, 0.9311 -0.315 0.0, -3.0846 -0.3937 0.0, -3.7146 -0.3937 0.0, -3.0059 -0.315 0.0, -4.6594 -0.3937 0.0, -5.2894 -0.3937 0.0, -4.5807 -0.315 0.0, -6.9429 -0.315 0.0, -10.1713 -0.3937 0.0, -10.8012 -0.3937 0.0, -10.0925 -0.315 0.0, -9.3051 -0.315 0.0, -7.6516 -0.3937 0.0, -7.0217 -0.3937 0.0, -10.0138 -0.3937 0.0, -9.3839 -0.3937 0.0, 6.4429 -0.315 0.0, 8.0965 -0.3937 0.0, 8.7264 -0.3937 0.0, 5.5768 -0.3937 0.0, 4.9469 -0.3937 0.0, 5.6555 -0.315 0.0, -2.2185 -0.315 0.0, -2.9272 -0.3937 0.0, -2.2972 -0.3937 0.0, 0.8524 -0.3937 0.0, 0.2224 -0.3937 0.0, -0.7224 -0.3937 0.0, -1.3524 -0.3937 0.0, -0.6437 -0.315 0.0, 3.2933 -0.315 0.0, 2.5059 -0.315 0.0, 0.1437 -0.315 0.0, -0.565 -0.3937 0.0, 0.065 -0.3937 0.0, 5.7343 -0.3937 0.0, 6.3642 -0.3937 0.0, 1.7972 -0.3937 0.0, 2.4272 -0.3937 0.0, 2.4272 -0.3937 0.0
            ]
        }
        coordIndex [
            0,1,2,-1,3,4,5,-1,6,7,8,-1,8,7,9,-1,8,9,10,-1,10,9,11,-1,10,11,12,-1,12,11,13,-1,12,13,14,-1,14,13,15,-1,14,15,16,-1,16,15,17,-1,16,17,6,-1,6,17,7,-1,18,19,20,-1,20,19,21,-1,21,19,22,-1,22,19,23,-1,22,23,24,-1,24,23,25,-1,24,25,26,-1,25,27,26,-1,26,27,28,-1,26,28,29,-1,29,28,30,-1,29,30,20,-1,20,30,31,-1,20,31,18,-1,18,31,32,-1,18,32,33,-1,33,32,34,-1,33,34,27,-1,27,34,35,-1,27,35,28,-1,36,37,38,-1,38,37,39,-1,38,39,40,-1,40,39,41,-1,40,41,42,-1,42,41,43,-1,42,43,44,-1,44,43,45,-1,44,45,46,-1,46,45,47,-1,46,47,36,-1,36,47,37,-1,48,49,50,-1,50,49,51,-1,50,51,52,-1,52,51,53,-1,52,53,54,-1,54,53,55,-1,54,55,56,-1,56,55,57,-1,56,57,58,-1,58,57,59,-1,58,59,48,-1,48,59,49,-1,60,61,62,-1,62,61,25,-1,62,25,63,-1,63,25,23,-1,63,23,64,-1,64,23,19,-1,64,19,65,-1,65,19,66,-1,65,66,67,-1,67,66,68,-1,67,68,60,-1,60,68,61,-1,69,51,70,-1,70,51,61,-1,70,61,71,-1,71,61,68,-1,71,68,72,-1,72,68,66,-1,72,66,73,-1,73,66,55,-1,73,55,74,-1,74,55,53,-1,74,53,69,-1,69,53,51,-1,75,76,57,-1,43,77,78,-1,77,43,79,-1,79,43,41,-1,79,41,80,-1,80,41,39,-1,80,39,81,-1,57,76,59,-1,59,76,82,-1,59,82,49,-1,49,82,83,-1,49,83,84,-1,57,43,75,-1,75,43,78,-1,75,78,85,-1,85,78,86,-1,85,86,84,-1,84,86,81,-1,84,81,49,-1,49,81,39,-1,87,88,89,-1,89,88,90,-1,91,92,93,-1,90,88,94,-1,94,88,95,-1,94,95,96,-1,96,95,92,-1,96,92,97,-1,97,92,91,-1,97,91,98,-1,98,91,99,-1,98,99,89,-1,89,99,100,-1,89,100,87,-1,87,100,101,-1,87,101,102,-1,102,101,103,-1,102,103,93,-1,93,103,104,-1,93,104,91,-1,105,106,107,-1,107,106,37,-1,107,37,108,-1,108,37,47,-1,108,47,109,-1,109,47,45,-1,109,45,110,-1,110,45,111,-1,110,111,112,-1,112,111,113,-1,112,113,105,-1,105,113,106,-1,114,93,115,-1,115,93,106,-1,115,106,116,-1,116,106,113,-1,116,113,117,-1,117,113,111,-1,117,111,118,-1,118,111,87,-1,118,87,119,-1,119,87,102,-1,119,102,114,-1,114,102,93,-1,120,121,122,-1,122,121,92,-1,122,92,123,-1,123,92,95,-1,123,95,124,-1,124,95,88,-1,124,88,125,-1,125,88,126,-1,125,126,127,-1,127,126,128,-1,127,128,120,-1,120,128,121,-1,129,130,131,-1,131,130,121,-1,131,121,132,-1,132,121,128,-1,132,128,133,-1,133,128,126,-1,133,126,134,-1,134,126,135,-1,134,135,136,-1,136,135,137,-1,136,137,129,-1,129,137,130,-1,138,139,140,-1,140,139,130,-1,140,130,141,-1,141,130,137,-1,141,137,142,-1,142,137,135,-1,142,135,143,-1,143,135,144,-1,143,144,145,-1,145,144,146,-1,145,146,138,-1,138,146,139,-1,147,148,149,-1,5,4,149,-1,149,4,150,-1,149,150,147,-1,151,152,153,-1,3,152,154,-1,154,152,151,-1,154,151,155,-1,155,151,156,-1,155,156,147,-1,147,156,157,-1,147,157,148,-1,148,157,158,-1,148,158,159,-1,159,158,160,-1,159,160,153,-1,153,160,161,-1,153,161,151,-1,162,153,163,-1,163,153,7,-1,163,7,164,-1,164,7,17,-1,164,17,165,-1,165,17,15,-1,165,15,166,-1,166,15,148,-1,166,148,167,-1,167,148,159,-1,167,159,162,-1,162,159,153,-1,168,169,170,-1,170,169,171,-1,170,171,172,-1,172,171,173,-1,172,173,174,-1,174,173,175,-1,174,175,176,-1,176,175,177,-1,176,177,178,-1,178,177,179,-1,178,179,168,-1,168,179,169,-1,180,27,181,-1,181,27,169,-1,181,169,182,-1,182,169,179,-1,182,179,183,-1,183,179,177,-1,183,177,184,-1,184,177,18,-1,184,18,185,-1,185,18,33,-1,185,33,180,-1,180,33,27,-1,186,187,188,-1,188,187,189,-1,188,189,190,-1,190,189,191,-1,190,191,192,-1,192,191,193,-1,192,193,194,-1,194,193,195,-1,194,195,196,-1,196,195,197,-1,196,197,186,-1,186,197,187,-1,198,199,200,-1,200,199,187,-1,200,187,201,-1,201,187,197,-1,201,197,202,-1,202,197,195,-1,202,195,203,-1,203,195,204,-1,203,204,205,-1,205,204,206,-1,205,206,198,-1,198,206,199,-1,204,207,208,-1,208,207,209,-1,209,207,210,-1,210,207,211,-1,210,211,212,-1,212,211,213,-1,212,213,214,-1,213,199,214,-1,214,199,215,-1,214,215,216,-1,216,215,217,-1,216,217,208,-1,208,217,218,-1,208,218,204,-1,204,218,219,-1,204,219,206,-1,206,219,220,-1,206,220,199,-1,199,220,221,-1,199,221,215,-1,222,9,223,-1,223,9,213,-1,223,213,224,-1,224,213,211,-1,224,211,225,-1,225,211,207,-1,225,207,226,-1,226,207,13,-1,226,13,227,-1,227,13,11,-1,227,11,222,-1,222,11,9,-1,228,229,230,-1,230,229,231,-1,230,231,232,-1,232,231,233,-1,232,233,234,-1,234,233,235,-1,234,235,236,-1,236,235,237,-1,236,237,238,-1,238,237,239,-1,238,239,228,-1,228,239,229,-1,240,241,237,-1,242,243,244,-1,243,242,245,-1,245,242,246,-1,245,246,247,-1,247,246,248,-1,247,248,249,-1,237,241,239,-1,239,241,250,-1,239,250,229,-1,229,250,251,-1,229,251,252,-1,237,242,240,-1,240,242,244,-1,240,244,253,-1,253,244,254,-1,253,254,252,-1,252,254,249,-1,252,249,229,-1,229,249,248,-1,255,189,256,-1,256,189,248,-1,256,248,257,-1,257,248,246,-1,257,246,258,-1,258,246,242,-1,258,242,259,-1,259,242,193,-1,259,193,260,-1,260,193,191,-1,260,191,255,-1,255,191,189,-1,261,262,263,-1,263,262,264,-1,263,264,265,-1,265,264,266,-1,265,266,267,-1,267,266,268,-1,267,268,269,-1,269,268,270,-1,269,270,271,-1,271,270,272,-1,271,272,261,-1,261,272,262,-1,273,274,275,-1,275,274,262,-1,275,262,276,-1,276,262,272,-1,276,272,277,-1,277,272,270,-1,277,270,278,-1,278,270,279,-1,278,279,280,-1,280,279,281,-1,280,281,273,-1,273,281,274,-1,282,231,283,-1,283,231,274,-1,283,274,284,-1,284,274,281,-1,284,281,285,-1,285,281,279,-1,285,279,286,-1,286,279,235,-1,286,235,287,-1,287,235,233,-1,287,233,282,-1,282,233,231,-1,288,268,289,-1,289,268,290,-1,291,264,292,-1,290,268,293,-1,293,268,266,-1,293,266,294,-1,294,266,264,-1,294,264,295,-1,295,264,291,-1,295,291,296,-1,296,291,297,-1,296,297,289,-1,289,297,298,-1,289,298,288,-1,288,298,299,-1,288,299,300,-1,300,299,301,-1,300,301,292,-1,292,301,302,-1,292,302,291,-1,303,139,304,-1,304,139,146,-1,304,146,305,-1,305,146,144,-1,306,2,307,-1,308,309,310,-1,311,312,313,-1,313,312,314,-1,307,315,306,-1,306,315,316,-1,306,316,314,-1,314,316,308,-1,314,308,313,-1,313,308,310,-1,1,317,2,-1,2,317,318,-1,2,318,307,-1,307,318,319,-1,307,319,320,-1,311,321,322,-1,320,323,307,-1,307,323,324,-1,307,324,325,-1,322,326,311,-1,311,326,327,-1,311,327,312,-1,312,327,328,-1,312,328,329,-1,325,330,307,-1,307,330,331,-1,307,331,311,-1,311,331,332,-1,311,332,321,-1,329,0,312,-1,312,0,2,-1,312,2,333,-1,333,334,335,-1,336,337,338,-1,338,337,339,-1,338,339,340,-1,335,340,333,-1,333,340,339,-1,333,339,312,-1,312,339,341,-1,312,341,342,-1,342,341,343,-1,342,343,344,-1,344,343,345,-1,344,345,2,-1,2,345,346,-1,2,346,333,-1,344,347,342,-1,342,347,348,-1,342,348,349,-1,350,351,344,-1,344,351,352,-1,344,352,347,-1,347,352,353,-1,347,353,354,-1,354,353,355,-1,354,355,356,-1,357,358,359,-1,359,358,360,-1,359,360,361,-1,362,363,364,-1,364,363,365,-1,356,366,354,-1,354,366,367,-1,354,367,368,-1,369,370,354,-1,354,370,371,-1,372,373,374,-1,374,373,375,-1,371,376,354,-1,354,376,375,-1,354,375,377,-1,377,375,373,-1,368,378,354,-1,354,378,379,-1,354,379,369,-1,365,380,364,-1,364,380,381,-1,364,381,344,-1,344,381,382,-1,344,382,350,-1,349,383,342,-1,342,383,384,-1,342,384,359,-1,359,384,385,-1,359,385,357,-1,361,386,359,-1,359,386,387,-1,359,387,364,-1,364,387,388,-1,364,388,362,-1,389,390,364,-1,364,390,391,-1,364,391,359,-1,359,391,392,-1,359,392,149,-1,149,392,393,-1,149,393,5,-1,5,393,394,-1,5,394,364,-1,364,394,389,-1,3,5,152,-1,152,5,364,-1,152,364,395,-1,395,364,344,-1,395,344,396,-1,396,344,2,-1,396,2,397,-1,397,2,306,-1,397,306,398,-1,398,306,399,-1,398,399,171,-1,171,399,400,-1,171,400,173,-1,173,400,401,-1,173,401,175,-1,175,401,402,-1,175,402,314,-1,314,402,403,-1,314,403,306,-1,306,403,404,-1,306,404,399,-1,405,406,407,-1,407,406,408,-1,407,408,409,-1,410,411,408,-1,408,411,412,-1,408,412,409,-1,413,414,415,-1,416,417,418,-1,419,420,421,-1,422,423,424,-1,424,423,425,-1,424,425,426,-1,427,428,429,-1,429,428,430,-1,429,430,409,-1,431,432,433,-1,433,432,413,-1,434,435,436,-1,436,435,437,-1,438,439,440,-1,440,439,416,-1,441,442,412,-1,412,442,440,-1,412,440,409,-1,409,440,416,-1,409,416,429,-1,429,416,418,-1,443,444,430,-1,430,444,433,-1,430,433,409,-1,409,433,413,-1,409,413,445,-1,445,413,415,-1,437,446,447,-1,448,449,450,-1,450,449,419,-1,451,452,453,-1,453,452,454,-1,455,456,457,-1,457,456,458,-1,458,459,460,-1,461,462,463,-1,464,465,466,-1,466,465,450,-1,466,450,426,-1,426,450,419,-1,426,419,424,-1,424,419,421,-1,467,468,469,-1,469,468,470,-1,471,472,473,-1,473,472,461,-1,474,475,476,-1,476,475,453,-1,477,478,479,-1,479,478,480,-1,479,480,426,-1,463,466,461,-1,461,466,426,-1,461,426,473,-1,473,426,481,-1,473,481,482,-1,482,481,483,-1,454,484,485,-1,486,487,445,-1,445,487,457,-1,445,457,409,-1,409,457,458,-1,409,458,488,-1,488,458,460,-1,447,489,437,-1,437,489,409,-1,437,409,436,-1,436,409,488,-1,436,488,490,-1,490,488,491,-1,492,493,489,-1,489,493,476,-1,489,476,409,-1,409,476,453,-1,409,453,426,-1,426,453,454,-1,426,454,479,-1,479,454,485,-1,494,495,496,-1,496,495,497,-1,470,498,499,-1,500,501,502,-1,502,501,503,-1,503,504,505,-1,497,506,507,-1,505,481,503,-1,503,481,426,-1,503,426,502,-1,502,426,508,-1,502,508,509,-1,509,508,510,-1,511,512,480,-1,480,512,469,-1,480,469,426,-1,426,469,470,-1,426,470,513,-1,513,470,499,-1,507,508,497,-1,497,508,426,-1,497,426,496,-1,496,426,513,-1,496,513,514,-1,514,513,515,-1,516,517,467,-1,467,517,468,-1,518,519,520,-1,520,519,521,-1,522,523,524,-1,525,526,527,-1,528,529,530,-1,531,532,533,-1,534,535,536,-1,537,538,539,-1,540,541,542,-1,542,541,519,-1,543,541,544,-1,544,541,540,-1,544,540,545,-1,545,540,546,-1,547,548,549,-1,549,548,550,-1,551,545,552,-1,552,545,546,-1,552,546,553,-1,553,546,549,-1,553,549,554,-1,554,549,550,-1,555,556,557,-1,557,556,558,-1,559,560,561,-1,561,560,562,-1,561,562,563,-1,564,548,565,-1,565,548,547,-1,565,547,558,-1,558,547,560,-1,558,560,557,-1,557,560,559,-1,557,559,566,-1,567,568,569,-1,569,568,570,-1,570,571,569,-1,569,571,572,-1,569,572,562,-1,562,572,573,-1,562,573,563,-1,574,575,576,-1,576,575,577,-1,576,577,578,-1,579,568,580,-1,580,568,567,-1,580,567,581,-1,581,567,575,-1,581,575,582,-1,582,575,574,-1,583,584,585,-1,585,537,583,-1,583,537,539,-1,583,539,577,-1,577,539,586,-1,577,586,578,-1,587,588,589,-1,590,585,591,-1,591,585,584,-1,591,584,592,-1,592,584,587,-1,592,587,593,-1,593,587,589,-1,594,595,596,-1,596,595,588,-1,588,587,596,-1,596,587,597,-1,596,597,598,-1,598,597,599,-1,598,599,600,-1,601,602,603,-1,603,602,604,-1,603,604,599,-1,599,604,605,-1,599,605,600,-1,601,603,606,-1,606,603,607,-1,606,607,608,-1,609,610,611,-1,611,610,612,-1,613,614,615,-1,615,614,616,-1,616,617,615,-1,615,617,611,-1,615,611,607,-1,607,611,612,-1,607,612,608,-1,618,619,620,-1,621,619,622,-1,622,619,618,-1,622,618,623,-1,623,618,624,-1,625,618,613,-1,613,618,620,-1,613,620,614,-1,625,626,618,-1,618,626,627,-1,618,627,624,-1,624,627,628,-1,629,630,631,-1,631,630,627,-1,631,627,632,-1,632,627,626,-1,615,633,613,-1,613,633,634,-1,613,634,635,-1,636,637,638,-1,638,637,639,-1,638,639,635,-1,635,639,629,-1,635,629,613,-1,613,629,631,-1,613,631,625,-1,640,641,607,-1,607,641,642,-1,607,642,615,-1,615,642,643,-1,615,643,644,-1,640,645,641,-1,641,645,646,-1,641,646,644,-1,644,646,636,-1,644,636,615,-1,615,636,638,-1,615,638,633,-1,603,647,648,-1,648,649,640,-1,650,640,651,-1,651,640,607,-1,651,607,652,-1,652,607,603,-1,652,603,653,-1,653,603,648,-1,653,648,650,-1,650,648,640,-1,599,654,655,-1,655,656,647,-1,657,647,658,-1,658,647,603,-1,658,603,659,-1,659,603,599,-1,659,599,660,-1,660,599,655,-1,660,655,657,-1,657,655,647,-1,661,662,663,-1,663,662,664,-1,663,664,665,-1,665,664,654,-1,665,654,666,-1,666,654,599,-1,666,599,667,-1,667,599,597,-1,668,669,587,-1,587,669,670,-1,587,670,597,-1,597,670,671,-1,597,671,672,-1,668,673,669,-1,669,673,674,-1,669,674,672,-1,672,674,661,-1,672,661,597,-1,597,661,663,-1,597,663,667,-1,584,675,676,-1,677,678,679,-1,679,678,680,-1,679,680,681,-1,681,680,668,-1,681,668,682,-1,682,668,587,-1,682,587,683,-1,683,587,584,-1,683,584,684,-1,679,683,677,-1,677,683,684,-1,677,684,685,-1,685,684,686,-1,685,686,676,-1,676,686,687,-1,676,687,584,-1,584,687,688,-1,584,688,684,-1,689,690,583,-1,691,692,675,-1,583,690,584,-1,584,690,693,-1,584,693,675,-1,675,693,694,-1,675,694,691,-1,695,696,577,-1,577,696,697,-1,577,697,583,-1,583,697,698,-1,583,698,699,-1,695,700,696,-1,696,700,701,-1,696,701,699,-1,699,701,702,-1,699,702,583,-1,583,702,691,-1,583,691,689,-1,689,691,694,-1,703,704,705,-1,705,704,706,-1,705,706,707,-1,707,706,695,-1,707,695,708,-1,708,695,577,-1,708,577,709,-1,709,577,575,-1,709,575,705,-1,705,575,703,-1,567,710,711,-1,711,712,703,-1,713,703,714,-1,714,703,575,-1,714,575,715,-1,715,575,567,-1,715,567,716,-1,716,567,711,-1,716,711,713,-1,713,711,703,-1,569,717,718,-1,718,719,710,-1,720,710,721,-1,721,710,567,-1,721,567,722,-1,722,567,569,-1,722,569,723,-1,723,569,718,-1,723,718,720,-1,720,718,710,-1,724,717,725,-1,725,717,726,-1,725,726,727,-1,727,726,728,-1,727,728,562,-1,562,728,729,-1,562,729,569,-1,569,729,730,-1,569,730,717,-1,717,730,726,-1,560,731,732,-1,732,733,727,-1,734,727,735,-1,735,727,562,-1,735,562,736,-1,736,562,560,-1,736,560,737,-1,737,560,732,-1,737,732,734,-1,734,732,727,-1,547,738,739,-1,740,741,731,-1,739,742,536,-1,743,744,547,-1,547,744,745,-1,547,745,560,-1,560,745,746,-1,560,746,731,-1,731,746,534,-1,731,534,740,-1,740,534,536,-1,743,547,747,-1,747,547,739,-1,747,739,748,-1,748,739,536,-1,748,536,744,-1,744,536,535,-1,744,535,745,-1,749,738,750,-1,750,738,751,-1,750,751,752,-1,752,751,753,-1,752,753,549,-1,549,753,754,-1,549,754,547,-1,547,754,755,-1,547,755,738,-1,738,755,751,-1,546,756,757,-1,757,758,752,-1,759,752,760,-1,760,752,549,-1,760,549,761,-1,761,549,546,-1,761,546,762,-1,762,546,757,-1,762,757,759,-1,759,757,752,-1,763,756,764,-1,764,756,765,-1,764,765,766,-1,766,765,767,-1,766,767,540,-1,540,767,768,-1,540,768,546,-1,546,768,769,-1,546,769,756,-1,756,769,765,-1,542,770,517,-1,517,516,766,-1,771,766,772,-1,772,766,540,-1,772,540,773,-1,773,540,542,-1,773,542,774,-1,774,542,517,-1,774,517,771,-1,771,517,766,-1,775,770,776,-1,776,770,777,-1,776,777,778,-1,778,777,779,-1,778,779,524,-1,524,779,780,-1,524,780,542,-1,542,780,781,-1,542,781,770,-1,770,781,777,-1,782,783,784,-1,784,785,778,-1,786,782,787,-1,787,782,784,-1,787,784,788,-1,788,784,778,-1,788,778,789,-1,789,778,524,-1,789,524,786,-1,790,783,791,-1,791,783,792,-1,791,792,793,-1,793,792,794,-1,793,794,527,-1,527,794,795,-1,527,795,782,-1,782,795,796,-1,782,796,783,-1,783,796,792,-1,797,798,799,-1,799,798,800,-1,799,800,801,-1,801,800,802,-1,803,804,805,-1,805,804,806,-1,805,806,807,-1,807,806,793,-1,807,793,808,-1,808,793,527,-1,808,527,809,-1,809,527,810,-1,809,810,805,-1,805,810,801,-1,805,801,803,-1,803,801,802,-1,803,802,811,-1,812,813,814,-1,814,813,815,-1,814,815,816,-1,816,815,800,-1,816,800,817,-1,817,800,798,-1,817,798,818,-1,818,798,530,-1,819,820,821,-1,821,820,822,-1,821,822,823,-1,824,825,530,-1,530,825,819,-1,821,826,819,-1,819,826,812,-1,819,812,530,-1,530,812,814,-1,530,814,818,-1,827,828,829,-1,829,828,830,-1,829,830,831,-1,831,830,823,-1,831,823,832,-1,832,823,822,-1,832,822,833,-1,833,822,834,-1,835,836,837,-1,838,839,834,-1,834,839,840,-1,836,841,837,-1,837,841,842,-1,837,842,840,-1,840,842,827,-1,840,827,834,-1,834,827,829,-1,834,829,833,-1,843,844,845,-1,845,844,846,-1,845,846,847,-1,847,846,836,-1,847,836,848,-1,848,836,835,-1,848,835,849,-1,849,835,533,-1,850,851,852,-1,852,851,853,-1,852,853,854,-1,855,856,533,-1,533,856,850,-1,852,857,850,-1,850,857,843,-1,850,843,533,-1,533,843,845,-1,533,845,849,-1,858,859,853,-1,860,861,854,-1,853,859,854,-1,854,859,862,-1,854,862,860,-1,863,864,865,-1,866,867,863,-1,863,867,868,-1,868,867,869,-1,868,869,870,-1,871,872,873,-1,873,872,874,-1,873,874,870,-1,870,874,875,-1,870,875,868,-1,868,875,860,-1,868,860,876,-1,876,860,862,-1,873,867,871,-1,871,867,866,-1,871,866,877,-1,877,866,878,-1,877,878,865,-1,865,878,879,-1,865,879,863,-1,863,879,880,-1,863,880,866,-1,868,881,882,-1,883,884,885,-1,885,884,886,-1,886,863,885,-1,885,863,868,-1,885,868,887,-1,887,868,882,-1,853,888,889,-1,876,858,868,-1,868,858,853,-1,868,853,881,-1,881,853,889,-1,881,889,890,-1,891,892,532,-1,532,892,888,-1,532,888,533,-1,533,888,853,-1,533,853,855,-1,855,853,851,-1,893,894,531,-1,895,896,834,-1,834,896,835,-1,834,835,838,-1,838,835,837,-1,531,533,893,-1,893,533,835,-1,893,835,897,-1,897,835,896,-1,897,896,898,-1,895,834,899,-1,899,834,822,-1,899,822,900,-1,901,902,529,-1,529,902,900,-1,529,900,530,-1,530,900,822,-1,530,822,824,-1,824,822,820,-1,798,903,904,-1,904,905,798,-1,798,905,906,-1,798,906,530,-1,530,906,907,-1,530,907,528,-1,908,909,526,-1,526,909,903,-1,526,903,527,-1,527,903,798,-1,527,798,810,-1,810,798,797,-1,786,524,782,-1,782,524,523,-1,782,523,910,-1,910,911,782,-1,782,911,912,-1,782,912,527,-1,527,912,913,-1,527,913,525,-1,519,518,542,-1,542,518,914,-1,542,914,524,-1,524,914,915,-1,524,915,522,-1,916,917,918,-1,918,917,919,-1,920,921,922,-1,922,921,923,-1,922,923,924,-1,925,926,927,-1,927,926,928,-1,928,929,930,-1,931,932,933,-1,934,935,936,-1,936,935,937,-1,938,939,940,-1,940,939,941,-1,941,942,943,-1,944,945,946,-1,946,945,947,-1,948,949,950,-1,950,949,951,-1,950,951,952,-1,953,954,951,-1,951,954,936,-1,951,936,952,-1,952,936,937,-1,955,956,957,-1,919,958,959,-1,947,960,961,-1,962,963,923,-1,923,963,940,-1,923,940,924,-1,924,940,941,-1,924,941,964,-1,964,941,943,-1,965,966,967,-1,967,966,955,-1,968,969,970,-1,970,969,971,-1,971,972,973,-1,974,975,964,-1,964,975,967,-1,964,967,924,-1,924,967,955,-1,924,955,976,-1,976,955,957,-1,977,978,979,-1,980,981,982,-1,983,984,985,-1,985,984,986,-1,987,988,989,-1,989,988,931,-1,990,991,992,-1,992,991,918,-1,992,918,952,-1,952,918,919,-1,952,919,993,-1,993,919,959,-1,994,995,996,-1,996,995,980,-1,961,997,947,-1,947,997,952,-1,947,952,946,-1,946,952,993,-1,946,993,998,-1,998,993,999,-1,982,950,980,-1,980,950,952,-1,980,952,996,-1,996,952,997,-1,996,997,1000,-1,1000,997,1001,-1,973,1002,971,-1,971,1002,924,-1,971,924,970,-1,970,924,976,-1,970,976,1003,-1,1003,976,1004,-1,1005,1006,1007,-1,1007,1006,927,-1,933,992,931,-1,931,992,952,-1,931,952,989,-1,989,952,1008,-1,989,1008,1009,-1,1009,1008,1010,-1,986,1011,1012,-1,1013,1014,1015,-1,1015,1014,977,-1,520,521,1016,-1,1016,521,1017,-1,1016,1017,952,-1,979,1008,977,-1,977,1008,952,-1,977,952,1015,-1,1015,952,1018,-1,1015,1018,1019,-1,1019,1018,1020,-1,930,1016,928,-1,928,1016,952,-1,928,952,927,-1,927,952,924,-1,927,924,1007,-1,1007,924,1002,-1,1007,1002,1021,-1,1021,1002,1022,-1,1012,1018,986,-1,986,1018,952,-1,986,952,985,-1,985,952,1017,-1,985,1017,1023,-1,1023,1017,1024,-1,520,1016,518,-1,518,1016,914,-1,1017,521,541,-1,541,521,519,-1,467,469,516,-1,516,469,766,-1,470,468,770,-1,770,468,517,-1,292,264,426,-1,426,264,262,-1,262,274,426,-1,426,274,231,-1,426,231,229,-1,229,248,426,-1,426,248,189,-1,426,189,409,-1,409,189,187,-1,37,106,409,-1,409,61,51,-1,187,199,409,-1,409,199,213,-1,409,213,9,-1,51,49,409,-1,409,49,39,-1,409,39,37,-1,106,93,409,-1,409,93,92,-1,409,92,121,-1,121,130,409,-1,409,130,139,-1,409,139,303,-1,9,7,409,-1,409,7,153,-1,409,153,152,-1,152,395,409,-1,409,395,396,-1,409,396,397,-1,397,398,409,-1,409,398,171,-1,409,171,169,-1,169,27,409,-1,409,27,25,-1,409,25,61,-1,305,144,952,-1,952,144,135,-1,952,135,126,-1,126,88,952,-1,952,88,87,-1,952,87,111,-1,111,45,952,-1,952,45,43,-1,952,43,924,-1,924,43,57,-1,924,207,204,-1,57,55,924,-1,924,55,66,-1,924,66,19,-1,204,195,924,-1,924,195,193,-1,924,193,242,-1,242,237,924,-1,924,237,235,-1,924,235,279,-1,279,270,924,-1,924,270,268,-1,924,268,288,-1,19,18,924,-1,924,18,177,-1,924,177,175,-1,175,314,924,-1,924,314,312,-1,924,312,342,-1,342,359,924,-1,924,359,149,-1,924,149,148,-1,148,15,924,-1,924,15,13,-1,924,13,207,-1,
        ]
    }
}
Shape{
    appearance Appearance {
        material  Material 	{
            diffuseColor 0.7529411764705882 0.7529411764705882 0.7529411764705882
            specularColor 0.3764705882352941 0.3764705882352941 0.3764705882352941
            ambientIntensity 0.2
            transparency 0
            shininess 0.5
        }
    }
    geometry IndexedFaceSet {
        ccw TRUE
        solid FALSE
        coord DEF co Coordinate {
            point [
                2.998 -0.0984 -0.2756, 2.8012 -0.0984 -0.2756, 2.8012 -0.091 -0.3316, 2.998 -0.091 -0.3316, 2.8012 -0.0694 -0.3839, 2.998 -0.0694 -0.3839, 2.8012 -0.035 -0.4287, 2.998 -0.035 -0.4287, 2.8012 0.0098 -0.4631, 2.998 0.0098 -0.4631, 2.8012 0.0621 -0.4847, 2.998 0.0621 -0.4847, 2.8012 0.1181 -0.4921, 2.998 0.1181 -0.4921, 2.998 0.748 -0.4921, 2.8012 0.748 -0.4921, 2.8694 0.8661 -0.4239, 2.8694 0.8661 -0.3635, 2.9298 0.8661 -0.4239, 2.9298 0.8661 -0.3635, 2.8012 0.748 -0.2953, 2.8012 0.1181 -0.2953, 2.998 0.748 -0.2953, 2.998 0.1181 -0.2953, 2.998 0.113 -0.2946, 2.8012 0.113 -0.2946, 2.998 0.1083 -0.2926, 2.8012 0.1083 -0.2926, 2.998 0.1042 -0.2895, 2.8012 0.1042 -0.2895, 2.998 0.1011 -0.2854, 2.8012 0.1011 -0.2854, 2.998 0.0991 -0.2807, 2.8012 0.0991 -0.2807, 2.998 0.0984 -0.2756, 2.8012 0.0984 -0.2756, 2.8012 0.0452 0.1181, 2.8012 0.0984 0.1181, 2.8012 -0.0984 0.1181, 2.998 0.0452 0.1181, 2.998 -0.0984 0.1181, 2.998 0.0984 0.1181, 2.998 0.0984 2.2441, 2.998 0.0984 0.7874, 2.8012 0.0984 2.2441, 2.8012 0.0984 0.7874, 2.8694 0.0302 2.3622, 2.8694 -0.0302 2.3622, 2.9298 0.0302 2.3622, 2.9298 -0.0302 2.3622, 2.8012 -0.0984 2.2441, 2.8012 -0.0984 0.7874, 2.998 -0.0984 2.2441, 2.998 -0.0984 0.7874, 2.998 -0.0984 0.7874
            ]
        }
        coordIndex [
            0,1,2,-1,0,2,3,-1,3,2,4,-1,3,4,5,-1,5,4,6,-1,5,6,7,-1,7,6,8,-1,7,8,9,-1,9,8,10,-1,9,10,11,-1,11,10,12,-1,11,12,13,-1,14,13,15,-1,15,13,12,-1,16,17,18,-1,18,17,19,-1,20,21,22,-1,22,21,23,-1,23,21,24,-1,24,21,25,-1,24,25,26,-1,26,25,27,-1,26,27,28,-1,28,27,29,-1,28,29,30,-1,30,29,31,-1,30,31,32,-1,32,31,33,-1,32,33,34,-1,34,33,35,-1,36,37,35,-1,20,15,21,-1,21,15,12,-1,21,12,25,-1,25,12,10,-1,25,10,27,-1,27,10,8,-1,27,8,29,-1,29,8,6,-1,29,6,31,-1,31,6,4,-1,31,4,33,-1,33,4,2,-1,33,2,35,-1,35,2,1,-1,35,1,36,-1,36,1,38,-1,39,40,0,-1,41,39,34,-1,34,39,0,-1,34,0,32,-1,32,0,3,-1,32,3,30,-1,30,3,5,-1,30,5,28,-1,28,5,7,-1,28,7,26,-1,26,7,9,-1,26,9,24,-1,24,9,11,-1,24,11,23,-1,23,11,13,-1,23,13,22,-1,22,13,14,-1,38,1,40,-1,40,1,0,-1,34,35,41,-1,41,35,37,-1,42,43,44,-1,44,43,45,-1,46,47,48,-1,48,47,49,-1,50,51,52,-1,52,51,53,-1,52,53,42,-1,42,53,43,-1,44,45,50,-1,50,45,51,-1,22,19,20,-1,20,19,17,-1,14,18,22,-1,22,18,19,-1,16,15,17,-1,17,15,20,-1,15,16,14,-1,14,16,18,-1,52,49,50,-1,50,49,47,-1,42,48,52,-1,52,48,49,-1,46,44,47,-1,47,44,50,-1,44,46,42,-1,42,46,48,-1,
        ]
    }
}
Shape{
    appearance Appearance {
        material  Material 	{
            diffuseColor 0.2235294117647059 0.2235294117647059 0.2235294117647059
            specularColor 0.11372549019607843 0.11372549019607843 0.11372549019607843
            ambientIntensity 0.2
            transparency 0
            shininess 0.5
        }
    }
    geometry IndexedFaceSet {
        ccw TRUE
        solid FALSE
        coord DEF co Coordinate {
            point [
                -3.0059 -0.315 0.0, -2.9272 -0.3937 0.0, -3.0059 -0.315 0.7874, -2.9272 -0.3937 0.7874, -2.9272 0.3937 0.0, -3.0059 0.315 0.0, -2.9272 0.3937 0.7874, -3.0059 0.315 0.7874, -2.2972 0.3937 0.0, -2.2972 0.3937 0.7874, -2.2185 0.315 0.0, -2.2185 0.315 0.7874, -2.2972 -0.3937 0.0, -2.2185 -0.315 0.0, -2.2972 -0.3937 0.7874, -2.2185 -0.315 0.7874, -2.2185 -0.315 0.7874
            ]
        }
        coordIndex [
            0,1,2,-1,2,1,3,-1,4,5,6,-1,6,5,7,-1,8,4,9,-1,9,4,6,-1,10,8,11,-1,11,8,9,-1,12,13,14,-1,14,13,15,-1,1,12,3,-1,3,12,14,-1,
        ]
    }
}
Shape{
    appearance Appearance {
        material  Material 	{
            diffuseColor 0.7529411764705882 0.7529411764705882 0.7529411764705882
            specularColor 0.3764705882352941 0.3764705882352941 0.3764705882352941
            ambientIntensity 0.2
            transparency 0
            shininess 0.5
        }
    }
    geometry IndexedFaceSet {
        ccw TRUE
        solid FALSE
        coord DEF co Coordinate {
            point [
                -2.5138 -0.0984 -0.2756, -2.7106 -0.0984 -0.2756, -2.5138 -0.0991 -0.2807, -2.7106 -0.0991 -0.2807, -2.5138 -0.1011 -0.2854, -2.7106 -0.1011 -0.2854, -2.5138 -0.1042 -0.2895, -2.7106 -0.1042 -0.2895, -2.5138 -0.1083 -0.2926, -2.7106 -0.1083 -0.2926, -2.5138 -0.113 -0.2946, -2.7106 -0.113 -0.2946, -2.5138 -0.1181 -0.2953, -2.7106 -0.1181 -0.2953, -2.5138 -0.748 -0.2953, -2.7106 -0.748 -0.2953, -2.6424 -0.8661 -0.3635, -2.6424 -0.8661 -0.4239, -2.582 -0.8661 -0.3635, -2.582 -0.8661 -0.4239, -2.7106 -0.748 -0.4921, -2.7106 -0.1181 -0.4921, -2.5138 -0.748 -0.4921, -2.5138 -0.1181 -0.4921, -2.7106 -0.0621 -0.4847, -2.5138 -0.0621 -0.4847, -2.7106 -0.0098 -0.4631, -2.5138 -0.0098 -0.4631, -2.7106 0.035 -0.4287, -2.5138 0.035 -0.4287, -2.7106 0.0694 -0.3839, -2.5138 0.0694 -0.3839, -2.7106 0.091 -0.3316, -2.5138 0.091 -0.3316, -2.7106 0.0984 -0.2756, -2.5138 0.0984 -0.2756, -2.5138 0.0452 0.1181, -2.5138 -0.0984 0.1181, -2.5138 0.0984 0.1181, -2.7106 0.0452 0.1181, -2.7106 0.0984 0.1181, -2.7106 -0.0984 0.1181, -2.5138 0.0984 2.2441, -2.5138 0.0984 0.7874, -2.7106 0.0984 2.2441, -2.7106 0.0984 0.7874, -2.7106 -0.0984 2.2441, -2.7106 -0.0984 0.7874, -2.5138 -0.0984 2.2441, -2.5138 -0.0984 0.7874, -2.6424 0.0302 2.3622, -2.6424 -0.0302 2.3622, -2.582 0.0302 2.3622, -2.582 -0.0302 2.3622, -2.582 -0.0302 2.3622
            ]
        }
        coordIndex [
            0,1,2,-1,2,1,3,-1,2,3,4,-1,4,3,5,-1,4,5,6,-1,6,5,7,-1,6,7,8,-1,8,7,9,-1,8,9,10,-1,10,9,11,-1,10,11,12,-1,12,11,13,-1,14,12,15,-1,15,12,13,-1,16,17,18,-1,18,17,19,-1,20,21,22,-1,22,21,23,-1,23,21,24,-1,23,24,25,-1,25,24,26,-1,25,26,27,-1,27,26,28,-1,27,28,29,-1,29,28,30,-1,29,30,31,-1,31,30,32,-1,31,32,33,-1,33,32,34,-1,33,34,35,-1,36,37,0,-1,38,36,35,-1,35,36,0,-1,35,0,33,-1,33,0,2,-1,33,2,31,-1,31,2,4,-1,31,4,29,-1,29,4,6,-1,29,6,27,-1,27,6,8,-1,27,8,25,-1,25,8,10,-1,25,10,23,-1,23,10,12,-1,23,12,22,-1,22,12,14,-1,39,40,34,-1,41,39,1,-1,1,39,34,-1,1,34,3,-1,3,34,32,-1,3,32,5,-1,5,32,30,-1,5,30,7,-1,7,30,28,-1,7,28,9,-1,9,28,26,-1,9,26,11,-1,11,26,24,-1,11,24,13,-1,13,24,21,-1,13,21,15,-1,15,21,20,-1,1,0,41,-1,41,0,37,-1,38,35,40,-1,40,35,34,-1,42,43,44,-1,44,43,45,-1,46,47,48,-1,48,47,49,-1,48,49,42,-1,42,49,43,-1,44,45,46,-1,46,45,47,-1,50,51,52,-1,52,51,53,-1,22,19,20,-1,20,19,17,-1,14,18,22,-1,22,18,19,-1,16,15,17,-1,17,15,20,-1,15,16,14,-1,14,16,18,-1,48,53,46,-1,46,53,51,-1,42,52,48,-1,48,52,53,-1,50,44,51,-1,51,44,46,-1,44,50,42,-1,42,50,52,-1,
        ]
    }
}
Shape{
    appearance Appearance {
        material  Material 	{
            diffuseColor 0.2235294117647059 0.2235294117647059 0.2235294117647059
            specularColor 0.11372549019607843 0.11372549019607843 0.11372549019607843
            ambientIntensity 0.2
            transparency 0
            shininess 0.5
        }
    }
    geometry IndexedFaceSet {
        ccw TRUE
        solid FALSE
        coord DEF co Coordinate {
            point [
                -8.439 0.3937 0.7874, -7.8091 0.3937 0.7874, -8.439 0.3937 0.0, -7.8091 0.3937 0.0, -7.8091 -0.3937 0.7874, -8.439 -0.3937 0.7874, -7.8091 -0.3937 0.0, -8.439 -0.3937 0.0, -7.7303 -0.315 0.0, -7.7303 -0.315 0.7874, -8.5177 -0.315 0.0, -8.5177 -0.315 0.7874, -8.5177 0.315 0.0, -8.5177 0.315 0.7874, -7.7303 0.315 0.0, -7.7303 0.315 0.7874, -7.7303 0.315 0.7874
            ]
        }
        coordIndex [
            0,1,2,-1,2,1,3,-1,4,5,6,-1,6,5,7,-1,6,8,4,-1,4,8,9,-1,10,7,11,-1,11,7,5,-1,2,12,0,-1,0,12,13,-1,14,3,15,-1,15,3,1,-1,
        ]
    }
}
Shape{
    appearance Appearance {
        material  Material 	{
            diffuseColor 0.7529411764705882 0.7529411764705882 0.7529411764705882
            specularColor 0.3764705882352941 0.3764705882352941 0.3764705882352941
            ambientIntensity 0.2
            transparency 0
            shininess 0.5
        }
    }
    geometry IndexedFaceSet {
        ccw TRUE
        solid FALSE
        coord DEF co Coordinate {
            point [
                -8.0256 -0.0984 -0.2756, -8.2224 -0.0984 -0.2756, -8.2224 -0.091 -0.3316, -8.0256 -0.091 -0.3316, -8.2224 -0.0694 -0.3839, -8.0256 -0.0694 -0.3839, -8.2224 -0.035 -0.4287, -8.0256 -0.035 -0.4287, -8.2224 0.0098 -0.4631, -8.0256 0.0098 -0.4631, -8.2224 0.0621 -0.4847, -8.0256 0.0621 -0.4847, -8.2224 0.1181 -0.4921, -8.0256 0.1181 -0.4921, -8.0256 0.748 -0.4921, -8.2224 0.748 -0.4921, -8.1542 0.8661 -0.4239, -8.1542 0.8661 -0.3635, -8.0938 0.8661 -0.4239, -8.0938 0.8661 -0.3635, -8.2224 0.748 -0.2953, -8.2224 0.1181 -0.2953, -8.0256 0.748 -0.2953, -8.0256 0.1181 -0.2953, -8.0256 0.113 -0.2946, -8.2224 0.113 -0.2946, -8.0256 0.1083 -0.2926, -8.2224 0.1083 -0.2926, -8.0256 0.1042 -0.2895, -8.2224 0.1042 -0.2895, -8.0256 0.1011 -0.2854, -8.2224 0.1011 -0.2854, -8.0256 0.0991 -0.2807, -8.2224 0.0991 -0.2807, -8.0256 0.0984 -0.2756, -8.2224 0.0984 -0.2756, -8.2224 0.0452 0.1181, -8.2224 0.0984 0.1181, -8.2224 -0.0984 0.1181, -8.0256 0.0452 0.1181, -8.0256 -0.0984 0.1181, -8.0256 0.0984 0.1181, -8.0256 0.0984 2.2441, -8.0256 0.0984 0.7874, -8.2224 0.0984 2.2441, -8.2224 0.0984 0.7874, -8.1542 0.0302 2.3622, -8.1542 -0.0302 2.3622, -8.0938 0.0302 2.3622, -8.0938 -0.0302 2.3622, -8.2224 -0.0984 2.2441, -8.2224 -0.0984 0.7874, -8.0256 -0.0984 2.2441, -8.0256 -0.0984 0.7874, -8.0256 -0.0984 0.7874
            ]
        }
        coordIndex [
            0,1,2,-1,0,2,3,-1,3,2,4,-1,3,4,5,-1,5,4,6,-1,5,6,7,-1,7,6,8,-1,7,8,9,-1,9,8,10,-1,9,10,11,-1,11,10,12,-1,11,12,13,-1,14,13,15,-1,15,13,12,-1,16,17,18,-1,18,17,19,-1,20,21,22,-1,22,21,23,-1,23,21,24,-1,24,21,25,-1,24,25,26,-1,26,25,27,-1,26,27,28,-1,28,27,29,-1,28,29,30,-1,30,29,31,-1,30,31,32,-1,32,31,33,-1,32,33,34,-1,34,33,35,-1,36,37,35,-1,20,15,21,-1,21,15,12,-1,21,12,25,-1,25,12,10,-1,25,10,27,-1,27,10,8,-1,27,8,29,-1,29,8,6,-1,29,6,31,-1,31,6,4,-1,31,4,33,-1,33,4,2,-1,33,2,35,-1,35,2,1,-1,35,1,36,-1,36,1,38,-1,39,40,0,-1,41,39,34,-1,34,39,0,-1,34,0,32,-1,32,0,3,-1,32,3,30,-1,30,3,5,-1,30,5,28,-1,28,5,7,-1,28,7,26,-1,26,7,9,-1,26,9,24,-1,24,9,11,-1,24,11,23,-1,23,11,13,-1,23,13,22,-1,22,13,14,-1,38,1,40,-1,40,1,0,-1,34,35,41,-1,41,35,37,-1,42,43,44,-1,44,43,45,-1,46,47,48,-1,48,47,49,-1,50,51,52,-1,52,51,53,-1,52,53,42,-1,42,53,43,-1,44,45,50,-1,50,45,51,-1,22,19,20,-1,20,19,17,-1,14,18,22,-1,22,18,19,-1,16,15,17,-1,17,15,20,-1,15,16,14,-1,14,16,18,-1,52,49,50,-1,50,49,47,-1,42,48,52,-1,52,48,49,-1,46,44,47,-1,47,44,50,-1,44,46,42,-1,42,46,48,-1,
        ]
    }
}
Shape{
    appearance Appearance {
        material  Material 	{
            diffuseColor 0.2235294117647059 0.2235294117647059 0.2235294117647059
            specularColor 0.11372549019607843 0.11372549019607843 0.11372549019607843
            ambientIntensity 0.2
            transparency 0
            shininess 0.5
        }
    }
    geometry IndexedFaceSet {
        ccw TRUE
        solid FALSE
        coord DEF co Coordinate {
            point [
                -6.1555 -0.315 0.0, -6.0768 -0.3937 0.0, -6.1555 -0.315 0.7874, -6.0768 -0.3937 0.7874, -6.0768 0.3937 0.0, -6.1555 0.315 0.0, -6.0768 0.3937 0.7874, -6.1555 0.315 0.7874, -5.4469 0.3937 0.0, -5.4469 0.3937 0.7874, -5.3681 0.315 0.0, -5.3681 0.315 0.7874, -5.4469 -0.3937 0.0, -5.3681 -0.315 0.0, -5.4469 -0.3937 0.7874, -5.3681 -0.315 0.7874, -5.3681 -0.315 0.7874
            ]
        }
        coordIndex [
            0,1,2,-1,2,1,3,-1,4,5,6,-1,6,5,7,-1,8,4,9,-1,9,4,6,-1,10,8,11,-1,11,8,9,-1,12,13,14,-1,14,13,15,-1,1,12,3,-1,3,12,14,-1,
        ]
    }
}
Shape{
    appearance Appearance {
        material  Material 	{
            diffuseColor 0.7529411764705882 0.7529411764705882 0.7529411764705882
            specularColor 0.3764705882352941 0.3764705882352941 0.3764705882352941
            ambientIntensity 0.2
            transparency 0
            shininess 0.5
        }
    }
    geometry IndexedFaceSet {
        ccw TRUE
        solid FALSE
        coord DEF co Coordinate {
            point [
                -5.6634 -0.0984 -0.2756, -5.8602 -0.0984 -0.2756, -5.6634 -0.0991 -0.2807, -5.8602 -0.0991 -0.2807, -5.6634 -0.1011 -0.2854, -5.8602 -0.1011 -0.2854, -5.6634 -0.1042 -0.2895, -5.8602 -0.1042 -0.2895, -5.6634 -0.1083 -0.2926, -5.8602 -0.1083 -0.2926, -5.6634 -0.113 -0.2946, -5.8602 -0.113 -0.2946, -5.6634 -0.1181 -0.2953, -5.8602 -0.1181 -0.2953, -5.6634 -0.748 -0.2953, -5.8602 -0.748 -0.2953, -5.792 -0.8661 -0.3635, -5.792 -0.8661 -0.4239, -5.7316 -0.8661 -0.3635, -5.7316 -0.8661 -0.4239, -5.8602 -0.748 -0.4921, -5.8602 -0.1181 -0.4921, -5.6634 -0.748 -0.4921, -5.6634 -0.1181 -0.4921, -5.8602 -0.0621 -0.4847, -5.6634 -0.0621 -0.4847, -5.8602 -0.0098 -0.4631, -5.6634 -0.0098 -0.4631, -5.8602 0.035 -0.4287, -5.6634 0.035 -0.4287, -5.8602 0.0694 -0.3839, -5.6634 0.0694 -0.3839, -5.8602 0.091 -0.3316, -5.6634 0.091 -0.3316, -5.8602 0.0984 -0.2756, -5.6634 0.0984 -0.2756, -5.6634 0.0452 0.1181, -5.6634 -0.0984 0.1181, -5.6634 0.0984 0.1181, -5.8602 0.0452 0.1181, -5.8602 0.0984 0.1181, -5.8602 -0.0984 0.1181, -5.6634 0.0984 2.2441, -5.6634 0.0984 0.7874, -5.8602 0.0984 2.2441, -5.8602 0.0984 0.7874, -5.8602 -0.0984 2.2441, -5.8602 -0.0984 0.7874, -5.6634 -0.0984 2.2441, -5.6634 -0.0984 0.7874, -5.792 0.0302 2.3622, -5.792 -0.0302 2.3622, -5.7316 0.0302 2.3622, -5.7316 -0.0302 2.3622, -5.7316 -0.0302 2.3622
            ]
        }
        coordIndex [
            0,1,2,-1,2,1,3,-1,2,3,4,-1,4,3,5,-1,4,5,6,-1,6,5,7,-1,6,7,8,-1,8,7,9,-1,8,9,10,-1,10,9,11,-1,10,11,12,-1,12,11,13,-1,14,12,15,-1,15,12,13,-1,16,17,18,-1,18,17,19,-1,20,21,22,-1,22,21,23,-1,23,21,24,-1,23,24,25,-1,25,24,26,-1,25,26,27,-1,27,26,28,-1,27,28,29,-1,29,28,30,-1,29,30,31,-1,31,30,32,-1,31,32,33,-1,33,32,34,-1,33,34,35,-1,36,37,0,-1,38,36,35,-1,35,36,0,-1,35,0,33,-1,33,0,2,-1,33,2,31,-1,31,2,4,-1,31,4,29,-1,29,4,6,-1,29,6,27,-1,27,6,8,-1,27,8,25,-1,25,8,10,-1,25,10,23,-1,23,10,12,-1,23,12,22,-1,22,12,14,-1,39,40,34,-1,41,39,1,-1,1,39,34,-1,1,34,3,-1,3,34,32,-1,3,32,5,-1,5,32,30,-1,5,30,7,-1,7,30,28,-1,7,28,9,-1,9,28,26,-1,9,26,11,-1,11,26,24,-1,11,24,13,-1,13,24,21,-1,13,21,15,-1,15,21,20,-1,1,0,41,-1,41,0,37,-1,38,35,40,-1,40,35,34,-1,42,43,44,-1,44,43,45,-1,46,47,48,-1,48,47,49,-1,48,49,42,-1,42,49,43,-1,44,45,46,-1,46,45,47,-1,50,51,52,-1,52,51,53,-1,22,19,20,-1,20,19,17,-1,14,18,22,-1,22,18,19,-1,16,15,17,-1,17,15,20,-1,15,16,14,-1,14,16,18,-1,48,53,46,-1,46,53,51,-1,42,52,48,-1,48,52,53,-1,50,44,51,-1,51,44,46,-1,44,50,42,-1,42,50,52,-1,
        ]
    }
}
Shape{
    appearance Appearance {
        material  Material 	{
            diffuseColor 0.2235294117647059 0.2235294117647059 0.2235294117647059
            specularColor 0.11372549019607843 0.11372549019607843 0.11372549019607843
            ambientIntensity 0.2
            transparency 0
            shininess 0.5
        }
    }
    geometry IndexedFaceSet {
        ccw TRUE
        solid FALSE
        coord DEF co Coordinate {
            point [
                -3.7146 0.3937 0.7874, -3.0846 0.3937 0.7874, -3.7146 0.3937 0.0, -3.0846 0.3937 0.0, -3.0846 -0.3937 0.7874, -3.7146 -0.3937 0.7874, -3.0846 -0.3937 0.0, -3.7146 -0.3937 0.0, -3.0059 -0.315 0.0, -3.0059 -0.315 0.7874, -3.7933 -0.315 0.0, -3.7933 -0.315 0.7874, -3.7933 0.315 0.0, -3.7933 0.315 0.7874, -3.0059 0.315 0.0, -3.0059 0.315 0.7874, -3.0059 0.315 0.7874
            ]
        }
        coordIndex [
            0,1,2,-1,2,1,3,-1,4,5,6,-1,6,5,7,-1,6,8,4,-1,4,8,9,-1,10,7,11,-1,11,7,5,-1,2,12,0,-1,0,12,13,-1,14,3,15,-1,15,3,1,-1,
        ]
    }
}
Shape{
    appearance Appearance {
        material  Material 	{
            diffuseColor 0.7529411764705882 0.7529411764705882 0.7529411764705882
            specularColor 0.3764705882352941 0.3764705882352941 0.3764705882352941
            ambientIntensity 0.2
            transparency 0
            shininess 0.5
        }
    }
    geometry IndexedFaceSet {
        ccw TRUE
        solid FALSE
        coord DEF co Coordinate {
            point [
                -3.3012 -0.0984 -0.2756, -3.498 -0.0984 -0.2756, -3.498 -0.091 -0.3316, -3.3012 -0.091 -0.3316, -3.498 -0.0694 -0.3839, -3.3012 -0.0694 -0.3839, -3.498 -0.035 -0.4287, -3.3012 -0.035 -0.4287, -3.498 0.0098 -0.4631, -3.3012 0.0098 -0.4631, -3.498 0.0621 -0.4847, -3.3012 0.0621 -0.4847, -3.498 0.1181 -0.4921, -3.3012 0.1181 -0.4921, -3.3012 0.748 -0.4921, -3.498 0.748 -0.4921, -3.4298 0.8661 -0.4239, -3.4298 0.8661 -0.3635, -3.3694 0.8661 -0.4239, -3.3694 0.8661 -0.3635, -3.498 0.748 -0.2953, -3.498 0.1181 -0.2953, -3.3012 0.748 -0.2953, -3.3012 0.1181 -0.2953, -3.3012 0.113 -0.2946, -3.498 0.113 -0.2946, -3.3012 0.1083 -0.2926, -3.498 0.1083 -0.2926, -3.3012 0.1042 -0.2895, -3.498 0.1042 -0.2895, -3.3012 0.1011 -0.2854, -3.498 0.1011 -0.2854, -3.3012 0.0991 -0.2807, -3.498 0.0991 -0.2807, -3.3012 0.0984 -0.2756, -3.498 0.0984 -0.2756, -3.498 0.0452 0.1181, -3.498 0.0984 0.1181, -3.498 -0.0984 0.1181, -3.3012 0.0452 0.1181, -3.3012 -0.0984 0.1181, -3.3012 0.0984 0.1181, -3.3012 0.0984 2.2441, -3.3012 0.0984 0.7874, -3.498 0.0984 2.2441, -3.498 0.0984 0.7874, -3.4298 0.0302 2.3622, -3.4298 -0.0302 2.3622, -3.3694 0.0302 2.3622, -3.3694 -0.0302 2.3622, -3.498 -0.0984 2.2441, -3.498 -0.0984 0.7874, -3.3012 -0.0984 2.2441, -3.3012 -0.0984 0.7874, -3.3012 -0.0984 0.7874
            ]
        }
        coordIndex [
            0,1,2,-1,0,2,3,-1,3,2,4,-1,3,4,5,-1,5,4,6,-1,5,6,7,-1,7,6,8,-1,7,8,9,-1,9,8,10,-1,9,10,11,-1,11,10,12,-1,11,12,13,-1,14,13,15,-1,15,13,12,-1,16,17,18,-1,18,17,19,-1,20,21,22,-1,22,21,23,-1,23,21,24,-1,24,21,25,-1,24,25,26,-1,26,25,27,-1,26,27,28,-1,28,27,29,-1,28,29,30,-1,30,29,31,-1,30,31,32,-1,32,31,33,-1,32,33,34,-1,34,33,35,-1,36,37,35,-1,20,15,21,-1,21,15,12,-1,21,12,25,-1,25,12,10,-1,25,10,27,-1,27,10,8,-1,27,8,29,-1,29,8,6,-1,29,6,31,-1,31,6,4,-1,31,4,33,-1,33,4,2,-1,33,2,35,-1,35,2,1,-1,35,1,36,-1,36,1,38,-1,39,40,0,-1,41,39,34,-1,34,39,0,-1,34,0,32,-1,32,0,3,-1,32,3,30,-1,30,3,5,-1,30,5,28,-1,28,5,7,-1,28,7,26,-1,26,7,9,-1,26,9,24,-1,24,9,11,-1,24,11,23,-1,23,11,13,-1,23,13,22,-1,22,13,14,-1,38,1,40,-1,40,1,0,-1,34,35,41,-1,41,35,37,-1,42,43,44,-1,44,43,45,-1,46,47,48,-1,48,47,49,-1,50,51,52,-1,52,51,53,-1,52,53,42,-1,42,53,43,-1,44,45,50,-1,50,45,51,-1,22,19,20,-1,20,19,17,-1,14,18,22,-1,22,18,19,-1,16,15,17,-1,17,15,20,-1,15,16,14,-1,14,16,18,-1,52,49,50,-1,50,49,47,-1,42,48,52,-1,52,48,49,-1,46,44,47,-1,47,44,50,-1,44,46,42,-1,42,46,48,-1,
        ]
    }
}
Shape{
    appearance Appearance {
        material  Material 	{
            diffuseColor 0.2235294117647059 0.2235294117647059 0.2235294117647059
            specularColor 0.11372549019607843 0.11372549019607843 0.11372549019607843
            ambientIntensity 0.2
            transparency 0
            shininess 0.5
        }
    }
    geometry IndexedFaceSet {
        ccw TRUE
        solid FALSE
        coord DEF co Coordinate {
            point [
                -4.5807 -0.315 0.0, -4.502 -0.3937 0.0, -4.5807 -0.315 0.7874, -4.502 -0.3937 0.7874, -4.502 0.3937 0.0, -4.5807 0.315 0.0, -4.502 0.3937 0.7874, -4.5807 0.315 0.7874, -3.872 0.3937 0.0, -3.872 0.3937 0.7874, -3.7933 0.315 0.0, -3.7933 0.315 0.7874, -3.872 -0.3937 0.0, -3.7933 -0.315 0.0, -3.872 -0.3937 0.7874, -3.7933 -0.315 0.7874, -3.7933 -0.315 0.7874
            ]
        }
        coordIndex [
            0,1,2,-1,2,1,3,-1,4,5,6,-1,6,5,7,-1,8,4,9,-1,9,4,6,-1,10,8,11,-1,11,8,9,-1,12,13,14,-1,14,13,15,-1,1,12,3,-1,3,12,14,-1,
        ]
    }
}
Shape{
    appearance Appearance {
        material  Material 	{
            diffuseColor 0.7529411764705882 0.7529411764705882 0.7529411764705882
            specularColor 0.3764705882352941 0.3764705882352941 0.3764705882352941
            ambientIntensity 0.2
            transparency 0
            shininess 0.5
        }
    }
    geometry IndexedFaceSet {
        ccw TRUE
        solid FALSE
        coord DEF co Coordinate {
            point [
                -4.0886 -0.0984 -0.2756, -4.2854 -0.0984 -0.2756, -4.0886 -0.0991 -0.2807, -4.2854 -0.0991 -0.2807, -4.0886 -0.1011 -0.2854, -4.2854 -0.1011 -0.2854, -4.0886 -0.1042 -0.2895, -4.2854 -0.1042 -0.2895, -4.0886 -0.1083 -0.2926, -4.2854 -0.1083 -0.2926, -4.0886 -0.113 -0.2946, -4.2854 -0.113 -0.2946, -4.0886 -0.1181 -0.2953, -4.2854 -0.1181 -0.2953, -4.0886 -0.748 -0.2953, -4.2854 -0.748 -0.2953, -4.2172 -0.8661 -0.3635, -4.2172 -0.8661 -0.4239, -4.1568 -0.8661 -0.3635, -4.1568 -0.8661 -0.4239, -4.2854 -0.748 -0.4921, -4.2854 -0.1181 -0.4921, -4.0886 -0.748 -0.4921, -4.0886 -0.1181 -0.4921, -4.2854 -0.0621 -0.4847, -4.0886 -0.0621 -0.4847, -4.2854 -0.0098 -0.4631, -4.0886 -0.0098 -0.4631, -4.2854 0.035 -0.4287, -4.0886 0.035 -0.4287, -4.2854 0.0694 -0.3839, -4.0886 0.0694 -0.3839, -4.2854 0.091 -0.3316, -4.0886 0.091 -0.3316, -4.2854 0.0984 -0.2756, -4.0886 0.0984 -0.2756, -4.0886 0.0452 0.1181, -4.0886 -0.0984 0.1181, -4.0886 0.0984 0.1181, -4.2854 0.0452 0.1181, -4.2854 0.0984 0.1181, -4.2854 -0.0984 0.1181, -4.0886 0.0984 2.2441, -4.0886 0.0984 0.7874, -4.2854 0.0984 2.2441, -4.2854 0.0984 0.7874, -4.2854 -0.0984 2.2441, -4.2854 -0.0984 0.7874, -4.0886 -0.0984 2.2441, -4.0886 -0.0984 0.7874, -4.2172 0.0302 2.3622, -4.2172 -0.0302 2.3622, -4.1568 0.0302 2.3622, -4.1568 -0.0302 2.3622, -4.1568 -0.0302 2.3622
            ]
        }
        coordIndex [
            0,1,2,-1,2,1,3,-1,2,3,4,-1,4,3,5,-1,4,5,6,-1,6,5,7,-1,6,7,8,-1,8,7,9,-1,8,9,10,-1,10,9,11,-1,10,11,12,-1,12,11,13,-1,14,12,15,-1,15,12,13,-1,16,17,18,-1,18,17,19,-1,20,21,22,-1,22,21,23,-1,23,21,24,-1,23,24,25,-1,25,24,26,-1,25,26,27,-1,27,26,28,-1,27,28,29,-1,29,28,30,-1,29,30,31,-1,31,30,32,-1,31,32,33,-1,33,32,34,-1,33,34,35,-1,36,37,0,-1,38,36,35,-1,35,36,0,-1,35,0,33,-1,33,0,2,-1,33,2,31,-1,31,2,4,-1,31,4,29,-1,29,4,6,-1,29,6,27,-1,27,6,8,-1,27,8,25,-1,25,8,10,-1,25,10,23,-1,23,10,12,-1,23,12,22,-1,22,12,14,-1,39,40,34,-1,41,39,1,-1,1,39,34,-1,1,34,3,-1,3,34,32,-1,3,32,5,-1,5,32,30,-1,5,30,7,-1,7,30,28,-1,7,28,9,-1,9,28,26,-1,9,26,11,-1,11,26,24,-1,11,24,13,-1,13,24,21,-1,13,21,15,-1,15,21,20,-1,1,0,41,-1,41,0,37,-1,38,35,40,-1,40,35,34,-1,42,43,44,-1,44,43,45,-1,46,47,48,-1,48,47,49,-1,48,49,42,-1,42,49,43,-1,44,45,46,-1,46,45,47,-1,50,51,52,-1,52,51,53,-1,22,19,20,-1,20,19,17,-1,14,18,22,-1,22,18,19,-1,16,15,17,-1,17,15,20,-1,15,16,14,-1,14,16,18,-1,48,53,46,-1,46,53,51,-1,42,52,48,-1,48,52,53,-1,50,44,51,-1,51,44,46,-1,44,50,42,-1,42,50,52,-1,
        ]
    }
}
Shape{
    appearance Appearance {
        material  Material 	{
            diffuseColor 0.2235294117647059 0.2235294117647059 0.2235294117647059
            specularColor 0.11372549019607843 0.11372549019607843 0.11372549019607843
            ambientIntensity 0.2
            transparency 0
            shininess 0.5
        }
    }
    geometry IndexedFaceSet {
        ccw TRUE
        solid FALSE
        coord DEF co Coordinate {
            point [
                -5.2894 0.3937 0.7874, -4.6594 0.3937 0.7874, -5.2894 0.3937 0.0, -4.6594 0.3937 0.0, -4.6594 -0.3937 0.7874, -5.2894 -0.3937 0.7874, -4.6594 -0.3937 0.0, -5.2894 -0.3937 0.0, -4.5807 -0.315 0.0, -4.5807 -0.315 0.7874, -5.3681 -0.315 0.0, -5.3681 -0.315 0.7874, -5.3681 0.315 0.0, -5.3681 0.315 0.7874, -4.5807 0.315 0.0, -4.5807 0.315 0.7874, -4.5807 0.315 0.7874
            ]
        }
        coordIndex [
            0,1,2,-1,2,1,3,-1,4,5,6,-1,6,5,7,-1,6,8,4,-1,4,8,9,-1,10,7,11,-1,11,7,5,-1,2,12,0,-1,0,12,13,-1,14,3,15,-1,15,3,1,-1,
        ]
    }
}
Shape{
    appearance Appearance {
        material  Material 	{
            diffuseColor 0.7529411764705882 0.7529411764705882 0.7529411764705882
            specularColor 0.3764705882352941 0.3764705882352941 0.3764705882352941
            ambientIntensity 0.2
            transparency 0
            shininess 0.5
        }
    }
    geometry IndexedFaceSet {
        ccw TRUE
        solid FALSE
        coord DEF co Coordinate {
            point [
                -4.876 -0.0984 -0.2756, -5.0728 -0.0984 -0.2756, -5.0728 -0.091 -0.3316, -4.876 -0.091 -0.3316, -5.0728 -0.0694 -0.3839, -4.876 -0.0694 -0.3839, -5.0728 -0.035 -0.4287, -4.876 -0.035 -0.4287, -5.0728 0.0098 -0.4631, -4.876 0.0098 -0.4631, -5.0728 0.0621 -0.4847, -4.876 0.0621 -0.4847, -5.0728 0.1181 -0.4921, -4.876 0.1181 -0.4921, -4.876 0.748 -0.4921, -5.0728 0.748 -0.4921, -5.0046 0.8661 -0.4239, -5.0046 0.8661 -0.3635, -4.9442 0.8661 -0.4239, -4.9442 0.8661 -0.3635, -5.0728 0.748 -0.2953, -5.0728 0.1181 -0.2953, -4.876 0.748 -0.2953, -4.876 0.1181 -0.2953, -4.876 0.113 -0.2946, -5.0728 0.113 -0.2946, -4.876 0.1083 -0.2926, -5.0728 0.1083 -0.2926, -4.876 0.1042 -0.2895, -5.0728 0.1042 -0.2895, -4.876 0.1011 -0.2854, -5.0728 0.1011 -0.2854, -4.876 0.0991 -0.2807, -5.0728 0.0991 -0.2807, -4.876 0.0984 -0.2756, -5.0728 0.0984 -0.2756, -5.0728 0.0452 0.1181, -5.0728 0.0984 0.1181, -5.0728 -0.0984 0.1181, -4.876 0.0452 0.1181, -4.876 -0.0984 0.1181, -4.876 0.0984 0.1181, -4.876 0.0984 2.2441, -4.876 0.0984 0.7874, -5.0728 0.0984 2.2441, -5.0728 0.0984 0.7874, -5.0046 0.0302 2.3622, -5.0046 -0.0302 2.3622, -4.9442 0.0302 2.3622, -4.9442 -0.0302 2.3622, -5.0728 -0.0984 2.2441, -5.0728 -0.0984 0.7874, -4.876 -0.0984 2.2441, -4.876 -0.0984 0.7874, -4.876 -0.0984 0.7874
            ]
        }
        coordIndex [
            0,1,2,-1,0,2,3,-1,3,2,4,-1,3,4,5,-1,5,4,6,-1,5,6,7,-1,7,6,8,-1,7,8,9,-1,9,8,10,-1,9,10,11,-1,11,10,12,-1,11,12,13,-1,14,13,15,-1,15,13,12,-1,16,17,18,-1,18,17,19,-1,20,21,22,-1,22,21,23,-1,23,21,24,-1,24,21,25,-1,24,25,26,-1,26,25,27,-1,26,27,28,-1,28,27,29,-1,28,29,30,-1,30,29,31,-1,30,31,32,-1,32,31,33,-1,32,33,34,-1,34,33,35,-1,36,37,35,-1,20,15,21,-1,21,15,12,-1,21,12,25,-1,25,12,10,-1,25,10,27,-1,27,10,8,-1,27,8,29,-1,29,8,6,-1,29,6,31,-1,31,6,4,-1,31,4,33,-1,33,4,2,-1,33,2,35,-1,35,2,1,-1,35,1,36,-1,36,1,38,-1,39,40,0,-1,41,39,34,-1,34,39,0,-1,34,0,32,-1,32,0,3,-1,32,3,30,-1,30,3,5,-1,30,5,28,-1,28,5,7,-1,28,7,26,-1,26,7,9,-1,26,9,24,-1,24,9,11,-1,24,11,23,-1,23,11,13,-1,23,13,22,-1,22,13,14,-1,38,1,40,-1,40,1,0,-1,34,35,41,-1,41,35,37,-1,42,43,44,-1,44,43,45,-1,46,47,48,-1,48,47,49,-1,50,51,52,-1,52,51,53,-1,52,53,42,-1,42,53,43,-1,44,45,50,-1,50,45,51,-1,22,19,20,-1,20,19,17,-1,14,18,22,-1,22,18,19,-1,16,15,17,-1,17,15,20,-1,15,16,14,-1,14,16,18,-1,52,49,50,-1,50,49,47,-1,42,48,52,-1,52,48,49,-1,46,44,47,-1,47,44,50,-1,44,46,42,-1,42,46,48,-1,
        ]
    }
}
Shape{
    appearance Appearance {
        material  Material 	{
            diffuseColor 0.2235294117647059 0.2235294117647059 0.2235294117647059
            specularColor 0.11372549019607843 0.11372549019607843 0.11372549019607843
            ambientIntensity 0.2
            transparency 0
            shininess 0.5
        }
    }
    geometry IndexedFaceSet {
        ccw TRUE
        solid FALSE
        coord DEF co Coordinate {
            point [
                -6.8642 0.3937 0.7874, -6.2343 0.3937 0.7874, -6.8642 0.3937 0.0, -6.2343 0.3937 0.0, -6.2343 -0.3937 0.7874, -6.8642 -0.3937 0.7874, -6.2343 -0.3937 0.0, -6.8642 -0.3937 0.0, -6.1555 -0.315 0.0, -6.1555 -0.315 0.7874, -6.9429 -0.315 0.0, -6.9429 -0.315 0.7874, -6.9429 0.315 0.0, -6.9429 0.315 0.7874, -6.1555 0.315 0.0, -6.1555 0.315 0.7874, -6.1555 0.315 0.7874
            ]
        }
        coordIndex [
            0,1,2,-1,2,1,3,-1,4,5,6,-1,6,5,7,-1,6,8,4,-1,4,8,9,-1,10,7,11,-1,11,7,5,-1,2,12,0,-1,0,12,13,-1,14,3,15,-1,15,3,1,-1,
        ]
    }
}
Shape{
    appearance Appearance {
        material  Material 	{
            diffuseColor 0.7529411764705882 0.7529411764705882 0.7529411764705882
            specularColor 0.3764705882352941 0.3764705882352941 0.3764705882352941
            ambientIntensity 0.2
            transparency 0
            shininess 0.5
        }
    }
    geometry IndexedFaceSet {
        ccw TRUE
        solid FALSE
        coord DEF co Coordinate {
            point [
                -6.4508 -0.0984 -0.2756, -6.6476 -0.0984 -0.2756, -6.6476 -0.091 -0.3316, -6.4508 -0.091 -0.3316, -6.6476 -0.0694 -0.3839, -6.4508 -0.0694 -0.3839, -6.6476 -0.035 -0.4287, -6.4508 -0.035 -0.4287, -6.6476 0.0098 -0.4631, -6.4508 0.0098 -0.4631, -6.6476 0.0621 -0.4847, -6.4508 0.0621 -0.4847, -6.6476 0.1181 -0.4921, -6.4508 0.1181 -0.4921, -6.4508 0.748 -0.4921, -6.6476 0.748 -0.4921, -6.5794 0.8661 -0.4239, -6.5794 0.8661 -0.3635, -6.519 0.8661 -0.4239, -6.519 0.8661 -0.3635, -6.6476 0.748 -0.2953, -6.6476 0.1181 -0.2953, -6.4508 0.748 -0.2953, -6.4508 0.1181 -0.2953, -6.4508 0.113 -0.2946, -6.6476 0.113 -0.2946, -6.4508 0.1083 -0.2926, -6.6476 0.1083 -0.2926, -6.4508 0.1042 -0.2895, -6.6476 0.1042 -0.2895, -6.4508 0.1011 -0.2854, -6.6476 0.1011 -0.2854, -6.4508 0.0991 -0.2807, -6.6476 0.0991 -0.2807, -6.4508 0.0984 -0.2756, -6.6476 0.0984 -0.2756, -6.6476 0.0452 0.1181, -6.6476 0.0984 0.1181, -6.6476 -0.0984 0.1181, -6.4508 0.0452 0.1181, -6.4508 -0.0984 0.1181, -6.4508 0.0984 0.1181, -6.4508 0.0984 2.2441, -6.4508 0.0984 0.7874, -6.6476 0.0984 2.2441, -6.6476 0.0984 0.7874, -6.5794 0.0302 2.3622, -6.5794 -0.0302 2.3622, -6.519 0.0302 2.3622, -6.519 -0.0302 2.3622, -6.6476 -0.0984 2.2441, -6.6476 -0.0984 0.7874, -6.4508 -0.0984 2.2441, -6.4508 -0.0984 0.7874, -6.4508 -0.0984 0.7874
            ]
        }
        coordIndex [
            0,1,2,-1,0,2,3,-1,3,2,4,-1,3,4,5,-1,5,4,6,-1,5,6,7,-1,7,6,8,-1,7,8,9,-1,9,8,10,-1,9,10,11,-1,11,10,12,-1,11,12,13,-1,14,13,15,-1,15,13,12,-1,16,17,18,-1,18,17,19,-1,20,21,22,-1,22,21,23,-1,23,21,24,-1,24,21,25,-1,24,25,26,-1,26,25,27,-1,26,27,28,-1,28,27,29,-1,28,29,30,-1,30,29,31,-1,30,31,32,-1,32,31,33,-1,32,33,34,-1,34,33,35,-1,36,37,35,-1,20,15,21,-1,21,15,12,-1,21,12,25,-1,25,12,10,-1,25,10,27,-1,27,10,8,-1,27,8,29,-1,29,8,6,-1,29,6,31,-1,31,6,4,-1,31,4,33,-1,33,4,2,-1,33,2,35,-1,35,2,1,-1,35,1,36,-1,36,1,38,-1,39,40,0,-1,41,39,34,-1,34,39,0,-1,34,0,32,-1,32,0,3,-1,32,3,30,-1,30,3,5,-1,30,5,28,-1,28,5,7,-1,28,7,26,-1,26,7,9,-1,26,9,24,-1,24,9,11,-1,24,11,23,-1,23,11,13,-1,23,13,22,-1,22,13,14,-1,38,1,40,-1,40,1,0,-1,34,35,41,-1,41,35,37,-1,42,43,44,-1,44,43,45,-1,46,47,48,-1,48,47,49,-1,50,51,52,-1,52,51,53,-1,52,53,42,-1,42,53,43,-1,44,45,50,-1,50,45,51,-1,22,19,20,-1,20,19,17,-1,14,18,22,-1,22,18,19,-1,16,15,17,-1,17,15,20,-1,15,16,14,-1,14,16,18,-1,52,49,50,-1,50,49,47,-1,42,48,52,-1,52,48,49,-1,46,44,47,-1,47,44,50,-1,44,46,42,-1,42,46,48,-1,
        ]
    }
}
Shape{
    appearance Appearance {
        material  Material 	{
            diffuseColor 0.2235294117647059 0.2235294117647059 0.2235294117647059
            specularColor 0.11372549019607843 0.11372549019607843 0.11372549019607843
            ambientIntensity 0.2
            transparency 0
            shininess 0.5
        }
    }
    geometry IndexedFaceSet {
        ccw TRUE
        solid FALSE
        coord DEF co Coordinate {
            point [
                -7.7303 -0.315 0.0, -7.6516 -0.3937 0.0, -7.7303 -0.315 0.7874, -7.6516 -0.3937 0.7874, -7.6516 0.3937 0.0, -7.7303 0.315 0.0, -7.6516 0.3937 0.7874, -7.7303 0.315 0.7874, -7.0217 0.3937 0.0, -7.0217 0.3937 0.7874, -6.9429 0.315 0.0, -6.9429 0.315 0.7874, -7.0217 -0.3937 0.0, -6.9429 -0.315 0.0, -7.0217 -0.3937 0.7874, -6.9429 -0.315 0.7874, -6.9429 -0.315 0.7874
            ]
        }
        coordIndex [
            0,1,2,-1,2,1,3,-1,4,5,6,-1,6,5,7,-1,8,4,9,-1,9,4,6,-1,10,8,11,-1,11,8,9,-1,12,13,14,-1,14,13,15,-1,1,12,3,-1,3,12,14,-1,
        ]
    }
}
Shape{
    appearance Appearance {
        material  Material 	{
            diffuseColor 0.7529411764705882 0.7529411764705882 0.7529411764705882
            specularColor 0.3764705882352941 0.3764705882352941 0.3764705882352941
            ambientIntensity 0.2
            transparency 0
            shininess 0.5
        }
    }
    geometry IndexedFaceSet {
        ccw TRUE
        solid FALSE
        coord DEF co Coordinate {
            point [
                -7.2382 -0.0984 -0.2756, -7.435 -0.0984 -0.2756, -7.2382 -0.0991 -0.2807, -7.435 -0.0991 -0.2807, -7.2382 -0.1011 -0.2854, -7.435 -0.1011 -0.2854, -7.2382 -0.1042 -0.2895, -7.435 -0.1042 -0.2895, -7.2382 -0.1083 -0.2926, -7.435 -0.1083 -0.2926, -7.2382 -0.113 -0.2946, -7.435 -0.113 -0.2946, -7.2382 -0.1181 -0.2953, -7.435 -0.1181 -0.2953, -7.2382 -0.748 -0.2953, -7.435 -0.748 -0.2953, -7.3668 -0.8661 -0.3635, -7.3668 -0.8661 -0.4239, -7.3064 -0.8661 -0.3635, -7.3064 -0.8661 -0.4239, -7.435 -0.748 -0.4921, -7.435 -0.1181 -0.4921, -7.2382 -0.748 -0.4921, -7.2382 -0.1181 -0.4921, -7.435 -0.0621 -0.4847, -7.2382 -0.0621 -0.4847, -7.435 -0.0098 -0.4631, -7.2382 -0.0098 -0.4631, -7.435 0.035 -0.4287, -7.2382 0.035 -0.4287, -7.435 0.0694 -0.3839, -7.2382 0.0694 -0.3839, -7.435 0.091 -0.3316, -7.2382 0.091 -0.3316, -7.435 0.0984 -0.2756, -7.2382 0.0984 -0.2756, -7.2382 0.0452 0.1181, -7.2382 -0.0984 0.1181, -7.2382 0.0984 0.1181, -7.435 0.0452 0.1181, -7.435 0.0984 0.1181, -7.435 -0.0984 0.1181, -7.2382 0.0984 2.2441, -7.2382 0.0984 0.7874, -7.435 0.0984 2.2441, -7.435 0.0984 0.7874, -7.435 -0.0984 2.2441, -7.435 -0.0984 0.7874, -7.2382 -0.0984 2.2441, -7.2382 -0.0984 0.7874, -7.3668 0.0302 2.3622, -7.3668 -0.0302 2.3622, -7.3064 0.0302 2.3622, -7.3064 -0.0302 2.3622, -7.3064 -0.0302 2.3622
            ]
        }
        coordIndex [
            0,1,2,-1,2,1,3,-1,2,3,4,-1,4,3,5,-1,4,5,6,-1,6,5,7,-1,6,7,8,-1,8,7,9,-1,8,9,10,-1,10,9,11,-1,10,11,12,-1,12,11,13,-1,14,12,15,-1,15,12,13,-1,16,17,18,-1,18,17,19,-1,20,21,22,-1,22,21,23,-1,23,21,24,-1,23,24,25,-1,25,24,26,-1,25,26,27,-1,27,26,28,-1,27,28,29,-1,29,28,30,-1,29,30,31,-1,31,30,32,-1,31,32,33,-1,33,32,34,-1,33,34,35,-1,36,37,0,-1,38,36,35,-1,35,36,0,-1,35,0,33,-1,33,0,2,-1,33,2,31,-1,31,2,4,-1,31,4,29,-1,29,4,6,-1,29,6,27,-1,27,6,8,-1,27,8,25,-1,25,8,10,-1,25,10,23,-1,23,10,12,-1,23,12,22,-1,22,12,14,-1,39,40,34,-1,41,39,1,-1,1,39,34,-1,1,34,3,-1,3,34,32,-1,3,32,5,-1,5,32,30,-1,5,30,7,-1,7,30,28,-1,7,28,9,-1,9,28,26,-1,9,26,11,-1,11,26,24,-1,11,24,13,-1,13,24,21,-1,13,21,15,-1,15,21,20,-1,1,0,41,-1,41,0,37,-1,38,35,40,-1,40,35,34,-1,42,43,44,-1,44,43,45,-1,46,47,48,-1,48,47,49,-1,48,49,42,-1,42,49,43,-1,44,45,46,-1,46,45,47,-1,50,51,52,-1,52,51,53,-1,22,19,20,-1,20,19,17,-1,14,18,22,-1,22,18,19,-1,16,15,17,-1,17,15,20,-1,15,16,14,-1,14,16,18,-1,48,53,46,-1,46,53,51,-1,42,52,48,-1,48,52,53,-1,50,44,51,-1,51,44,46,-1,44,50,42,-1,42,50,52,-1,
        ]
    }
}
Shape{
    appearance Appearance {
        material  Material 	{
            diffuseColor 0.2235294117647059 0.2235294117647059 0.2235294117647059
            specularColor 0.11372549019607843 0.11372549019607843 0.11372549019607843
            ambientIntensity 0.2
            transparency 0
            shininess 0.5
        }
    }
    geometry IndexedFaceSet {
        ccw TRUE
        solid FALSE
        coord DEF co Coordinate {
            point [
                -11.5886 0.3937 0.7874, -10.9587 0.3937 0.7874, -11.5886 0.3937 0.0, -10.9587 0.3937 0.0, -10.9587 -0.3937 0.7874, -11.5886 -0.3937 0.7874, -10.9587 -0.3937 0.0, -11.5886 -0.3937 0.0, -10.8799 -0.315 0.0, -10.8799 -0.315 0.7874, -11.6673 -0.315 0.0, -11.6673 -0.315 0.7874, -11.6673 0.315 0.0, -11.6673 0.315 0.7874, -10.8799 0.315 0.0, -10.8799 0.315 0.7874, -10.8799 0.315 0.7874
            ]
        }
        coordIndex [
            0,1,2,-1,2,1,3,-1,4,5,6,-1,6,5,7,-1,6,8,4,-1,4,8,9,-1,10,7,11,-1,11,7,5,-1,2,12,0,-1,0,12,13,-1,14,3,15,-1,15,3,1,-1,
        ]
    }
}
Shape{
    appearance Appearance {
        material  Material 	{
            diffuseColor 0.7529411764705882 0.7529411764705882 0.7529411764705882
            specularColor 0.3764705882352941 0.3764705882352941 0.3764705882352941
            ambientIntensity 0.2
            transparency 0
            shininess 0.5
        }
    }
    geometry IndexedFaceSet {
        ccw TRUE
        solid FALSE
        coord DEF co Coordinate {
            point [
                -11.1752 -0.0984 -0.2756, -11.372 -0.0984 -0.2756, -11.372 -0.091 -0.3316, -11.1752 -0.091 -0.3316, -11.372 -0.0694 -0.3839, -11.1752 -0.0694 -0.3839, -11.372 -0.035 -0.4287, -11.1752 -0.035 -0.4287, -11.372 0.0098 -0.4631, -11.1752 0.0098 -0.4631, -11.372 0.0621 -0.4847, -11.1752 0.0621 -0.4847, -11.372 0.1181 -0.4921, -11.1752 0.1181 -0.4921, -11.1752 0.748 -0.4921, -11.372 0.748 -0.4921, -11.3039 0.8661 -0.4239, -11.3039 0.8661 -0.3635, -11.2434 0.8661 -0.4239, -11.2434 0.8661 -0.3635, -11.372 0.748 -0.2953, -11.372 0.1181 -0.2953, -11.1752 0.748 -0.2953, -11.1752 0.1181 -0.2953, -11.1752 0.113 -0.2946, -11.372 0.113 -0.2946, -11.1752 0.1083 -0.2926, -11.372 0.1083 -0.2926, -11.1752 0.1042 -0.2895, -11.372 0.1042 -0.2895, -11.1752 0.1011 -0.2854, -11.372 0.1011 -0.2854, -11.1752 0.0991 -0.2807, -11.372 0.0991 -0.2807, -11.1752 0.0984 -0.2756, -11.372 0.0984 -0.2756, -11.372 0.0452 0.1181, -11.372 0.0984 0.1181, -11.372 -0.0984 0.1181, -11.1752 0.0452 0.1181, -11.1752 -0.0984 0.1181, -11.1752 0.0984 0.1181, -11.1752 0.0984 2.2441, -11.1752 0.0984 0.7874, -11.372 0.0984 2.2441, -11.372 0.0984 0.7874, -11.3039 0.0302 2.3622, -11.3039 -0.0302 2.3622, -11.2434 0.0302 2.3622, -11.2434 -0.0302 2.3622, -11.372 -0.0984 2.2441, -11.372 -0.0984 0.7874, -11.1752 -0.0984 2.2441, -11.1752 -0.0984 0.7874, -11.1752 -0.0984 0.7874
            ]
        }
        coordIndex [
            0,1,2,-1,0,2,3,-1,3,2,4,-1,3,4,5,-1,5,4,6,-1,5,6,7,-1,7,6,8,-1,7,8,9,-1,9,8,10,-1,9,10,11,-1,11,10,12,-1,11,12,13,-1,14,13,15,-1,15,13,12,-1,16,17,18,-1,18,17,19,-1,20,21,22,-1,22,21,23,-1,23,21,24,-1,24,21,25,-1,24,25,26,-1,26,25,27,-1,26,27,28,-1,28,27,29,-1,28,29,30,-1,30,29,31,-1,30,31,32,-1,32,31,33,-1,32,33,34,-1,34,33,35,-1,36,37,35,-1,20,15,21,-1,21,15,12,-1,21,12,25,-1,25,12,10,-1,25,10,27,-1,27,10,8,-1,27,8,29,-1,29,8,6,-1,29,6,31,-1,31,6,4,-1,31,4,33,-1,33,4,2,-1,33,2,35,-1,35,2,1,-1,35,1,36,-1,36,1,38,-1,39,40,0,-1,41,39,34,-1,34,39,0,-1,34,0,32,-1,32,0,3,-1,32,3,30,-1,30,3,5,-1,30,5,28,-1,28,5,7,-1,28,7,26,-1,26,7,9,-1,26,9,24,-1,24,9,11,-1,24,11,23,-1,23,11,13,-1,23,13,22,-1,22,13,14,-1,38,1,40,-1,40,1,0,-1,34,35,41,-1,41,35,37,-1,42,43,44,-1,44,43,45,-1,46,47,48,-1,48,47,49,-1,50,51,52,-1,52,51,53,-1,52,53,42,-1,42,53,43,-1,44,45,50,-1,50,45,51,-1,22,19,20,-1,20,19,17,-1,14,18,22,-1,22,18,19,-1,16,15,17,-1,17,15,20,-1,15,16,14,-1,14,16,18,-1,52,49,50,-1,50,49,47,-1,42,48,52,-1,52,48,49,-1,46,44,47,-1,47,44,50,-1,44,46,42,-1,42,46,48,-1,
        ]
    }
}
Shape{
    appearance Appearance {
        material  Material 	{
            diffuseColor 0.2235294117647059 0.2235294117647059 0.2235294117647059
            specularColor 0.11372549019607843 0.11372549019607843 0.11372549019607843
            ambientIntensity 0.2
            transparency 0
            shininess 0.5
        }
    }
    geometry IndexedFaceSet {
        ccw TRUE
        solid FALSE
        coord DEF co Coordinate {
            point [
                -9.3051 -0.315 0.0, -9.2264 -0.3937 0.0, -9.3051 -0.315 0.7874, -9.2264 -0.3937 0.7874, -9.2264 0.3937 0.0, -9.3051 0.315 0.0, -9.2264 0.3937 0.7874, -9.3051 0.315 0.7874, -8.5965 0.3937 0.0, -8.5965 0.3937 0.7874, -8.5177 0.315 0.0, -8.5177 0.315 0.7874, -8.5965 -0.3937 0.0, -8.5177 -0.315 0.0, -8.5965 -0.3937 0.7874, -8.5177 -0.315 0.7874, -8.5177 -0.315 0.7874
            ]
        }
        coordIndex [
            0,1,2,-1,2,1,3,-1,4,5,6,-1,6,5,7,-1,8,4,9,-1,9,4,6,-1,10,8,11,-1,11,8,9,-1,12,13,14,-1,14,13,15,-1,1,12,3,-1,3,12,14,-1,
        ]
    }
}
Shape{
    appearance Appearance {
        material  Material 	{
            diffuseColor 0.7529411764705882 0.7529411764705882 0.7529411764705882
            specularColor 0.3764705882352941 0.3764705882352941 0.3764705882352941
            ambientIntensity 0.2
            transparency 0
            shininess 0.5
        }
    }
    geometry IndexedFaceSet {
        ccw TRUE
        solid FALSE
        coord DEF co Coordinate {
            point [
                -8.813 -0.0984 -0.2756, -9.0098 -0.0984 -0.2756, -8.813 -0.0991 -0.2807, -9.0098 -0.0991 -0.2807, -8.813 -0.1011 -0.2854, -9.0098 -0.1011 -0.2854, -8.813 -0.1042 -0.2895, -9.0098 -0.1042 -0.2895, -8.813 -0.1083 -0.2926, -9.0098 -0.1083 -0.2926, -8.813 -0.113 -0.2946, -9.0098 -0.113 -0.2946, -8.813 -0.1181 -0.2953, -9.0098 -0.1181 -0.2953, -8.813 -0.748 -0.2953, -9.0098 -0.748 -0.2953, -8.9417 -0.8661 -0.3635, -8.9417 -0.8661 -0.4239, -8.8812 -0.8661 -0.3635, -8.8812 -0.8661 -0.4239, -9.0098 -0.748 -0.4921, -9.0098 -0.1181 -0.4921, -8.813 -0.748 -0.4921, -8.813 -0.1181 -0.4921, -9.0098 -0.0621 -0.4847, -8.813 -0.0621 -0.4847, -9.0098 -0.0098 -0.4631, -8.813 -0.0098 -0.4631, -9.0098 0.035 -0.4287, -8.813 0.035 -0.4287, -9.0098 0.0694 -0.3839, -8.813 0.0694 -0.3839, -9.0098 0.091 -0.3316, -8.813 0.091 -0.3316, -9.0098 0.0984 -0.2756, -8.813 0.0984 -0.2756, -8.813 0.0452 0.1181, -8.813 -0.0984 0.1181, -8.813 0.0984 0.1181, -9.0098 0.0452 0.1181, -9.0098 0.0984 0.1181, -9.0098 -0.0984 0.1181, -8.813 0.0984 2.2441, -8.813 0.0984 0.7874, -9.0098 0.0984 2.2441, -9.0098 0.0984 0.7874, -9.0098 -0.0984 2.2441, -9.0098 -0.0984 0.7874, -8.813 -0.0984 2.2441, -8.813 -0.0984 0.7874, -8.9417 0.0302 2.3622, -8.9417 -0.0302 2.3622, -8.8812 0.0302 2.3622, -8.8812 -0.0302 2.3622, -8.8812 -0.0302 2.3622
            ]
        }
        coordIndex [
            0,1,2,-1,2,1,3,-1,2,3,4,-1,4,3,5,-1,4,5,6,-1,6,5,7,-1,6,7,8,-1,8,7,9,-1,8,9,10,-1,10,9,11,-1,10,11,12,-1,12,11,13,-1,14,12,15,-1,15,12,13,-1,16,17,18,-1,18,17,19,-1,20,21,22,-1,22,21,23,-1,23,21,24,-1,23,24,25,-1,25,24,26,-1,25,26,27,-1,27,26,28,-1,27,28,29,-1,29,28,30,-1,29,30,31,-1,31,30,32,-1,31,32,33,-1,33,32,34,-1,33,34,35,-1,36,37,0,-1,38,36,35,-1,35,36,0,-1,35,0,33,-1,33,0,2,-1,33,2,31,-1,31,2,4,-1,31,4,29,-1,29,4,6,-1,29,6,27,-1,27,6,8,-1,27,8,25,-1,25,8,10,-1,25,10,23,-1,23,10,12,-1,23,12,22,-1,22,12,14,-1,39,40,34,-1,41,39,1,-1,1,39,34,-1,1,34,3,-1,3,34,32,-1,3,32,5,-1,5,32,30,-1,5,30,7,-1,7,30,28,-1,7,28,9,-1,9,28,26,-1,9,26,11,-1,11,26,24,-1,11,24,13,-1,13,24,21,-1,13,21,15,-1,15,21,20,-1,1,0,41,-1,41,0,37,-1,38,35,40,-1,40,35,34,-1,42,43,44,-1,44,43,45,-1,46,47,48,-1,48,47,49,-1,48,49,42,-1,42,49,43,-1,44,45,46,-1,46,45,47,-1,50,51,52,-1,52,51,53,-1,22,19,20,-1,20,19,17,-1,14,18,22,-1,22,18,19,-1,16,15,17,-1,17,15,20,-1,15,16,14,-1,14,16,18,-1,48,53,46,-1,46,53,51,-1,42,52,48,-1,48,52,53,-1,50,44,51,-1,51,44,46,-1,44,50,42,-1,42,50,52,-1,
        ]
    }
}
Shape{
    appearance Appearance {
        material  Material 	{
            diffuseColor 0.2235294117647059 0.2235294117647059 0.2235294117647059
            specularColor 0.11372549019607843 0.11372549019607843 0.11372549019607843
            ambientIntensity 0.2
            transparency 0
            shininess 0.5
        }
    }
    geometry IndexedFaceSet {
        ccw TRUE
        solid FALSE
        coord DEF co Coordinate {
            point [
                -10.0138 0.3937 0.7874, -9.3839 0.3937 0.7874, -10.0138 0.3937 0.0, -9.3839 0.3937 0.0, -9.3839 -0.3937 0.7874, -10.0138 -0.3937 0.7874, -9.3839 -0.3937 0.0, -10.0138 -0.3937 0.0, -9.3051 -0.315 0.0, -9.3051 -0.315 0.7874, -10.0925 -0.315 0.0, -10.0925 -0.315 0.7874, -10.0925 0.315 0.0, -10.0925 0.315 0.7874, -9.3051 0.315 0.0, -9.3051 0.315 0.7874, -9.3051 0.315 0.7874
            ]
        }
        coordIndex [
            0,1,2,-1,2,1,3,-1,4,5,6,-1,6,5,7,-1,6,8,4,-1,4,8,9,-1,10,7,11,-1,11,7,5,-1,2,12,0,-1,0,12,13,-1,14,3,15,-1,15,3,1,-1,
        ]
    }
}
Shape{
    appearance Appearance {
        material  Material 	{
            diffuseColor 0.7529411764705882 0.7529411764705882 0.7529411764705882
            specularColor 0.3764705882352941 0.3764705882352941 0.3764705882352941
            ambientIntensity 0.2
            transparency 0
            shininess 0.5
        }
    }
    geometry IndexedFaceSet {
        ccw TRUE
        solid FALSE
        coord DEF co Coordinate {
            point [
                -9.6004 -0.0984 -0.2756, -9.7972 -0.0984 -0.2756, -9.7972 -0.091 -0.3316, -9.6004 -0.091 -0.3316, -9.7972 -0.0694 -0.3839, -9.6004 -0.0694 -0.3839, -9.7972 -0.035 -0.4287, -9.6004 -0.035 -0.4287, -9.7972 0.0098 -0.4631, -9.6004 0.0098 -0.4631, -9.7972 0.0621 -0.4847, -9.6004 0.0621 -0.4847, -9.7972 0.1181 -0.4921, -9.6004 0.1181 -0.4921, -9.6004 0.748 -0.4921, -9.7972 0.748 -0.4921, -9.7291 0.8661 -0.4239, -9.7291 0.8661 -0.3635, -9.6686 0.8661 -0.4239, -9.6686 0.8661 -0.3635, -9.7972 0.748 -0.2953, -9.7972 0.1181 -0.2953, -9.6004 0.748 -0.2953, -9.6004 0.1181 -0.2953, -9.6004 0.113 -0.2946, -9.7972 0.113 -0.2946, -9.6004 0.1083 -0.2926, -9.7972 0.1083 -0.2926, -9.6004 0.1042 -0.2895, -9.7972 0.1042 -0.2895, -9.6004 0.1011 -0.2854, -9.7972 0.1011 -0.2854, -9.6004 0.0991 -0.2807, -9.7972 0.0991 -0.2807, -9.6004 0.0984 -0.2756, -9.7972 0.0984 -0.2756, -9.7972 0.0452 0.1181, -9.7972 0.0984 0.1181, -9.7972 -0.0984 0.1181, -9.6004 0.0452 0.1181, -9.6004 -0.0984 0.1181, -9.6004 0.0984 0.1181, -9.6004 0.0984 2.2441, -9.6004 0.0984 0.7874, -9.7972 0.0984 2.2441, -9.7972 0.0984 0.7874, -9.7291 0.0302 2.3622, -9.7291 -0.0302 2.3622, -9.6686 0.0302 2.3622, -9.6686 -0.0302 2.3622, -9.7972 -0.0984 2.2441, -9.7972 -0.0984 0.7874, -9.6004 -0.0984 2.2441, -9.6004 -0.0984 0.7874, -9.6004 -0.0984 0.7874
            ]
        }
        coordIndex [
            0,1,2,-1,0,2,3,-1,3,2,4,-1,3,4,5,-1,5,4,6,-1,5,6,7,-1,7,6,8,-1,7,8,9,-1,9,8,10,-1,9,10,11,-1,11,10,12,-1,11,12,13,-1,14,13,15,-1,15,13,12,-1,16,17,18,-1,18,17,19,-1,20,21,22,-1,22,21,23,-1,23,21,24,-1,24,21,25,-1,24,25,26,-1,26,25,27,-1,26,27,28,-1,28,27,29,-1,28,29,30,-1,30,29,31,-1,30,31,32,-1,32,31,33,-1,32,33,34,-1,34,33,35,-1,36,37,35,-1,20,15,21,-1,21,15,12,-1,21,12,25,-1,25,12,10,-1,25,10,27,-1,27,10,8,-1,27,8,29,-1,29,8,6,-1,29,6,31,-1,31,6,4,-1,31,4,33,-1,33,4,2,-1,33,2,35,-1,35,2,1,-1,35,1,36,-1,36,1,38,-1,39,40,0,-1,41,39,34,-1,34,39,0,-1,34,0,32,-1,32,0,3,-1,32,3,30,-1,30,3,5,-1,30,5,28,-1,28,5,7,-1,28,7,26,-1,26,7,9,-1,26,9,24,-1,24,9,11,-1,24,11,23,-1,23,11,13,-1,23,13,22,-1,22,13,14,-1,38,1,40,-1,40,1,0,-1,34,35,41,-1,41,35,37,-1,42,43,44,-1,44,43,45,-1,46,47,48,-1,48,47,49,-1,50,51,52,-1,52,51,53,-1,52,53,42,-1,42,53,43,-1,44,45,50,-1,50,45,51,-1,22,19,20,-1,20,19,17,-1,14,18,22,-1,22,18,19,-1,16,15,17,-1,17,15,20,-1,15,16,14,-1,14,16,18,-1,52,49,50,-1,50,49,47,-1,42,48,52,-1,52,48,49,-1,46,44,47,-1,47,44,50,-1,44,46,42,-1,42,46,48,-1,
        ]
    }
}
Shape{
    appearance Appearance {
        material  Material 	{
            diffuseColor 0.2235294117647059 0.2235294117647059 0.2235294117647059
            specularColor 0.11372549019607843 0.11372549019607843 0.11372549019607843
            ambientIntensity 0.2
            transparency 0
            shininess 0.5
        }
    }
    geometry IndexedFaceSet {
        ccw TRUE
        solid FALSE
        coord DEF co Coordinate {
            point [
                -10.8799 -0.315 0.0, -10.8012 -0.3937 0.0, -10.8799 -0.315 0.7874, -10.8012 -0.3937 0.7874, -10.8012 0.3937 0.0, -10.8799 0.315 0.0, -10.8012 0.3937 0.7874, -10.8799 0.315 0.7874, -10.1713 0.3937 0.0, -10.1713 0.3937 0.7874, -10.0925 0.315 0.0, -10.0925 0.315 0.7874, -10.1713 -0.3937 0.0, -10.0925 -0.315 0.0, -10.1713 -0.3937 0.7874, -10.0925 -0.315 0.7874, -10.0925 -0.315 0.7874
            ]
        }
        coordIndex [
            0,1,2,-1,2,1,3,-1,4,5,6,-1,6,5,7,-1,8,4,9,-1,9,4,6,-1,10,8,11,-1,11,8,9,-1,12,13,14,-1,14,13,15,-1,1,12,3,-1,3,12,14,-1,
        ]
    }
}
Shape{
    appearance Appearance {
        material  Material 	{
            diffuseColor 0.7529411764705882 0.7529411764705882 0.7529411764705882
            specularColor 0.3764705882352941 0.3764705882352941 0.3764705882352941
            ambientIntensity 0.2
            transparency 0
            shininess 0.5
        }
    }
    geometry IndexedFaceSet {
        ccw TRUE
        solid FALSE
        coord DEF co Coordinate {
            point [
                -10.3878 -0.0984 -0.2756, -10.5846 -0.0984 -0.2756, -10.3878 -0.0991 -0.2807, -10.5846 -0.0991 -0.2807, -10.3878 -0.1011 -0.2854, -10.5846 -0.1011 -0.2854, -10.3878 -0.1042 -0.2895, -10.5846 -0.1042 -0.2895, -10.3878 -0.1083 -0.2926, -10.5846 -0.1083 -0.2926, -10.3878 -0.113 -0.2946, -10.5846 -0.113 -0.2946, -10.3878 -0.1181 -0.2953, -10.5846 -0.1181 -0.2953, -10.3878 -0.748 -0.2953, -10.5846 -0.748 -0.2953, -10.5165 -0.8661 -0.3635, -10.5165 -0.8661 -0.4239, -10.456 -0.8661 -0.3635, -10.456 -0.8661 -0.4239, -10.5846 -0.748 -0.4921, -10.5846 -0.1181 -0.4921, -10.3878 -0.748 -0.4921, -10.3878 -0.1181 -0.4921, -10.5846 -0.0621 -0.4847, -10.3878 -0.0621 -0.4847, -10.5846 -0.0098 -0.4631, -10.3878 -0.0098 -0.4631, -10.5846 0.035 -0.4287, -10.3878 0.035 -0.4287, -10.5846 0.0694 -0.3839, -10.3878 0.0694 -0.3839, -10.5846 0.091 -0.3316, -10.3878 0.091 -0.3316, -10.5846 0.0984 -0.2756, -10.3878 0.0984 -0.2756, -10.3878 0.0452 0.1181, -10.3878 -0.0984 0.1181, -10.3878 0.0984 0.1181, -10.5846 0.0452 0.1181, -10.5846 0.0984 0.1181, -10.5846 -0.0984 0.1181, -10.3878 0.0984 2.2441, -10.3878 0.0984 0.7874, -10.5846 0.0984 2.2441, -10.5846 0.0984 0.7874, -10.5846 -0.0984 2.2441, -10.5846 -0.0984 0.7874, -10.3878 -0.0984 2.2441, -10.3878 -0.0984 0.7874, -10.5165 0.0302 2.3622, -10.5165 -0.0302 2.3622, -10.456 0.0302 2.3622, -10.456 -0.0302 2.3622, -10.456 -0.0302 2.3622
            ]
        }
        coordIndex [
            0,1,2,-1,2,1,3,-1,2,3,4,-1,4,3,5,-1,4,5,6,-1,6,5,7,-1,6,7,8,-1,8,7,9,-1,8,9,10,-1,10,9,11,-1,10,11,12,-1,12,11,13,-1,14,12,15,-1,15,12,13,-1,16,17,18,-1,18,17,19,-1,20,21,22,-1,22,21,23,-1,23,21,24,-1,23,24,25,-1,25,24,26,-1,25,26,27,-1,27,26,28,-1,27,28,29,-1,29,28,30,-1,29,30,31,-1,31,30,32,-1,31,32,33,-1,33,32,34,-1,33,34,35,-1,36,37,0,-1,38,36,35,-1,35,36,0,-1,35,0,33,-1,33,0,2,-1,33,2,31,-1,31,2,4,-1,31,4,29,-1,29,4,6,-1,29,6,27,-1,27,6,8,-1,27,8,25,-1,25,8,10,-1,25,10,23,-1,23,10,12,-1,23,12,22,-1,22,12,14,-1,39,40,34,-1,41,39,1,-1,1,39,34,-1,1,34,3,-1,3,34,32,-1,3,32,5,-1,5,32,30,-1,5,30,7,-1,7,30,28,-1,7,28,9,-1,9,28,26,-1,9,26,11,-1,11,26,24,-1,11,24,13,-1,13,24,21,-1,13,21,15,-1,15,21,20,-1,1,0,41,-1,41,0,37,-1,38,35,40,-1,40,35,34,-1,42,43,44,-1,44,43,45,-1,46,47,48,-1,48,47,49,-1,48,49,42,-1,42,49,43,-1,44,45,46,-1,46,45,47,-1,50,51,52,-1,52,51,53,-1,22,19,20,-1,20,19,17,-1,14,18,22,-1,22,18,19,-1,16,15,17,-1,17,15,20,-1,15,16,14,-1,14,16,18,-1,48,53,46,-1,46,53,51,-1,42,52,48,-1,48,52,53,-1,50,44,51,-1,51,44,46,-1,44,50,42,-1,42,50,52,-1,
        ]
    }
}
Shape{
    appearance Appearance {
        material  Material 	{
            diffuseColor 0.2235294117647059 0.2235294117647059 0.2235294117647059
            specularColor 0.11372549019607843 0.11372549019607843 0.11372549019607843
            ambientIntensity 0.2
            transparency 0
            shininess 0.5
        }
    }
    geometry IndexedFaceSet {
        ccw TRUE
        solid FALSE
        coord DEF co Coordinate {
            point [
                -12.4547 -0.315 0.0, -12.376 -0.3937 0.0, -12.4547 -0.315 0.7874, -12.376 -0.3937 0.7874, -12.376 0.3937 0.0, -12.4547 0.315 0.0, -12.376 0.3937 0.7874, -12.4547 0.315 0.7874, -11.7461 0.3937 0.0, -11.7461 0.3937 0.7874, -11.6673 0.315 0.0, -11.6673 0.315 0.7874, -11.7461 -0.3937 0.0, -11.6673 -0.315 0.0, -11.7461 -0.3937 0.7874, -11.6673 -0.315 0.7874, -11.6673 -0.315 0.7874
            ]
        }
        coordIndex [
            0,1,2,-1,2,1,3,-1,4,5,6,-1,6,5,7,-1,8,4,9,-1,9,4,6,-1,10,8,11,-1,11,8,9,-1,12,13,14,-1,14,13,15,-1,1,12,3,-1,3,12,14,-1,
        ]
    }
}
Shape{
    appearance Appearance {
        material  Material 	{
            diffuseColor 0.7529411764705882 0.7529411764705882 0.7529411764705882
            specularColor 0.3764705882352941 0.3764705882352941 0.3764705882352941
            ambientIntensity 0.2
            transparency 0
            shininess 0.5
        }
    }
    geometry IndexedFaceSet {
        ccw TRUE
        solid FALSE
        coord DEF co Coordinate {
            point [
                -11.9626 -0.0984 -0.2756, -12.1594 -0.0984 -0.2756, -11.9626 -0.0991 -0.2807, -12.1594 -0.0991 -0.2807, -11.9626 -0.1011 -0.2854, -12.1594 -0.1011 -0.2854, -11.9626 -0.1042 -0.2895, -12.1594 -0.1042 -0.2895, -11.9626 -0.1083 -0.2926, -12.1594 -0.1083 -0.2926, -11.9626 -0.113 -0.2946, -12.1594 -0.113 -0.2946, -11.9626 -0.1181 -0.2953, -12.1594 -0.1181 -0.2953, -11.9626 -0.748 -0.2953, -12.1594 -0.748 -0.2953, -12.0913 -0.8661 -0.3635, -12.0913 -0.8661 -0.4239, -12.0308 -0.8661 -0.3635, -12.0308 -0.8661 -0.4239, -12.1594 -0.748 -0.4921, -12.1594 -0.1181 -0.4921, -11.9626 -0.748 -0.4921, -11.9626 -0.1181 -0.4921, -12.1594 -0.0621 -0.4847, -11.9626 -0.0621 -0.4847, -12.1594 -0.0098 -0.4631, -11.9626 -0.0098 -0.4631, -12.1594 0.035 -0.4287, -11.9626 0.035 -0.4287, -12.1594 0.0694 -0.3839, -11.9626 0.0694 -0.3839, -12.1594 0.091 -0.3316, -11.9626 0.091 -0.3316, -12.1594 0.0984 -0.2756, -11.9626 0.0984 -0.2756, -11.9626 0.0452 0.1181, -11.9626 -0.0984 0.1181, -11.9626 0.0984 0.1181, -12.1594 0.0452 0.1181, -12.1594 0.0984 0.1181, -12.1594 -0.0984 0.1181, -11.9626 0.0984 2.2441, -11.9626 0.0984 0.7874, -12.1594 0.0984 2.2441, -12.1594 0.0984 0.7874, -12.1594 -0.0984 2.2441, -12.1594 -0.0984 0.7874, -11.9626 -0.0984 2.2441, -11.9626 -0.0984 0.7874, -12.0913 0.0302 2.3622, -12.0913 -0.0302 2.3622, -12.0308 0.0302 2.3622, -12.0308 -0.0302 2.3622, -12.0308 -0.0302 2.3622
            ]
        }
        coordIndex [
            0,1,2,-1,2,1,3,-1,2,3,4,-1,4,3,5,-1,4,5,6,-1,6,5,7,-1,6,7,8,-1,8,7,9,-1,8,9,10,-1,10,9,11,-1,10,11,12,-1,12,11,13,-1,14,12,15,-1,15,12,13,-1,16,17,18,-1,18,17,19,-1,20,21,22,-1,22,21,23,-1,23,21,24,-1,23,24,25,-1,25,24,26,-1,25,26,27,-1,27,26,28,-1,27,28,29,-1,29,28,30,-1,29,30,31,-1,31,30,32,-1,31,32,33,-1,33,32,34,-1,33,34,35,-1,36,37,0,-1,38,36,35,-1,35,36,0,-1,35,0,33,-1,33,0,2,-1,33,2,31,-1,31,2,4,-1,31,4,29,-1,29,4,6,-1,29,6,27,-1,27,6,8,-1,27,8,25,-1,25,8,10,-1,25,10,23,-1,23,10,12,-1,23,12,22,-1,22,12,14,-1,39,40,34,-1,41,39,1,-1,1,39,34,-1,1,34,3,-1,3,34,32,-1,3,32,5,-1,5,32,30,-1,5,30,7,-1,7,30,28,-1,7,28,9,-1,9,28,26,-1,9,26,11,-1,11,26,24,-1,11,24,13,-1,13,24,21,-1,13,21,15,-1,15,21,20,-1,1,0,41,-1,41,0,37,-1,38,35,40,-1,40,35,34,-1,42,43,44,-1,44,43,45,-1,46,47,48,-1,48,47,49,-1,48,49,42,-1,42,49,43,-1,44,45,46,-1,46,45,47,-1,50,51,52,-1,52,51,53,-1,22,19,20,-1,20,19,17,-1,14,18,22,-1,22,18,19,-1,16,15,17,-1,17,15,20,-1,15,16,14,-1,14,16,18,-1,48,53,46,-1,46,53,51,-1,42,52,48,-1,48,52,53,-1,50,44,51,-1,51,44,46,-1,44,50,42,-1,42,50,52,-1,
        ]
    }
}
Shape{
    appearance Appearance {
        material  Material 	{
            diffuseColor 0.2235294117647059 0.2235294117647059 0.2235294117647059
            specularColor 0.11372549019607843 0.11372549019607843 0.11372549019607843
            ambientIntensity 0.2
            transparency 0
            shininess 0.5
        }
    }
    geometry IndexedFaceSet {
        ccw TRUE
        solid FALSE
        coord DEF co Coordinate {
            point [
                -13.1634 0.3937 0.7874, -12.5335 0.3937 0.7874, -13.1634 0.3937 0.0, -12.5335 0.3937 0.0, -12.5335 -0.3937 0.7874, -13.1634 -0.3937 0.7874, -12.5335 -0.3937 0.0, -13.1634 -0.3937 0.0, -12.4547 -0.315 0.0, -12.4547 -0.315 0.7874, -13.2421 -0.315 0.0, -13.2421 -0.315 0.7874, -13.2421 0.315 0.0, -13.2421 0.315 0.7874, -12.4547 0.315 0.0, -12.4547 0.315 0.7874, -12.4547 0.315 0.7874
            ]
        }
        coordIndex [
            0,1,2,-1,2,1,3,-1,4,5,6,-1,6,5,7,-1,6,8,4,-1,4,8,9,-1,10,7,11,-1,11,7,5,-1,2,12,0,-1,0,12,13,-1,14,3,15,-1,15,3,1,-1,
        ]
    }
}
Shape{
    appearance Appearance {
        material  Material 	{
            diffuseColor 0.7529411764705882 0.7529411764705882 0.7529411764705882
            specularColor 0.3764705882352941 0.3764705882352941 0.3764705882352941
            ambientIntensity 0.2
            transparency 0
            shininess 0.5
        }
    }
    geometry IndexedFaceSet {
        ccw TRUE
        solid FALSE
        coord DEF co Coordinate {
            point [
                -12.75 -0.0984 -0.2756, -12.9468 -0.0984 -0.2756, -12.9468 -0.091 -0.3316, -12.75 -0.091 -0.3316, -12.9468 -0.0694 -0.3839, -12.75 -0.0694 -0.3839, -12.9468 -0.035 -0.4287, -12.75 -0.035 -0.4287, -12.9468 0.0098 -0.4631, -12.75 0.0098 -0.4631, -12.9468 0.0621 -0.4847, -12.75 0.0621 -0.4847, -12.9468 0.1181 -0.4921, -12.75 0.1181 -0.4921, -12.75 0.748 -0.4921, -12.9468 0.748 -0.4921, -12.8787 0.8661 -0.4239, -12.8787 0.8661 -0.3635, -12.8182 0.8661 -0.4239, -12.8182 0.8661 -0.3635, -12.9468 0.748 -0.2953, -12.9468 0.1181 -0.2953, -12.75 0.748 -0.2953, -12.75 0.1181 -0.2953, -12.75 0.113 -0.2946, -12.9468 0.113 -0.2946, -12.75 0.1083 -0.2926, -12.9468 0.1083 -0.2926, -12.75 0.1042 -0.2895, -12.9468 0.1042 -0.2895, -12.75 0.1011 -0.2854, -12.9468 0.1011 -0.2854, -12.75 0.0991 -0.2807, -12.9468 0.0991 -0.2807, -12.75 0.0984 -0.2756, -12.9468 0.0984 -0.2756, -12.9468 0.0452 0.1181, -12.9468 0.0984 0.1181, -12.9468 -0.0984 0.1181, -12.75 0.0452 0.1181, -12.75 -0.0984 0.1181, -12.75 0.0984 0.1181, -12.75 0.0984 2.2441, -12.75 0.0984 0.7874, -12.9468 0.0984 2.2441, -12.9468 0.0984 0.7874, -12.8787 0.0302 2.3622, -12.8787 -0.0302 2.3622, -12.8182 0.0302 2.3622, -12.8182 -0.0302 2.3622, -12.9468 -0.0984 2.2441, -12.9468 -0.0984 0.7874, -12.75 -0.0984 2.2441, -12.75 -0.0984 0.7874, -12.75 -0.0984 0.7874
            ]
        }
        coordIndex [
            0,1,2,-1,0,2,3,-1,3,2,4,-1,3,4,5,-1,5,4,6,-1,5,6,7,-1,7,6,8,-1,7,8,9,-1,9,8,10,-1,9,10,11,-1,11,10,12,-1,11,12,13,-1,14,13,15,-1,15,13,12,-1,16,17,18,-1,18,17,19,-1,20,21,22,-1,22,21,23,-1,23,21,24,-1,24,21,25,-1,24,25,26,-1,26,25,27,-1,26,27,28,-1,28,27,29,-1,28,29,30,-1,30,29,31,-1,30,31,32,-1,32,31,33,-1,32,33,34,-1,34,33,35,-1,36,37,35,-1,20,15,21,-1,21,15,12,-1,21,12,25,-1,25,12,10,-1,25,10,27,-1,27,10,8,-1,27,8,29,-1,29,8,6,-1,29,6,31,-1,31,6,4,-1,31,4,33,-1,33,4,2,-1,33,2,35,-1,35,2,1,-1,35,1,36,-1,36,1,38,-1,39,40,0,-1,41,39,34,-1,34,39,0,-1,34,0,32,-1,32,0,3,-1,32,3,30,-1,30,3,5,-1,30,5,28,-1,28,5,7,-1,28,7,26,-1,26,7,9,-1,26,9,24,-1,24,9,11,-1,24,11,23,-1,23,11,13,-1,23,13,22,-1,22,13,14,-1,38,1,40,-1,40,1,0,-1,34,35,41,-1,41,35,37,-1,42,43,44,-1,44,43,45,-1,46,47,48,-1,48,47,49,-1,50,51,52,-1,52,51,53,-1,52,53,42,-1,42,53,43,-1,44,45,50,-1,50,45,51,-1,22,19,20,-1,20,19,17,-1,14,18,22,-1,22,18,19,-1,16,15,17,-1,17,15,20,-1,15,16,14,-1,14,16,18,-1,52,49,50,-1,50,49,47,-1,42,48,52,-1,52,48,49,-1,46,44,47,-1,47,44,50,-1,44,46,42,-1,42,46,48,-1,
        ]
    }
}
Shape{
    appearance Appearance {
        material  Material 	{
            diffuseColor 0.5019607843137255 0.25098039215686274 0.0
            specularColor 0.44313725490196076 0.2196078431372549 0.0
            ambientIntensity 0.2
            transparency 0
            shininess 0.5
        }
    }
    geometry IndexedFaceSet {
        ccw TRUE
        solid FALSE
        coord DEF co Coordinate {
            point [
                -14.0295 -0.1969 0.1181, -14.0295 -0.1969 0.0, -14.0295 -0.315 0.0, -14.0295 -0.315 0.7874, -14.0295 -0.2461 0.7874, -14.0295 0.0452 0.1181, -14.0295 0.315 0.7874, -14.0295 0.1969 0.1181, -14.0295 0.315 0.0, -14.0295 0.1969 0.0, -14.0295 0.1969 0.0
            ]
        }
        coordIndex [
            0,1,2,-1,2,3,0,-1,0,3,4,-1,0,4,5,-1,5,4,6,-1,5,6,7,-1,7,6,8,-1,7,8,9,-1,
        ]
    }
}
Shape{
    appearance Appearance {
        material  Material 	{
            diffuseColor 0.2235294117647059 0.2235294117647059 0.2235294117647059
            specularColor 0.11372549019607843 0.11372549019607843 0.11372549019607843
            ambientIntensity 0.2
            transparency 0
            shininess 0.5
        }
    }
    geometry IndexedFaceSet {
        ccw TRUE
        solid FALSE
        coord DEF co Coordinate {
            point [
                -14.0295 -0.315 0.0, -13.9508 -0.3937 0.0, -14.0295 -0.315 0.7874, -13.9508 -0.3937 0.7874, -13.9508 0.3937 0.0, -14.0295 0.315 0.0, -13.9508 0.3937 0.7874, -14.0295 0.315 0.7874, -13.3209 0.3937 0.7874, -13.3209 0.3937 0.0, -13.8819 0.3937 0.7874, -13.2421 0.315 0.0, -13.2421 0.315 0.7874, -13.3209 -0.3937 0.0, -13.2421 -0.315 0.0, -13.3209 -0.3937 0.7874, -13.2421 -0.315 0.7874, -13.8819 -0.3937 0.7874, -13.8819 -0.3937 0.7874
            ]
        }
        coordIndex [
            0,1,2,-1,2,1,3,-1,4,5,6,-1,6,5,7,-1,8,9,10,-1,10,9,4,-1,10,4,6,-1,11,9,12,-1,12,9,8,-1,13,14,15,-1,15,14,16,-1,3,1,17,-1,17,1,13,-1,17,13,15,-1,
        ]
    }
}
Shape{
    appearance Appearance {
        material  Material 	{
            diffuseColor 0.7529411764705882 0.7529411764705882 0.7529411764705882
            specularColor 0.3764705882352941 0.3764705882352941 0.3764705882352941
            ambientIntensity 0.2
            transparency 0
            shininess 0.5
        }
    }
    geometry IndexedFaceSet {
        ccw TRUE
        solid FALSE
        coord DEF co Coordinate {
            point [
                -13.5374 -0.0984 -0.2756, -13.7343 -0.0984 -0.2756, -13.5374 -0.0991 -0.2807, -13.7343 -0.0991 -0.2807, -13.5374 -0.1011 -0.2854, -13.7343 -0.1011 -0.2854, -13.5374 -0.1042 -0.2895, -13.7343 -0.1042 -0.2895, -13.5374 -0.1083 -0.2926, -13.7343 -0.1083 -0.2926, -13.5374 -0.113 -0.2946, -13.7343 -0.113 -0.2946, -13.5374 -0.1181 -0.2953, -13.7343 -0.1181 -0.2953, -13.5374 -0.748 -0.2953, -13.7343 -0.748 -0.2953, -13.6661 -0.8661 -0.3635, -13.6661 -0.8661 -0.4239, -13.6056 -0.8661 -0.3635, -13.6056 -0.8661 -0.4239, -13.7343 -0.748 -0.4921, -13.7343 -0.1181 -0.4921, -13.5374 -0.748 -0.4921, -13.5374 -0.1181 -0.4921, -13.7343 -0.0621 -0.4847, -13.5374 -0.0621 -0.4847, -13.7343 -0.0098 -0.4631, -13.5374 -0.0098 -0.4631, -13.7343 0.035 -0.4287, -13.5374 0.035 -0.4287, -13.7343 0.0694 -0.3839, -13.5374 0.0694 -0.3839, -13.7343 0.091 -0.3316, -13.5374 0.091 -0.3316, -13.7343 0.0984 -0.2756, -13.5374 0.0984 -0.2756, -13.5374 0.0452 0.1181, -13.5374 -0.0984 0.1181, -13.5374 0.0984 0.1181, -13.7343 0.0452 0.1181, -13.7343 0.0984 0.1181, -13.7343 -0.0984 0.1181, -13.5374 0.0984 2.2441, -13.5374 0.0984 0.7874, -13.7343 0.0984 2.2441, -13.7343 0.0984 0.7874, -13.7343 -0.0984 2.2441, -13.7343 -0.0984 0.7874, -13.5374 -0.0984 2.2441, -13.5374 -0.0984 0.7874, -13.6661 0.0302 2.3622, -13.6661 -0.0302 2.3622, -13.6056 0.0302 2.3622, -13.6056 -0.0302 2.3622, -13.6056 -0.0302 2.3622
            ]
        }
        coordIndex [
            0,1,2,-1,2,1,3,-1,2,3,4,-1,4,3,5,-1,4,5,6,-1,6,5,7,-1,6,7,8,-1,8,7,9,-1,8,9,10,-1,10,9,11,-1,10,11,12,-1,12,11,13,-1,14,12,15,-1,15,12,13,-1,16,17,18,-1,18,17,19,-1,20,21,22,-1,22,21,23,-1,23,21,24,-1,23,24,25,-1,25,24,26,-1,25,26,27,-1,27,26,28,-1,27,28,29,-1,29,28,30,-1,29,30,31,-1,31,30,32,-1,31,32,33,-1,33,32,34,-1,33,34,35,-1,36,37,0,-1,38,36,35,-1,35,36,0,-1,35,0,33,-1,33,0,2,-1,33,2,31,-1,31,2,4,-1,31,4,29,-1,29,4,6,-1,29,6,27,-1,27,6,8,-1,27,8,25,-1,25,8,10,-1,25,10,23,-1,23,10,12,-1,23,12,22,-1,22,12,14,-1,39,40,34,-1,41,39,1,-1,1,39,34,-1,1,34,3,-1,3,34,32,-1,3,32,5,-1,5,32,30,-1,5,30,7,-1,7,30,28,-1,7,28,9,-1,9,28,26,-1,9,26,11,-1,11,26,24,-1,11,24,13,-1,13,24,21,-1,13,21,15,-1,15,21,20,-1,1,0,41,-1,41,0,37,-1,38,35,40,-1,40,35,34,-1,42,43,44,-1,44,43,45,-1,46,47,48,-1,48,47,49,-1,48,49,42,-1,42,49,43,-1,44,45,46,-1,46,45,47,-1,50,51,52,-1,52,51,53,-1,22,19,20,-1,20,19,17,-1,14,18,22,-1,22,18,19,-1,16,15,17,-1,17,15,20,-1,15,16,14,-1,14,16,18,-1,48,53,46,-1,46,53,51,-1,42,52,48,-1,48,52,53,-1,50,44,51,-1,51,44,46,-1,44,50,42,-1,42,50,52,-1,
        ]
    }
}
Shape{
    appearance Appearance {
        material  Material 	{
            diffuseColor 0.2235294117647059 0.2235294117647059 0.2235294117647059
            specularColor 0.11372549019607843 0.11372549019607843 0.11372549019607843
            ambientIntensity 0.2
            transparency 0
            shininess 0.5
        }
    }
    geometry IndexedFaceSet {
        ccw TRUE
        solid FALSE
        coord DEF co Coordinate {
            point [
                0.1437 -0.315 0.0, 0.2224 -0.3937 0.0, 0.1437 -0.315 0.7874, 0.2224 -0.3937 0.7874, 0.2224 0.3937 0.0, 0.1437 0.315 0.0, 0.2224 0.3937 0.7874, 0.1437 0.315 0.7874, 0.8524 0.3937 0.0, 0.8524 0.3937 0.7874, 0.9311 0.315 0.0, 0.9311 0.315 0.7874, 0.8524 -0.3937 0.0, 0.9311 -0.315 0.0, 0.8524 -0.3937 0.7874, 0.9311 -0.315 0.7874, 0.9311 -0.315 0.7874
            ]
        }
        coordIndex [
            0,1,2,-1,2,1,3,-1,4,5,6,-1,6,5,7,-1,8,4,9,-1,9,4,6,-1,10,8,11,-1,11,8,9,-1,12,13,14,-1,14,13,15,-1,1,12,3,-1,3,12,14,-1,
        ]
    }
}
Shape{
    appearance Appearance {
        material  Material 	{
            diffuseColor 0.7529411764705882 0.7529411764705882 0.7529411764705882
            specularColor 0.3764705882352941 0.3764705882352941 0.3764705882352941
            ambientIntensity 0.2
            transparency 0
            shininess 0.5
        }
    }
    geometry IndexedFaceSet {
        ccw TRUE
        solid FALSE
        coord DEF co Coordinate {
            point [
                0.6358 -0.0984 -0.2756, 0.439 -0.0984 -0.2756, 0.6358 -0.0991 -0.2807, 0.439 -0.0991 -0.2807, 0.6358 -0.1011 -0.2854, 0.439 -0.1011 -0.2854, 0.6358 -0.1042 -0.2895, 0.439 -0.1042 -0.2895, 0.6358 -0.1083 -0.2926, 0.439 -0.1083 -0.2926, 0.6358 -0.113 -0.2946, 0.439 -0.113 -0.2946, 0.6358 -0.1181 -0.2953, 0.439 -0.1181 -0.2953, 0.6358 -0.748 -0.2953, 0.439 -0.748 -0.2953, 0.5072 -0.8661 -0.3635, 0.5072 -0.8661 -0.4239, 0.5676 -0.8661 -0.3635, 0.5676 -0.8661 -0.4239, 0.439 -0.748 -0.4921, 0.439 -0.1181 -0.4921, 0.6358 -0.748 -0.4921, 0.6358 -0.1181 -0.4921, 0.439 -0.0621 -0.4847, 0.6358 -0.0621 -0.4847, 0.439 -0.0098 -0.4631, 0.6358 -0.0098 -0.4631, 0.439 0.035 -0.4287, 0.6358 0.035 -0.4287, 0.439 0.0694 -0.3839, 0.6358 0.0694 -0.3839, 0.439 0.091 -0.3316, 0.6358 0.091 -0.3316, 0.439 0.0984 -0.2756, 0.6358 0.0984 -0.2756, 0.6358 0.0452 0.1181, 0.6358 -0.0984 0.1181, 0.6358 0.0984 0.1181, 0.439 0.0452 0.1181, 0.439 0.0984 0.1181, 0.439 -0.0984 0.1181, 0.6358 0.0984 2.2441, 0.6358 0.0984 0.7874, 0.439 0.0984 2.2441, 0.439 0.0984 0.7874, 0.439 -0.0984 2.2441, 0.439 -0.0984 0.7874, 0.6358 -0.0984 2.2441, 0.6358 -0.0984 0.7874, 0.5072 0.0302 2.3622, 0.5072 -0.0302 2.3622, 0.5676 0.0302 2.3622, 0.5676 -0.0302 2.3622, 0.5676 -0.0302 2.3622
            ]
        }
        coordIndex [
            0,1,2,-1,2,1,3,-1,2,3,4,-1,4,3,5,-1,4,5,6,-1,6,5,7,-1,6,7,8,-1,8,7,9,-1,8,9,10,-1,10,9,11,-1,10,11,12,-1,12,11,13,-1,14,12,15,-1,15,12,13,-1,16,17,18,-1,18,17,19,-1,20,21,22,-1,22,21,23,-1,23,21,24,-1,23,24,25,-1,25,24,26,-1,25,26,27,-1,27,26,28,-1,27,28,29,-1,29,28,30,-1,29,30,31,-1,31,30,32,-1,31,32,33,-1,33,32,34,-1,33,34,35,-1,36,37,0,-1,38,36,35,-1,35,36,0,-1,35,0,33,-1,33,0,2,-1,33,2,31,-1,31,2,4,-1,31,4,29,-1,29,4,6,-1,29,6,27,-1,27,6,8,-1,27,8,25,-1,25,8,10,-1,25,10,23,-1,23,10,12,-1,23,12,22,-1,22,12,14,-1,39,40,34,-1,41,39,1,-1,1,39,34,-1,1,34,3,-1,3,34,32,-1,3,32,5,-1,5,32,30,-1,5,30,7,-1,7,30,28,-1,7,28,9,-1,9,28,26,-1,9,26,11,-1,11,26,24,-1,11,24,13,-1,13,24,21,-1,13,21,15,-1,15,21,20,-1,1,0,41,-1,41,0,37,-1,38,35,40,-1,40,35,34,-1,42,43,44,-1,44,43,45,-1,46,47,48,-1,48,47,49,-1,48,49,42,-1,42,49,43,-1,44,45,46,-1,46,45,47,-1,50,51,52,-1,52,51,53,-1,22,19,20,-1,20,19,17,-1,14,18,22,-1,22,18,19,-1,16,15,17,-1,17,15,20,-1,15,16,14,-1,14,16,18,-1,48,53,46,-1,46,53,51,-1,42,52,48,-1,48,52,53,-1,50,44,51,-1,51,44,46,-1,44,50,42,-1,42,50,52,-1,
        ]
    }
}
Shape{
    appearance Appearance {
        material  Material 	{
            diffuseColor 0.2235294117647059 0.2235294117647059 0.2235294117647059
            specularColor 0.11372549019607843 0.11372549019607843 0.11372549019607843
            ambientIntensity 0.2
            transparency 0
            shininess 0.5
        }
    }
    geometry IndexedFaceSet {
        ccw TRUE
        solid FALSE
        coord DEF co Coordinate {
            point [
                1.7185 -0.315 0.0, 1.7972 -0.3937 0.0, 1.7185 -0.315 0.7874, 1.7972 -0.3937 0.7874, 1.7972 0.3937 0.0, 1.7185 0.315 0.0, 1.7972 0.3937 0.7874, 1.7185 0.315 0.7874, 2.4272 0.3937 0.0, 2.4272 0.3937 0.7874, 2.5059 0.315 0.0, 2.5059 0.315 0.7874, 2.4272 -0.3937 0.0, 2.5059 -0.315 0.0, 2.4272 -0.3937 0.7874, 2.5059 -0.315 0.7874, 2.5059 -0.315 0.7874
            ]
        }
        coordIndex [
            0,1,2,-1,2,1,3,-1,4,5,6,-1,6,5,7,-1,8,4,9,-1,9,4,6,-1,10,8,11,-1,11,8,9,-1,12,13,14,-1,14,13,15,-1,1,12,3,-1,3,12,14,-1,
        ]
    }
}
Shape{
    appearance Appearance {
        material  Material 	{
            diffuseColor 0.7529411764705882 0.7529411764705882 0.7529411764705882
            specularColor 0.3764705882352941 0.3764705882352941 0.3764705882352941
            ambientIntensity 0.2
            transparency 0
            shininess 0.5
        }
    }
    geometry IndexedFaceSet {
        ccw TRUE
        solid FALSE
        coord DEF co Coordinate {
            point [
                2.2106 -0.0984 -0.2756, 2.0138 -0.0984 -0.2756, 2.2106 -0.0991 -0.2807, 2.0138 -0.0991 -0.2807, 2.2106 -0.1011 -0.2854, 2.0138 -0.1011 -0.2854, 2.2106 -0.1042 -0.2895, 2.0138 -0.1042 -0.2895, 2.2106 -0.1083 -0.2926, 2.0138 -0.1083 -0.2926, 2.2106 -0.113 -0.2946, 2.0138 -0.113 -0.2946, 2.2106 -0.1181 -0.2953, 2.0138 -0.1181 -0.2953, 2.2106 -0.748 -0.2953, 2.0138 -0.748 -0.2953, 2.082 -0.8661 -0.3635, 2.082 -0.8661 -0.4239, 2.1424 -0.8661 -0.3635, 2.1424 -0.8661 -0.4239, 2.0138 -0.748 -0.4921, 2.0138 -0.1181 -0.4921, 2.2106 -0.748 -0.4921, 2.2106 -0.1181 -0.4921, 2.0138 -0.0621 -0.4847, 2.2106 -0.0621 -0.4847, 2.0138 -0.0098 -0.4631, 2.2106 -0.0098 -0.4631, 2.0138 0.035 -0.4287, 2.2106 0.035 -0.4287, 2.0138 0.0694 -0.3839, 2.2106 0.0694 -0.3839, 2.0138 0.091 -0.3316, 2.2106 0.091 -0.3316, 2.0138 0.0984 -0.2756, 2.2106 0.0984 -0.2756, 2.2106 0.0452 0.1181, 2.2106 -0.0984 0.1181, 2.2106 0.0984 0.1181, 2.0138 0.0452 0.1181, 2.0138 0.0984 0.1181, 2.0138 -0.0984 0.1181, 2.2106 0.0984 2.2441, 2.2106 0.0984 0.7874, 2.0138 0.0984 2.2441, 2.0138 0.0984 0.7874, 2.0138 -0.0984 2.2441, 2.0138 -0.0984 0.7874, 2.2106 -0.0984 2.2441, 2.2106 -0.0984 0.7874, 2.082 0.0302 2.3622, 2.082 -0.0302 2.3622, 2.1424 0.0302 2.3622, 2.1424 -0.0302 2.3622, 2.1424 -0.0302 2.3622
            ]
        }
        coordIndex [
            0,1,2,-1,2,1,3,-1,2,3,4,-1,4,3,5,-1,4,5,6,-1,6,5,7,-1,6,7,8,-1,8,7,9,-1,8,9,10,-1,10,9,11,-1,10,11,12,-1,12,11,13,-1,14,12,15,-1,15,12,13,-1,16,17,18,-1,18,17,19,-1,20,21,22,-1,22,21,23,-1,23,21,24,-1,23,24,25,-1,25,24,26,-1,25,26,27,-1,27,26,28,-1,27,28,29,-1,29,28,30,-1,29,30,31,-1,31,30,32,-1,31,32,33,-1,33,32,34,-1,33,34,35,-1,36,37,0,-1,38,36,35,-1,35,36,0,-1,35,0,33,-1,33,0,2,-1,33,2,31,-1,31,2,4,-1,31,4,29,-1,29,4,6,-1,29,6,27,-1,27,6,8,-1,27,8,25,-1,25,8,10,-1,25,10,23,-1,23,10,12,-1,23,12,22,-1,22,12,14,-1,39,40,34,-1,41,39,1,-1,1,39,34,-1,1,34,3,-1,3,34,32,-1,3,32,5,-1,5,32,30,-1,5,30,7,-1,7,30,28,-1,7,28,9,-1,9,28,26,-1,9,26,11,-1,11,26,24,-1,11,24,13,-1,13,24,21,-1,13,21,15,-1,15,21,20,-1,1,0,41,-1,41,0,37,-1,38,35,40,-1,40,35,34,-1,42,43,44,-1,44,43,45,-1,46,47,48,-1,48,47,49,-1,48,49,42,-1,42,49,43,-1,44,45,46,-1,46,45,47,-1,50,51,52,-1,52,51,53,-1,22,19,20,-1,20,19,17,-1,14,18,22,-1,22,18,19,-1,16,15,17,-1,17,15,20,-1,15,16,14,-1,14,16,18,-1,48,53,46,-1,46,53,51,-1,42,52,48,-1,48,52,53,-1,50,44,51,-1,51,44,46,-1,44,50,42,-1,42,50,52,-1,
        ]
    }
}
Shape{
    appearance Appearance {
        material  Material 	{
            diffuseColor 0.2235294117647059 0.2235294117647059 0.2235294117647059
            specularColor 0.11372549019607843 0.11372549019607843 0.11372549019607843
            ambientIntensity 0.2
            transparency 0
            shininess 0.5
        }
    }
    geometry IndexedFaceSet {
        ccw TRUE
        solid FALSE
        coord DEF co Coordinate {
            point [
                1.0098 0.3937 0.7874, 1.6398 0.3937 0.7874, 1.0098 0.3937 0.0, 1.6398 0.3937 0.0, 1.6398 -0.3937 0.7874, 1.0098 -0.3937 0.7874, 1.6398 -0.3937 0.0, 1.0098 -0.3937 0.0, 1.7185 -0.315 0.0, 1.7185 -0.315 0.7874, 0.9311 -0.315 0.0, 0.9311 -0.315 0.7874, 0.9311 0.315 0.0, 0.9311 0.315 0.7874, 1.7185 0.315 0.0, 1.7185 0.315 0.7874, 1.7185 0.315 0.7874
            ]
        }
        coordIndex [
            0,1,2,-1,2,1,3,-1,4,5,6,-1,6,5,7,-1,6,8,4,-1,4,8,9,-1,10,7,11,-1,11,7,5,-1,2,12,0,-1,0,12,13,-1,14,3,15,-1,15,3,1,-1,
        ]
    }
}
Shape{
    appearance Appearance {
        material  Material 	{
            diffuseColor 0.7529411764705882 0.7529411764705882 0.7529411764705882
            specularColor 0.3764705882352941 0.3764705882352941 0.3764705882352941
            ambientIntensity 0.2
            transparency 0
            shininess 0.5
        }
    }
    geometry IndexedFaceSet {
        ccw TRUE
        solid FALSE
        coord DEF co Coordinate {
            point [
                1.4232 -0.0984 -0.2756, 1.2264 -0.0984 -0.2756, 1.2264 -0.091 -0.3316, 1.4232 -0.091 -0.3316, 1.2264 -0.0694 -0.3839, 1.4232 -0.0694 -0.3839, 1.2264 -0.035 -0.4287, 1.4232 -0.035 -0.4287, 1.2264 0.0098 -0.4631, 1.4232 0.0098 -0.4631, 1.2264 0.0621 -0.4847, 1.4232 0.0621 -0.4847, 1.2264 0.1181 -0.4921, 1.4232 0.1181 -0.4921, 1.4232 0.748 -0.4921, 1.2264 0.748 -0.4921, 1.2946 0.8661 -0.4239, 1.2946 0.8661 -0.3635, 1.355 0.8661 -0.4239, 1.355 0.8661 -0.3635, 1.2264 0.748 -0.2953, 1.2264 0.1181 -0.2953, 1.4232 0.748 -0.2953, 1.4232 0.1181 -0.2953, 1.4232 0.113 -0.2946, 1.2264 0.113 -0.2946, 1.4232 0.1083 -0.2926, 1.2264 0.1083 -0.2926, 1.4232 0.1042 -0.2895, 1.2264 0.1042 -0.2895, 1.4232 0.1011 -0.2854, 1.2264 0.1011 -0.2854, 1.4232 0.0991 -0.2807, 1.2264 0.0991 -0.2807, 1.4232 0.0984 -0.2756, 1.2264 0.0984 -0.2756, 1.2264 0.0452 0.1181, 1.2264 0.0984 0.1181, 1.2264 -0.0984 0.1181, 1.4232 0.0452 0.1181, 1.4232 -0.0984 0.1181, 1.4232 0.0984 0.1181, 1.4232 0.0984 2.2441, 1.4232 0.0984 0.7874, 1.2264 0.0984 2.2441, 1.2264 0.0984 0.7874, 1.2946 0.0302 2.3622, 1.2946 -0.0302 2.3622, 1.355 0.0302 2.3622, 1.355 -0.0302 2.3622, 1.2264 -0.0984 2.2441, 1.2264 -0.0984 0.7874, 1.4232 -0.0984 2.2441, 1.4232 -0.0984 0.7874, 1.4232 -0.0984 0.7874
            ]
        }
        coordIndex [
            0,1,2,-1,0,2,3,-1,3,2,4,-1,3,4,5,-1,5,4,6,-1,5,6,7,-1,7,6,8,-1,7,8,9,-1,9,8,10,-1,9,10,11,-1,11,10,12,-1,11,12,13,-1,14,13,15,-1,15,13,12,-1,16,17,18,-1,18,17,19,-1,20,21,22,-1,22,21,23,-1,23,21,24,-1,24,21,25,-1,24,25,26,-1,26,25,27,-1,26,27,28,-1,28,27,29,-1,28,29,30,-1,30,29,31,-1,30,31,32,-1,32,31,33,-1,32,33,34,-1,34,33,35,-1,36,37,35,-1,20,15,21,-1,21,15,12,-1,21,12,25,-1,25,12,10,-1,25,10,27,-1,27,10,8,-1,27,8,29,-1,29,8,6,-1,29,6,31,-1,31,6,4,-1,31,4,33,-1,33,4,2,-1,33,2,35,-1,35,2,1,-1,35,1,36,-1,36,1,38,-1,39,40,0,-1,41,39,34,-1,34,39,0,-1,34,0,32,-1,32,0,3,-1,32,3,30,-1,30,3,5,-1,30,5,28,-1,28,5,7,-1,28,7,26,-1,26,7,9,-1,26,9,24,-1,24,9,11,-1,24,11,23,-1,23,11,13,-1,23,13,22,-1,22,13,14,-1,38,1,40,-1,40,1,0,-1,34,35,41,-1,41,35,37,-1,42,43,44,-1,44,43,45,-1,46,47,48,-1,48,47,49,-1,50,51,52,-1,52,51,53,-1,52,53,42,-1,42,53,43,-1,44,45,50,-1,50,45,51,-1,22,19,20,-1,20,19,17,-1,14,18,22,-1,22,18,19,-1,16,15,17,-1,17,15,20,-1,15,16,14,-1,14,16,18,-1,52,49,50,-1,50,49,47,-1,42,48,52,-1,52,48,49,-1,46,44,47,-1,47,44,50,-1,44,46,42,-1,42,46,48,-1,
        ]
    }
}
Shape{
    appearance Appearance {
        material  Material 	{
            diffuseColor 0.2235294117647059 0.2235294117647059 0.2235294117647059
            specularColor 0.11372549019607843 0.11372549019607843 0.11372549019607843
            ambientIntensity 0.2
            transparency 0
            shininess 0.5
        }
    }
    geometry IndexedFaceSet {
        ccw TRUE
        solid FALSE
        coord DEF co Coordinate {
            point [
                -1.4311 -0.315 0.0, -1.3524 -0.3937 0.0, -1.4311 -0.315 0.7874, -1.3524 -0.3937 0.7874, -1.3524 0.3937 0.0, -1.4311 0.315 0.0, -1.3524 0.3937 0.7874, -1.4311 0.315 0.7874, -0.7224 0.3937 0.0, -0.7224 0.3937 0.7874, -0.6437 0.315 0.0, -0.6437 0.315 0.7874, -0.7224 -0.3937 0.0, -0.6437 -0.315 0.0, -0.7224 -0.3937 0.7874, -0.6437 -0.315 0.7874, -0.6437 -0.315 0.7874
            ]
        }
        coordIndex [
            0,1,2,-1,2,1,3,-1,4,5,6,-1,6,5,7,-1,8,4,9,-1,9,4,6,-1,10,8,11,-1,11,8,9,-1,12,13,14,-1,14,13,15,-1,1,12,3,-1,3,12,14,-1,
        ]
    }
}
Shape{
    appearance Appearance {
        material  Material 	{
            diffuseColor 0.7529411764705882 0.7529411764705882 0.7529411764705882
            specularColor 0.3764705882352941 0.3764705882352941 0.3764705882352941
            ambientIntensity 0.2
            transparency 0
            shininess 0.5
        }
    }
    geometry IndexedFaceSet {
        ccw TRUE
        solid FALSE
        coord DEF co Coordinate {
            point [
                -0.939 -0.0984 -0.2756, -1.1358 -0.0984 -0.2756, -0.939 -0.0991 -0.2807, -1.1358 -0.0991 -0.2807, -0.939 -0.1011 -0.2854, -1.1358 -0.1011 -0.2854, -0.939 -0.1042 -0.2895, -1.1358 -0.1042 -0.2895, -0.939 -0.1083 -0.2926, -1.1358 -0.1083 -0.2926, -0.939 -0.113 -0.2946, -1.1358 -0.113 -0.2946, -0.939 -0.1181 -0.2953, -1.1358 -0.1181 -0.2953, -0.939 -0.748 -0.2953, -1.1358 -0.748 -0.2953, -1.0676 -0.8661 -0.3635, -1.0676 -0.8661 -0.4239, -1.0072 -0.8661 -0.3635, -1.0072 -0.8661 -0.4239, -1.1358 -0.748 -0.4921, -1.1358 -0.1181 -0.4921, -0.939 -0.748 -0.4921, -0.939 -0.1181 -0.4921, -1.1358 -0.0621 -0.4847, -0.939 -0.0621 -0.4847, -1.1358 -0.0098 -0.4631, -0.939 -0.0098 -0.4631, -1.1358 0.035 -0.4287, -0.939 0.035 -0.4287, -1.1358 0.0694 -0.3839, -0.939 0.0694 -0.3839, -1.1358 0.091 -0.3316, -0.939 0.091 -0.3316, -1.1358 0.0984 -0.2756, -0.939 0.0984 -0.2756, -0.939 0.0452 0.1181, -0.939 -0.0984 0.1181, -0.939 0.0984 0.1181, -1.1358 0.0452 0.1181, -1.1358 0.0984 0.1181, -1.1358 -0.0984 0.1181, -0.939 0.0984 2.2441, -0.939 0.0984 0.7874, -1.1358 0.0984 2.2441, -1.1358 0.0984 0.7874, -1.1358 -0.0984 2.2441, -1.1358 -0.0984 0.7874, -0.939 -0.0984 2.2441, -0.939 -0.0984 0.7874, -1.0676 0.0302 2.3622, -1.0676 -0.0302 2.3622, -1.0072 0.0302 2.3622, -1.0072 -0.0302 2.3622, -1.0072 -0.0302 2.3622
            ]
        }
        coordIndex [
            0,1,2,-1,2,1,3,-1,2,3,4,-1,4,3,5,-1,4,5,6,-1,6,5,7,-1,6,7,8,-1,8,7,9,-1,8,9,10,-1,10,9,11,-1,10,11,12,-1,12,11,13,-1,14,12,15,-1,15,12,13,-1,16,17,18,-1,18,17,19,-1,20,21,22,-1,22,21,23,-1,23,21,24,-1,23,24,25,-1,25,24,26,-1,25,26,27,-1,27,26,28,-1,27,28,29,-1,29,28,30,-1,29,30,31,-1,31,30,32,-1,31,32,33,-1,33,32,34,-1,33,34,35,-1,36,37,0,-1,38,36,35,-1,35,36,0,-1,35,0,33,-1,33,0,2,-1,33,2,31,-1,31,2,4,-1,31,4,29,-1,29,4,6,-1,29,6,27,-1,27,6,8,-1,27,8,25,-1,25,8,10,-1,25,10,23,-1,23,10,12,-1,23,12,22,-1,22,12,14,-1,39,40,34,-1,41,39,1,-1,1,39,34,-1,1,34,3,-1,3,34,32,-1,3,32,5,-1,5,32,30,-1,5,30,7,-1,7,30,28,-1,7,28,9,-1,9,28,26,-1,9,26,11,-1,11,26,24,-1,11,24,13,-1,13,24,21,-1,13,21,15,-1,15,21,20,-1,1,0,41,-1,41,0,37,-1,38,35,40,-1,40,35,34,-1,42,43,44,-1,44,43,45,-1,46,47,48,-1,48,47,49,-1,48,49,42,-1,42,49,43,-1,44,45,46,-1,46,45,47,-1,50,51,52,-1,52,51,53,-1,22,19,20,-1,20,19,17,-1,14,18,22,-1,22,18,19,-1,16,15,17,-1,17,15,20,-1,15,16,14,-1,14,16,18,-1,48,53,46,-1,46,53,51,-1,42,52,48,-1,48,52,53,-1,50,44,51,-1,51,44,46,-1,44,50,42,-1,42,50,52,-1,
        ]
    }
}
Shape{
    appearance Appearance {
        material  Material 	{
            diffuseColor 0.2235294117647059 0.2235294117647059 0.2235294117647059
            specularColor 0.11372549019607843 0.11372549019607843 0.11372549019607843
            ambientIntensity 0.2
            transparency 0
            shininess 0.5
        }
    }
    geometry IndexedFaceSet {
        ccw TRUE
        solid FALSE
        coord DEF co Coordinate {
            point [
                -2.1398 0.3937 0.7874, -1.5098 0.3937 0.7874, -2.1398 0.3937 0.0, -1.5098 0.3937 0.0, -1.5098 -0.3937 0.7874, -2.1398 -0.3937 0.7874, -1.5098 -0.3937 0.0, -2.1398 -0.3937 0.0, -1.4311 -0.315 0.0, -1.4311 -0.315 0.7874, -2.2185 -0.315 0.0, -2.2185 -0.315 0.7874, -2.2185 0.315 0.0, -2.2185 0.315 0.7874, -1.4311 0.315 0.0, -1.4311 0.315 0.7874, -1.4311 0.315 0.7874
            ]
        }
        coordIndex [
            0,1,2,-1,2,1,3,-1,4,5,6,-1,6,5,7,-1,6,8,4,-1,4,8,9,-1,10,7,11,-1,11,7,5,-1,2,12,0,-1,0,12,13,-1,14,3,15,-1,15,3,1,-1,
        ]
    }
}
Shape{
    appearance Appearance {
        material  Material 	{
            diffuseColor 0.7529411764705882 0.7529411764705882 0.7529411764705882
            specularColor 0.3764705882352941 0.3764705882352941 0.3764705882352941
            ambientIntensity 0.2
            transparency 0
            shininess 0.5
        }
    }
    geometry IndexedFaceSet {
        ccw TRUE
        solid FALSE
        coord DEF co Coordinate {
            point [
                -1.7264 -0.0984 -0.2756, -1.9232 -0.0984 -0.2756, -1.9232 -0.091 -0.3316, -1.7264 -0.091 -0.3316, -1.9232 -0.0694 -0.3839, -1.7264 -0.0694 -0.3839, -1.9232 -0.035 -0.4287, -1.7264 -0.035 -0.4287, -1.9232 0.0098 -0.4631, -1.7264 0.0098 -0.4631, -1.9232 0.0621 -0.4847, -1.7264 0.0621 -0.4847, -1.9232 0.1181 -0.4921, -1.7264 0.1181 -0.4921, -1.7264 0.748 -0.4921, -1.9232 0.748 -0.4921, -1.855 0.8661 -0.4239, -1.855 0.8661 -0.3635, -1.7946 0.8661 -0.4239, -1.7946 0.8661 -0.3635, -1.9232 0.748 -0.2953, -1.9232 0.1181 -0.2953, -1.7264 0.748 -0.2953, -1.7264 0.1181 -0.2953, -1.7264 0.113 -0.2946, -1.9232 0.113 -0.2946, -1.7264 0.1083 -0.2926, -1.9232 0.1083 -0.2926, -1.7264 0.1042 -0.2895, -1.9232 0.1042 -0.2895, -1.7264 0.1011 -0.2854, -1.9232 0.1011 -0.2854, -1.7264 0.0991 -0.2807, -1.9232 0.0991 -0.2807, -1.7264 0.0984 -0.2756, -1.9232 0.0984 -0.2756, -1.9232 0.0452 0.1181, -1.9232 0.0984 0.1181, -1.9232 -0.0984 0.1181, -1.7264 0.0452 0.1181, -1.7264 -0.0984 0.1181, -1.7264 0.0984 0.1181, -1.7264 0.0984 2.2441, -1.7264 0.0984 0.7874, -1.9232 0.0984 2.2441, -1.9232 0.0984 0.7874, -1.855 0.0302 2.3622, -1.855 -0.0302 2.3622, -1.7946 0.0302 2.3622, -1.7946 -0.0302 2.3622, -1.9232 -0.0984 2.2441, -1.9232 -0.0984 0.7874, -1.7264 -0.0984 2.2441, -1.7264 -0.0984 0.7874, -1.7264 -0.0984 0.7874
            ]
        }
        coordIndex [
            0,1,2,-1,0,2,3,-1,3,2,4,-1,3,4,5,-1,5,4,6,-1,5,6,7,-1,7,6,8,-1,7,8,9,-1,9,8,10,-1,9,10,11,-1,11,10,12,-1,11,12,13,-1,14,13,15,-1,15,13,12,-1,16,17,18,-1,18,17,19,-1,20,21,22,-1,22,21,23,-1,23,21,24,-1,24,21,25,-1,24,25,26,-1,26,25,27,-1,26,27,28,-1,28,27,29,-1,28,29,30,-1,30,29,31,-1,30,31,32,-1,32,31,33,-1,32,33,34,-1,34,33,35,-1,36,37,35,-1,20,15,21,-1,21,15,12,-1,21,12,25,-1,25,12,10,-1,25,10,27,-1,27,10,8,-1,27,8,29,-1,29,8,6,-1,29,6,31,-1,31,6,4,-1,31,4,33,-1,33,4,2,-1,33,2,35,-1,35,2,1,-1,35,1,36,-1,36,1,38,-1,39,40,0,-1,41,39,34,-1,34,39,0,-1,34,0,32,-1,32,0,3,-1,32,3,30,-1,30,3,5,-1,30,5,28,-1,28,5,7,-1,28,7,26,-1,26,7,9,-1,26,9,24,-1,24,9,11,-1,24,11,23,-1,23,11,13,-1,23,13,22,-1,22,13,14,-1,38,1,40,-1,40,1,0,-1,34,35,41,-1,41,35,37,-1,42,43,44,-1,44,43,45,-1,46,47,48,-1,48,47,49,-1,50,51,52,-1,52,51,53,-1,52,53,42,-1,42,53,43,-1,44,45,50,-1,50,45,51,-1,22,19,20,-1,20,19,17,-1,14,18,22,-1,22,18,19,-1,16,15,17,-1,17,15,20,-1,15,16,14,-1,14,16,18,-1,52,49,50,-1,50,49,47,-1,42,48,52,-1,52,48,49,-1,46,44,47,-1,47,44,50,-1,44,46,42,-1,42,46,48,-1,
        ]
    }
}
Shape{
    appearance Appearance {
        material  Material 	{
            diffuseColor 0.2235294117647059 0.2235294117647059 0.2235294117647059
            specularColor 0.11372549019607843 0.11372549019607843 0.11372549019607843
            ambientIntensity 0.2
            transparency 0
            shininess 0.5
        }
    }
    geometry IndexedFaceSet {
        ccw TRUE
        solid FALSE
        coord DEF co Coordinate {
            point [
                -0.565 0.3937 0.7874, 0.065 0.3937 0.7874, -0.565 0.3937 0.0, 0.065 0.3937 0.0, 0.065 -0.3937 0.7874, -0.565 -0.3937 0.7874, 0.065 -0.3937 0.0, -0.565 -0.3937 0.0, 0.1437 -0.315 0.0, 0.1437 -0.315 0.7874, -0.6437 -0.315 0.0, -0.6437 -0.315 0.7874, -0.6437 0.315 0.0, -0.6437 0.315 0.7874, 0.1437 0.315 0.0, 0.1437 0.315 0.7874, 0.1437 0.315 0.7874
            ]
        }
        coordIndex [
            0,1,2,-1,2,1,3,-1,4,5,6,-1,6,5,7,-1,6,8,4,-1,4,8,9,-1,10,7,11,-1,11,7,5,-1,2,12,0,-1,0,12,13,-1,14,3,15,-1,15,3,1,-1,
        ]
    }
}
Shape{
    appearance Appearance {
        material  Material 	{
            diffuseColor 0.7529411764705882 0.7529411764705882 0.7529411764705882
            specularColor 0.3764705882352941 0.3764705882352941 0.3764705882352941
            ambientIntensity 0.2
            transparency 0
            shininess 0.5
        }
    }
    geometry IndexedFaceSet {
        ccw TRUE
        solid FALSE
        coord DEF co Coordinate {
            point [
                -0.1516 -0.0984 -0.2756, -0.3484 -0.0984 -0.2756, -0.3484 -0.091 -0.3316, -0.1516 -0.091 -0.3316, -0.3484 -0.0694 -0.3839, -0.1516 -0.0694 -0.3839, -0.3484 -0.035 -0.4287, -0.1516 -0.035 -0.4287, -0.3484 0.0098 -0.4631, -0.1516 0.0098 -0.4631, -0.3484 0.0621 -0.4847, -0.1516 0.0621 -0.4847, -0.3484 0.1181 -0.4921, -0.1516 0.1181 -0.4921, -0.1516 0.748 -0.4921, -0.3484 0.748 -0.4921, -0.2802 0.8661 -0.4239, -0.2802 0.8661 -0.3635, -0.2198 0.8661 -0.4239, -0.2198 0.8661 -0.3635, -0.3484 0.748 -0.2953, -0.3484 0.1181 -0.2953, -0.1516 0.748 -0.2953, -0.1516 0.1181 -0.2953, -0.1516 0.113 -0.2946, -0.3484 0.113 -0.2946, -0.1516 0.1083 -0.2926, -0.3484 0.1083 -0.2926, -0.1516 0.1042 -0.2895, -0.3484 0.1042 -0.2895, -0.1516 0.1011 -0.2854, -0.3484 0.1011 -0.2854, -0.1516 0.0991 -0.2807, -0.3484 0.0991 -0.2807, -0.1516 0.0984 -0.2756, -0.3484 0.0984 -0.2756, -0.3484 0.0452 0.1181, -0.3484 0.0984 0.1181, -0.3484 -0.0984 0.1181, -0.1516 0.0452 0.1181, -0.1516 -0.0984 0.1181, -0.1516 0.0984 0.1181, -0.1516 0.0984 2.2441, -0.1516 0.0984 0.7874, -0.3484 0.0984 2.2441, -0.3484 0.0984 0.7874, -0.2802 0.0302 2.3622, -0.2802 -0.0302 2.3622, -0.2198 0.0302 2.3622, -0.2198 -0.0302 2.3622, -0.3484 -0.0984 2.2441, -0.3484 -0.0984 0.7874, -0.1516 -0.0984 2.2441, -0.1516 -0.0984 0.7874, -0.1516 -0.0984 0.7874
            ]
        }
        coordIndex [
            0,1,2,-1,0,2,3,-1,3,2,4,-1,3,4,5,-1,5,4,6,-1,5,6,7,-1,7,6,8,-1,7,8,9,-1,9,8,10,-1,9,10,11,-1,11,10,12,-1,11,12,13,-1,14,13,15,-1,15,13,12,-1,16,17,18,-1,18,17,19,-1,20,21,22,-1,22,21,23,-1,23,21,24,-1,24,21,25,-1,24,25,26,-1,26,25,27,-1,26,27,28,-1,28,27,29,-1,28,29,30,-1,30,29,31,-1,30,31,32,-1,32,31,33,-1,32,33,34,-1,34,33,35,-1,36,37,35,-1,20,15,21,-1,21,15,12,-1,21,12,25,-1,25,12,10,-1,25,10,27,-1,27,10,8,-1,27,8,29,-1,29,8,6,-1,29,6,31,-1,31,6,4,-1,31,4,33,-1,33,4,2,-1,33,2,35,-1,35,2,1,-1,35,1,36,-1,36,1,38,-1,39,40,0,-1,41,39,34,-1,34,39,0,-1,34,0,32,-1,32,0,3,-1,32,3,30,-1,30,3,5,-1,30,5,28,-1,28,5,7,-1,28,7,26,-1,26,7,9,-1,26,9,24,-1,24,9,11,-1,24,11,23,-1,23,11,13,-1,23,13,22,-1,22,13,14,-1,38,1,40,-1,40,1,0,-1,34,35,41,-1,41,35,37,-1,42,43,44,-1,44,43,45,-1,46,47,48,-1,48,47,49,-1,50,51,52,-1,52,51,53,-1,52,53,42,-1,42,53,43,-1,44,45,50,-1,50,45,51,-1,22,19,20,-1,20,19,17,-1,14,18,22,-1,22,18,19,-1,16,15,17,-1,17,15,20,-1,15,16,14,-1,14,16,18,-1,52,49,50,-1,50,49,47,-1,42,48,52,-1,52,48,49,-1,46,44,47,-1,47,44,50,-1,44,46,42,-1,42,46,48,-1,
        ]
    }
}
Shape{
    appearance Appearance {
        material  Material 	{
            diffuseColor 0.2235294117647059 0.2235294117647059 0.2235294117647059
            specularColor 0.11372549019607843 0.11372549019607843 0.11372549019607843
            ambientIntensity 0.2
            transparency 0
            shininess 0.5
        }
    }
    geometry IndexedFaceSet {
        ccw TRUE
        solid FALSE
        coord DEF co Coordinate {
            point [
                6.4429 -0.315 0.0, 6.5217 -0.3937 0.0, 6.4429 -0.315 0.7874, 6.5217 -0.3937 0.7874, 6.5217 0.3937 0.0, 6.4429 0.315 0.0, 6.5217 0.3937 0.7874, 6.4429 0.315 0.7874, 7.1516 0.3937 0.0, 7.1516 0.3937 0.7874, 7.2303 0.315 0.0, 7.2303 0.315 0.7874, 7.1516 -0.3937 0.0, 7.2303 -0.315 0.0, 7.1516 -0.3937 0.7874, 7.2303 -0.315 0.7874, 7.2303 -0.315 0.7874
            ]
        }
        coordIndex [
            0,1,2,-1,2,1,3,-1,4,5,6,-1,6,5,7,-1,8,4,9,-1,9,4,6,-1,10,8,11,-1,11,8,9,-1,12,13,14,-1,14,13,15,-1,1,12,3,-1,3,12,14,-1,
        ]
    }
}
Shape{
    appearance Appearance {
        material  Material 	{
            diffuseColor 0.7529411764705882 0.7529411764705882 0.7529411764705882
            specularColor 0.3764705882352941 0.3764705882352941 0.3764705882352941
            ambientIntensity 0.2
            transparency 0
            shininess 0.5
        }
    }
    geometry IndexedFaceSet {
        ccw TRUE
        solid FALSE
        coord DEF co Coordinate {
            point [
                6.935 -0.0984 -0.2756, 6.7382 -0.0984 -0.2756, 6.935 -0.0991 -0.2807, 6.7382 -0.0991 -0.2807, 6.935 -0.1011 -0.2854, 6.7382 -0.1011 -0.2854, 6.935 -0.1042 -0.2895, 6.7382 -0.1042 -0.2895, 6.935 -0.1083 -0.2926, 6.7382 -0.1083 -0.2926, 6.935 -0.113 -0.2946, 6.7382 -0.113 -0.2946, 6.935 -0.1181 -0.2953, 6.7382 -0.1181 -0.2953, 6.935 -0.748 -0.2953, 6.7382 -0.748 -0.2953, 6.8064 -0.8661 -0.3635, 6.8064 -0.8661 -0.4239, 6.8668 -0.8661 -0.3635, 6.8668 -0.8661 -0.4239, 6.7382 -0.748 -0.4921, 6.7382 -0.1181 -0.4921, 6.935 -0.748 -0.4921, 6.935 -0.1181 -0.4921, 6.7382 -0.0621 -0.4847, 6.935 -0.0621 -0.4847, 6.7382 -0.0098 -0.4631, 6.935 -0.0098 -0.4631, 6.7382 0.035 -0.4287, 6.935 0.035 -0.4287, 6.7382 0.0694 -0.3839, 6.935 0.0694 -0.3839, 6.7382 0.091 -0.3316, 6.935 0.091 -0.3316, 6.7382 0.0984 -0.2756, 6.935 0.0984 -0.2756, 6.935 0.0452 0.1181, 6.935 -0.0984 0.1181, 6.935 0.0984 0.1181, 6.7382 0.0452 0.1181, 6.7382 0.0984 0.1181, 6.7382 -0.0984 0.1181, 6.935 0.0984 2.2441, 6.935 0.0984 0.7874, 6.7382 0.0984 2.2441, 6.7382 0.0984 0.7874, 6.7382 -0.0984 2.2441, 6.7382 -0.0984 0.7874, 6.935 -0.0984 2.2441, 6.935 -0.0984 0.7874, 6.8064 0.0302 2.3622, 6.8064 -0.0302 2.3622, 6.8668 0.0302 2.3622, 6.8668 -0.0302 2.3622, 6.8668 -0.0302 2.3622
            ]
        }
        coordIndex [
            0,1,2,-1,2,1,3,-1,2,3,4,-1,4,3,5,-1,4,5,6,-1,6,5,7,-1,6,7,8,-1,8,7,9,-1,8,9,10,-1,10,9,11,-1,10,11,12,-1,12,11,13,-1,14,12,15,-1,15,12,13,-1,16,17,18,-1,18,17,19,-1,20,21,22,-1,22,21,23,-1,23,21,24,-1,23,24,25,-1,25,24,26,-1,25,26,27,-1,27,26,28,-1,27,28,29,-1,29,28,30,-1,29,30,31,-1,31,30,32,-1,31,32,33,-1,33,32,34,-1,33,34,35,-1,36,37,0,-1,38,36,35,-1,35,36,0,-1,35,0,33,-1,33,0,2,-1,33,2,31,-1,31,2,4,-1,31,4,29,-1,29,4,6,-1,29,6,27,-1,27,6,8,-1,27,8,25,-1,25,8,10,-1,25,10,23,-1,23,10,12,-1,23,12,22,-1,22,12,14,-1,39,40,34,-1,41,39,1,-1,1,39,34,-1,1,34,3,-1,3,34,32,-1,3,32,5,-1,5,32,30,-1,5,30,7,-1,7,30,28,-1,7,28,9,-1,9,28,26,-1,9,26,11,-1,11,26,24,-1,11,24,13,-1,13,24,21,-1,13,21,15,-1,15,21,20,-1,1,0,41,-1,41,0,37,-1,38,35,40,-1,40,35,34,-1,42,43,44,-1,44,43,45,-1,46,47,48,-1,48,47,49,-1,48,49,42,-1,42,49,43,-1,44,45,46,-1,46,45,47,-1,50,51,52,-1,52,51,53,-1,22,19,20,-1,20,19,17,-1,14,18,22,-1,22,18,19,-1,16,15,17,-1,17,15,20,-1,15,16,14,-1,14,16,18,-1,48,53,46,-1,46,53,51,-1,42,52,48,-1,48,52,53,-1,50,44,51,-1,51,44,46,-1,44,50,42,-1,42,50,52,-1,
        ]
    }
}
Shape{
    appearance Appearance {
        material  Material 	{
            diffuseColor 0.2235294117647059 0.2235294117647059 0.2235294117647059
            specularColor 0.11372549019607843 0.11372549019607843 0.11372549019607843
            ambientIntensity 0.2
            transparency 0
            shininess 0.5
        }
    }
    geometry IndexedFaceSet {
        ccw TRUE
        solid FALSE
        coord DEF co Coordinate {
            point [
                5.7343 0.3937 0.7874, 6.3642 0.3937 0.7874, 5.7343 0.3937 0.0, 6.3642 0.3937 0.0, 6.3642 -0.3937 0.7874, 5.7343 -0.3937 0.7874, 6.3642 -0.3937 0.0, 5.7343 -0.3937 0.0, 6.4429 -0.315 0.0, 6.4429 -0.315 0.7874, 5.6555 -0.315 0.0, 5.6555 -0.315 0.7874, 5.6555 0.315 0.0, 5.6555 0.315 0.7874, 6.4429 0.315 0.0, 6.4429 0.315 0.7874, 6.4429 0.315 0.7874
            ]
        }
        coordIndex [
            0,1,2,-1,2,1,3,-1,4,5,6,-1,6,5,7,-1,6,8,4,-1,4,8,9,-1,10,7,11,-1,11,7,5,-1,2,12,0,-1,0,12,13,-1,14,3,15,-1,15,3,1,-1,
        ]
    }
}
Shape{
    appearance Appearance {
        material  Material 	{
            diffuseColor 0.7529411764705882 0.7529411764705882 0.7529411764705882
            specularColor 0.3764705882352941 0.3764705882352941 0.3764705882352941
            ambientIntensity 0.2
            transparency 0
            shininess 0.5
        }
    }
    geometry IndexedFaceSet {
        ccw TRUE
        solid FALSE
        coord DEF co Coordinate {
            point [
                6.1476 -0.0984 -0.2756, 5.9508 -0.0984 -0.2756, 5.9508 -0.091 -0.3316, 6.1476 -0.091 -0.3316, 5.9508 -0.0694 -0.3839, 6.1476 -0.0694 -0.3839, 5.9508 -0.035 -0.4287, 6.1476 -0.035 -0.4287, 5.9508 0.0098 -0.4631, 6.1476 0.0098 -0.4631, 5.9508 0.0621 -0.4847, 6.1476 0.0621 -0.4847, 5.9508 0.1181 -0.4921, 6.1476 0.1181 -0.4921, 6.1476 0.748 -0.4921, 5.9508 0.748 -0.4921, 6.019 0.8661 -0.4239, 6.019 0.8661 -0.3635, 6.0794 0.8661 -0.4239, 6.0794 0.8661 -0.3635, 5.9508 0.748 -0.2953, 5.9508 0.1181 -0.2953, 6.1476 0.748 -0.2953, 6.1476 0.1181 -0.2953, 6.1476 0.113 -0.2946, 5.9508 0.113 -0.2946, 6.1476 0.1083 -0.2926, 5.9508 0.1083 -0.2926, 6.1476 0.1042 -0.2895, 5.9508 0.1042 -0.2895, 6.1476 0.1011 -0.2854, 5.9508 0.1011 -0.2854, 6.1476 0.0991 -0.2807, 5.9508 0.0991 -0.2807, 6.1476 0.0984 -0.2756, 5.9508 0.0984 -0.2756, 5.9508 0.0452 0.1181, 5.9508 0.0984 0.1181, 5.9508 -0.0984 0.1181, 6.1476 0.0452 0.1181, 6.1476 -0.0984 0.1181, 6.1476 0.0984 0.1181, 6.1476 0.0984 2.2441, 6.1476 0.0984 0.7874, 5.9508 0.0984 2.2441, 5.9508 0.0984 0.7874, 6.019 0.0302 2.3622, 6.019 -0.0302 2.3622, 6.0794 0.0302 2.3622, 6.0794 -0.0302 2.3622, 5.9508 -0.0984 2.2441, 5.9508 -0.0984 0.7874, 6.1476 -0.0984 2.2441, 6.1476 -0.0984 0.7874, 6.1476 -0.0984 0.7874
            ]
        }
        coordIndex [
            0,1,2,-1,0,2,3,-1,3,2,4,-1,3,4,5,-1,5,4,6,-1,5,6,7,-1,7,6,8,-1,7,8,9,-1,9,8,10,-1,9,10,11,-1,11,10,12,-1,11,12,13,-1,14,13,15,-1,15,13,12,-1,16,17,18,-1,18,17,19,-1,20,21,22,-1,22,21,23,-1,23,21,24,-1,24,21,25,-1,24,25,26,-1,26,25,27,-1,26,27,28,-1,28,27,29,-1,28,29,30,-1,30,29,31,-1,30,31,32,-1,32,31,33,-1,32,33,34,-1,34,33,35,-1,36,37,35,-1,20,15,21,-1,21,15,12,-1,21,12,25,-1,25,12,10,-1,25,10,27,-1,27,10,8,-1,27,8,29,-1,29,8,6,-1,29,6,31,-1,31,6,4,-1,31,4,33,-1,33,4,2,-1,33,2,35,-1,35,2,1,-1,35,1,36,-1,36,1,38,-1,39,40,0,-1,41,39,34,-1,34,39,0,-1,34,0,32,-1,32,0,3,-1,32,3,30,-1,30,3,5,-1,30,5,28,-1,28,5,7,-1,28,7,26,-1,26,7,9,-1,26,9,24,-1,24,9,11,-1,24,11,23,-1,23,11,13,-1,23,13,22,-1,22,13,14,-1,38,1,40,-1,40,1,0,-1,34,35,41,-1,41,35,37,-1,42,43,44,-1,44,43,45,-1,46,47,48,-1,48,47,49,-1,50,51,52,-1,52,51,53,-1,52,53,42,-1,42,53,43,-1,44,45,50,-1,50,45,51,-1,22,19,20,-1,20,19,17,-1,14,18,22,-1,22,18,19,-1,16,15,17,-1,17,15,20,-1,15,16,14,-1,14,16,18,-1,52,49,50,-1,50,49,47,-1,42,48,52,-1,52,48,49,-1,46,44,47,-1,47,44,50,-1,44,46,42,-1,42,46,48,-1,
        ]
    }
}
Shape{
    appearance Appearance {
        material  Material 	{
            diffuseColor 0.2235294117647059 0.2235294117647059 0.2235294117647059
            specularColor 0.11372549019607843 0.11372549019607843 0.11372549019607843
            ambientIntensity 0.2
            transparency 0
            shininess 0.5
        }
    }
    geometry IndexedFaceSet {
        ccw TRUE
        solid FALSE
        coord DEF co Coordinate {
            point [
                4.8681 -0.315 0.0, 4.9469 -0.3937 0.0, 4.8681 -0.315 0.7874, 4.9469 -0.3937 0.7874, 4.9469 0.3937 0.0, 4.8681 0.315 0.0, 4.9469 0.3937 0.7874, 4.8681 0.315 0.7874, 5.5768 0.3937 0.0, 5.5768 0.3937 0.7874, 5.6555 0.315 0.0, 5.6555 0.315 0.7874, 5.5768 -0.3937 0.0, 5.6555 -0.315 0.0, 5.5768 -0.3937 0.7874, 5.6555 -0.315 0.7874, 5.6555 -0.315 0.7874
            ]
        }
        coordIndex [
            0,1,2,-1,2,1,3,-1,4,5,6,-1,6,5,7,-1,8,4,9,-1,9,4,6,-1,10,8,11,-1,11,8,9,-1,12,13,14,-1,14,13,15,-1,1,12,3,-1,3,12,14,-1,
        ]
    }
}
Shape{
    appearance Appearance {
        material  Material 	{
            diffuseColor 0.7529411764705882 0.7529411764705882 0.7529411764705882
            specularColor 0.3764705882352941 0.3764705882352941 0.3764705882352941
            ambientIntensity 0.2
            transparency 0
            shininess 0.5
        }
    }
    geometry IndexedFaceSet {
        ccw TRUE
        solid FALSE
        coord DEF co Coordinate {
            point [
                5.3602 -0.0984 -0.2756, 5.1634 -0.0984 -0.2756, 5.3602 -0.0991 -0.2807, 5.1634 -0.0991 -0.2807, 5.3602 -0.1011 -0.2854, 5.1634 -0.1011 -0.2854, 5.3602 -0.1042 -0.2895, 5.1634 -0.1042 -0.2895, 5.3602 -0.1083 -0.2926, 5.1634 -0.1083 -0.2926, 5.3602 -0.113 -0.2946, 5.1634 -0.113 -0.2946, 5.3602 -0.1181 -0.2953, 5.1634 -0.1181 -0.2953, 5.3602 -0.748 -0.2953, 5.1634 -0.748 -0.2953, 5.2316 -0.8661 -0.3635, 5.2316 -0.8661 -0.4239, 5.292 -0.8661 -0.3635, 5.292 -0.8661 -0.4239, 5.1634 -0.748 -0.4921, 5.1634 -0.1181 -0.4921, 5.3602 -0.748 -0.4921, 5.3602 -0.1181 -0.4921, 5.1634 -0.0621 -0.4847, 5.3602 -0.0621 -0.4847, 5.1634 -0.0098 -0.4631, 5.3602 -0.0098 -0.4631, 5.1634 0.035 -0.4287, 5.3602 0.035 -0.4287, 5.1634 0.0694 -0.3839, 5.3602 0.0694 -0.3839, 5.1634 0.091 -0.3316, 5.3602 0.091 -0.3316, 5.1634 0.0984 -0.2756, 5.3602 0.0984 -0.2756, 5.3602 0.0452 0.1181, 5.3602 -0.0984 0.1181, 5.3602 0.0984 0.1181, 5.1634 0.0452 0.1181, 5.1634 0.0984 0.1181, 5.1634 -0.0984 0.1181, 5.3602 0.0984 2.2441, 5.3602 0.0984 0.7874, 5.1634 0.0984 2.2441, 5.1634 0.0984 0.7874, 5.1634 -0.0984 2.2441, 5.1634 -0.0984 0.7874, 5.3602 -0.0984 2.2441, 5.3602 -0.0984 0.7874, 5.2316 0.0302 2.3622, 5.2316 -0.0302 2.3622, 5.292 0.0302 2.3622, 5.292 -0.0302 2.3622, 5.292 -0.0302 2.3622
            ]
        }
        coordIndex [
            0,1,2,-1,2,1,3,-1,2,3,4,-1,4,3,5,-1,4,5,6,-1,6,5,7,-1,6,7,8,-1,8,7,9,-1,8,9,10,-1,10,9,11,-1,10,11,12,-1,12,11,13,-1,14,12,15,-1,15,12,13,-1,16,17,18,-1,18,17,19,-1,20,21,22,-1,22,21,23,-1,23,21,24,-1,23,24,25,-1,25,24,26,-1,25,26,27,-1,27,26,28,-1,27,28,29,-1,29,28,30,-1,29,30,31,-1,31,30,32,-1,31,32,33,-1,33,32,34,-1,33,34,35,-1,36,37,0,-1,38,36,35,-1,35,36,0,-1,35,0,33,-1,33,0,2,-1,33,2,31,-1,31,2,4,-1,31,4,29,-1,29,4,6,-1,29,6,27,-1,27,6,8,-1,27,8,25,-1,25,8,10,-1,25,10,23,-1,23,10,12,-1,23,12,22,-1,22,12,14,-1,39,40,34,-1,41,39,1,-1,1,39,34,-1,1,34,3,-1,3,34,32,-1,3,32,5,-1,5,32,30,-1,5,30,7,-1,7,30,28,-1,7,28,9,-1,9,28,26,-1,9,26,11,-1,11,26,24,-1,11,24,13,-1,13,24,21,-1,13,21,15,-1,15,21,20,-1,1,0,41,-1,41,0,37,-1,38,35,40,-1,40,35,34,-1,42,43,44,-1,44,43,45,-1,46,47,48,-1,48,47,49,-1,48,49,42,-1,42,49,43,-1,44,45,46,-1,46,45,47,-1,50,51,52,-1,52,51,53,-1,22,19,20,-1,20,19,17,-1,14,18,22,-1,22,18,19,-1,16,15,17,-1,17,15,20,-1,15,16,14,-1,14,16,18,-1,48,53,46,-1,46,53,51,-1,42,52,48,-1,48,52,53,-1,50,44,51,-1,51,44,46,-1,44,50,42,-1,42,50,52,-1,
        ]
    }
}
Shape{
    appearance Appearance {
        material  Material 	{
            diffuseColor 0.2235294117647059 0.2235294117647059 0.2235294117647059
            specularColor 0.11372549019607843 0.11372549019607843 0.11372549019607843
            ambientIntensity 0.2
            transparency 0
            shininess 0.5
        }
    }
    geometry IndexedFaceSet {
        ccw TRUE
        solid FALSE
        coord DEF co Coordinate {
            point [
                4.1594 0.3937 0.7874, 4.7894 0.3937 0.7874, 4.1594 0.3937 0.0, 4.7894 0.3937 0.0, 4.7894 -0.3937 0.7874, 4.1594 -0.3937 0.7874, 4.7894 -0.3937 0.0, 4.1594 -0.3937 0.0, 4.8681 -0.315 0.0, 4.8681 -0.315 0.7874, 4.0807 -0.315 0.0, 4.0807 -0.315 0.7874, 4.0807 0.315 0.0, 4.0807 0.315 0.7874, 4.8681 0.315 0.0, 4.8681 0.315 0.7874, 4.8681 0.315 0.7874
            ]
        }
        coordIndex [
            0,1,2,-1,2,1,3,-1,4,5,6,-1,6,5,7,-1,6,8,4,-1,4,8,9,-1,10,7,11,-1,11,7,5,-1,2,12,0,-1,0,12,13,-1,14,3,15,-1,15,3,1,-1,
        ]
    }
}
Shape{
    appearance Appearance {
        material  Material 	{
            diffuseColor 0.7529411764705882 0.7529411764705882 0.7529411764705882
            specularColor 0.3764705882352941 0.3764705882352941 0.3764705882352941
            ambientIntensity 0.2
            transparency 0
            shininess 0.5
        }
    }
    geometry IndexedFaceSet {
        ccw TRUE
        solid FALSE
        coord DEF co Coordinate {
            point [
                4.5728 -0.0984 -0.2756, 4.376 -0.0984 -0.2756, 4.376 -0.091 -0.3316, 4.5728 -0.091 -0.3316, 4.376 -0.0694 -0.3839, 4.5728 -0.0694 -0.3839, 4.376 -0.035 -0.4287, 4.5728 -0.035 -0.4287, 4.376 0.0098 -0.4631, 4.5728 0.0098 -0.4631, 4.376 0.0621 -0.4847, 4.5728 0.0621 -0.4847, 4.376 0.1181 -0.4921, 4.5728 0.1181 -0.4921, 4.5728 0.748 -0.4921, 4.376 0.748 -0.4921, 4.4442 0.8661 -0.4239, 4.4442 0.8661 -0.3635, 4.5046 0.8661 -0.4239, 4.5046 0.8661 -0.3635, 4.376 0.748 -0.2953, 4.376 0.1181 -0.2953, 4.5728 0.748 -0.2953, 4.5728 0.1181 -0.2953, 4.5728 0.113 -0.2946, 4.376 0.113 -0.2946, 4.5728 0.1083 -0.2926, 4.376 0.1083 -0.2926, 4.5728 0.1042 -0.2895, 4.376 0.1042 -0.2895, 4.5728 0.1011 -0.2854, 4.376 0.1011 -0.2854, 4.5728 0.0991 -0.2807, 4.376 0.0991 -0.2807, 4.5728 0.0984 -0.2756, 4.376 0.0984 -0.2756, 4.376 0.0452 0.1181, 4.376 0.0984 0.1181, 4.376 -0.0984 0.1181, 4.5728 0.0452 0.1181, 4.5728 -0.0984 0.1181, 4.5728 0.0984 0.1181, 4.5728 0.0984 2.2441, 4.5728 0.0984 0.7874, 4.376 0.0984 2.2441, 4.376 0.0984 0.7874, 4.4442 0.0302 2.3622, 4.4442 -0.0302 2.3622, 4.5046 0.0302 2.3622, 4.5046 -0.0302 2.3622, 4.376 -0.0984 2.2441, 4.376 -0.0984 0.7874, 4.5728 -0.0984 2.2441, 4.5728 -0.0984 0.7874, 4.5728 -0.0984 0.7874
            ]
        }
        coordIndex [
            0,1,2,-1,0,2,3,-1,3,2,4,-1,3,4,5,-1,5,4,6,-1,5,6,7,-1,7,6,8,-1,7,8,9,-1,9,8,10,-1,9,10,11,-1,11,10,12,-1,11,12,13,-1,14,13,15,-1,15,13,12,-1,16,17,18,-1,18,17,19,-1,20,21,22,-1,22,21,23,-1,23,21,24,-1,24,21,25,-1,24,25,26,-1,26,25,27,-1,26,27,28,-1,28,27,29,-1,28,29,30,-1,30,29,31,-1,30,31,32,-1,32,31,33,-1,32,33,34,-1,34,33,35,-1,36,37,35,-1,20,15,21,-1,21,15,12,-1,21,12,25,-1,25,12,10,-1,25,10,27,-1,27,10,8,-1,27,8,29,-1,29,8,6,-1,29,6,31,-1,31,6,4,-1,31,4,33,-1,33,4,2,-1,33,2,35,-1,35,2,1,-1,35,1,36,-1,36,1,38,-1,39,40,0,-1,41,39,34,-1,34,39,0,-1,34,0,32,-1,32,0,3,-1,32,3,30,-1,30,3,5,-1,30,5,28,-1,28,5,7,-1,28,7,26,-1,26,7,9,-1,26,9,24,-1,24,9,11,-1,24,11,23,-1,23,11,13,-1,23,13,22,-1,22,13,14,-1,38,1,40,-1,40,1,0,-1,34,35,41,-1,41,35,37,-1,42,43,44,-1,44,43,45,-1,46,47,48,-1,48,47,49,-1,50,51,52,-1,52,51,53,-1,52,53,42,-1,42,53,43,-1,44,45,50,-1,50,45,51,-1,22,19,20,-1,20,19,17,-1,14,18,22,-1,22,18,19,-1,16,15,17,-1,17,15,20,-1,15,16,14,-1,14,16,18,-1,52,49,50,-1,50,49,47,-1,42,48,52,-1,52,48,49,-1,46,44,47,-1,47,44,50,-1,44,46,42,-1,42,46,48,-1,
        ]
    }
}
Shape{
    appearance Appearance {
        material  Material 	{
            diffuseColor 0.2235294117647059 0.2235294117647059 0.2235294117647059
            specularColor 0.11372549019607843 0.11372549019607843 0.11372549019607843
            ambientIntensity 0.2
            transparency 0
            shininess 0.5
        }
    }
    geometry IndexedFaceSet {
        ccw TRUE
        solid FALSE
        coord DEF co Coordinate {
            point [
                3.2933 -0.315 0.0, 3.372 -0.3937 0.0, 3.2933 -0.315 0.7874, 3.372 -0.3937 0.7874, 3.372 0.3937 0.0, 3.2933 0.315 0.0, 3.372 0.3937 0.7874, 3.2933 0.315 0.7874, 4.002 0.3937 0.0, 4.002 0.3937 0.7874, 4.0807 0.315 0.0, 4.0807 0.315 0.7874, 4.002 -0.3937 0.0, 4.0807 -0.315 0.0, 4.002 -0.3937 0.7874, 4.0807 -0.315 0.7874, 4.0807 -0.315 0.7874
            ]
        }
        coordIndex [
            0,1,2,-1,2,1,3,-1,4,5,6,-1,6,5,7,-1,8,4,9,-1,9,4,6,-1,10,8,11,-1,11,8,9,-1,12,13,14,-1,14,13,15,-1,1,12,3,-1,3,12,14,-1,
        ]
    }
}
Shape{
    appearance Appearance {
        material  Material 	{
            diffuseColor 0.7529411764705882 0.7529411764705882 0.7529411764705882
            specularColor 0.3764705882352941 0.3764705882352941 0.3764705882352941
            ambientIntensity 0.2
            transparency 0
            shininess 0.5
        }
    }
    geometry IndexedFaceSet {
        ccw TRUE
        solid FALSE
        coord DEF co Coordinate {
            point [
                3.7854 -0.0984 -0.2756, 3.5886 -0.0984 -0.2756, 3.7854 -0.0991 -0.2807, 3.5886 -0.0991 -0.2807, 3.7854 -0.1011 -0.2854, 3.5886 -0.1011 -0.2854, 3.7854 -0.1042 -0.2895, 3.5886 -0.1042 -0.2895, 3.7854 -0.1083 -0.2926, 3.5886 -0.1083 -0.2926, 3.7854 -0.113 -0.2946, 3.5886 -0.113 -0.2946, 3.7854 -0.1181 -0.2953, 3.5886 -0.1181 -0.2953, 3.7854 -0.748 -0.2953, 3.5886 -0.748 -0.2953, 3.6568 -0.8661 -0.3635, 3.6568 -0.8661 -0.4239, 3.7172 -0.8661 -0.3635, 3.7172 -0.8661 -0.4239, 3.5886 -0.748 -0.4921, 3.5886 -0.1181 -0.4921, 3.7854 -0.748 -0.4921, 3.7854 -0.1181 -0.4921, 3.5886 -0.0621 -0.4847, 3.7854 -0.0621 -0.4847, 3.5886 -0.0098 -0.4631, 3.7854 -0.0098 -0.4631, 3.5886 0.035 -0.4287, 3.7854 0.035 -0.4287, 3.5886 0.0694 -0.3839, 3.7854 0.0694 -0.3839, 3.5886 0.091 -0.3316, 3.7854 0.091 -0.3316, 3.5886 0.0984 -0.2756, 3.7854 0.0984 -0.2756, 3.7854 0.0452 0.1181, 3.7854 -0.0984 0.1181, 3.7854 0.0984 0.1181, 3.5886 0.0452 0.1181, 3.5886 0.0984 0.1181, 3.5886 -0.0984 0.1181, 3.7854 0.0984 2.2441, 3.7854 0.0984 0.7874, 3.5886 0.0984 2.2441, 3.5886 0.0984 0.7874, 3.5886 -0.0984 2.2441, 3.5886 -0.0984 0.7874, 3.7854 -0.0984 2.2441, 3.7854 -0.0984 0.7874, 3.6568 0.0302 2.3622, 3.6568 -0.0302 2.3622, 3.7172 0.0302 2.3622, 3.7172 -0.0302 2.3622, 3.7172 -0.0302 2.3622
            ]
        }
        coordIndex [
            0,1,2,-1,2,1,3,-1,2,3,4,-1,4,3,5,-1,4,5,6,-1,6,5,7,-1,6,7,8,-1,8,7,9,-1,8,9,10,-1,10,9,11,-1,10,11,12,-1,12,11,13,-1,14,12,15,-1,15,12,13,-1,16,17,18,-1,18,17,19,-1,20,21,22,-1,22,21,23,-1,23,21,24,-1,23,24,25,-1,25,24,26,-1,25,26,27,-1,27,26,28,-1,27,28,29,-1,29,28,30,-1,29,30,31,-1,31,30,32,-1,31,32,33,-1,33,32,34,-1,33,34,35,-1,36,37,0,-1,38,36,35,-1,35,36,0,-1,35,0,33,-1,33,0,2,-1,33,2,31,-1,31,2,4,-1,31,4,29,-1,29,4,6,-1,29,6,27,-1,27,6,8,-1,27,8,25,-1,25,8,10,-1,25,10,23,-1,23,10,12,-1,23,12,22,-1,22,12,14,-1,39,40,34,-1,41,39,1,-1,1,39,34,-1,1,34,3,-1,3,34,32,-1,3,32,5,-1,5,32,30,-1,5,30,7,-1,7,30,28,-1,7,28,9,-1,9,28,26,-1,9,26,11,-1,11,26,24,-1,11,24,13,-1,13,24,21,-1,13,21,15,-1,15,21,20,-1,1,0,41,-1,41,0,37,-1,38,35,40,-1,40,35,34,-1,42,43,44,-1,44,43,45,-1,46,47,48,-1,48,47,49,-1,48,49,42,-1,42,49,43,-1,44,45,46,-1,46,45,47,-1,50,51,52,-1,52,51,53,-1,22,19,20,-1,20,19,17,-1,14,18,22,-1,22,18,19,-1,16,15,17,-1,17,15,20,-1,15,16,14,-1,14,16,18,-1,48,53,46,-1,46,53,51,-1,42,52,48,-1,48,52,53,-1,50,44,51,-1,51,44,46,-1,44,50,42,-1,42,50,52,-1,
        ]
    }
}
Shape{
    appearance Appearance {
        material  Material 	{
            diffuseColor 0.2235294117647059 0.2235294117647059 0.2235294117647059
            specularColor 0.11372549019607843 0.11372549019607843 0.11372549019607843
            ambientIntensity 0.2
            transparency 0
            shininess 0.5
        }
    }
    geometry IndexedFaceSet {
        ccw TRUE
        solid FALSE
        coord DEF co Coordinate {
            point [
                9.5925 -0.315 0.0, 9.6713 -0.3937 0.0, 9.5925 -0.315 0.7874, 9.6713 -0.3937 0.7874, 9.6713 0.3937 0.0, 9.5925 0.315 0.0, 9.6713 0.3937 0.7874, 9.5925 0.315 0.7874, 10.3012 0.3937 0.0, 10.3012 0.3937 0.7874, 10.3799 0.315 0.0, 10.3799 0.315 0.7874, 10.3012 -0.3937 0.0, 10.3799 -0.315 0.0, 10.3012 -0.3937 0.7874, 10.3799 -0.315 0.7874, 10.3799 -0.315 0.7874
            ]
        }
        coordIndex [
            0,1,2,-1,2,1,3,-1,4,5,6,-1,6,5,7,-1,8,4,9,-1,9,4,6,-1,10,8,11,-1,11,8,9,-1,12,13,14,-1,14,13,15,-1,1,12,3,-1,3,12,14,-1,
        ]
    }
}
Shape{
    appearance Appearance {
        material  Material 	{
            diffuseColor 0.7529411764705882 0.7529411764705882 0.7529411764705882
            specularColor 0.3764705882352941 0.3764705882352941 0.3764705882352941
            ambientIntensity 0.2
            transparency 0
            shininess 0.5
        }
    }
    geometry IndexedFaceSet {
        ccw TRUE
        solid FALSE
        coord DEF co Coordinate {
            point [
                10.0846 -0.0984 -0.2756, 9.8878 -0.0984 -0.2756, 10.0846 -0.0991 -0.2807, 9.8878 -0.0991 -0.2807, 10.0846 -0.1011 -0.2854, 9.8878 -0.1011 -0.2854, 10.0846 -0.1042 -0.2895, 9.8878 -0.1042 -0.2895, 10.0846 -0.1083 -0.2926, 9.8878 -0.1083 -0.2926, 10.0846 -0.113 -0.2946, 9.8878 -0.113 -0.2946, 10.0846 -0.1181 -0.2953, 9.8878 -0.1181 -0.2953, 10.0846 -0.748 -0.2953, 9.8878 -0.748 -0.2953, 9.956 -0.8661 -0.3635, 9.956 -0.8661 -0.4239, 10.0165 -0.8661 -0.3635, 10.0165 -0.8661 -0.4239, 9.8878 -0.748 -0.4921, 9.8878 -0.1181 -0.4921, 10.0846 -0.748 -0.4921, 10.0846 -0.1181 -0.4921, 9.8878 -0.0621 -0.4847, 10.0846 -0.0621 -0.4847, 9.8878 -0.0098 -0.4631, 10.0846 -0.0098 -0.4631, 9.8878 0.035 -0.4287, 10.0846 0.035 -0.4287, 9.8878 0.0694 -0.3839, 10.0846 0.0694 -0.3839, 9.8878 0.091 -0.3316, 10.0846 0.091 -0.3316, 9.8878 0.0984 -0.2756, 10.0846 0.0984 -0.2756, 10.0846 0.0452 0.1181, 10.0846 -0.0984 0.1181, 10.0846 0.0984 0.1181, 9.8878 0.0452 0.1181, 9.8878 0.0984 0.1181, 9.8878 -0.0984 0.1181, 10.0846 0.0984 2.2441, 10.0846 0.0984 0.7874, 9.8878 0.0984 2.2441, 9.8878 0.0984 0.7874, 9.8878 -0.0984 2.2441, 9.8878 -0.0984 0.7874, 10.0846 -0.0984 2.2441, 10.0846 -0.0984 0.7874, 9.956 0.0302 2.3622, 9.956 -0.0302 2.3622, 10.0165 0.0302 2.3622, 10.0165 -0.0302 2.3622, 10.0165 -0.0302 2.3622
            ]
        }
        coordIndex [
            0,1,2,-1,2,1,3,-1,2,3,4,-1,4,3,5,-1,4,5,6,-1,6,5,7,-1,6,7,8,-1,8,7,9,-1,8,9,10,-1,10,9,11,-1,10,11,12,-1,12,11,13,-1,14,12,15,-1,15,12,13,-1,16,17,18,-1,18,17,19,-1,20,21,22,-1,22,21,23,-1,23,21,24,-1,23,24,25,-1,25,24,26,-1,25,26,27,-1,27,26,28,-1,27,28,29,-1,29,28,30,-1,29,30,31,-1,31,30,32,-1,31,32,33,-1,33,32,34,-1,33,34,35,-1,36,37,0,-1,38,36,35,-1,35,36,0,-1,35,0,33,-1,33,0,2,-1,33,2,31,-1,31,2,4,-1,31,4,29,-1,29,4,6,-1,29,6,27,-1,27,6,8,-1,27,8,25,-1,25,8,10,-1,25,10,23,-1,23,10,12,-1,23,12,22,-1,22,12,14,-1,39,40,34,-1,41,39,1,-1,1,39,34,-1,1,34,3,-1,3,34,32,-1,3,32,5,-1,5,32,30,-1,5,30,7,-1,7,30,28,-1,7,28,9,-1,9,28,26,-1,9,26,11,-1,11,26,24,-1,11,24,13,-1,13,24,21,-1,13,21,15,-1,15,21,20,-1,1,0,41,-1,41,0,37,-1,38,35,40,-1,40,35,34,-1,42,43,44,-1,44,43,45,-1,46,47,48,-1,48,47,49,-1,48,49,42,-1,42,49,43,-1,44,45,46,-1,46,45,47,-1,50,51,52,-1,52,51,53,-1,22,19,20,-1,20,19,17,-1,14,18,22,-1,22,18,19,-1,16,15,17,-1,17,15,20,-1,15,16,14,-1,14,16,18,-1,48,53,46,-1,46,53,51,-1,42,52,48,-1,48,52,53,-1,50,44,51,-1,51,44,46,-1,44,50,42,-1,42,50,52,-1,
        ]
    }
}
Shape{
    appearance Appearance {
        material  Material 	{
            diffuseColor 0.2235294117647059 0.2235294117647059 0.2235294117647059
            specularColor 0.11372549019607843 0.11372549019607843 0.11372549019607843
            ambientIntensity 0.2
            transparency 0
            shininess 0.5
        }
    }
    geometry IndexedFaceSet {
        ccw TRUE
        solid FALSE
        coord DEF co Coordinate {
            point [
                8.8839 0.3937 0.7874, 9.5138 0.3937 0.7874, 8.8839 0.3937 0.0, 9.5138 0.3937 0.0, 9.5138 -0.3937 0.7874, 8.8839 -0.3937 0.7874, 9.5138 -0.3937 0.0, 8.8839 -0.3937 0.0, 9.5925 -0.315 0.0, 9.5925 -0.315 0.7874, 8.8051 -0.315 0.0, 8.8051 -0.315 0.7874, 8.8051 0.315 0.0, 8.8051 0.315 0.7874, 9.5925 0.315 0.0, 9.5925 0.315 0.7874, 9.5925 0.315 0.7874
            ]
        }
        coordIndex [
            0,1,2,-1,2,1,3,-1,4,5,6,-1,6,5,7,-1,6,8,4,-1,4,8,9,-1,10,7,11,-1,11,7,5,-1,2,12,0,-1,0,12,13,-1,14,3,15,-1,15,3,1,-1,
        ]
    }
}
Shape{
    appearance Appearance {
        material  Material 	{
            diffuseColor 0.7529411764705882 0.7529411764705882 0.7529411764705882
            specularColor 0.3764705882352941 0.3764705882352941 0.3764705882352941
            ambientIntensity 0.2
            transparency 0
            shininess 0.5
        }
    }
    geometry IndexedFaceSet {
        ccw TRUE
        solid FALSE
        coord DEF co Coordinate {
            point [
                9.2972 -0.0984 -0.2756, 9.1004 -0.0984 -0.2756, 9.1004 -0.091 -0.3316, 9.2972 -0.091 -0.3316, 9.1004 -0.0694 -0.3839, 9.2972 -0.0694 -0.3839, 9.1004 -0.035 -0.4287, 9.2972 -0.035 -0.4287, 9.1004 0.0098 -0.4631, 9.2972 0.0098 -0.4631, 9.1004 0.0621 -0.4847, 9.2972 0.0621 -0.4847, 9.1004 0.1181 -0.4921, 9.2972 0.1181 -0.4921, 9.2972 0.748 -0.4921, 9.1004 0.748 -0.4921, 9.1686 0.8661 -0.4239, 9.1686 0.8661 -0.3635, 9.2291 0.8661 -0.4239, 9.2291 0.8661 -0.3635, 9.1004 0.748 -0.2953, 9.1004 0.1181 -0.2953, 9.2972 0.748 -0.2953, 9.2972 0.1181 -0.2953, 9.2972 0.113 -0.2946, 9.1004 0.113 -0.2946, 9.2972 0.1083 -0.2926, 9.1004 0.1083 -0.2926, 9.2972 0.1042 -0.2895, 9.1004 0.1042 -0.2895, 9.2972 0.1011 -0.2854, 9.1004 0.1011 -0.2854, 9.2972 0.0991 -0.2807, 9.1004 0.0991 -0.2807, 9.2972 0.0984 -0.2756, 9.1004 0.0984 -0.2756, 9.1004 0.0452 0.1181, 9.1004 0.0984 0.1181, 9.1004 -0.0984 0.1181, 9.2972 0.0452 0.1181, 9.2972 -0.0984 0.1181, 9.2972 0.0984 0.1181, 9.2972 0.0984 2.2441, 9.2972 0.0984 0.7874, 9.1004 0.0984 2.2441, 9.1004 0.0984 0.7874, 9.1686 0.0302 2.3622, 9.1686 -0.0302 2.3622, 9.2291 0.0302 2.3622, 9.2291 -0.0302 2.3622, 9.1004 -0.0984 2.2441, 9.1004 -0.0984 0.7874, 9.2972 -0.0984 2.2441, 9.2972 -0.0984 0.7874, 9.2972 -0.0984 0.7874
            ]
        }
        coordIndex [
            0,1,2,-1,0,2,3,-1,3,2,4,-1,3,4,5,-1,5,4,6,-1,5,6,7,-1,7,6,8,-1,7,8,9,-1,9,8,10,-1,9,10,11,-1,11,10,12,-1,11,12,13,-1,14,13,15,-1,15,13,12,-1,16,17,18,-1,18,17,19,-1,20,21,22,-1,22,21,23,-1,23,21,24,-1,24,21,25,-1,24,25,26,-1,26,25,27,-1,26,27,28,-1,28,27,29,-1,28,29,30,-1,30,29,31,-1,30,31,32,-1,32,31,33,-1,32,33,34,-1,34,33,35,-1,36,37,35,-1,20,15,21,-1,21,15,12,-1,21,12,25,-1,25,12,10,-1,25,10,27,-1,27,10,8,-1,27,8,29,-1,29,8,6,-1,29,6,31,-1,31,6,4,-1,31,4,33,-1,33,4,2,-1,33,2,35,-1,35,2,1,-1,35,1,36,-1,36,1,38,-1,39,40,0,-1,41,39,34,-1,34,39,0,-1,34,0,32,-1,32,0,3,-1,32,3,30,-1,30,3,5,-1,30,5,28,-1,28,5,7,-1,28,7,26,-1,26,7,9,-1,26,9,24,-1,24,9,11,-1,24,11,23,-1,23,11,13,-1,23,13,22,-1,22,13,14,-1,38,1,40,-1,40,1,0,-1,34,35,41,-1,41,35,37,-1,42,43,44,-1,44,43,45,-1,46,47,48,-1,48,47,49,-1,50,51,52,-1,52,51,53,-1,52,53,42,-1,42,53,43,-1,44,45,50,-1,50,45,51,-1,22,19,20,-1,20,19,17,-1,14,18,22,-1,22,18,19,-1,16,15,17,-1,17,15,20,-1,15,16,14,-1,14,16,18,-1,52,49,50,-1,50,49,47,-1,42,48,52,-1,52,48,49,-1,46,44,47,-1,47,44,50,-1,44,46,42,-1,42,46,48,-1,
        ]
    }
}
Shape{
    appearance Appearance {
        material  Material 	{
            diffuseColor 0.2235294117647059 0.2235294117647059 0.2235294117647059
            specularColor 0.11372549019607843 0.11372549019607843 0.11372549019607843
            ambientIntensity 0.2
            transparency 0
            shininess 0.5
        }
    }
    geometry IndexedFaceSet {
        ccw TRUE
        solid FALSE
        coord DEF co Coordinate {
            point [
                8.0177 -0.315 0.0, 8.0965 -0.3937 0.0, 8.0177 -0.315 0.7874, 8.0965 -0.3937 0.7874, 8.0965 0.3937 0.0, 8.0177 0.315 0.0, 8.0965 0.3937 0.7874, 8.0177 0.315 0.7874, 8.7264 0.3937 0.0, 8.7264 0.3937 0.7874, 8.8051 0.315 0.0, 8.8051 0.315 0.7874, 8.7264 -0.3937 0.0, 8.8051 -0.315 0.0, 8.7264 -0.3937 0.7874, 8.8051 -0.315 0.7874, 8.8051 -0.315 0.7874
            ]
        }
        coordIndex [
            0,1,2,-1,2,1,3,-1,4,5,6,-1,6,5,7,-1,8,4,9,-1,9,4,6,-1,10,8,11,-1,11,8,9,-1,12,13,14,-1,14,13,15,-1,1,12,3,-1,3,12,14,-1,
        ]
    }
}
Shape{
    appearance Appearance {
        material  Material 	{
            diffuseColor 0.7529411764705882 0.7529411764705882 0.7529411764705882
            specularColor 0.3764705882352941 0.3764705882352941 0.3764705882352941
            ambientIntensity 0.2
            transparency 0
            shininess 0.5
        }
    }
    geometry IndexedFaceSet {
        ccw TRUE
        solid FALSE
        coord DEF co Coordinate {
            point [
                8.5098 -0.0984 -0.2756, 8.313 -0.0984 -0.2756, 8.5098 -0.0991 -0.2807, 8.313 -0.0991 -0.2807, 8.5098 -0.1011 -0.2854, 8.313 -0.1011 -0.2854, 8.5098 -0.1042 -0.2895, 8.313 -0.1042 -0.2895, 8.5098 -0.1083 -0.2926, 8.313 -0.1083 -0.2926, 8.5098 -0.113 -0.2946, 8.313 -0.113 -0.2946, 8.5098 -0.1181 -0.2953, 8.313 -0.1181 -0.2953, 8.5098 -0.748 -0.2953, 8.313 -0.748 -0.2953, 8.3812 -0.8661 -0.3635, 8.3812 -0.8661 -0.4239, 8.4417 -0.8661 -0.3635, 8.4417 -0.8661 -0.4239, 8.313 -0.748 -0.4921, 8.313 -0.1181 -0.4921, 8.5098 -0.748 -0.4921, 8.5098 -0.1181 -0.4921, 8.313 -0.0621 -0.4847, 8.5098 -0.0621 -0.4847, 8.313 -0.0098 -0.4631, 8.5098 -0.0098 -0.4631, 8.313 0.035 -0.4287, 8.5098 0.035 -0.4287, 8.313 0.0694 -0.3839, 8.5098 0.0694 -0.3839, 8.313 0.091 -0.3316, 8.5098 0.091 -0.3316, 8.313 0.0984 -0.2756, 8.5098 0.0984 -0.2756, 8.5098 0.0452 0.1181, 8.5098 -0.0984 0.1181, 8.5098 0.0984 0.1181, 8.313 0.0452 0.1181, 8.313 0.0984 0.1181, 8.313 -0.0984 0.1181, 8.5098 0.0984 2.2441, 8.5098 0.0984 0.7874, 8.313 0.0984 2.2441, 8.313 0.0984 0.7874, 8.313 -0.0984 2.2441, 8.313 -0.0984 0.7874, 8.5098 -0.0984 2.2441, 8.5098 -0.0984 0.7874, 8.3812 0.0302 2.3622, 8.3812 -0.0302 2.3622, 8.4417 0.0302 2.3622, 8.4417 -0.0302 2.3622, 8.4417 -0.0302 2.3622
            ]
        }
        coordIndex [
            0,1,2,-1,2,1,3,-1,2,3,4,-1,4,3,5,-1,4,5,6,-1,6,5,7,-1,6,7,8,-1,8,7,9,-1,8,9,10,-1,10,9,11,-1,10,11,12,-1,12,11,13,-1,14,12,15,-1,15,12,13,-1,16,17,18,-1,18,17,19,-1,20,21,22,-1,22,21,23,-1,23,21,24,-1,23,24,25,-1,25,24,26,-1,25,26,27,-1,27,26,28,-1,27,28,29,-1,29,28,30,-1,29,30,31,-1,31,30,32,-1,31,32,33,-1,33,32,34,-1,33,34,35,-1,36,37,0,-1,38,36,35,-1,35,36,0,-1,35,0,33,-1,33,0,2,-1,33,2,31,-1,31,2,4,-1,31,4,29,-1,29,4,6,-1,29,6,27,-1,27,6,8,-1,27,8,25,-1,25,8,10,-1,25,10,23,-1,23,10,12,-1,23,12,22,-1,22,12,14,-1,39,40,34,-1,41,39,1,-1,1,39,34,-1,1,34,3,-1,3,34,32,-1,3,32,5,-1,5,32,30,-1,5,30,7,-1,7,30,28,-1,7,28,9,-1,9,28,26,-1,9,26,11,-1,11,26,24,-1,11,24,13,-1,13,24,21,-1,13,21,15,-1,15,21,20,-1,1,0,41,-1,41,0,37,-1,38,35,40,-1,40,35,34,-1,42,43,44,-1,44,43,45,-1,46,47,48,-1,48,47,49,-1,48,49,42,-1,42,49,43,-1,44,45,46,-1,46,45,47,-1,50,51,52,-1,52,51,53,-1,22,19,20,-1,20,19,17,-1,14,18,22,-1,22,18,19,-1,16,15,17,-1,17,15,20,-1,15,16,14,-1,14,16,18,-1,48,53,46,-1,46,53,51,-1,42,52,48,-1,48,52,53,-1,50,44,51,-1,51,44,46,-1,44,50,42,-1,42,50,52,-1,
        ]
    }
}
Shape{
    appearance Appearance {
        material  Material 	{
            diffuseColor 0.2235294117647059 0.2235294117647059 0.2235294117647059
            specularColor 0.11372549019607843 0.11372549019607843 0.11372549019607843
            ambientIntensity 0.2
            transparency 0
            shininess 0.5
        }
    }
    geometry IndexedFaceSet {
        ccw TRUE
        solid FALSE
        coord DEF co Coordinate {
            point [
                7.3091 0.3937 0.7874, 7.939 0.3937 0.7874, 7.3091 0.3937 0.0, 7.939 0.3937 0.0, 7.939 -0.3937 0.7874, 7.3091 -0.3937 0.7874, 7.939 -0.3937 0.0, 7.3091 -0.3937 0.0, 8.0177 -0.315 0.0, 8.0177 -0.315 0.7874, 7.2303 -0.315 0.0, 7.2303 -0.315 0.7874, 7.2303 0.315 0.0, 7.2303 0.315 0.7874, 8.0177 0.315 0.0, 8.0177 0.315 0.7874, 8.0177 0.315 0.7874
            ]
        }
        coordIndex [
            0,1,2,-1,2,1,3,-1,4,5,6,-1,6,5,7,-1,6,8,4,-1,4,8,9,-1,10,7,11,-1,11,7,5,-1,2,12,0,-1,0,12,13,-1,14,3,15,-1,15,3,1,-1,
        ]
    }
}
Shape{
    appearance Appearance {
        material  Material 	{
            diffuseColor 0.7529411764705882 0.7529411764705882 0.7529411764705882
            specularColor 0.3764705882352941 0.3764705882352941 0.3764705882352941
            ambientIntensity 0.2
            transparency 0
            shininess 0.5
        }
    }
    geometry IndexedFaceSet {
        ccw TRUE
        solid FALSE
        coord DEF co Coordinate {
            point [
                7.7224 -0.0984 -0.2756, 7.5256 -0.0984 -0.2756, 7.5256 -0.091 -0.3316, 7.7224 -0.091 -0.3316, 7.5256 -0.0694 -0.3839, 7.7224 -0.0694 -0.3839, 7.5256 -0.035 -0.4287, 7.7224 -0.035 -0.4287, 7.5256 0.0098 -0.4631, 7.7224 0.0098 -0.4631, 7.5256 0.0621 -0.4847, 7.7224 0.0621 -0.4847, 7.5256 0.1181 -0.4921, 7.7224 0.1181 -0.4921, 7.7224 0.748 -0.4921, 7.5256 0.748 -0.4921, 7.5938 0.8661 -0.4239, 7.5938 0.8661 -0.3635, 7.6542 0.8661 -0.4239, 7.6542 0.8661 -0.3635, 7.5256 0.748 -0.2953, 7.5256 0.1181 -0.2953, 7.7224 0.748 -0.2953, 7.7224 0.1181 -0.2953, 7.7224 0.113 -0.2946, 7.5256 0.113 -0.2946, 7.7224 0.1083 -0.2926, 7.5256 0.1083 -0.2926, 7.7224 0.1042 -0.2895, 7.5256 0.1042 -0.2895, 7.7224 0.1011 -0.2854, 7.5256 0.1011 -0.2854, 7.7224 0.0991 -0.2807, 7.5256 0.0991 -0.2807, 7.7224 0.0984 -0.2756, 7.5256 0.0984 -0.2756, 7.5256 0.0452 0.1181, 7.5256 0.0984 0.1181, 7.5256 -0.0984 0.1181, 7.7224 0.0452 0.1181, 7.7224 -0.0984 0.1181, 7.7224 0.0984 0.1181, 7.7224 0.0984 2.2441, 7.7224 0.0984 0.7874, 7.5256 0.0984 2.2441, 7.5256 0.0984 0.7874, 7.5938 0.0302 2.3622, 7.5938 -0.0302 2.3622, 7.6542 0.0302 2.3622, 7.6542 -0.0302 2.3622, 7.5256 -0.0984 2.2441, 7.5256 -0.0984 0.7874, 7.7224 -0.0984 2.2441, 7.7224 -0.0984 0.7874, 7.7224 -0.0984 0.7874
            ]
        }
        coordIndex [
            0,1,2,-1,0,2,3,-1,3,2,4,-1,3,4,5,-1,5,4,6,-1,5,6,7,-1,7,6,8,-1,7,8,9,-1,9,8,10,-1,9,10,11,-1,11,10,12,-1,11,12,13,-1,14,13,15,-1,15,13,12,-1,16,17,18,-1,18,17,19,-1,20,21,22,-1,22,21,23,-1,23,21,24,-1,24,21,25,-1,24,25,26,-1,26,25,27,-1,26,27,28,-1,28,27,29,-1,28,29,30,-1,30,29,31,-1,30,31,32,-1,32,31,33,-1,32,33,34,-1,34,33,35,-1,36,37,35,-1,20,15,21,-1,21,15,12,-1,21,12,25,-1,25,12,10,-1,25,10,27,-1,27,10,8,-1,27,8,29,-1,29,8,6,-1,29,6,31,-1,31,6,4,-1,31,4,33,-1,33,4,2,-1,33,2,35,-1,35,2,1,-1,35,1,36,-1,36,1,38,-1,39,40,0,-1,41,39,34,-1,34,39,0,-1,34,0,32,-1,32,0,3,-1,32,3,30,-1,30,3,5,-1,30,5,28,-1,28,5,7,-1,28,7,26,-1,26,7,9,-1,26,9,24,-1,24,9,11,-1,24,11,23,-1,23,11,13,-1,23,13,22,-1,22,13,14,-1,38,1,40,-1,40,1,0,-1,34,35,41,-1,41,35,37,-1,42,43,44,-1,44,43,45,-1,46,47,48,-1,48,47,49,-1,50,51,52,-1,52,51,53,-1,52,53,42,-1,42,53,43,-1,44,45,50,-1,50,45,51,-1,22,19,20,-1,20,19,17,-1,14,18,22,-1,22,18,19,-1,16,15,17,-1,17,15,20,-1,15,16,14,-1,14,16,18,-1,52,49,50,-1,50,49,47,-1,42,48,52,-1,52,48,49,-1,46,44,47,-1,47,44,50,-1,44,46,42,-1,42,46,48,-1,
        ]
    }
}
Shape{
    appearance Appearance {
        material  Material 	{
            diffuseColor 0.2235294117647059 0.2235294117647059 0.2235294117647059
            specularColor 0.11372549019607843 0.11372549019607843 0.11372549019607843
            ambientIntensity 0.2
            transparency 0
            shininess 0.5
        }
    }
    geometry IndexedFaceSet {
        ccw TRUE
        solid FALSE
        coord DEF co Coordinate {
            point [
                12.0335 0.3937 0.7874, 12.6634 0.3937 0.7874, 12.0335 0.3937 0.0, 12.6634 0.3937 0.0, 12.6634 -0.3937 0.7874, 12.0335 -0.3937 0.7874, 12.6634 -0.3937 0.0, 12.0335 -0.3937 0.0, 12.7421 -0.315 0.0, 12.7421 -0.315 0.7874, 11.9547 -0.315 0.0, 11.9547 -0.315 0.7874, 11.9547 0.315 0.0, 11.9547 0.315 0.7874, 12.7421 0.315 0.0, 12.7421 0.315 0.7874, 12.7421 0.315 0.7874
            ]
        }
        coordIndex [
            0,1,2,-1,2,1,3,-1,4,5,6,-1,6,5,7,-1,6,8,4,-1,4,8,9,-1,10,7,11,-1,11,7,5,-1,2,12,0,-1,0,12,13,-1,14,3,15,-1,15,3,1,-1,
        ]
    }
}
Shape{
    appearance Appearance {
        material  Material 	{
            diffuseColor 0.7529411764705882 0.7529411764705882 0.7529411764705882
            specularColor 0.3764705882352941 0.3764705882352941 0.3764705882352941
            ambientIntensity 0.2
            transparency 0
            shininess 0.5
        }
    }
    geometry IndexedFaceSet {
        ccw TRUE
        solid FALSE
        coord DEF co Coordinate {
            point [
                12.4469 -0.0984 -0.2756, 12.25 -0.0984 -0.2756, 12.25 -0.091 -0.3316, 12.4469 -0.091 -0.3316, 12.25 -0.0694 -0.3839, 12.4469 -0.0694 -0.3839, 12.25 -0.035 -0.4287, 12.4469 -0.035 -0.4287, 12.25 0.0098 -0.4631, 12.4469 0.0098 -0.4631, 12.25 0.0621 -0.4847, 12.4469 0.0621 -0.4847, 12.25 0.1181 -0.4921, 12.4469 0.1181 -0.4921, 12.4469 0.748 -0.4921, 12.25 0.748 -0.4921, 12.3182 0.8661 -0.4239, 12.3182 0.8661 -0.3635, 12.3787 0.8661 -0.4239, 12.3787 0.8661 -0.3635, 12.25 0.748 -0.2953, 12.25 0.1181 -0.2953, 12.4469 0.748 -0.2953, 12.4469 0.1181 -0.2953, 12.4469 0.113 -0.2946, 12.25 0.113 -0.2946, 12.4469 0.1083 -0.2926, 12.25 0.1083 -0.2926, 12.4469 0.1042 -0.2895, 12.25 0.1042 -0.2895, 12.4469 0.1011 -0.2854, 12.25 0.1011 -0.2854, 12.4469 0.0991 -0.2807, 12.25 0.0991 -0.2807, 12.4469 0.0984 -0.2756, 12.25 0.0984 -0.2756, 12.25 0.0452 0.1181, 12.25 0.0984 0.1181, 12.25 -0.0984 0.1181, 12.4469 0.0452 0.1181, 12.4469 -0.0984 0.1181, 12.4469 0.0984 0.1181, 12.4469 0.0984 2.2441, 12.4469 0.0984 0.7874, 12.25 0.0984 2.2441, 12.25 0.0984 0.7874, 12.3182 0.0302 2.3622, 12.3182 -0.0302 2.3622, 12.3787 0.0302 2.3622, 12.3787 -0.0302 2.3622, 12.25 -0.0984 2.2441, 12.25 -0.0984 0.7874, 12.4469 -0.0984 2.2441, 12.4469 -0.0984 0.7874, 12.4469 -0.0984 0.7874
            ]
        }
        coordIndex [
            0,1,2,-1,0,2,3,-1,3,2,4,-1,3,4,5,-1,5,4,6,-1,5,6,7,-1,7,6,8,-1,7,8,9,-1,9,8,10,-1,9,10,11,-1,11,10,12,-1,11,12,13,-1,14,13,15,-1,15,13,12,-1,16,17,18,-1,18,17,19,-1,20,21,22,-1,22,21,23,-1,23,21,24,-1,24,21,25,-1,24,25,26,-1,26,25,27,-1,26,27,28,-1,28,27,29,-1,28,29,30,-1,30,29,31,-1,30,31,32,-1,32,31,33,-1,32,33,34,-1,34,33,35,-1,36,37,35,-1,20,15,21,-1,21,15,12,-1,21,12,25,-1,25,12,10,-1,25,10,27,-1,27,10,8,-1,27,8,29,-1,29,8,6,-1,29,6,31,-1,31,6,4,-1,31,4,33,-1,33,4,2,-1,33,2,35,-1,35,2,1,-1,35,1,36,-1,36,1,38,-1,39,40,0,-1,41,39,34,-1,34,39,0,-1,34,0,32,-1,32,0,3,-1,32,3,30,-1,30,3,5,-1,30,5,28,-1,28,5,7,-1,28,7,26,-1,26,7,9,-1,26,9,24,-1,24,9,11,-1,24,11,23,-1,23,11,13,-1,23,13,22,-1,22,13,14,-1,38,1,40,-1,40,1,0,-1,34,35,41,-1,41,35,37,-1,42,43,44,-1,44,43,45,-1,46,47,48,-1,48,47,49,-1,50,51,52,-1,52,51,53,-1,52,53,42,-1,42,53,43,-1,44,45,50,-1,50,45,51,-1,22,19,20,-1,20,19,17,-1,14,18,22,-1,22,18,19,-1,16,15,17,-1,17,15,20,-1,15,16,14,-1,14,16,18,-1,52,49,50,-1,50,49,47,-1,42,48,52,-1,52,48,49,-1,46,44,47,-1,47,44,50,-1,44,46,42,-1,42,46,48,-1,
        ]
    }
}
Shape{
    appearance Appearance {
        material  Material 	{
            diffuseColor 0.2235294117647059 0.2235294117647059 0.2235294117647059
            specularColor 0.11372549019607843 0.11372549019607843 0.11372549019607843
            ambientIntensity 0.2
            transparency 0
            shininess 0.5
        }
    }
    geometry IndexedFaceSet {
        ccw TRUE
        solid FALSE
        coord DEF co Coordinate {
            point [
                11.1673 -0.315 0.0, 11.2461 -0.3937 0.0, 11.1673 -0.315 0.7874, 11.2461 -0.3937 0.7874, 11.2461 0.3937 0.0, 11.1673 0.315 0.0, 11.2461 0.3937 0.7874, 11.1673 0.315 0.7874, 11.876 0.3937 0.0, 11.876 0.3937 0.7874, 11.9547 0.315 0.0, 11.9547 0.315 0.7874, 11.876 -0.3937 0.0, 11.9547 -0.315 0.0, 11.876 -0.3937 0.7874, 11.9547 -0.315 0.7874, 11.9547 -0.315 0.7874
            ]
        }
        coordIndex [
            0,1,2,-1,2,1,3,-1,4,5,6,-1,6,5,7,-1,8,4,9,-1,9,4,6,-1,10,8,11,-1,11,8,9,-1,12,13,14,-1,14,13,15,-1,1,12,3,-1,3,12,14,-1,
        ]
    }
}
Shape{
    appearance Appearance {
        material  Material 	{
            diffuseColor 0.7529411764705882 0.7529411764705882 0.7529411764705882
            specularColor 0.3764705882352941 0.3764705882352941 0.3764705882352941
            ambientIntensity 0.2
            transparency 0
            shininess 0.5
        }
    }
    geometry IndexedFaceSet {
        ccw TRUE
        solid FALSE
        coord DEF co Coordinate {
            point [
                11.6594 -0.0984 -0.2756, 11.4626 -0.0984 -0.2756, 11.6594 -0.0991 -0.2807, 11.4626 -0.0991 -0.2807, 11.6594 -0.1011 -0.2854, 11.4626 -0.1011 -0.2854, 11.6594 -0.1042 -0.2895, 11.4626 -0.1042 -0.2895, 11.6594 -0.1083 -0.2926, 11.4626 -0.1083 -0.2926, 11.6594 -0.113 -0.2946, 11.4626 -0.113 -0.2946, 11.6594 -0.1181 -0.2953, 11.4626 -0.1181 -0.2953, 11.6594 -0.748 -0.2953, 11.4626 -0.748 -0.2953, 11.5308 -0.8661 -0.3635, 11.5308 -0.8661 -0.4239, 11.5913 -0.8661 -0.3635, 11.5913 -0.8661 -0.4239, 11.4626 -0.748 -0.4921, 11.4626 -0.1181 -0.4921, 11.6594 -0.748 -0.4921, 11.6594 -0.1181 -0.4921, 11.4626 -0.0621 -0.4847, 11.6594 -0.0621 -0.4847, 11.4626 -0.0098 -0.4631, 11.6594 -0.0098 -0.4631, 11.4626 0.035 -0.4287, 11.6594 0.035 -0.4287, 11.4626 0.0694 -0.3839, 11.6594 0.0694 -0.3839, 11.4626 0.091 -0.3316, 11.6594 0.091 -0.3316, 11.4626 0.0984 -0.2756, 11.6594 0.0984 -0.2756, 11.6594 0.0452 0.1181, 11.6594 -0.0984 0.1181, 11.6594 0.0984 0.1181, 11.4626 0.0452 0.1181, 11.4626 0.0984 0.1181, 11.4626 -0.0984 0.1181, 11.6594 0.0984 2.2441, 11.6594 0.0984 0.7874, 11.4626 0.0984 2.2441, 11.4626 0.0984 0.7874, 11.4626 -0.0984 2.2441, 11.4626 -0.0984 0.7874, 11.6594 -0.0984 2.2441, 11.6594 -0.0984 0.7874, 11.5308 0.0302 2.3622, 11.5308 -0.0302 2.3622, 11.5913 0.0302 2.3622, 11.5913 -0.0302 2.3622, 11.5913 -0.0302 2.3622
            ]
        }
        coordIndex [
            0,1,2,-1,2,1,3,-1,2,3,4,-1,4,3,5,-1,4,5,6,-1,6,5,7,-1,6,7,8,-1,8,7,9,-1,8,9,10,-1,10,9,11,-1,10,11,12,-1,12,11,13,-1,14,12,15,-1,15,12,13,-1,16,17,18,-1,18,17,19,-1,20,21,22,-1,22,21,23,-1,23,21,24,-1,23,24,25,-1,25,24,26,-1,25,26,27,-1,27,26,28,-1,27,28,29,-1,29,28,30,-1,29,30,31,-1,31,30,32,-1,31,32,33,-1,33,32,34,-1,33,34,35,-1,36,37,0,-1,38,36,35,-1,35,36,0,-1,35,0,33,-1,33,0,2,-1,33,2,31,-1,31,2,4,-1,31,4,29,-1,29,4,6,-1,29,6,27,-1,27,6,8,-1,27,8,25,-1,25,8,10,-1,25,10,23,-1,23,10,12,-1,23,12,22,-1,22,12,14,-1,39,40,34,-1,41,39,1,-1,1,39,34,-1,1,34,3,-1,3,34,32,-1,3,32,5,-1,5,32,30,-1,5,30,7,-1,7,30,28,-1,7,28,9,-1,9,28,26,-1,9,26,11,-1,11,26,24,-1,11,24,13,-1,13,24,21,-1,13,21,15,-1,15,21,20,-1,1,0,41,-1,41,0,37,-1,38,35,40,-1,40,35,34,-1,42,43,44,-1,44,43,45,-1,46,47,48,-1,48,47,49,-1,48,49,42,-1,42,49,43,-1,44,45,46,-1,46,45,47,-1,50,51,52,-1,52,51,53,-1,22,19,20,-1,20,19,17,-1,14,18,22,-1,22,18,19,-1,16,15,17,-1,17,15,20,-1,15,16,14,-1,14,16,18,-1,48,53,46,-1,46,53,51,-1,42,52,48,-1,48,52,53,-1,50,44,51,-1,51,44,46,-1,44,50,42,-1,42,50,52,-1,
        ]
    }
}
Shape{
    appearance Appearance {
        material  Material 	{
            diffuseColor 0.2235294117647059 0.2235294117647059 0.2235294117647059
            specularColor 0.11372549019607843 0.11372549019607843 0.11372549019607843
            ambientIntensity 0.2
            transparency 0
            shininess 0.5
        }
    }
    geometry IndexedFaceSet {
        ccw TRUE
        solid FALSE
        coord DEF co Coordinate {
            point [
                10.4587 0.3937 0.7874, 11.0886 0.3937 0.7874, 10.4587 0.3937 0.0, 11.0886 0.3937 0.0, 11.0886 -0.3937 0.7874, 10.4587 -0.3937 0.7874, 11.0886 -0.3937 0.0, 10.4587 -0.3937 0.0, 11.1673 -0.315 0.0, 11.1673 -0.315 0.7874, 10.3799 -0.315 0.0, 10.3799 -0.315 0.7874, 10.3799 0.315 0.0, 10.3799 0.315 0.7874, 11.1673 0.315 0.0, 11.1673 0.315 0.7874, 11.1673 0.315 0.7874
            ]
        }
        coordIndex [
            0,1,2,-1,2,1,3,-1,4,5,6,-1,6,5,7,-1,6,8,4,-1,4,8,9,-1,10,7,11,-1,11,7,5,-1,2,12,0,-1,0,12,13,-1,14,3,15,-1,15,3,1,-1,
        ]
    }
}
Shape{
    appearance Appearance {
        material  Material 	{
            diffuseColor 0.7529411764705882 0.7529411764705882 0.7529411764705882
            specularColor 0.3764705882352941 0.3764705882352941 0.3764705882352941
            ambientIntensity 0.2
            transparency 0
            shininess 0.5
        }
    }
    geometry IndexedFaceSet {
        ccw TRUE
        solid FALSE
        coord DEF co Coordinate {
            point [
                10.872 -0.0984 -0.2756, 10.6752 -0.0984 -0.2756, 10.6752 -0.091 -0.3316, 10.872 -0.091 -0.3316, 10.6752 -0.0694 -0.3839, 10.872 -0.0694 -0.3839, 10.6752 -0.035 -0.4287, 10.872 -0.035 -0.4287, 10.6752 0.0098 -0.4631, 10.872 0.0098 -0.4631, 10.6752 0.0621 -0.4847, 10.872 0.0621 -0.4847, 10.6752 0.1181 -0.4921, 10.872 0.1181 -0.4921, 10.872 0.748 -0.4921, 10.6752 0.748 -0.4921, 10.7434 0.8661 -0.4239, 10.7434 0.8661 -0.3635, 10.8039 0.8661 -0.4239, 10.8039 0.8661 -0.3635, 10.6752 0.748 -0.2953, 10.6752 0.1181 -0.2953, 10.872 0.748 -0.2953, 10.872 0.1181 -0.2953, 10.872 0.113 -0.2946, 10.6752 0.113 -0.2946, 10.872 0.1083 -0.2926, 10.6752 0.1083 -0.2926, 10.872 0.1042 -0.2895, 10.6752 0.1042 -0.2895, 10.872 0.1011 -0.2854, 10.6752 0.1011 -0.2854, 10.872 0.0991 -0.2807, 10.6752 0.0991 -0.2807, 10.872 0.0984 -0.2756, 10.6752 0.0984 -0.2756, 10.6752 0.0452 0.1181, 10.6752 0.0984 0.1181, 10.6752 -0.0984 0.1181, 10.872 0.0452 0.1181, 10.872 -0.0984 0.1181, 10.872 0.0984 0.1181, 10.872 0.0984 2.2441, 10.872 0.0984 0.7874, 10.6752 0.0984 2.2441, 10.6752 0.0984 0.7874, 10.7434 0.0302 2.3622, 10.7434 -0.0302 2.3622, 10.8039 0.0302 2.3622, 10.8039 -0.0302 2.3622, 10.6752 -0.0984 2.2441, 10.6752 -0.0984 0.7874, 10.872 -0.0984 2.2441, 10.872 -0.0984 0.7874, 10.872 -0.0984 0.7874
            ]
        }
        coordIndex [
            0,1,2,-1,0,2,3,-1,3,2,4,-1,3,4,5,-1,5,4,6,-1,5,6,7,-1,7,6,8,-1,7,8,9,-1,9,8,10,-1,9,10,11,-1,11,10,12,-1,11,12,13,-1,14,13,15,-1,15,13,12,-1,16,17,18,-1,18,17,19,-1,20,21,22,-1,22,21,23,-1,23,21,24,-1,24,21,25,-1,24,25,26,-1,26,25,27,-1,26,27,28,-1,28,27,29,-1,28,29,30,-1,30,29,31,-1,30,31,32,-1,32,31,33,-1,32,33,34,-1,34,33,35,-1,36,37,35,-1,20,15,21,-1,21,15,12,-1,21,12,25,-1,25,12,10,-1,25,10,27,-1,27,10,8,-1,27,8,29,-1,29,8,6,-1,29,6,31,-1,31,6,4,-1,31,4,33,-1,33,4,2,-1,33,2,35,-1,35,2,1,-1,35,1,36,-1,36,1,38,-1,39,40,0,-1,41,39,34,-1,34,39,0,-1,34,0,32,-1,32,0,3,-1,32,3,30,-1,30,3,5,-1,30,5,28,-1,28,5,7,-1,28,7,26,-1,26,7,9,-1,26,9,24,-1,24,9,11,-1,24,11,23,-1,23,11,13,-1,23,13,22,-1,22,13,14,-1,38,1,40,-1,40,1,0,-1,34,35,41,-1,41,35,37,-1,42,43,44,-1,44,43,45,-1,46,47,48,-1,48,47,49,-1,50,51,52,-1,52,51,53,-1,52,53,42,-1,42,53,43,-1,44,45,50,-1,50,45,51,-1,22,19,20,-1,20,19,17,-1,14,18,22,-1,22,18,19,-1,16,15,17,-1,17,15,20,-1,15,16,14,-1,14,16,18,-1,52,49,50,-1,50,49,47,-1,42,48,52,-1,52,48,49,-1,46,44,47,-1,47,44,50,-1,44,46,42,-1,42,46,48,-1,
        ]
    }
}
Shape{
    appearance Appearance {
        material  Material 	{
            diffuseColor 0.2235294117647059 0.2235294117647059 0.2235294117647059
            specularColor 0.11372549019607843 0.11372549019607843 0.11372549019607843
            ambientIntensity 0.2
            transparency 0
            shininess 0.5
        }
    }
    geometry IndexedFaceSet {
        ccw TRUE
        solid FALSE
        coord DEF co Coordinate {
            point [
                12.7421 -0.315 0.0, 12.8209 -0.3937 0.0, 12.7421 -0.315 0.7874, 12.8209 -0.3937 0.7874, 12.8209 0.3937 0.0, 12.7421 0.315 0.0, 12.8209 0.3937 0.7874, 12.7421 0.315 0.7874, 13.4508 0.3937 0.0, 13.4508 0.3937 0.7874, 13.5295 0.315 0.0, 13.5295 0.315 0.7874, 13.4508 -0.3937 0.0, 13.5295 -0.315 0.0, 13.4508 -0.3937 0.7874, 13.5295 -0.315 0.7874, 13.5295 -0.315 0.7874
            ]
        }
        coordIndex [
            0,1,2,-1,2,1,3,-1,4,5,6,-1,6,5,7,-1,8,4,9,-1,9,4,6,-1,10,8,11,-1,11,8,9,-1,12,13,14,-1,14,13,15,-1,1,12,3,-1,3,12,14,-1,
        ]
    }
}
Shape{
    appearance Appearance {
        material  Material 	{
            diffuseColor 0.7529411764705882 0.7529411764705882 0.7529411764705882
            specularColor 0.3764705882352941 0.3764705882352941 0.3764705882352941
            ambientIntensity 0.2
            transparency 0
            shininess 0.5
        }
    }
    geometry IndexedFaceSet {
        ccw TRUE
        solid FALSE
        coord DEF co Coordinate {
            point [
                13.2343 -0.0984 -0.2756, 13.0374 -0.0984 -0.2756, 13.2343 -0.0991 -0.2807, 13.0374 -0.0991 -0.2807, 13.2343 -0.1011 -0.2854, 13.0374 -0.1011 -0.2854, 13.2343 -0.1042 -0.2895, 13.0374 -0.1042 -0.2895, 13.2343 -0.1083 -0.2926, 13.0374 -0.1083 -0.2926, 13.2343 -0.113 -0.2946, 13.0374 -0.113 -0.2946, 13.2343 -0.1181 -0.2953, 13.0374 -0.1181 -0.2953, 13.2343 -0.748 -0.2953, 13.0374 -0.748 -0.2953, 13.1056 -0.8661 -0.3635, 13.1056 -0.8661 -0.4239, 13.1661 -0.8661 -0.3635, 13.1661 -0.8661 -0.4239, 13.0374 -0.748 -0.4921, 13.0374 -0.1181 -0.4921, 13.2343 -0.748 -0.4921, 13.2343 -0.1181 -0.4921, 13.0374 -0.0621 -0.4847, 13.2343 -0.0621 -0.4847, 13.0374 -0.0098 -0.4631, 13.2343 -0.0098 -0.4631, 13.0374 0.035 -0.4287, 13.2343 0.035 -0.4287, 13.0374 0.0694 -0.3839, 13.2343 0.0694 -0.3839, 13.0374 0.091 -0.3316, 13.2343 0.091 -0.3316, 13.0374 0.0984 -0.2756, 13.2343 0.0984 -0.2756, 13.2343 0.0452 0.1181, 13.2343 -0.0984 0.1181, 13.2343 0.0984 0.1181, 13.0374 0.0452 0.1181, 13.0374 0.0984 0.1181, 13.0374 -0.0984 0.1181, 13.2343 0.0984 2.2441, 13.2343 0.0984 0.7874, 13.0374 0.0984 2.2441, 13.0374 0.0984 0.7874, 13.0374 -0.0984 2.2441, 13.0374 -0.0984 0.7874, 13.2343 -0.0984 2.2441, 13.2343 -0.0984 0.7874, 13.1056 0.0302 2.3622, 13.1056 -0.0302 2.3622, 13.1661 0.0302 2.3622, 13.1661 -0.0302 2.3622, 13.1661 -0.0302 2.3622
            ]
        }
        coordIndex [
            0,1,2,-1,2,1,3,-1,2,3,4,-1,4,3,5,-1,4,5,6,-1,6,5,7,-1,6,7,8,-1,8,7,9,-1,8,9,10,-1,10,9,11,-1,10,11,12,-1,12,11,13,-1,14,12,15,-1,15,12,13,-1,16,17,18,-1,18,17,19,-1,20,21,22,-1,22,21,23,-1,23,21,24,-1,23,24,25,-1,25,24,26,-1,25,26,27,-1,27,26,28,-1,27,28,29,-1,29,28,30,-1,29,30,31,-1,31,30,32,-1,31,32,33,-1,33,32,34,-1,33,34,35,-1,36,37,0,-1,38,36,35,-1,35,36,0,-1,35,0,33,-1,33,0,2,-1,33,2,31,-1,31,2,4,-1,31,4,29,-1,29,4,6,-1,29,6,27,-1,27,6,8,-1,27,8,25,-1,25,8,10,-1,25,10,23,-1,23,10,12,-1,23,12,22,-1,22,12,14,-1,39,40,34,-1,41,39,1,-1,1,39,34,-1,1,34,3,-1,3,34,32,-1,3,32,5,-1,5,32,30,-1,5,30,7,-1,7,30,28,-1,7,28,9,-1,9,28,26,-1,9,26,11,-1,11,26,24,-1,11,24,13,-1,13,24,21,-1,13,21,15,-1,15,21,20,-1,1,0,41,-1,41,0,37,-1,38,35,40,-1,40,35,34,-1,42,43,44,-1,44,43,45,-1,46,47,48,-1,48,47,49,-1,48,49,42,-1,42,49,43,-1,44,45,46,-1,46,45,47,-1,50,51,52,-1,52,51,53,-1,22,19,20,-1,20,19,17,-1,14,18,22,-1,22,18,19,-1,16,15,17,-1,17,15,20,-1,15,16,14,-1,14,16,18,-1,48,53,46,-1,46,53,51,-1,42,52,48,-1,48,52,53,-1,50,44,51,-1,51,44,46,-1,44,50,42,-1,42,50,52,-1,
        ]
    }
}
Shape{
    appearance Appearance {
        material  Material 	{
            diffuseColor 0.2235294117647059 0.2235294117647059 0.2235294117647059
            specularColor 0.11372549019607843 0.11372549019607843 0.11372549019607843
            ambientIntensity 0.2
            transparency 0
            shininess 0.5
        }
    }
    geometry IndexedFaceSet {
        ccw TRUE
        solid FALSE
        coord DEF co Coordinate {
            point [
                14.3169 -0.315 0.0, 14.3169 -0.1969 0.0, 14.3169 -0.1969 0.1181, 14.3169 0.1969 0.0, 14.3169 0.315 0.0, 14.3169 0.1969 0.1181, 14.3169 0.315 0.7874, 14.3169 0.0452 0.1181, 14.3169 -0.2461 0.7874, 14.3169 -0.315 0.7874, 13.6083 0.3937 0.7874, 14.2382 0.3937 0.7874, 13.6083 0.3937 0.0, 14.2382 0.3937 0.0, 14.2382 -0.3937 0.7874, 13.6083 -0.3937 0.7874, 14.2382 -0.3937 0.0, 13.6083 -0.3937 0.0, 13.5295 -0.315 0.0, 13.5295 -0.315 0.7874, 13.5295 0.315 0.0, 13.5295 0.315 0.7874, 13.5295 0.315 0.7874
            ]
        }
        coordIndex [
            0,1,2,-1,3,4,5,-1,5,4,6,-1,5,6,7,-1,7,6,8,-1,7,8,2,-1,2,8,9,-1,2,9,0,-1,10,11,12,-1,12,11,13,-1,14,15,16,-1,16,15,17,-1,16,0,14,-1,14,0,9,-1,18,17,19,-1,19,17,15,-1,12,20,10,-1,10,20,21,-1,4,13,6,-1,6,13,11,-1,
        ]
    }
}
Shape{
    appearance Appearance {
        material  Material 	{
            diffuseColor 0.7529411764705882 0.7529411764705882 0.7529411764705882
            specularColor 0.3764705882352941 0.3764705882352941 0.3764705882352941
            ambientIntensity 0.2
            transparency 0
            shininess 0.5
        }
    }
    geometry IndexedFaceSet {
        ccw TRUE
        solid FALSE
        coord DEF co Coordinate {
            point [
                14.0217 -0.0984 -0.2756, 13.8248 -0.0984 -0.2756, 13.8248 -0.091 -0.3316, 14.0217 -0.091 -0.3316, 13.8248 -0.0694 -0.3839, 14.0217 -0.0694 -0.3839, 13.8248 -0.035 -0.4287, 14.0217 -0.035 -0.4287, 13.8248 0.0098 -0.4631, 14.0217 0.0098 -0.4631, 13.8248 0.0621 -0.4847, 14.0217 0.0621 -0.4847, 13.8248 0.1181 -0.4921, 14.0217 0.1181 -0.4921, 14.0217 0.748 -0.4921, 13.8248 0.748 -0.4921, 13.893 0.8661 -0.4239, 13.893 0.8661 -0.3635, 13.9535 0.8661 -0.4239, 13.9535 0.8661 -0.3635, 13.8248 0.748 -0.2953, 13.8248 0.1181 -0.2953, 14.0217 0.748 -0.2953, 14.0217 0.1181 -0.2953, 14.0217 0.113 -0.2946, 13.8248 0.113 -0.2946, 14.0217 0.1083 -0.2926, 13.8248 0.1083 -0.2926, 14.0217 0.1042 -0.2895, 13.8248 0.1042 -0.2895, 14.0217 0.1011 -0.2854, 13.8248 0.1011 -0.2854, 14.0217 0.0991 -0.2807, 13.8248 0.0991 -0.2807, 14.0217 0.0984 -0.2756, 13.8248 0.0984 -0.2756, 13.8248 0.0452 0.1181, 13.8248 0.0984 0.1181, 13.8248 -0.0984 0.1181, 14.0217 0.0452 0.1181, 14.0217 -0.0984 0.1181, 14.0217 0.0984 0.1181, 14.0217 0.0984 2.2441, 14.0217 0.0984 0.7874, 13.8248 0.0984 2.2441, 13.8248 0.0984 0.7874, 13.893 0.0302 2.3622, 13.893 -0.0302 2.3622, 13.9535 0.0302 2.3622, 13.9535 -0.0302 2.3622, 13.8248 -0.0984 2.2441, 13.8248 -0.0984 0.7874, 14.0217 -0.0984 2.2441, 14.0217 -0.0984 0.7874, -0.0376 -0.0815 0.122, -0.0552 -0.0322 0.122, -0.0497 -0.0095 0.122, -0.0051 -0.1276 0.122, -0.0223 -0.1276 0.122, -0.0336 -0.0945 0.122, -0.0564 -0.0281 0.122, -0.0571 -0.0239 0.122, -0.0656 -0.0095 0.122, -0.0575 -0.0239 0.122, -0.0583 -0.0281 0.122, -0.0593 -0.0322 0.122, -0.0771 -0.0815 0.122, -0.1116 -0.1276 0.122, -0.0944 -0.1276 0.122, -0.0824 -0.0945 0.122, -0.0824 -0.0945 0.1181, -0.0944 -0.1276 0.1181, -0.0336 -0.0945 0.1181, -0.0223 -0.1276 0.1181, -0.0051 -0.1276 0.1181, -0.0497 -0.0095 0.1181, -0.0656 -0.0095 0.1181, -0.1116 -0.1276 0.1181, -0.0593 -0.0322 0.1181, -0.0583 -0.0281 0.1181, -0.0575 -0.0239 0.1181, -0.0571 -0.0239 0.1181, -0.0564 -0.0281 0.1181, -0.0552 -0.0322 0.1181, -0.0376 -0.0815 0.1181, -0.0771 -0.0815 0.1181, 0.0653 -0.0095 0.122, 0.0653 -0.0095 0.1181, 0.0986 -0.0095 0.122, 0.0986 -0.0095 0.1181, 0.0483 -0.0113 0.122, 0.0483 -0.0113 0.1181, 0.0344 -0.0162 0.122, 0.0344 -0.0162 0.1181, 0.0216 -0.0248 0.122, 0.0216 -0.0248 0.1181, 0.0215 -0.0249 0.122, 0.0215 -0.0249 0.1181, 0.0131 -0.0342 0.122, 0.0131 -0.0342 0.1181, 0.0076 -0.0443 0.122, 0.0076 -0.0443 0.1181, 0.0044 -0.0559 0.122, 0.0044 -0.0559 0.1181, 0.0036 -0.0671 0.122, 0.0036 -0.0671 0.1181, 0.0052 -0.0829 0.122, 0.0052 -0.0829 0.1181, 0.0095 -0.0952 0.122, 0.0095 -0.0952 0.1181, 0.0163 -0.1058 0.122, 0.0163 -0.1058 0.1181, 0.026 -0.1151 0.122, 0.026 -0.1151 0.1181, 0.0383 -0.1223 0.122, 0.0383 -0.1223 0.1181, 0.0519 -0.1263 0.122, 0.0519 -0.1263 0.1181, 0.0665 -0.1276 0.122, 0.0665 -0.1276 0.1181, 0.0986 -0.1276 0.122, 0.0986 -0.1276 0.1181, 0.0273 -0.039 0.122, 0.033 -0.0329 0.122, 0.0417 -0.0273 0.122, 0.0514 -0.0239 0.122, 0.0654 -0.0225 0.122, 0.0828 -0.0225 0.122, 0.0828 -0.1146 0.122, 0.066 -0.1146 0.122, 0.0536 -0.1135 0.122, 0.0436 -0.1104 0.122, 0.0356 -0.1056 0.122, 0.029 -0.099 0.122, 0.024 -0.0909 0.122, 0.0205 -0.0798 0.122, 0.0194 -0.0674 0.122, 0.0204 -0.0556 0.122, 0.0232 -0.0463 0.122, 0.066 -0.1146 0.1181, 0.0828 -0.1146 0.1181, 0.0536 -0.1135 0.1181, 0.0436 -0.1104 0.1181, 0.0356 -0.1056 0.1181, 0.029 -0.099 0.1181, 0.024 -0.0909 0.1181, 0.0205 -0.0798 0.1181, 0.0194 -0.0674 0.1181, 0.0204 -0.0556 0.1181, 0.0232 -0.0463 0.1181, 0.0273 -0.039 0.1181, 0.033 -0.0329 0.1181, 0.0417 -0.0273 0.1181, 0.0514 -0.0239 0.1181, 0.0654 -0.0225 0.1181, 0.0828 -0.0225 0.1181, 0.1851 -0.0095 0.122, 0.1851 -0.0095 0.1181, 0.1851 -0.1276 0.122, 0.1851 -0.1276 0.1181, 0.1246 -0.0095 0.122, 0.1246 -0.0095 0.1181, 0.1246 -0.0225 0.122, 0.1246 -0.0225 0.1181, 0.1692 -0.0225 0.122, 0.1692 -0.0225 0.1181, 0.1692 -0.0613 0.122, 0.1692 -0.0613 0.1181, 0.1275 -0.0613 0.122, 0.1275 -0.0613 0.1181, 0.1275 -0.0743 0.122, 0.1275 -0.0743 0.1181, 0.1692 -0.0743 0.122, 0.1692 -0.0743 0.1181, 0.1692 -0.1146 0.122, 0.1692 -0.1146 0.1181, 0.1217 -0.1146 0.122, 0.1217 -0.1146 0.1181, 0.1217 -0.1276 0.122, 0.1217 -0.1276 0.1181, 0.2406 -0.129 0.1181, 0.2406 -0.129 0.122, 0.2552 -0.1275 0.122, 0.2552 -0.1275 0.1181, 0.2666 -0.1236 0.122, 0.2666 -0.1236 0.1181, 0.2761 -0.1175 0.122, 0.2761 -0.1175 0.1181, 0.285 -0.1082 0.122, 0.285 -0.1082 0.1181, 0.2913 -0.097 0.122, 0.2913 -0.097 0.1181, 0.2948 -0.0845 0.122, 0.2948 -0.0845 0.1181, 0.296 -0.0708 0.122, 0.296 -0.0708 0.1181, 0.2943 -0.054 0.122, 0.2943 -0.054 0.1181, 0.2897 -0.0406 0.122, 0.2897 -0.0406 0.1181, 0.2828 -0.0296 0.122, 0.2828 -0.0296 0.1181, 0.2722 -0.0193 0.122, 0.2722 -0.0193 0.1181, 0.2609 -0.0128 0.122, 0.2609 -0.0128 0.1181, 0.2478 -0.009 0.122, 0.2478 -0.009 0.1181, 0.2359 -0.008 0.122, 0.2359 -0.008 0.1181, 0.2218 -0.009 0.122, 0.2218 -0.009 0.1181, 0.2081 -0.0127 0.122, 0.2081 -0.0127 0.1181, 0.2081 -0.0286 0.122, 0.2081 -0.0286 0.1181, 0.2214 -0.0229 0.122, 0.2214 -0.0229 0.1181, 0.2358 -0.021 0.122, 0.2358 -0.021 0.1181, 0.2474 -0.0223 0.122, 0.2474 -0.0223 0.1181, 0.2562 -0.0255 0.122, 0.2562 -0.0255 0.1181, 0.2644 -0.031 0.122, 0.2644 -0.031 0.1181, 0.2716 -0.0389 0.122, 0.2716 -0.0389 0.1181, 0.2764 -0.048 0.122, 0.2764 -0.048 0.1181, 0.2796 -0.0606 0.122, 0.2796 -0.0606 0.1181, 0.2801 -0.0698 0.122, 0.2801 -0.0698 0.1181, 0.2789 -0.0826 0.122, 0.2789 -0.0826 0.1181, 0.2757 -0.0927 0.122, 0.2757 -0.0927 0.1181, 0.2708 -0.1009 0.122, 0.2708 -0.1009 0.1181, 0.2653 -0.1068 0.122, 0.2653 -0.1068 0.1181, 0.2581 -0.1117 0.122, 0.2581 -0.1117 0.1181, 0.2494 -0.1148 0.122, 0.2494 -0.1148 0.1181, 0.2384 -0.1161 0.122, 0.2384 -0.1161 0.1181, 0.2228 -0.1143 0.122, 0.2228 -0.1143 0.1181, 0.2102 -0.1097 0.122, 0.2102 -0.1097 0.1181, 0.2081 -0.1085 0.122, 0.2081 -0.1085 0.1181, 0.2081 -0.1215 0.122, 0.2081 -0.1215 0.1181, 0.2207 -0.1266 0.122, 0.2207 -0.1266 0.1181, 0.2374 -0.129 0.122, 0.2374 -0.129 0.1181, 0.3666 -0.0095 0.122, 0.3666 -0.0095 0.1181, 0.3666 -0.1276 0.122, 0.3666 -0.1276 0.1181, 0.3507 -0.0095 0.122, 0.3507 -0.0095 0.1181, 0.3507 -0.1146 0.122, 0.3507 -0.1146 0.1181, 0.3061 -0.1146 0.122, 0.3061 -0.1146 0.1181, 0.3061 -0.1276 0.122, 0.3061 -0.1276 0.1181, 0.3061 -0.1276 0.1181
            ]
        }
        coordIndex [
            0,1,2,-1,0,2,3,-1,3,2,4,-1,3,4,5,-1,5,4,6,-1,5,6,7,-1,7,6,8,-1,7,8,9,-1,9,8,10,-1,9,10,11,-1,11,10,12,-1,11,12,13,-1,14,13,15,-1,15,13,12,-1,16,17,18,-1,18,17,19,-1,20,21,22,-1,22,21,23,-1,23,21,24,-1,24,21,25,-1,24,25,26,-1,26,25,27,-1,26,27,28,-1,28,27,29,-1,28,29,30,-1,30,29,31,-1,30,31,32,-1,32,31,33,-1,32,33,34,-1,34,33,35,-1,36,37,35,-1,20,15,21,-1,21,15,12,-1,21,12,25,-1,25,12,10,-1,25,10,27,-1,27,10,8,-1,27,8,29,-1,29,8,6,-1,29,6,31,-1,31,6,4,-1,31,4,33,-1,33,4,2,-1,33,2,35,-1,35,2,1,-1,35,1,36,-1,36,1,38,-1,39,40,0,-1,41,39,34,-1,34,39,0,-1,34,0,32,-1,32,0,3,-1,32,3,30,-1,30,3,5,-1,30,5,28,-1,28,5,7,-1,28,7,26,-1,26,7,9,-1,26,9,24,-1,24,9,11,-1,24,11,23,-1,23,11,13,-1,23,13,22,-1,22,13,14,-1,38,1,40,-1,40,1,0,-1,34,35,41,-1,41,35,37,-1,42,43,44,-1,44,43,45,-1,46,47,48,-1,48,47,49,-1,50,51,52,-1,52,51,53,-1,52,53,42,-1,42,53,43,-1,44,45,50,-1,50,45,51,-1,22,19,20,-1,20,19,17,-1,14,18,22,-1,22,18,19,-1,16,15,17,-1,17,15,20,-1,15,16,14,-1,14,16,18,-1,52,49,50,-1,50,49,47,-1,42,48,52,-1,52,48,49,-1,46,44,47,-1,47,44,50,-1,44,46,42,-1,42,46,48,-1,54,55,56,-1,57,58,59,-1,55,60,56,-1,56,60,61,-1,56,61,62,-1,62,61,63,-1,62,63,64,-1,64,65,62,-1,62,65,66,-1,62,66,67,-1,68,67,69,-1,69,67,66,-1,69,66,59,-1,59,66,54,-1,59,54,57,-1,57,54,56,-1,69,70,68,-1,68,70,71,-1,59,72,69,-1,69,72,70,-1,58,73,59,-1,59,73,72,-1,57,74,58,-1,58,74,73,-1,56,75,57,-1,57,75,74,-1,62,76,56,-1,56,76,75,-1,67,77,62,-1,62,77,76,-1,67,68,77,-1,77,68,71,-1,78,65,64,-1,78,64,79,-1,79,64,63,-1,79,63,80,-1,61,81,63,-1,63,81,80,-1,81,61,60,-1,81,60,82,-1,82,60,55,-1,82,55,83,-1,54,84,55,-1,55,84,83,-1,66,85,54,-1,54,85,84,-1,78,85,65,-1,65,85,66,-1,86,87,88,-1,88,87,89,-1,87,86,90,-1,87,90,91,-1,91,90,92,-1,91,92,93,-1,93,92,94,-1,93,94,95,-1,95,94,96,-1,95,96,97,-1,97,96,98,-1,97,98,99,-1,99,98,100,-1,99,100,101,-1,101,100,102,-1,101,102,103,-1,103,102,104,-1,103,104,105,-1,105,104,106,-1,105,106,107,-1,107,106,108,-1,107,108,109,-1,109,108,110,-1,109,110,111,-1,111,110,112,-1,111,112,113,-1,113,112,114,-1,113,114,115,-1,115,114,116,-1,115,116,117,-1,117,116,118,-1,117,118,119,-1,120,121,118,-1,118,121,119,-1,120,88,121,-1,121,88,89,-1,100,98,122,-1,122,98,96,-1,122,96,123,-1,123,96,94,-1,123,94,124,-1,124,94,92,-1,124,92,125,-1,125,92,90,-1,125,90,126,-1,126,90,86,-1,126,86,127,-1,127,86,88,-1,127,88,128,-1,128,88,120,-1,128,120,129,-1,129,120,118,-1,129,118,130,-1,130,118,116,-1,130,116,131,-1,131,116,114,-1,131,114,132,-1,132,114,112,-1,132,112,133,-1,133,112,110,-1,133,110,134,-1,134,110,108,-1,134,108,135,-1,135,108,106,-1,135,106,136,-1,136,106,104,-1,136,104,137,-1,137,104,102,-1,137,102,138,-1,138,102,100,-1,138,100,122,-1,129,139,128,-1,128,139,140,-1,139,129,130,-1,139,130,141,-1,141,130,131,-1,141,131,142,-1,142,131,132,-1,142,132,143,-1,143,132,133,-1,143,133,144,-1,144,133,134,-1,144,134,145,-1,145,134,135,-1,145,135,146,-1,146,135,136,-1,146,136,147,-1,147,136,137,-1,147,137,148,-1,148,137,138,-1,148,138,149,-1,149,138,122,-1,149,122,150,-1,150,122,123,-1,150,123,151,-1,151,123,124,-1,151,124,152,-1,152,124,125,-1,152,125,153,-1,153,125,126,-1,153,126,154,-1,127,155,126,-1,126,155,154,-1,140,155,128,-1,128,155,127,-1,156,157,158,-1,158,157,159,-1,160,161,156,-1,156,161,157,-1,162,163,160,-1,160,163,161,-1,164,165,162,-1,162,165,163,-1,166,167,164,-1,164,167,165,-1,168,169,166,-1,166,169,167,-1,170,171,168,-1,168,171,169,-1,172,173,170,-1,170,173,171,-1,174,175,172,-1,172,175,173,-1,176,177,174,-1,174,177,175,-1,178,179,176,-1,176,179,177,-1,178,158,179,-1,179,158,159,-1,158,178,176,-1,176,174,158,-1,158,174,172,-1,158,172,156,-1,162,160,164,-1,164,160,156,-1,164,156,166,-1,166,156,172,-1,166,172,168,-1,168,172,170,-1,180,181,182,-1,180,182,183,-1,183,182,184,-1,183,184,185,-1,185,184,186,-1,185,186,187,-1,187,186,188,-1,187,188,189,-1,189,188,190,-1,189,190,191,-1,191,190,192,-1,191,192,193,-1,193,192,194,-1,193,194,195,-1,195,194,196,-1,195,196,197,-1,197,196,198,-1,197,198,199,-1,199,198,200,-1,199,200,201,-1,201,200,202,-1,201,202,203,-1,203,202,204,-1,203,204,205,-1,205,204,206,-1,205,206,207,-1,207,206,208,-1,207,208,209,-1,209,208,210,-1,209,210,211,-1,211,210,212,-1,211,212,213,-1,214,215,212,-1,212,215,213,-1,215,214,216,-1,215,216,217,-1,217,216,218,-1,217,218,219,-1,219,218,220,-1,219,220,221,-1,221,220,222,-1,221,222,223,-1,223,222,224,-1,223,224,225,-1,225,224,226,-1,225,226,227,-1,227,226,228,-1,227,228,229,-1,229,228,230,-1,229,230,231,-1,231,230,232,-1,231,232,233,-1,233,232,234,-1,233,234,235,-1,235,234,236,-1,235,236,237,-1,237,236,238,-1,237,238,239,-1,239,238,240,-1,239,240,241,-1,241,240,242,-1,241,242,243,-1,243,242,244,-1,243,244,245,-1,245,244,246,-1,245,246,247,-1,247,246,248,-1,247,248,249,-1,249,248,250,-1,249,250,251,-1,251,250,252,-1,251,252,253,-1,254,255,252,-1,252,255,253,-1,255,254,256,-1,255,256,257,-1,257,256,258,-1,257,258,259,-1,259,258,181,-1,259,181,180,-1,244,181,246,-1,246,181,258,-1,246,258,248,-1,248,258,256,-1,248,256,250,-1,250,256,254,-1,250,254,252,-1,214,212,216,-1,216,212,210,-1,216,210,218,-1,218,210,208,-1,218,208,220,-1,220,208,206,-1,220,206,222,-1,222,206,204,-1,222,204,224,-1,224,204,202,-1,224,202,226,-1,226,202,200,-1,226,200,228,-1,228,200,198,-1,228,198,230,-1,230,198,196,-1,230,196,232,-1,232,196,194,-1,232,194,234,-1,234,194,192,-1,234,192,236,-1,236,192,190,-1,236,190,238,-1,238,190,188,-1,238,188,240,-1,240,188,186,-1,240,186,242,-1,242,186,184,-1,242,184,244,-1,244,184,182,-1,244,182,181,-1,260,261,262,-1,262,261,263,-1,264,265,260,-1,260,265,261,-1,266,267,264,-1,264,267,265,-1,268,269,266,-1,266,269,267,-1,270,271,268,-1,268,271,269,-1,270,262,271,-1,271,262,263,-1,264,260,266,-1,266,260,262,-1,266,262,268,-1,268,262,270,-1,
        ]
    }
}
Shape{
    appearance Appearance {
        material  Material 	{
            diffuseColor 0.2235294117647059 0.2235294117647059 0.2235294117647059
            specularColor 0.11372549019607843 0.11372549019607843 0.11372549019607843
            ambientIntensity 0.2
            transparency 0
            shininess 0.5
        }
    }
    geometry IndexedFaceSet {
        ccw TRUE
        solid FALSE
        coord DEF co Coordinate {
            point [
                -0.0376 -0.0815 0.1181, -0.0771 -0.0815 0.1181, -0.0552 -0.0322 0.1181, -0.0593 -0.0322 0.1181, -0.0564 -0.0281 0.1181, -0.0583 -0.0281 0.1181, -0.0571 -0.0239 0.1181, -0.0575 -0.0239 0.1181, 0.0828 -0.0225 0.1181, 0.0828 -0.1146 0.1181, 0.0654 -0.0225 0.1181, 0.066 -0.1146 0.1181, 0.0536 -0.1135 0.1181, 0.0194 -0.0674 0.1181, 0.0204 -0.0556 0.1181, 0.0232 -0.0463 0.1181, 0.0514 -0.0239 0.1181, 0.0436 -0.1104 0.1181, 0.0356 -0.1056 0.1181, 0.029 -0.099 0.1181, 0.024 -0.0909 0.1181, 0.0205 -0.0798 0.1181, 0.0273 -0.039 0.1181, 0.033 -0.0329 0.1181, 0.0417 -0.0273 0.1181, 0.0417 -0.0273 0.1181
            ]
        }
        coordIndex [
            0,1,2,-1,2,1,3,-1,2,3,4,-1,4,3,5,-1,4,5,6,-1,6,5,7,-1,8,9,10,-1,10,9,11,-1,10,11,12,-1,13,14,10,-1,10,14,15,-1,10,15,16,-1,12,17,10,-1,10,17,18,-1,10,18,19,-1,19,20,10,-1,10,20,21,-1,10,21,13,-1,22,23,15,-1,15,23,24,-1,15,24,16,-1,
        ]
    }
}