ISO-10303-21;
HEADER;
FILE_DESCRIPTION (( 'STEP AP214' ),
    '1' );
FILE_NAME ('ND-SMD_L13.8-W12.8.STEP',
    '2022-05-24T10:26:32',
    ( '' ),
    ( '' ),
    'SwSTEP 2.0',
    'SolidWorks 2020',
    '' );
FILE_SCHEMA (( 'AUTOMOTIVE_DESIGN' ));
ENDSEC;

DATA;
#1 = CARTESIAN_POINT ( 'NONE',  ( 6.000000000000001776, 0.1884944563491841307, 0.01000000000000000021 ) ) ;
#2 = CARTESIAN_POINT ( 'NONE',  ( 0.2658047601497594559, 0.2345623428938911348, 0.01000000000000000021 ) ) ;
#3 = CARTESIAN_POINT ( 'NONE',  ( 0.4946829042092952822, 0.2213445908324856715, 0.000000000000000000 ) ) ;
#4 = FILL_AREA_STYLE_COLOUR ( '', #4174 ) ;
#5 = LINE ( 'NONE', #1661, #3989 ) ;
#6 = ADVANCED_FACE ( 'NONE', ( #594 ), #3099, .F. ) ;
#7 = UNCERTAINTY_MEASURE_WITH_UNIT (LENGTH_MEASURE( 1.000000000000000082E-05 ), #5336, 'distance_accuracy_value', 'NONE');
#8 = AXIS2_PLACEMENT_3D ( 'NONE', #2555, #2580, #90 ) ;
#9 = SURFACE_STYLE_USAGE ( .BOTH. , #4942 ) ;
#10 = DIRECTION ( 'NONE',  ( -1.000000000000000000, 0.000000000000000000, 0.000000000000000000 ) ) ;
#11 = ORIENTED_EDGE ( 'NONE', *, *, #704, .T. ) ;
#12 = UNCERTAINTY_MEASURE_WITH_UNIT (LENGTH_MEASURE( 1.000000000000000082E-05 ), #1346, 'distance_accuracy_value', 'NONE');
#13 = VECTOR ( 'NONE', #2391, 1000.000000000000000 ) ;
#14 = CARTESIAN_POINT ( 'NONE',  ( 0.2537104430412901457, -0.2307128607239867790, 0.000000000000000000 ) ) ;
#15 = FACE_BOUND ( 'NONE', #1215, .T. ) ;
#16 = CARTESIAN_POINT ( 'NONE',  ( -6.399999999999998579, -3.000000000000000000, 0.000000000000000000 ) ) ;
#17 = STYLED_ITEM ( 'NONE', ( #4826 ), #1172 ) ;
#18 = FILL_AREA_STYLE ('',( #694 ) ) ;
#19 = CARTESIAN_POINT ( 'NONE',  ( -0.6021564889745728566, 0.07672399481629217644, 0.009999999999999995004 ) ) ;
#20 = CARTESIAN_POINT ( 'NONE',  ( 0.08907629669982670972, 0.02386031000772056293, 0.000000000000000000 ) ) ;
#21 = LINE ( 'NONE', #5012, #1722 ) ;
#22 =( LENGTH_UNIT ( ) NAMED_UNIT ( * ) SI_UNIT ( .MILLI., .METRE. ) );
#23 = COLOUR_RGB ( '',0.8313725490196077761, 0.8313725490196077761, 0.8196078431372548767 ) ;
#24 = B_SPLINE_SURFACE_WITH_KNOTS ( 'NONE', 3, 1, ( 
 ( #3547, #4884 ),
 ( #1498, #1195 ),
 ( #2324, #5245 ),
 ( #2787, #4446 ),
 ( #3137, #4389 ),
 ( #4801, #2006 ),
 ( #4018, #3223 ),
 ( #3659, #3959 ),
 ( #2839, #2402 ),
 ( #682, #1116 ),
 ( #736, #4042 ) ),
 .UNSPECIFIED., .F., .F., .F.,
 ( 4, 1, 1, 1, 1, 1, 1, 1, 4 ),
 ( 2, 2 ),
 ( 0.000000000000000000, 0.1352946047634291105, 0.2667656579247484894, 0.3948160188358726397, 0.5200516544342462799, 0.6421757029708223818, 0.7626518205584238430, 0.8818340043805017459, 1.000000000000000000 ),
 ( 0.000000000000000000, 1.000000000000000000 ),
 .UNSPECIFIED. ) ;
#25 = VERTEX_POINT ( 'NONE', #194 ) ;
#26 = ORIENTED_EDGE ( 'NONE', *, *, #672, .T. ) ;
#27 = EDGE_CURVE ( 'NONE', #3097, #2181, #2295, .T. ) ;
#28 = COLOUR_RGB ( '',0.8313725490196077761, 0.8313725490196077761, 0.8196078431372548767 ) ;
#29 = DIRECTION ( 'NONE',  ( 0.000000000000000000, 0.000000000000000000, 1.000000000000000000 ) ) ;
#30 = CARTESIAN_POINT ( 'NONE',  ( 0.4535191198413791591, -0.1949455629204457363, 0.01000000000000000021 ) ) ;
#31 = VECTOR ( 'NONE', #4397, 1000.000000000000000 ) ;
#32 = CARTESIAN_POINT ( 'NONE',  ( 6.900000000000001243, 1.899999999999999911, 3.000000000000000000 ) ) ;
#33 = FACE_OUTER_BOUND ( 'NONE', #4839, .T. ) ;
#34 = FILL_AREA_STYLE ('',( #933 ) ) ;
#35 =( NAMED_UNIT ( * ) PLANE_ANGLE_UNIT ( ) SI_UNIT ( $, .RADIAN. ) );
#36 = CARTESIAN_POINT ( 'NONE',  ( -0.2097041911050512852, 0.2433725051296717623, 0.000000000000000000 ) ) ;
#37 = PRESENTATION_LAYER_ASSIGNMENT (  '', '', ( #3751 ) ) ;
#38 = DIRECTION ( 'NONE',  ( 1.000000000000000000, 0.000000000000000000, 7.744301232039319147E-17 ) ) ;
#39 = VERTEX_POINT ( 'NONE', #2858 ) ;
#40 = CARTESIAN_POINT ( 'NONE',  ( 0.000000000000000000, -3.000000000000000000, 0.000000000000000000 ) ) ;
#41 = LINE ( 'NONE', #3005, #4093 ) ;
#42 = LINE ( 'NONE', #418, #5297 ) ;
#43 = CARTESIAN_POINT ( 'NONE',  ( -0.6079275647794407655, -0.05531088205267490482, 0.01000000000000000021 ) ) ;
#44 = CARTESIAN_POINT ( 'NONE',  ( 6.399999999999999467, -1.899999999999999911, 3.149999999999999911 ) ) ;
#45 = DIRECTION ( 'NONE',  ( -1.000000000000000000, 0.000000000000000000, 0.000000000000000000 ) ) ;
#46 = EDGE_CURVE ( 'NONE', #2264, #52, #776, .T. ) ;
#47 = SURFACE_SIDE_STYLE ('',( #3750 ) ) ;
#48 = SURFACE_SIDE_STYLE ('',( #2117 ) ) ;
#49 = FILL_AREA_STYLE_COLOUR ( '', #3267 ) ;
#50 = ADVANCED_FACE ( 'NONE', ( #377 ), #5286, .F. ) ;
#51 = CARTESIAN_POINT ( 'NONE',  ( 0.6216301618330456469, 0.04054475102328410074, 0.01000000000000000021 ) ) ;
#52 = VERTEX_POINT ( 'NONE', #4056 ) ;
#53 = DIRECTION ( 'NONE',  ( -0.000000000000000000, -0.000000000000000000, -1.000000000000000000 ) ) ;
#54 = SURFACE_STYLE_USAGE ( .BOTH. , #3315 ) ;
#55 = PRESENTATION_LAYER_ASSIGNMENT (  '', '', ( #3321 ) ) ;
#56 = ORIENTED_EDGE ( 'NONE', *, *, #5165, .T. ) ;
#57 = ORIENTED_EDGE ( 'NONE', *, *, #421, .T. ) ;
#58 = FILL_AREA_STYLE ('',( #3093 ) ) ;
#59 = VECTOR ( 'NONE', #5270, 1000.000000000000000 ) ;
#60 = CARTESIAN_POINT ( 'NONE',  ( 0.3542115532566010305, 0.2493470388551371208, 0.000000000000000000 ) ) ;
#61 = ORIENTED_EDGE ( 'NONE', *, *, #1491, .T. ) ;
#62 = PRESENTATION_LAYER_ASSIGNMENT (  '', '', ( #4468 ) ) ;
#63 = EDGE_CURVE ( 'NONE', #1035, #2693, #4856, .T. ) ;
#64 = SURFACE_STYLE_FILL_AREA ( #4973 ) ;
#65 = UNCERTAINTY_MEASURE_WITH_UNIT (LENGTH_MEASURE( 1.000000000000000082E-05 ), #300, 'distance_accuracy_value', 'NONE');
#66 = ORIENTED_EDGE ( 'NONE', *, *, #889, .T. ) ;
#67 = SURFACE_STYLE_USAGE ( .BOTH. , #3383 ) ;
#68 = DIRECTION ( 'NONE',  ( 0.000000000000000000, 0.000000000000000000, 1.000000000000000000 ) ) ;
#69 =( NAMED_UNIT ( * ) SI_UNIT ( $, .STERADIAN. ) SOLID_ANGLE_UNIT ( ) );
#70 = CARTESIAN_POINT ( 'NONE',  ( -0.5940453358076497326, -0.1050757909431960790, 0.01000000000000000021 ) ) ;
#71 = CARTESIAN_POINT ( 'NONE',  ( 0.5585884918217780548, -0.01196286072398678596, 0.000000000000000000 ) ) ;
#72 = CARTESIAN_POINT ( 'NONE',  ( -0.8610951972026124057, 0.1473359197638181295, 0.000000000000000000 ) ) ;
#73 = DIRECTION ( 'NONE',  ( -0.000000000000000000, 1.000000000000000000, -0.000000000000000000 ) ) ;
#74 = CARTESIAN_POINT ( 'NONE',  ( -0.3505197398855391944, 0.1884944563491839642, 0.000000000000000000 ) ) ;
#75 = CARTESIAN_POINT ( 'NONE',  ( 0.5979870453523845608, 0.1153247648824779065, 0.01000000000000000021 ) ) ;
#76 = ORIENTED_EDGE ( 'NONE', *, *, #3564, .T. ) ;
#77 = PRODUCT_DEFINITION ( '未知', '', #2276, #817 ) ;
#78 = LINE ( 'NONE', #1721, #3889 ) ;
#79 = PRESENTATION_STYLE_ASSIGNMENT (( #5042 ) ) ;
#80 = VERTEX_POINT ( 'NONE', #1133 ) ;
#81 = ORIENTED_EDGE ( 'NONE', *, *, #3244, .F. ) ;
#82 =( GEOMETRIC_REPRESENTATION_CONTEXT ( 3 ) GLOBAL_UNCERTAINTY_ASSIGNED_CONTEXT ( ( #4947 ) ) GLOBAL_UNIT_ASSIGNED_CONTEXT ( ( #409, #4990, #927 ) ) REPRESENTATION_CONTEXT ( 'NONE', 'WORKASPACE' ) );
#83 =( GEOMETRIC_REPRESENTATION_CONTEXT ( 3 ) GLOBAL_UNCERTAINTY_ASSIGNED_CONTEXT ( ( #4180 ) ) GLOBAL_UNIT_ASSIGNED_CONTEXT ( ( #2064, #2089, #563 ) ) REPRESENTATION_CONTEXT ( 'NONE', 'WORKASPACE' ) );
#84 = DIRECTION ( 'NONE',  ( 0.000000000000000000, 0.000000000000000000, 1.000000000000000000 ) ) ;
#85 = B_SPLINE_CURVE_WITH_KNOTS ( 'NONE', 3,
 ( #3823, #1359, #2222, #4718, #179, #3003, #4256, #985, #3881, #3470, #5140, #1418, #1014, #2246, #3503, #1446, #2673, #4000, #1875 ),
 .UNSPECIFIED., .F., .F.,
 ( 4, 1, 1, 1, 1, 1, 1, 1, 1, 1, 1, 1, 1, 1, 1, 1, 4 ),
 ( 0.000000000000000000, 0.07082657255516276729, 0.1381690332797997633, 0.2024753315338425341, 0.2639737544135196123, 0.3233803205980368967, 0.3817976227131850142, 0.4393900745193887181, 0.4969027245459970432, 0.5546621696093697595, 0.6127418784921971895, 0.6715388363911720671, 0.7316557220901980241, 0.7942978116139529643, 0.8594822049793583441, 0.9276813254527899177, 1.000000000000000000 ),
 .UNSPECIFIED. ) ;
#86 = VECTOR ( 'NONE', #1772, 1000.000000000000114 ) ;
#87 = SURFACE_STYLE_USAGE ( .BOTH. , #2126 ) ;
#88 = SURFACE_STYLE_FILL_AREA ( #870 ) ;
#89 = ORIENTED_EDGE ( 'NONE', *, *, #690, .T. ) ;
#90 = DIRECTION ( 'NONE',  ( 1.000000000000000000, 0.000000000000000000, -0.000000000000000000 ) ) ;
#91 = B_SPLINE_CURVE_WITH_KNOTS ( 'NONE', 3,
 ( #2487, #3015, #4160, #51, #1696, #564, #75, #3338, #4583, #3394, #509, #2144, #3422, #888, #4190, #918, #2544, #1370, #3809 ),
 .UNSPECIFIED., .F., .F.,
 ( 4, 1, 1, 1, 1, 1, 1, 1, 1, 1, 1, 1, 1, 1, 1, 1, 4 ),
 ( 0.000000000000000000, 0.07064371857535413357, 0.1382567155089045596, 0.2033641242175800168, 0.2663240938030567717, 0.3279047615429893092, 0.3887377151730922464, 0.4494235281093024170, 0.5108610114593153950, 0.5720793960475145656, 0.6317344287314452522, 0.6911172105788376818, 0.7503600294901704437, 0.8100329005312619790, 0.8713624508287362014, 0.9344271412311532243, 1.000000000000000000 ),
 .UNSPECIFIED. ) ;
#92 = DIRECTION ( 'NONE',  ( -0.3536223923290756077, 0.9353882635801357148, 0.000000000000000000 ) ) ;
#93 = ORIENTED_EDGE ( 'NONE', *, *, #1005, .F. ) ;
#94 = FILL_AREA_STYLE ('',( #4635 ) ) ;
#95 = ADVANCED_FACE ( 'NONE', ( #4030 ), #324, .F. ) ;
#96 = DIRECTION ( 'NONE',  ( 0.000000000000000000, 1.000000000000000000, 0.000000000000000000 ) ) ;
#97 = STYLED_ITEM ( 'NONE', ( #3065 ), #1406 ) ;
#98 = CARTESIAN_POINT ( 'NONE',  ( 0.6683445893827535400, -0.2566274948703282655, 0.000000000000000000 ) ) ;
#99 = CARTESIAN_POINT ( 'NONE',  ( 0.3713147623981775114, -0.2624908190721425005, 0.000000000000000000 ) ) ;
#100 = FILL_AREA_STYLE_COLOUR ( '', #4526 ) ;
#101 = PRESENTATION_LAYER_ASSIGNMENT (  '', '', ( #3029 ) ) ;
#102 = CARTESIAN_POINT ( 'NONE',  ( 0.1561494674315339615, 0.2433725051296717623, 0.000000000000000000 ) ) ;
#103 = CARTESIAN_POINT ( 'NONE',  ( -0.5445622003110143217, -0.02440418841092678592, 0.000000000000000000 ) ) ;
#104 = CARTESIAN_POINT ( 'NONE',  ( 0.2537104430412901457, -0.1758348119434989532, 0.000000000000000000 ) ) ;
#105 = FILL_AREA_STYLE ('',( #2567 ) ) ;
#106 = ORIENTED_EDGE ( 'NONE', *, *, #1491, .F. ) ;
#107 = CARTESIAN_POINT ( 'NONE',  ( 0.6220300074443023686, -0.06871902662414797192, 0.01000000000000000021 ) ) ;
#108 = VECTOR ( 'NONE', #1669, 1000.000000000000000 ) ;
#109 = CARTESIAN_POINT ( 'NONE',  ( 4.900000000000001243, -1.899999999999999911, -0.1499999999999999389 ) ) ;
#110 = FACE_OUTER_BOUND ( 'NONE', #415, .T. ) ;
#111 = FACE_OUTER_BOUND ( 'NONE', #4169, .T. ) ;
#112 = VECTOR ( 'NONE', #5041, 1000.000000000000000 ) ;
#113 = ORIENTED_EDGE ( 'NONE', *, *, #169, .T. ) ;
#114 = VERTEX_POINT ( 'NONE', #5009 ) ;
#115 = CARTESIAN_POINT ( 'NONE',  ( 4.399999999999998579, -3.000000000000000000, 0.000000000000000000 ) ) ;
#116 = CARTESIAN_POINT ( 'NONE',  ( 0.2576905047966172035, 0.2312685877499865983, 0.000000000000000000 ) ) ;
#117 = VECTOR ( 'NONE', #3992, 1000.000000000000000 ) ;
#118 = ORIENTED_EDGE ( 'NONE', *, *, #2380, .T. ) ;
#119 =( NAMED_UNIT ( * ) PLANE_ANGLE_UNIT ( ) SI_UNIT ( $, .RADIAN. ) );
#120 = AXIS2_PLACEMENT_3D ( 'NONE', #2802, #4482, #777 ) ;
#121 = DIRECTION ( 'NONE',  ( 0.000000000000000000, 0.000000000000000000, 1.000000000000000000 ) ) ;
#122 = DIRECTION ( 'NONE',  ( 1.000000000000000000, 0.000000000000000000, -0.000000000000000000 ) ) ;
#123 = EDGE_LOOP ( 'NONE', ( #3471, #3161, #1281, #1371 ) ) ;
#124 =( LENGTH_UNIT ( ) NAMED_UNIT ( * ) SI_UNIT ( .MILLI., .METRE. ) );
#125 = COLOUR_RGB ( '',0.7921568627450980005, 0.8196078431372548767, 0.9333333333333333481 ) ;
#126 =( NAMED_UNIT ( * ) SI_UNIT ( $, .STERADIAN. ) SOLID_ANGLE_UNIT ( ) );
#127 = DIRECTION ( 'NONE',  ( -0.000000000000000000, -1.000000000000000000, 0.000000000000000000 ) ) ;
#128 = AXIS2_PLACEMENT_3D ( 'NONE', #4745, #3638, #4448 ) ;
#129 = CARTESIAN_POINT ( 'NONE',  ( 0.08907629669982670972, 0.02386031000772056293, 0.000000000000000000 ) ) ;
#130 = LINE ( 'NONE', #5089, #3492 ) ;
#131 = FACE_OUTER_BOUND ( 'NONE', #919, .T. ) ;
#132 = LINE ( 'NONE', #5091, #2808 ) ;
#133 = AXIS2_PLACEMENT_3D ( 'NONE', #617, #2261, #3923 ) ;
#134 = VERTEX_POINT ( 'NONE', #3752 ) ;
#135 = SURFACE_STYLE_FILL_AREA ( #2631 ) ;
#136 = SURFACE_SIDE_STYLE ('',( #949 ) ) ;
#137 = ADVANCED_FACE ( 'NONE', ( #886 ), #3337, .T. ) ;
#138 = ORIENTED_EDGE ( 'NONE', *, *, #4487, .F. ) ;
#139 = B_SPLINE_CURVE_WITH_KNOTS ( 'NONE', 3,
 ( #4496, #4886, #789, #363, #3275, #2816, #2873, #4043, #1662, #1985, #4912, #438, #2453, #1176, #2010, #4473, #761, #2077, #1198 ),
 .UNSPECIFIED., .F., .F.,
 ( 4, 1, 1, 1, 1, 1, 1, 1, 1, 1, 1, 1, 1, 1, 1, 1, 4 ),
 ( 0.000000000000000000, 0.06460397028839215405, 0.1267024139629469304, 0.1867568140356179740, 0.2455056873654371530, 0.3036520244499752441, 0.3615030739706251439, 0.4202402229284672996, 0.4800333407766962379, 0.5406781347755159617, 0.6011918063807816237, 0.6623335024774421598, 0.7247395102972316039, 0.7894677361728864584, 0.8565048600438305293, 0.9263120958391900528, 1.000000000000000000 ),
 .UNSPECIFIED. ) ;
#140 = VERTEX_POINT ( 'NONE', #1677 ) ;
#141 = CARTESIAN_POINT ( 'NONE',  ( -0.3552905669542524847, -0.2015865916314458495, 0.01000000000000000194 ) ) ;
#142 = VECTOR ( 'NONE', #2254, 1000.000000000000000 ) ;
#143 = CARTESIAN_POINT ( 'NONE',  ( 0.5558475007784502431, -0.05438973743015261542, 0.000000000000000000 ) ) ;
#144 = EDGE_LOOP ( 'NONE', ( #1381, #4010, #3904, #3758 ) ) ;
#145 = ORIENTED_EDGE ( 'NONE', *, *, #1809, .T. ) ;
#146 = FILL_AREA_STYLE_COLOUR ( '', #4769 ) ;
#147 = EDGE_CURVE ( 'NONE', #4436, #161, #1769, .T. ) ;
#148 = VECTOR ( 'NONE', #1201, 1000.000000000000000 ) ;
#149 = LINE ( 'NONE', #2617, #1331 ) ;
#150 = EDGE_CURVE ( 'NONE', #4878, #4624, #3362, .T. ) ;
#151 = LINE ( 'NONE', #3002, #2814 ) ;
#152 = SURFACE_STYLE_FILL_AREA ( #5056 ) ;
#153 = ORIENTED_EDGE ( 'NONE', *, *, #3733, .T. ) ;
#154 = COLOUR_RGB ( '',0.2980392156862745057, 0.2980392156862745057, 0.2980392156862745057 ) ;
#155 =( NAMED_UNIT ( * ) PLANE_ANGLE_UNIT ( ) SI_UNIT ( $, .RADIAN. ) );
#156 = CARTESIAN_POINT ( 'NONE',  ( 0.3845506657366892234, -0.2626460539407415307, 0.01000000000000000021 ) ) ;
#157 = FILL_AREA_STYLE_COLOUR ( '', #1158 ) ;
#158 =( NAMED_UNIT ( * ) SI_UNIT ( $, .STERADIAN. ) SOLID_ANGLE_UNIT ( ) );
#159 =( NAMED_UNIT ( * ) PLANE_ANGLE_UNIT ( ) SI_UNIT ( $, .RADIAN. ) );
#160 = UNCERTAINTY_MEASURE_WITH_UNIT (LENGTH_MEASURE( 1.000000000000000082E-05 ), #5090, 'distance_accuracy_value', 'NONE');
#161 = VERTEX_POINT ( 'NONE', #74 ) ;
#162 = CARTESIAN_POINT ( 'NONE',  ( 0.6101784223222616044, -0.1164229426366587689, 0.01000000000000000021 ) ) ;
#163 = CARTESIAN_POINT ( 'NONE',  ( -6.399999999999999467, 1.899999999999999911, 3.149999999999999911 ) ) ;
#164 = FILL_AREA_STYLE_COLOUR ( '', #3621 ) ;
#165 = ORIENTED_EDGE ( 'NONE', *, *, #2766, .F. ) ;
#166 = ADVANCED_FACE ( 'NONE', ( #1718 ), #5093, .F. ) ;
#167 = PRESENTATION_STYLE_ASSIGNMENT (( #1803 ) ) ;
#168 = FILL_AREA_STYLE_COLOUR ( '', #517 ) ;
#169 = EDGE_CURVE ( 'NONE', #3154, #2717, #3633, .T. ) ;
#170 = CARTESIAN_POINT ( 'NONE',  ( -0.5450700447635880019, -0.001768500967889215930, 0.01000000000000000194 ) ) ;
#171 = AXIS2_PLACEMENT_3D ( 'NONE', #4676, #977, #4299 ) ;
#172 = CARTESIAN_POINT ( 'NONE',  ( -0.3456607459831002038, -0.2566274948703282655, 0.000000000000000000 ) ) ;
#173 = VERTEX_POINT ( 'NONE', #3136 ) ;
#174 = ORIENTED_EDGE ( 'NONE', *, *, #5284, .F. ) ;
#175 = CARTESIAN_POINT ( 'NONE',  ( 0.5622684213049155000, -0.1953463197333015489, 0.000000000000000000 ) ) ;
#176 = VECTOR ( 'NONE', #4242, 1000.000000000000000 ) ;
#177 = LINE ( 'NONE', #5160, #2018 ) ;
#178 = CARTESIAN_POINT ( 'NONE',  ( 0.4463308210643399110, 0.1810174195205669356, 0.000000000000000000 ) ) ;
#179 = CARTESIAN_POINT ( 'NONE',  ( -0.4115642434696288321, -0.1946946958119356585, 0.01000000000000000021 ) ) ;
#180 = ORIENTED_EDGE ( 'NONE', *, *, #1841, .T. ) ;
#181 = COLOUR_RGB ( '',0.8313725490196077761, 0.8313725490196077761, 0.8196078431372548767 ) ;
#182 =( NAMED_UNIT ( * ) SI_UNIT ( $, .STERADIAN. ) SOLID_ANGLE_UNIT ( ) );
#183 = FACE_OUTER_BOUND ( 'NONE', #1949, .T. ) ;
#184 = CARTESIAN_POINT ( 'NONE',  ( 0.2678535752150043026, -0.2385192938565816045, 0.000000000000000000 ) ) ;
#185 = LINE ( 'NONE', #1820, #4517 ) ;
#186 = SURFACE_SIDE_STYLE ('',( #3084 ) ) ;
#187 = CARTESIAN_POINT ( 'NONE',  ( -1.026777361836758606, -0.2566274948703282655, 0.000000000000000000 ) ) ;
#188 = DIRECTION ( 'NONE',  ( 0.9407669869669988971, -0.3390537954853694025, 0.000000000000000000 ) ) ;
#189 = LINE ( 'NONE', #920, #3024 ) ;
#190 = LINE ( 'NONE', #3017, #86 ) ;
#191 = AXIS2_PLACEMENT_3D ( 'NONE', #1847, #2646, #2162 ) ;
#192 = VERTEX_POINT ( 'NONE', #3545 ) ;
#193 = DIRECTION ( 'NONE',  ( -0.000000000000000000, -0.000000000000000000, -1.000000000000000000 ) ) ;
#194 = CARTESIAN_POINT ( 'NONE',  ( -4.399999999999998579, -3.000000000000000000, 0.000000000000000000 ) ) ;
#195 = AXIS2_PLACEMENT_3D ( 'NONE', #555, #1789, #3442 ) ;
#196 = CARTESIAN_POINT ( 'NONE',  ( -0.5250310230829033920, -0.1037211140600667464, 0.000000000000000000 ) ) ;
#197 = CARTESIAN_POINT ( 'NONE',  ( 0.5455759323090542123, -0.2110900652497036678, 0.01000000000000000021 ) ) ;
#198 = EDGE_CURVE ( 'NONE', #80, #864, #2812, .T. ) ;
#199 = CARTESIAN_POINT ( 'NONE',  ( 0.5314886821706173992, -0.1262807874073840764, 0.000000000000000000 ) ) ;
#200 = ORIENTED_EDGE ( 'NONE', *, *, #1743, .T. ) ;
#201 = ORIENTED_EDGE ( 'NONE', *, *, #3293, .T. ) ;
#202 = STYLED_ITEM ( 'NONE', ( #4909 ), #4771 ) ;
#203 = DIRECTION ( 'NONE',  ( -0.000000000000000000, -1.000000000000000000, -0.000000000000000000 ) ) ;
#204 = AXIS2_PLACEMENT_3D ( 'NONE', #1093, #2379, #1957 ) ;
#205 =( NAMED_UNIT ( * ) SI_UNIT ( $, .STERADIAN. ) SOLID_ANGLE_UNIT ( ) );
#206 = SURFACE_STYLE_USAGE ( .BOTH. , #2249 ) ;
#207 = VECTOR ( 'NONE', #4619, 1000.000000000000000 ) ;
#208 = UNCERTAINTY_MEASURE_WITH_UNIT (LENGTH_MEASURE( 1.000000000000000082E-05 ), #5007, 'distance_accuracy_value', 'NONE');
#209 = LINE ( 'NONE', #2679, #2474 ) ;
#210 = CARTESIAN_POINT ( 'NONE',  ( 0.000000000000000000, -3.000000000000000000, 0.000000000000000000 ) ) ;
#211 = MECHANICAL_DESIGN_GEOMETRIC_PRESENTATION_REPRESENTATION (  '', ( #4780 ), #1927 ) ;
#212 = VECTOR ( 'NONE', #3331, 1000.000000000000000 ) ;
#213 = CARTESIAN_POINT ( 'NONE',  ( -0.4523363261315552220, -0.2395229031543033849, 0.000000000000000000 ) ) ;
#214 =( LENGTH_UNIT ( ) NAMED_UNIT ( * ) SI_UNIT ( .MILLI., .METRE. ) );
#215 = VECTOR ( 'NONE', #4715, 1000.000000000000000 ) ;
#216 = LINE ( 'NONE', #2993, #176 ) ;
#217 = FACE_OUTER_BOUND ( 'NONE', #4139, .T. ) ;
#218 = EDGE_CURVE ( 'NONE', #4274, #1108, #3627, .T. ) ;
#219 = CARTESIAN_POINT ( 'NONE',  ( 6.650000000000001243, 1.899999999999999911, -0.1499999999999999112 ) ) ;
#220 = COLOUR_RGB ( '',0.8313725490196077761, 0.8313725490196077761, 0.8196078431372548767 ) ;
#221 = ORIENTED_EDGE ( 'NONE', *, *, #1550, .F. ) ;
#222 = EDGE_CURVE ( 'NONE', #3594, #1412, #5244, .T. ) ;
#223 = DIRECTION ( 'NONE',  ( -1.000000000000000000, 0.000000000000000000, 3.497426362856468202E-17 ) ) ;
#224 =( NAMED_UNIT ( * ) PLANE_ANGLE_UNIT ( ) SI_UNIT ( $, .RADIAN. ) );
#225 = FILL_AREA_STYLE_COLOUR ( '', #3178 ) ;
#226 = CARTESIAN_POINT ( 'NONE',  ( 0.5581782940901017787, -0.03355089846874140247, 0.000000000000000000 ) ) ;
#227 = VERTEX_POINT ( 'NONE', #282 ) ;
#228 = ORIENTED_EDGE ( 'NONE', *, *, #2783, .F. ) ;
#229 = CARTESIAN_POINT ( 'NONE',  ( 0.4287884054050294935, 0.1871592781600140976, 0.01000000000000000021 ) ) ;
#230 = PLANE ( 'NONE',  #2596 ) ;
#231 = DIRECTION ( 'NONE',  ( -0.000000000000000000, -1.000000000000000000, -0.000000000000000000 ) ) ;
#232 = PRESENTATION_LAYER_ASSIGNMENT (  '', '', ( #1094 ) ) ;
#233 = EDGE_CURVE ( 'NONE', #2966, #5367, #3167, .T. ) ;
#234 = CARTESIAN_POINT ( 'NONE',  ( -0.4982046459400311100, 0.2064298897717288528, 0.01000000000000000021 ) ) ;
#235 = CARTESIAN_POINT ( 'NONE',  ( -0.4111283232081669459, 0.1821761530776792037, 0.01000000000000000021 ) ) ;
#236 = AXIS2_PLACEMENT_3D ( 'NONE', #2048, #4546, #3348 ) ;
#237 = DIRECTION ( 'NONE',  ( 1.000000000000000000, 0.000000000000000000, 0.000000000000000000 ) ) ;
#238 = FACE_OUTER_BOUND ( 'NONE', #3490, .T. ) ;
#239 =( NAMED_UNIT ( * ) PLANE_ANGLE_UNIT ( ) SI_UNIT ( $, .RADIAN. ) );
#240 = DIRECTION ( 'NONE',  ( 0.000000000000000000, 0.000000000000000000, 1.000000000000000000 ) ) ;
#241 = B_SPLINE_SURFACE_WITH_KNOTS ( 'NONE', 3, 1, ( 
 ( #4709, #170 ),
 ( #648, #2609 ),
 ( #1003, #1835 ),
 ( #1806, #5077 ),
 ( #4329, #2996 ),
 ( #3929, #1863 ),
 ( #196, #2212 ),
 ( #3872, #4356 ),
 ( #542, #2297 ),
 ( #1410, #3022 ),
 ( #3460, #3518 ),
 ( #2575, #1054 ),
 ( #3431, #4276 ),
 ( #4303, #2239 ),
 ( #4247, #2185 ),
 ( #3901, #5179 ),
 ( #2638, #4757 ),
 ( #3845, #141 ),
 ( #3494, #572 ) ),
 .UNSPECIFIED., .F., .F., .F.,
 ( 4, 1, 1, 1, 1, 1, 1, 1, 1, 1, 1, 1, 1, 1, 1, 1, 4 ),
 ( 2, 2 ),
 ( 0.000000000000000000, 0.07231867454721008226, 0.1405177950206416559, 0.2057021883860470357, 0.2683442779098019759, 0.3284611636088279329, 0.3872581215078028105, 0.4453378303906302405, 0.5030972754540029568, 0.5606099254806112819, 0.6182023772868150413, 0.6766196794019631033, 0.7360262455864803322, 0.7975246684661574381, 0.8618309667202002089, 0.9291734274448372188, 1.000000000000000000 ),
 ( 0.000000000000000000, 1.000000000000000000 ),
 .UNSPECIFIED. ) ;
#242 = SURFACE_STYLE_FILL_AREA ( #3948 ) ;
#243 = CARTESIAN_POINT ( 'NONE',  ( -0.7218993130562708638, -0.2566274948703284875, 0.01000000000000000021 ) ) ;
#244 = PRESENTATION_STYLE_ASSIGNMENT (( #3559 ) ) ;
#245 = SURFACE_SIDE_STYLE ('',( #5176 ) ) ;
#246 = ORIENTED_EDGE ( 'NONE', *, *, #2749, .T. ) ;
#247 = CARTESIAN_POINT ( 'NONE',  ( 6.400000000000002132, -5.999999999999997335, 0.000000000000000000 ) ) ;
#248 = ORIENTED_EDGE ( 'NONE', *, *, #2165, .F. ) ;
#249 = ADVANCED_FACE ( 'NONE', ( #4800 ), #4427, .F. ) ;
#250 = CARTESIAN_POINT ( 'NONE',  ( 0.3912866625534854315, -0.2627250558459382490, 0.01000000000000000021 ) ) ;
#251 = ORIENTED_EDGE ( 'NONE', *, *, #1870, .F. ) ;
#252 = EDGE_LOOP ( 'NONE', ( #4437, #677, #1495, #2316, #4385, #1880, #2468, #706, #4629, #4625 ) ) ;
#253 = VECTOR ( 'NONE', #1390, 1000.000000000000000 ) ;
#254 = AXIS2_PLACEMENT_3D ( 'NONE', #104, #5035, #4559 ) ;
#255 = CARTESIAN_POINT ( 'NONE',  ( 0.5580781391816523884, 0.01079955251651022741, 0.01000000000000000021 ) ) ;
#256 = DIRECTION ( 'NONE',  ( 1.000000000000000000, 0.000000000000000000, 0.000000000000000000 ) ) ;
#257 = LINE ( 'NONE', #3168, #1749 ) ;
#258 = PLANE ( 'NONE',  #4168 ) ;
#259 = AXIS2_PLACEMENT_3D ( 'NONE', #1514, #3979, #5287 ) ;
#260 = CARTESIAN_POINT ( 'NONE',  ( 6.000000000000001776, -0.2566274948703284875, 0.01000000000000000021 ) ) ;
#261 = SURFACE_STYLE_USAGE ( .BOTH. , #5167 ) ;
#262 = VECTOR ( 'NONE', #1083, 1000.000000000000000 ) ;
#263 = EDGE_CURVE ( 'NONE', #3493, #80, #2981, .T. ) ;
#264 = PRESENTATION_LAYER_ASSIGNMENT (  '', '', ( #4232 ) ) ;
#265 =( LENGTH_UNIT ( ) NAMED_UNIT ( * ) SI_UNIT ( .MILLI., .METRE. ) );
#266 = PRESENTATION_LAYER_ASSIGNMENT (  '', '', ( #519 ) ) ;
#267 = PRESENTATION_STYLE_ASSIGNMENT (( #3863 ) ) ;
#268 = DIRECTION ( 'NONE',  ( -0.000000000000000000, -1.000000000000000000, -0.000000000000000000 ) ) ;
#269 =( NAMED_UNIT ( * ) SI_UNIT ( $, .STERADIAN. ) SOLID_ANGLE_UNIT ( ) );
#270 = VERTEX_POINT ( 'NONE', #3658 ) ;
#271 = CARTESIAN_POINT ( 'NONE',  ( -6.399999999999998579, 3.000000000000000000, 0.000000000000000000 ) ) ;
#272 = EDGE_LOOP ( 'NONE', ( #959, #1734, #329, #1345 ) ) ;
#273 = STYLED_ITEM ( 'NONE', ( #297 ), #1481 ) ;
#274 = DIRECTION ( 'NONE',  ( -1.000000000000000000, 0.000000000000000000, 0.000000000000000000 ) ) ;
#275 = CARTESIAN_POINT ( 'NONE',  ( -0.4465369755396136897, 0.1701494132765576095, 0.009999999999999998473 ) ) ;
#276 = ORIENTED_EDGE ( 'NONE', *, *, #5033, .F. ) ;
#277 = EDGE_LOOP ( 'NONE', ( #847, #3787, #1756, #4333 ) ) ;
#278 = ORIENTED_EDGE ( 'NONE', *, *, #4794, .F. ) ;
#279 = ORIENTED_EDGE ( 'NONE', *, *, #4200, .T. ) ;
#280 =( GEOMETRIC_REPRESENTATION_CONTEXT ( 3 ) GLOBAL_UNCERTAINTY_ASSIGNED_CONTEXT ( ( #3804 ) ) GLOBAL_UNIT_ASSIGNED_CONTEXT ( ( #3117, #3556, #4808 ) ) REPRESENTATION_CONTEXT ( 'NONE', 'WORKASPACE' ) );
#281 = DIRECTION ( 'NONE',  ( -0.000000000000000000, -0.000000000000000000, 1.000000000000000000 ) ) ;
#282 = CARTESIAN_POINT ( 'NONE',  ( -5.999999999999995559, 6.400000000000000355, 0.000000000000000000 ) ) ;
#283 = VECTOR ( 'NONE', #794, 1000.000000000000000 ) ;
#284 = EDGE_CURVE ( 'NONE', #896, #1375, #1245, .T. ) ;
#285 = CARTESIAN_POINT ( 'NONE',  ( 0.1561494674315339615, 0.2433725051296719843, 0.01000000000000000021 ) ) ;
#286 = COLOUR_RGB ( '',0.8313725490196077761, 0.8313725490196077761, 0.8196078431372548767 ) ;
#287 = MECHANICAL_DESIGN_GEOMETRIC_PRESENTATION_REPRESENTATION (  '', ( #3122 ), #1670 ) ;
#288 = SURFACE_STYLE_FILL_AREA ( #2789 ) ;
#289 = FILL_AREA_STYLE ('',( #1959 ) ) ;
#290 = CARTESIAN_POINT ( 'NONE',  ( -0.4776805625290574397, 0.1521377080254326941, 0.01000000000000000021 ) ) ;
#291 = DIRECTION ( 'NONE',  ( 0.000000000000000000, -1.000000000000000000, 0.000000000000000000 ) ) ;
#292 = COLOUR_RGB ( '',0.8313725490196077761, 0.8313725490196077761, 0.8196078431372548767 ) ;
#293 = FILL_AREA_STYLE ('',( #3278 ) ) ;
#294 = CARTESIAN_POINT ( 'NONE',  ( -0.8690982459831002593, 0.1823968953735742027, 0.000000000000000000 ) ) ;
#295 = COLOUR_RGB ( '',0.8313725490196077761, 0.8313725490196077761, 0.8196078431372548767 ) ;
#296 = LINE ( 'NONE', #3587, #2149 ) ;
#297 = PRESENTATION_STYLE_ASSIGNMENT (( #4893 ) ) ;
#298 = DIRECTION ( 'NONE',  ( 1.000000000000000000, 0.000000000000000000, 0.000000000000000000 ) ) ;
#299 = ORIENTED_EDGE ( 'NONE', *, *, #856, .F. ) ;
#300 =( LENGTH_UNIT ( ) NAMED_UNIT ( * ) SI_UNIT ( .MILLI., .METRE. ) );
#301 = MECHANICAL_DESIGN_GEOMETRIC_PRESENTATION_REPRESENTATION (  '', ( #4186 ), #2093 ) ;
#302 = SURFACE_STYLE_FILL_AREA ( #4058 ) ;
#303 = EDGE_CURVE ( 'NONE', #2717, #2998, #3681, .T. ) ;
#304 = CARTESIAN_POINT ( 'NONE',  ( -0.3918626361585413331, 0.1858349535462232582, 0.000000000000000000 ) ) ;
#305 = CIRCLE ( 'NONE', #4617, 0.4000000000000001887 ) ;
#306 = ORIENTED_EDGE ( 'NONE', *, *, #943, .T. ) ;
#307 = VERTEX_POINT ( 'NONE', #4908 ) ;
#308 = ORIENTED_EDGE ( 'NONE', *, *, #364, .F. ) ;
#309 = ORIENTED_EDGE ( 'NONE', *, *, #2484, .F. ) ;
#310 = CARTESIAN_POINT ( 'NONE',  ( 6.000000000000001776, -0.06150554365081609826, 0.01000000000000000021 ) ) ;
#311 = CARTESIAN_POINT ( 'NONE',  ( 0.5709764373582946195, 0.1578963387230832849, 0.000000000000000000 ) ) ;
#312 = LINE ( 'NONE', #2647, #621 ) ;
#313 = EDGE_CURVE ( 'NONE', #3824, #3754, #1194, .T. ) ;
#314 = STYLED_ITEM ( 'NONE', ( #559 ), #3014 ) ;
#315 = PLANE ( 'NONE',  #4136 ) ;
#316 = ADVANCED_FACE ( 'NONE', ( #33 ), #1222, .F. ) ;
#317 = DIRECTION ( 'NONE',  ( 1.000000000000000000, 0.000000000000000000, 3.497426362856467586E-17 ) ) ;
#318 = CARTESIAN_POINT ( 'NONE',  ( -0.4275728703448253842, -0.2473182796859458021, 0.009999999999999995004 ) ) ;
#319 = CARTESIAN_POINT ( 'NONE',  ( -0.8634844769854413959, 0.1545410761460820070, 0.01000000000000000021 ) ) ;
#320 = DIRECTION ( 'NONE',  ( -0.000000000000000000, -0.000000000000000000, 1.000000000000000000 ) ) ;
#321 = STYLED_ITEM ( 'NONE', ( #5139 ), #2627 ) ;
#322 = FACE_OUTER_BOUND ( 'NONE', #2301, .T. ) ;
#323 = CARTESIAN_POINT ( 'NONE',  ( 4.399999999999998579, -3.000000000000000000, 0.000000000000000000 ) ) ;
#324 = PLANE ( 'NONE',  #254 ) ;
#325 = LINE ( 'NONE', #5311, #2348 ) ;
#326 = PRESENTATION_LAYER_ASSIGNMENT (  '', '', ( #3953 ) ) ;
#327 = LINE ( 'NONE', #3213, #432 ) ;
#328 = PRODUCT ( 'ND-SMD_L13.8-W12.8', 'ND-SMD_L13.8-W12.8', '', ( #4691 ) ) ;
#329 = ORIENTED_EDGE ( 'NONE', *, *, #5235, .F. ) ;
#330 = VERTEX_POINT ( 'NONE', #5233 ) ;
#331 = EDGE_CURVE ( 'NONE', #307, #707, #3898, .T. ) ;
#332 = VERTEX_POINT ( 'NONE', #247 ) ;
#333 = CARTESIAN_POINT ( 'NONE',  ( 0.2584021384287847889, -0.2333024855589332369, 0.01000000000000000021 ) ) ;
#334 = FILL_AREA_STYLE ('',( #1924 ) ) ;
#335 = CARTESIAN_POINT ( 'NONE',  ( 6.450000000000001066, 1.899999999999999911, 3.149999999999999911 ) ) ;
#336 = UNCERTAINTY_MEASURE_WITH_UNIT (LENGTH_MEASURE( 1.000000000000000082E-05 ), #22, 'distance_accuracy_value', 'NONE');
#337 = FACE_OUTER_BOUND ( 'NONE', #5264, .T. ) ;
#338 = CARTESIAN_POINT ( 'NONE',  ( 0.8573689796266560359, 0.2433725051296717623, 0.000000000000000000 ) ) ;
#339 = CARTESIAN_POINT ( 'NONE',  ( -0.8714112586184431519, 0.1785532083880773391, 0.01000000000000000021 ) ) ;
#340 =( NAMED_UNIT ( * ) PLANE_ANGLE_UNIT ( ) SI_UNIT ( $, .RADIAN. ) );
#341 = CARTESIAN_POINT ( 'NONE',  ( -0.3505197398855391944, 0.1884944563491839642, 0.000000000000000000 ) ) ;
#342 =( NAMED_UNIT ( * ) PLANE_ANGLE_UNIT ( ) SI_UNIT ( $, .RADIAN. ) );
#343 = COLOUR_RGB ( '',0.8313725490196077761, 0.8313725490196077761, 0.8196078431372548767 ) ;
#344 = CARTESIAN_POINT ( 'NONE',  ( 0.3550789016524637520, 0.1943542852998162429, 0.000000000000000000 ) ) ;
#345 = CARTESIAN_POINT ( 'NONE',  ( 6.650000000000001243, 1.899999999999999911, 0.1000000000000002276 ) ) ;
#346 = VECTOR ( 'NONE', #3206, 1000.000000000000114 ) ;
#347 = STYLED_ITEM ( 'NONE', ( #167 ), #358 ) ;
#348 = DIRECTION ( 'NONE',  ( 0.000000000000000000, 0.000000000000000000, -1.000000000000000000 ) ) ;
#349 = CARTESIAN_POINT ( 'NONE',  ( 5.999999999999999112, -6.400000000000000355, 6.000000000000000000 ) ) ;
#350 = CARTESIAN_POINT ( 'NONE',  ( -0.8610951972026124057, 0.1473359197638181295, 0.01000000000000000021 ) ) ;
#351 = CARTESIAN_POINT ( 'NONE',  ( 4.399999999999998579, 3.000000000000000000, 0.000000000000000000 ) ) ;
#352 = CARTESIAN_POINT ( 'NONE',  ( 6.000000000000001776, 0.1884944563491841307, 0.01000000000000000021 ) ) ;
#353 = CARTESIAN_POINT ( 'NONE',  ( -0.5320521636202405480, 0.08116174586054017426, 0.000000000000000000 ) ) ;
#354 = ORIENTED_EDGE ( 'NONE', *, *, #2799, .F. ) ;
#355 = ORIENTED_EDGE ( 'NONE', *, *, #5165, .F. ) ;
#356 = EDGE_LOOP ( 'NONE', ( #4332, #963, #3814, #2177 ) ) ;
#357 =( NAMED_UNIT ( * ) SI_UNIT ( $, .STERADIAN. ) SOLID_ANGLE_UNIT ( ) );
#358 = ADVANCED_FACE ( 'NONE', ( #3071, #1860 ), #3125, .F. ) ;
#359 = PRESENTATION_LAYER_ASSIGNMENT (  '', '', ( #1483 ) ) ;
#360 = LINE ( 'NONE', #3600, #1698 ) ;
#361 = SURFACE_STYLE_FILL_AREA ( #1175 ) ;
#362 = DIRECTION ( 'NONE',  ( 0.000000000000000000, 0.000000000000000000, 1.000000000000000000 ) ) ;
#363 = CARTESIAN_POINT ( 'NONE',  ( 0.4102747088141424081, 0.1913557477761493042, 0.000000000000000000 ) ) ;
#364 = EDGE_CURVE ( 'NONE', #3180, #4125, #4379, .T. ) ;
#365 = FACE_OUTER_BOUND ( 'NONE', #668, .T. ) ;
#366 =( GEOMETRIC_REPRESENTATION_CONTEXT ( 3 ) GLOBAL_UNCERTAINTY_ASSIGNED_CONTEXT ( ( #4015 ) ) GLOBAL_UNIT_ASSIGNED_CONTEXT ( ( #4034, #4382, #4462 ) ) REPRESENTATION_CONTEXT ( 'NONE', 'WORKASPACE' ) );
#367 =( NAMED_UNIT ( * ) SI_UNIT ( $, .STERADIAN. ) SOLID_ANGLE_UNIT ( ) );
#368 =( NAMED_UNIT ( * ) PLANE_ANGLE_UNIT ( ) SI_UNIT ( $, .RADIAN. ) );
#369 =( NAMED_UNIT ( * ) SI_UNIT ( $, .STERADIAN. ) SOLID_ANGLE_UNIT ( ) );
#370 = AXIS2_PLACEMENT_3D ( 'NONE', #1848, #4768, #1869 ) ;
#371 = B_SPLINE_SURFACE_WITH_KNOTS ( 'NONE', 3, 1, ( 
 ( #833, #3288 ),
 ( #1699, #891 ),
 ( #1241, #2416 ),
 ( #3341, #1213 ),
 ( #4510, #5337 ),
 ( #805, #1678 ),
 ( #3314, #2091 ),
 ( #2121, #4192 ),
 ( #4984, #486 ),
 ( #3700, #2488 ),
 ( #4163, #454 ) ),
 .UNSPECIFIED., .F., .F., .F.,
 ( 4, 1, 1, 1, 1, 1, 1, 1, 4 ),
 ( 2, 2 ),
 ( 0.000000000000000000, 0.1252796967356258617, 0.2494199707420504952, 0.3733567994928189693, 0.4966812787822856290, 0.6202029157439820084, 0.7450863201614558173, 0.8712691950190976087, 1.000000000000000000 ),
 ( 0.000000000000000000, 1.000000000000000000 ),
 .UNSPECIFIED. ) ;
#372 = CARTESIAN_POINT ( 'NONE',  ( -0.5379044629169453806, -0.1869609583124449137, 0.01000000000000000021 ) ) ;
#373 = SURFACE_STYLE_FILL_AREA ( #2411 ) ;
#374 = STYLED_ITEM ( 'NONE', ( #2466 ), #5017 ) ;
#375 = CARTESIAN_POINT ( 'NONE',  ( -0.5187115979673522226, 0.1929472454722754582, 0.009999999999999995004 ) ) ;
#376 = SURFACE_STYLE_USAGE ( .BOTH. , #4080 ) ;
#377 = FACE_OUTER_BOUND ( 'NONE', #1655, .T. ) ;
#378 = EDGE_CURVE ( 'NONE', #3876, #4125, #3537, .T. ) ;
#379 = COLOUR_RGB ( '',0.8313725490196077761, 0.8313725490196077761, 0.8196078431372548767 ) ;
#380 = DIRECTION ( 'NONE',  ( 0.000000000000000000, -1.000000000000000000, 0.000000000000000000 ) ) ;
#381 = CARTESIAN_POINT ( 'NONE',  ( -0.3576393779887591662, 0.1883479592646367384, 0.009999999999999998473 ) ) ;
#382 = EDGE_CURVE ( 'NONE', #4620, #4562, #2313, .T. ) ;
#383 = EDGE_LOOP ( 'NONE', ( #1517, #5001, #2000, #1088, #4360, #4245 ) ) ;
#384 = ORIENTED_EDGE ( 'NONE', *, *, #2051, .T. ) ;
#385 = VECTOR ( 'NONE', #4228, 1000.000000000000000 ) ;
#386 = CARTESIAN_POINT ( 'NONE',  ( -0.2097041911050512852, -0.2566274948703282655, 0.000000000000000000 ) ) ;
#387 = DIRECTION ( 'NONE',  ( -0.000000000000000000, -1.000000000000000000, -0.000000000000000000 ) ) ;
#388 = CARTESIAN_POINT ( 'NONE',  ( -0.5705158524350288918, 0.1415596472549106033, 0.000000000000000000 ) ) ;
#389 = MECHANICAL_DESIGN_GEOMETRIC_PRESENTATION_REPRESENTATION (  '', ( #3055 ), #4105 ) ;
#390 = CARTESIAN_POINT ( 'NONE',  ( 0.9244421503583630795, 6.000000000000000000, 0.01000000000000000021 ) ) ;
#391 = UNCERTAINTY_MEASURE_WITH_UNIT (LENGTH_MEASURE( 1.000000000000000082E-05 ), #4807, 'distance_accuracy_value', 'NONE');
#392 = LINE ( 'NONE', #3662, #762 ) ;
#393 = LINE ( 'NONE', #4100, #4271 ) ;
#394 = ORIENTED_EDGE ( 'NONE', *, *, #4604, .F. ) ;
#395 = DIRECTION ( 'NONE',  ( 1.000000000000000000, 0.000000000000000000, 0.000000000000000000 ) ) ;
#396 = UNCERTAINTY_MEASURE_WITH_UNIT (LENGTH_MEASURE( 1.000000000000000082E-05 ), #1349, 'distance_accuracy_value', 'NONE');
#397 = EDGE_CURVE ( 'NONE', #2107, #4293, #3870, .T. ) ;
#398 = CARTESIAN_POINT ( 'NONE',  ( 0.3157061801584422622, -0.2549360179985092900, 0.000000000000000000 ) ) ;
#399 = CARTESIAN_POINT ( 'NONE',  ( -0.4523363261315552220, -0.2395229031543033849, 0.01000000000000000021 ) ) ;
#400 = DIRECTION ( 'NONE',  ( -0.000000000000000000, -0.000000000000000000, -1.000000000000000000 ) ) ;
#401 = CARTESIAN_POINT ( 'NONE',  ( 6.400000000000002132, -5.999999999999997335, 6.000000000000000000 ) ) ;
#402 = CARTESIAN_POINT ( 'NONE',  ( 0.3775773495833013582, 0.1944463492818049588, 0.01000000000000000021 ) ) ;
#403 = DIRECTION ( 'NONE',  ( -0.000000000000000000, -1.000000000000000000, -0.000000000000000000 ) ) ;
#404 = COLOUR_RGB ( '',0.8313725490196077761, 0.8313725490196077761, 0.8196078431372548767 ) ;
#405 = PLANE ( 'NONE',  #1828 ) ;
#406 = ORIENTED_EDGE ( 'NONE', *, *, #5171, .F. ) ;
#407 = AXIS2_PLACEMENT_3D ( 'NONE', #3515, #3535, #1969 ) ;
#408 = ORIENTED_EDGE ( 'NONE', *, *, #2456, .T. ) ;
#409 =( LENGTH_UNIT ( ) NAMED_UNIT ( * ) SI_UNIT ( .MILLI., .METRE. ) );
#410 = CARTESIAN_POINT ( 'NONE',  ( -0.4296125214980495710, 0.2344249972717372676, 0.000000000000000000 ) ) ;
#411 = SURFACE_STYLE_USAGE ( .BOTH. , #5320 ) ;
#412 =( NAMED_UNIT ( * ) PLANE_ANGLE_UNIT ( ) SI_UNIT ( $, .RADIAN. ) );
#413 = FACE_OUTER_BOUND ( 'NONE', #4813, .T. ) ;
#414 = FACE_OUTER_BOUND ( 'NONE', #924, .T. ) ;
#415 = EDGE_LOOP ( 'NONE', ( #457, #4102, #1407, #5315, #2614, #781, #3782, #1917, #1256, #1009, #1360 ) ) ;
#416 = DIRECTION ( 'NONE',  ( 0.000000000000000000, -0.000000000000000000, 1.000000000000000000 ) ) ;
#417 = FACE_BOUND ( 'NONE', #571, .T. ) ;
#418 = CARTESIAN_POINT ( 'NONE',  ( -6.399999999999998579, -5.999999999999997335, 0.000000000000000000 ) ) ;
#419 = VECTOR ( 'NONE', #4447, 1000.000000000000000 ) ;
#420 =( NAMED_UNIT ( * ) SI_UNIT ( $, .STERADIAN. ) SOLID_ANGLE_UNIT ( ) );
#421 = EDGE_CURVE ( 'NONE', #904, #1812, #2235, .T. ) ;
#422 =( LENGTH_UNIT ( ) NAMED_UNIT ( * ) SI_UNIT ( .MILLI., .METRE. ) );
#423 = COLOUR_RGB ( '',0.8313725490196077761, 0.8313725490196077761, 0.8196078431372548767 ) ;
#424 = CARTESIAN_POINT ( 'NONE',  ( -0.5940189947499056045, 0.09977442602678460171, 0.009999999999999995004 ) ) ;
#425 = CARTESIAN_POINT ( 'NONE',  ( -0.3477567825684660385, -0.2017494460898404396, 0.000000000000000000 ) ) ;
#426 = CARTESIAN_POINT ( 'NONE',  ( 6.399999999999998579, 3.000000000000000000, 0.2999999999999999889 ) ) ;
#427 = FILL_AREA_STYLE ('',( #2042 ) ) ;
#428 = MECHANICAL_DESIGN_GEOMETRIC_PRESENTATION_REPRESENTATION (  '', ( #4564 ), #4831 ) ;
#429 = CARTESIAN_POINT ( 'NONE',  ( -4.900000000000001243, 1.899999999999999911, 0.2000000000000000389 ) ) ;
#430 = ORIENTED_EDGE ( 'NONE', *, *, #2700, .T. ) ;
#431 = ORIENTED_EDGE ( 'NONE', *, *, #5324, .T. ) ;
#432 = VECTOR ( 'NONE', #4872, 1000.000000000000114 ) ;
#433 = SURFACE_STYLE_FILL_AREA ( #1704 ) ;
#434 = DIRECTION ( 'NONE',  ( 0.000000000000000000, -1.000000000000000000, -0.000000000000000000 ) ) ;
#435 = DIRECTION ( 'NONE',  ( -1.000000000000000000, 0.000000000000000000, 0.000000000000000000 ) ) ;
#436 = UNCERTAINTY_MEASURE_WITH_UNIT (LENGTH_MEASURE( 1.000000000000000082E-05 ), #3854, 'distance_accuracy_value', 'NONE');
#437 =( GEOMETRIC_REPRESENTATION_CONTEXT ( 3 ) GLOBAL_UNCERTAINTY_ASSIGNED_CONTEXT ( ( #2172 ) ) GLOBAL_UNIT_ASSIGNED_CONTEXT ( ( #2174, #1319, #3836 ) ) REPRESENTATION_CONTEXT ( 'NONE', 'WORKASPACE' ) );
#438 = CARTESIAN_POINT ( 'NONE',  ( 0.5294312271310781526, 0.1084601486541924564, 0.000000000000000000 ) ) ;
#439 = CARTESIAN_POINT ( 'NONE',  ( 0.08907629669982670972, -0.2017494460898404396, 0.000000000000000000 ) ) ;
#440 = EDGE_CURVE ( 'NONE', #3215, #2754, #1908, .T. ) ;
#441 = PLANE ( 'NONE',  #3250 ) ;
#442 = ORIENTED_EDGE ( 'NONE', *, *, #889, .F. ) ;
#443 = MECHANICAL_DESIGN_GEOMETRIC_PRESENTATION_REPRESENTATION (  '', ( #4763 ), #1052 ) ;
#444 = DIRECTION ( 'NONE',  ( 1.000000000000000000, 0.000000000000000000, -0.000000000000000000 ) ) ;
#445 = CARTESIAN_POINT ( 'NONE',  ( -0.2097041911050512852, -0.2566274948703282655, 0.000000000000000000 ) ) ;
#446 = COLOUR_RGB ( '',0.8313725490196077761, 0.8313725490196077761, 0.8196078431372548767 ) ;
#447 =( LENGTH_UNIT ( ) NAMED_UNIT ( * ) SI_UNIT ( .MILLI., .METRE. ) );
#448 = SURFACE_STYLE_USAGE ( .BOTH. , #2853 ) ;
#449 = FACE_OUTER_BOUND ( 'NONE', #5011, .T. ) ;
#450 = CARTESIAN_POINT ( 'NONE',  ( -0.2097041911050512852, 0.2433725051296717623, 0.000000000000000000 ) ) ;
#451 = PRESENTATION_LAYER_ASSIGNMENT (  '', '', ( #4087 ) ) ;
#452 = SURFACE_STYLE_FILL_AREA ( #105 ) ;
#453 = ORIENTED_EDGE ( 'NONE', *, *, #4115, .T. ) ;
#454 = CARTESIAN_POINT ( 'NONE',  ( 0.3708026686510462744, 0.1945920173247937257, 0.01000000000000000021 ) ) ;
#455 =( NAMED_UNIT ( * ) SI_UNIT ( $, .STERADIAN. ) SOLID_ANGLE_UNIT ( ) );
#456 = STYLED_ITEM ( 'NONE', ( #3790 ), #4860 ) ;
#457 = ORIENTED_EDGE ( 'NONE', *, *, #4933, .T. ) ;
#458 = ORIENTED_EDGE ( 'NONE', *, *, #2008, .F. ) ;
#459 = COLOUR_RGB ( '',0.8313725490196077761, 0.8313725490196077761, 0.8196078431372548767 ) ;
#460 = EDGE_CURVE ( 'NONE', #3956, #1035, #5262, .T. ) ;
#461 = CARTESIAN_POINT ( 'NONE',  ( 6.900000000000001243, 1.899999999999999911, 0.1000000000000002554 ) ) ;
#462 = SURFACE_STYLE_FILL_AREA ( #58 ) ;
#463 =( GEOMETRIC_REPRESENTATION_CONTEXT ( 3 ) GLOBAL_UNCERTAINTY_ASSIGNED_CONTEXT ( ( #5277 ) ) GLOBAL_UNIT_ASSIGNED_CONTEXT ( ( #3444, #2539, #3888 ) ) REPRESENTATION_CONTEXT ( 'NONE', 'WORKASPACE' ) );
#464 = CARTESIAN_POINT ( 'NONE',  ( 0.3216882922082474061, 0.2468849848631615718, 0.000000000000000000 ) ) ;
#465 = CARTESIAN_POINT ( 'NONE',  ( -0.3599914950894457233, 0.2431677591533806526, 0.000000000000000000 ) ) ;
#466 = SURFACE_STYLE_USAGE ( .BOTH. , #1631 ) ;
#467 = ORIENTED_EDGE ( 'NONE', *, *, #4773, .F. ) ;
#468 = VECTOR ( 'NONE', #642, 1000.000000000000000 ) ;
#469 = B_SPLINE_CURVE_WITH_KNOTS ( 'NONE', 3,
 ( #425, #5008, #2909, #2486, #4158, #1694, #3807, #2565, #3392, #3311, #2063, #885, #4643, #4982, #2512, #4237, #103, #2887, #2543 ),
 .UNSPECIFIED., .F., .F.,
 ( 4, 1, 1, 1, 1, 1, 1, 1, 1, 1, 1, 1, 1, 1, 1, 1, 4 ),
 ( 0.000000000000000000, 0.07082657255516276729, 0.1381690332797997633, 0.2024753315338425341, 0.2639737544135196123, 0.3233803205980368967, 0.3817976227131850142, 0.4393900745193887181, 0.4969027245459970432, 0.5546621696093697595, 0.6127418784921971895, 0.6715388363911720671, 0.7316557220901980241, 0.7942978116139529643, 0.8594822049793583441, 0.9276813254527899177, 1.000000000000000000 ),
 .UNSPECIFIED. ) ;
#470 = CARTESIAN_POINT ( 'NONE',  ( 0.4169399906617455853, -0.2621529127207085086, 0.000000000000000000 ) ) ;
#471 = CARTESIAN_POINT ( 'NONE',  ( -4.399999999999998579, -3.000000000000000000, 0.000000000000000000 ) ) ;
#472 = SURFACE_STYLE_FILL_AREA ( #2844 ) ;
#473 = CIRCLE ( 'NONE', #644, 0.5000000000000004441 ) ;
#474 = VERTEX_POINT ( 'NONE', #4898 ) ;
#475 = DIRECTION ( 'NONE',  ( 1.000000000000000000, -0.000000000000000000, -0.000000000000000000 ) ) ;
#476 = ADVANCED_FACE ( 'NONE', ( #2441 ), #1161, .F. ) ;
#477 = PLANE ( 'NONE',  #2014 ) ;
#478 = ADVANCED_FACE ( 'NONE', ( #4840, #5285 ), #4923, .F. ) ;
#479 = CARTESIAN_POINT ( 'NONE',  ( -0.6021522167376935908, -0.08090939852380922559, 0.01000000000000000021 ) ) ;
#480 = DIRECTION ( 'NONE',  ( 0.000000000000000000, 0.000000000000000000, 1.000000000000000000 ) ) ;
#481 = SURFACE_STYLE_FILL_AREA ( #1715 ) ;
#482 = CARTESIAN_POINT ( 'NONE',  ( -0.7696317825684659830, -0.1163835924313038478, 0.01000000000000000021 ) ) ;
#483 =( NAMED_UNIT ( * ) SI_UNIT ( $, .STERADIAN. ) SOLID_ANGLE_UNIT ( ) );
#484 = SURFACE_SIDE_STYLE ('',( #452 ) ) ;
#485 = ORIENTED_EDGE ( 'NONE', *, *, #5269, .T. ) ;
#486 = CARTESIAN_POINT ( 'NONE',  ( 0.3550789016524637520, 0.1943542852998162429, 0.01000000000000000021 ) ) ;
#487 = CARTESIAN_POINT ( 'NONE',  ( 6.399999999999998579, 1.899999999999999911, 3.500000000000000000 ) ) ;
#488 = EDGE_LOOP ( 'NONE', ( #1919, #3950, #2266, #1141, #5016, #4324, #570, #4037, #4257, #937, #2145 ) ) ;
#489 = ORIENTED_EDGE ( 'NONE', *, *, #3491, .F. ) ;
#490 = PRESENTATION_LAYER_ASSIGNMENT (  '', '', ( #1777 ) ) ;
#491 = DIRECTION ( 'NONE',  ( 0.000000000000000000, 0.000000000000000000, 1.000000000000000000 ) ) ;
#492 = MECHANICAL_DESIGN_GEOMETRIC_PRESENTATION_REPRESENTATION (  '', ( #4814 ), #1531 ) ;
#493 = EDGE_CURVE ( 'NONE', #2701, #2023, #4406, .T. ) ;
#494 = SURFACE_STYLE_FILL_AREA ( #2946 ) ;
#495 =( NAMED_UNIT ( * ) SI_UNIT ( $, .STERADIAN. ) SOLID_ANGLE_UNIT ( ) );
#496 =( LENGTH_UNIT ( ) NAMED_UNIT ( * ) SI_UNIT ( .MILLI., .METRE. ) );
#497 = ORIENTED_EDGE ( 'NONE', *, *, #943, .F. ) ;
#498 = SURFACE_SIDE_STYLE ('',( #2528 ) ) ;
#499 = CARTESIAN_POINT ( 'NONE',  ( -0.9761866606172462379, -0.1163835924313039449, 0.01000000000000000021 ) ) ;
#500 = FILL_AREA_STYLE_COLOUR ( '', #4121 ) ;
#501 = VERTEX_POINT ( 'NONE', #349 ) ;
#502 = CARTESIAN_POINT ( 'NONE',  ( -0.7696317825684659830, -0.1163835924313038478, 0.000000000000000000 ) ) ;
#503 = CARTESIAN_POINT ( 'NONE',  ( 0.08907629669982670972, -0.03101773877276726293, 0.000000000000000000 ) ) ;
#504 = DIRECTION ( 'NONE',  ( 0.000000000000000000, 0.000000000000000000, 1.000000000000000000 ) ) ;
#505 = CARTESIAN_POINT ( 'NONE',  ( 0.4417362215944827808, -0.2589686365912374222, 0.000000000000000000 ) ) ;
#506 = UNCERTAINTY_MEASURE_WITH_UNIT (LENGTH_MEASURE( 1.000000000000000082E-05 ), #265, 'distance_accuracy_value', 'NONE');
#507 = CARTESIAN_POINT ( 'NONE',  ( -0.8674137913839146119, 0.1721104704863788692, 0.01000000000000000021 ) ) ;
#508 =( NAMED_UNIT ( * ) SI_UNIT ( $, .STERADIAN. ) SOLID_ANGLE_UNIT ( ) );
#509 = CARTESIAN_POINT ( 'NONE',  ( 0.5356906727516707045, 0.1938340049838624124, 0.01000000000000000021 ) ) ;
#510 = VERTEX_POINT ( 'NONE', #5310 ) ;
#511 = CARTESIAN_POINT ( 'NONE',  ( -0.1121432154952955312, 6.000000000000000000, 0.01000000000000000021 ) ) ;
#512 =( NAMED_UNIT ( * ) PLANE_ANGLE_UNIT ( ) SI_UNIT ( $, .RADIAN. ) );
#513 = ORIENTED_EDGE ( 'NONE', *, *, #5119, .F. ) ;
#514 = ORIENTED_EDGE ( 'NONE', *, *, #3324, .T. ) ;
#515 = COLOUR_RGB ( '',0.8313725490196077761, 0.8313725490196077761, 0.8196078431372548767 ) ;
#516 = CARTESIAN_POINT ( 'NONE',  ( 0.3131611164316794316, -0.2000399820032026654, 0.000000000000000000 ) ) ;
#517 = COLOUR_RGB ( '',0.8313725490196077761, 0.8313725490196077761, 0.8196078431372548767 ) ;
#518 = FACE_OUTER_BOUND ( 'NONE', #4847, .T. ) ;
#519 = STYLED_ITEM ( 'NONE', ( #2525 ), #316 ) ;
#520 = CARTESIAN_POINT ( 'NONE',  ( 0.5585884918217780548, -0.01196286072398678596, 0.000000000000000000 ) ) ;
#521 = EDGE_LOOP ( 'NONE', ( #2337, #3413, #2999, #1540 ) ) ;
#522 =( LENGTH_UNIT ( ) NAMED_UNIT ( * ) SI_UNIT ( .MILLI., .METRE. ) );
#523 = EDGE_CURVE ( 'NONE', #4624, #3956, #697, .T. ) ;
#524 = CARTESIAN_POINT ( 'NONE',  ( -0.1121432154952953092, -0.2566274948703282655, 0.000000000000000000 ) ) ;
#525 = ORIENTED_EDGE ( 'NONE', *, *, #961, .T. ) ;
#526 =( NAMED_UNIT ( * ) PLANE_ANGLE_UNIT ( ) SI_UNIT ( $, .RADIAN. ) );
#527 = MECHANICAL_DESIGN_GEOMETRIC_PRESENTATION_REPRESENTATION (  '', ( #3282 ), #2331 ) ;
#528 = DIRECTION ( 'NONE',  ( -0.000000000000000000, -1.000000000000000000, -0.000000000000000000 ) ) ;
#529 = ADVANCED_FACE ( 'NONE', ( #5334 ), #1599, .F. ) ;
#530 = DIRECTION ( 'NONE',  ( 0.000000000000000000, -1.000000000000000000, -0.000000000000000000 ) ) ;
#531 = CARTESIAN_POINT ( 'NONE',  ( 0.6251995760943994673, -0.04285129068137125824, 0.000000000000000000 ) ) ;
#532 = DIRECTION ( 'NONE',  ( -0.000000000000000000, -0.000000000000000000, -1.000000000000000000 ) ) ;
#533 = SURFACE_SIDE_STYLE ('',( #4239 ) ) ;
#534 = ORIENTED_EDGE ( 'NONE', *, *, #3486, .T. ) ;
#535 = CARTESIAN_POINT ( 'NONE',  ( 0.6012289115724571698, -0.1382455549803109363, 0.01000000000000000021 ) ) ;
#536 = VECTOR ( 'NONE', #2016, 1000.000000000000000 ) ;
#537 = ORIENTED_EDGE ( 'NONE', *, *, #856, .T. ) ;
#538 = VECTOR ( 'NONE', #3738, 1000.000000000000000 ) ;
#539 = VERTEX_POINT ( 'NONE', #3336 ) ;
#540 = EDGE_CURVE ( 'NONE', #5290, #2743, #469, .T. ) ;
#541 = AXIS2_PLACEMENT_3D ( 'NONE', #1338, #5353, #2506 ) ;
#542 = CARTESIAN_POINT ( 'NONE',  ( -0.5053290850712994775, -0.1355176834846942013, 0.000000000000000000 ) ) ;
#543 = ADVANCED_FACE ( 'NONE', ( #4536 ), #3364, .F. ) ;
#544 = UNCERTAINTY_MEASURE_WITH_UNIT (LENGTH_MEASURE( 1.000000000000000082E-05 ), #929, 'distance_accuracy_value', 'NONE');
#545 = AXIS2_PLACEMENT_3D ( 'NONE', #1651, #1057, #2065 ) ;
#546 = SURFACE_STYLE_FILL_AREA ( #1864 ) ;
#547 = VERTEX_POINT ( 'NONE', #3421 ) ;
#548 = ORIENTED_EDGE ( 'NONE', *, *, #4066, .T. ) ;
#549 = VECTOR ( 'NONE', #3588, 1000.000000000000000 ) ;
#550 = VECTOR ( 'NONE', #1602, 1000.000000000000000 ) ;
#551 = LINE ( 'NONE', #2192, #4358 ) ;
#552 = AXIS2_PLACEMENT_3D ( 'NONE', #2131, #1709, #3001 ) ;
#553 = VERTEX_POINT ( 'NONE', #5092 ) ;
#554 = PRESENTATION_STYLE_ASSIGNMENT (( #1500 ) ) ;
#555 = CARTESIAN_POINT ( 'NONE',  ( -6.450000000000001954, -1.899999999999999911, 3.050000000000000266 ) ) ;
#556 = AXIS2_PLACEMENT_3D ( 'NONE', #5149, #2206, #2632 ) ;
#557 = LINE ( 'NONE', #129, #253 ) ;
#558 = CARTESIAN_POINT ( 'NONE',  ( 0.08907629669982670972, -0.2017494460898404396, 0.000000000000000000 ) ) ;
#559 = PRESENTATION_STYLE_ASSIGNMENT (( #1717 ) ) ;
#560 = EDGE_CURVE ( 'NONE', #25, #1654, #5034, .T. ) ;
#561 =( NAMED_UNIT ( * ) PLANE_ANGLE_UNIT ( ) SI_UNIT ( $, .RADIAN. ) );
#562 = AXIS2_PLACEMENT_3D ( 'NONE', #3777, #4580, #45 ) ;
#563 =( NAMED_UNIT ( * ) SI_UNIT ( $, .STERADIAN. ) SOLID_ANGLE_UNIT ( ) );
#564 = CARTESIAN_POINT ( 'NONE',  ( 0.6081168904616641724, 0.09185719509060354115, 0.01000000000000000021 ) ) ;
#565 = ORIENTED_EDGE ( 'NONE', *, *, #4542, .T. ) ;
#566 = PLANE ( 'NONE',  #4495 ) ;
#567 = CARTESIAN_POINT ( 'NONE',  ( 0.4690848301795385589, -0.1874276124797435716, 0.000000000000000000 ) ) ;
#568 = CARTESIAN_POINT ( 'NONE',  ( 0.5314886821706173992, -0.1262807874073840764, 0.01000000000000000021 ) ) ;
#569 = SURFACE_SIDE_STYLE ('',( #3868 ) ) ;
#570 = ORIENTED_EDGE ( 'NONE', *, *, #2934, .F. ) ;
#571 = EDGE_LOOP ( 'NONE', ( #2660, #200, #485, #910, #5107, #1321, #4544, #1918, #3402, #5352 ) ) ;
#572 = CARTESIAN_POINT ( 'NONE',  ( -0.3477567825684660385, -0.2017494460898404396, 0.01000000000000000194 ) ) ;
#573 = CARTESIAN_POINT ( 'NONE',  ( -6.900000000000001243, -1.899999999999999911, 0.1000000000000001860 ) ) ;
#574 = ORIENTED_EDGE ( 'NONE', *, *, #4078, .T. ) ;
#575 = ORIENTED_EDGE ( 'NONE', *, *, #4047, .F. ) ;
#576 = CARTESIAN_POINT ( 'NONE',  ( -0.6121432154952953786, -0.0003393851142306780755, 0.000000000000000000 ) ) ;
#577 = STYLED_ITEM ( 'NONE', ( #5000 ), #2573 ) ;
#578 = DIRECTION ( 'NONE',  ( -1.000000000000000000, 0.000000000000000000, 0.000000000000000000 ) ) ;
#579 = CARTESIAN_POINT ( 'NONE',  ( 0.5294312271310781526, 0.1084601486541924564, 0.000000000000000000 ) ) ;
#580 = SURFACE_STYLE_FILL_AREA ( #1868 ) ;
#581 = ORIENTED_EDGE ( 'NONE', *, *, #4539, .T. ) ;
#582 = SURFACE_STYLE_FILL_AREA ( #1470 ) ;
#583 = CARTESIAN_POINT ( 'NONE',  ( 0.000000000000000000, 0.000000000000000000, 0.000000000000000000 ) ) ;
#584 = SURFACE_SIDE_STYLE ('',( #2481 ) ) ;
#585 = CARTESIAN_POINT ( 'NONE',  ( 0.3912866625534853204, -0.2627250558459380270, 0.000000000000000000 ) ) ;
#586 = CARTESIAN_POINT ( 'NONE',  ( -0.6119412818939728993, -0.009783177367405457292, 0.000000000000000000 ) ) ;
#587 = CARTESIAN_POINT ( 'NONE',  ( -1.026777361836758606, -0.2566274948703282655, 0.000000000000000000 ) ) ;
#588 = VERTEX_POINT ( 'NONE', #5170 ) ;
#589 = DIRECTION ( 'NONE',  ( -1.000000000000000000, -0.000000000000000000, 0.000000000000000000 ) ) ;
#590 = EDGE_CURVE ( 'NONE', #114, #474, #663, .T. ) ;
#591 = FILL_AREA_STYLE_COLOUR ( '', #1079 ) ;
#592 = EDGE_LOOP ( 'NONE', ( #497, #5339, #489, #4038, #4090, #3952 ) ) ;
#593 = CARTESIAN_POINT ( 'NONE',  ( 0.2537104430412901457, 0.2296529929345498544, 0.000000000000000000 ) ) ;
#594 = FACE_OUTER_BOUND ( 'NONE', #4705, .T. ) ;
#595 = UNCERTAINTY_MEASURE_WITH_UNIT (LENGTH_MEASURE( 1.000000000000000082E-05 ), #2112, 'distance_accuracy_value', 'NONE');
#596 = FILL_AREA_STYLE ('',( #2665 ) ) ;
#597 = PRESENTATION_LAYER_ASSIGNMENT (  '', '', ( #5013 ) ) ;
#598 = CARTESIAN_POINT ( 'NONE',  ( 0.4873062581031677443, -0.2461828419868980766, 0.01000000000000000021 ) ) ;
#599 = PRESENTATION_LAYER_ASSIGNMENT (  '', '', ( #857 ) ) ;
#600 = CARTESIAN_POINT ( 'NONE',  ( 0.4369976103152015678, -0.2007579755169993097, 0.000000000000000000 ) ) ;
#601 = ORIENTED_EDGE ( 'NONE', *, *, #2147, .T. ) ;
#602 = AXIS2_PLACEMENT_3D ( 'NONE', #163, #5097, #3451 ) ;
#603 = CARTESIAN_POINT ( 'NONE',  ( 6.000000000000001776, 6.000000000000000000, 0.000000000000000000 ) ) ;
#604 =( NAMED_UNIT ( * ) SI_UNIT ( $, .STERADIAN. ) SOLID_ANGLE_UNIT ( ) );
#605 = SURFACE_SIDE_STYLE ('',( #879 ) ) ;
#606 = LINE ( 'NONE', #5217, #3035 ) ;
#607 = EDGE_CURVE ( 'NONE', #4386, #1545, #4318, .T. ) ;
#608 = CARTESIAN_POINT ( 'NONE',  ( 0.2584021384287847889, -0.2333024855589332369, 0.000000000000000000 ) ) ;
#609 = EDGE_CURVE ( 'NONE', #192, #3188, #4343, .T. ) ;
#610 = CARTESIAN_POINT ( 'NONE',  ( 0.6012289115724571698, -0.1382455549803109363, 0.000000000000000000 ) ) ;
#611 = DIRECTION ( 'NONE',  ( 0.000000000000000000, -1.000000000000000000, 0.000000000000000000 ) ) ;
#612 = CARTESIAN_POINT ( 'NONE',  ( -0.2767773618367591060, 0.1884944563491841307, 0.01000000000000000021 ) ) ;
#613 = CARTESIAN_POINT ( 'NONE',  ( 0.5541296501129666652, 0.1767472517332447368, 0.000000000000000000 ) ) ;
#614 =( NAMED_UNIT ( * ) PLANE_ANGLE_UNIT ( ) SI_UNIT ( $, .RADIAN. ) );
#615 = PRESENTATION_STYLE_ASSIGNMENT (( #4272 ) ) ;
#616 = AXIS2_PLACEMENT_3D ( 'NONE', #4335, #4284, #122 ) ;
#617 = CARTESIAN_POINT ( 'NONE',  ( 6.450000000000001954, 1.899999999999999911, 0.2999999999999999889 ) ) ;
#618 = FILL_AREA_STYLE ('',( #695 ) ) ;
#619 = ORIENTED_EDGE ( 'NONE', *, *, #4161, .F. ) ;
#620 = ORIENTED_EDGE ( 'NONE', *, *, #1874, .F. ) ;
#621 = VECTOR ( 'NONE', #3909, 1000.000000000000000 ) ;
#622 = CARTESIAN_POINT ( 'NONE',  ( 0.6220300074443023686, -0.06871902662414797192, 0.01000000000000000021 ) ) ;
#623 = VECTOR ( 'NONE', #3396, 1000.000000000000000 ) ;
#624 = EDGE_CURVE ( 'NONE', #553, #4684, #637, .T. ) ;
#625 =( LENGTH_UNIT ( ) NAMED_UNIT ( * ) SI_UNIT ( .MILLI., .METRE. ) );
#626 = VERTEX_POINT ( 'NONE', #2628 ) ;
#627 = VERTEX_POINT ( 'NONE', #3862 ) ;
#628 = PRESENTATION_LAYER_ASSIGNMENT (  '', '', ( #2954 ) ) ;
#629 = AXIS2_PLACEMENT_3D ( 'NONE', #4924, #1185, #2890 ) ;
#630 = LINE ( 'NONE', #3107, #3330 ) ;
#631 = FILL_AREA_STYLE ('',( #1896 ) ) ;
#632 = MECHANICAL_DESIGN_GEOMETRIC_PRESENTATION_REPRESENTATION (  '', ( #4965 ), #5053 ) ;
#633 = CARTESIAN_POINT ( 'NONE',  ( -0.8377529715928563325, 0.2433725051296717623, 0.000000000000000000 ) ) ;
#634 = STYLED_ITEM ( 'NONE', ( #5358 ), #1668 ) ;
#635 = DIRECTION ( 'NONE',  ( 0.000000000000000000, 0.000000000000000000, 1.000000000000000000 ) ) ;
#636 = SURFACE_STYLE_FILL_AREA ( #3063 ) ;
#637 = LINE ( 'NONE', #4776, #3816 ) ;
#638 = CARTESIAN_POINT ( 'NONE',  ( 0.6256616625534853204, -0.01605965950447456672, 0.000000000000000000 ) ) ;
#639 = DIRECTION ( 'NONE',  ( -0.000000000000000000, 0.000000000000000000, 1.000000000000000000 ) ) ;
#640 = COLOUR_RGB ( '',0.2980392156862745057, 0.2980392156862745057, 0.2980392156862745057 ) ;
#641 = CARTESIAN_POINT ( 'NONE',  ( 0.2808943535984081419, 0.1767185104363713788, 0.000000000000000000 ) ) ;
#642 = DIRECTION ( 'NONE',  ( -0.000000000000000000, -1.000000000000000000, -0.000000000000000000 ) ) ;
#643 = CARTESIAN_POINT ( 'NONE',  ( 6.000000000000001776, 6.000000000000000000, 0.000000000000000000 ) ) ;
#644 = AXIS2_PLACEMENT_3D ( 'NONE', #1939, #3068, #725 ) ;
#645 = ORIENTED_EDGE ( 'NONE', *, *, #3564, .F. ) ;
#646 = CARTESIAN_POINT ( 'NONE',  ( 0.3096047109513447304, 0.1867350799382578586, 0.01000000000000000021 ) ) ;
#647 = ORIENTED_EDGE ( 'NONE', *, *, #5105, .F. ) ;
#648 = CARTESIAN_POINT ( 'NONE',  ( -0.5448974867533894484, -0.009459771719885679345, 0.000000000000000000 ) ) ;
#649 = FILL_AREA_STYLE ('',( #225 ) ) ;
#650 = B_SPLINE_CURVE_WITH_KNOTS ( 'NONE', 3,
 ( #250, #4357, #1492, #3519, #3930, #598, #3130, #2667, #197, #4735, #4791, #2240, #1708, #2500, #2213, #622, #3495, #2698, #5025 ),
 .UNSPECIFIED., .F., .F.,
 ( 4, 1, 1, 1, 1, 1, 1, 1, 1, 1, 1, 1, 1, 1, 1, 1, 4 ),
 ( 0.000000000000000000, 0.06783324845577334838, 0.1326555365079039872, 0.1950508840508277386, 0.2555829330687771628, 0.3147998341472899031, 0.3736004728263745966, 0.4325455953267436371, 0.4924306292835655130, 0.5526712559629695098, 0.6125130441881163623, 0.6726102503570063895, 0.7338383693139459707, 0.7965942385677738935, 0.8614497992905731927, 0.9291989423509054991, 1.000000000000000000 ),
 .UNSPECIFIED. ) ;
#651 = DIRECTION ( 'NONE',  ( 0.000000000000000000, 0.000000000000000000, 1.000000000000000000 ) ) ;
#652 = VERTEX_POINT ( 'NONE', #5118 ) ;
#653 = ORIENTED_EDGE ( 'NONE', *, *, #222, .F. ) ;
#654 = ADVANCED_FACE ( 'NONE', ( #238 ), #1900, .F. ) ;
#655 = VECTOR ( 'NONE', #4953, 1000.000000000000000 ) ;
#656 = CARTESIAN_POINT ( 'NONE',  ( 0.5516033158256742341, 0.05351708155911559517, 0.01000000000000000021 ) ) ;
#657 =( LENGTH_UNIT ( ) NAMED_UNIT ( * ) SI_UNIT ( .MILLI., .METRE. ) );
#658 = SURFACE_STYLE_FILL_AREA ( #1895 ) ;
#659 = FILL_AREA_STYLE ('',( #1928 ) ) ;
#660 =( NAMED_UNIT ( * ) PLANE_ANGLE_UNIT ( ) SI_UNIT ( $, .RADIAN. ) );
#661 = PLANE ( 'NONE',  #2442 ) ;
#662 = CARTESIAN_POINT ( 'NONE',  ( -0.4626820653030776498, 0.1619285931011580359, 0.01000000000000000021 ) ) ;
#663 = LINE ( 'NONE', #187, #4330 ) ;
#664 = DIRECTION ( 'NONE',  ( 0.000000000000000000, 0.000000000000000000, 1.000000000000000000 ) ) ;
#665 = CARTESIAN_POINT ( 'NONE',  ( -6.399999999999998579, 1.899999999999999911, 3.500000000000000000 ) ) ;
#666 = FILL_AREA_STYLE_COLOUR ( '', #5369 ) ;
#667 = LINE ( 'NONE', #1537, #3660 ) ;
#668 = EDGE_LOOP ( 'NONE', ( #4150, #153, #4182, #2671 ) ) ;
#669 = CARTESIAN_POINT ( 'NONE',  ( -6.399999999999998579, 5.999999999999997335, 6.000000000000000000 ) ) ;
#670 = VERTEX_POINT ( 'NONE', #612 ) ;
#671 = CARTESIAN_POINT ( 'NONE',  ( -0.7864953496416366985, -0.06150554365081604274, 0.000000000000000000 ) ) ;
#672 = EDGE_CURVE ( 'NONE', #4731, #864, #3013, .T. ) ;
#673 = ORIENTED_EDGE ( 'NONE', *, *, #3235, .T. ) ;
#674 = UNCERTAINTY_MEASURE_WITH_UNIT (LENGTH_MEASURE( 1.000000000000000082E-05 ), #1334, 'distance_accuracy_value', 'NONE');
#675 = EDGE_LOOP ( 'NONE', ( #2832, #306, #2634, #3070 ) ) ;
#676 = ORIENTED_EDGE ( 'NONE', *, *, #5284, .T. ) ;
#677 = ORIENTED_EDGE ( 'NONE', *, *, #868, .F. ) ;
#678 = CARTESIAN_POINT ( 'NONE',  ( -4.399999999999998579, -3.000000000000000000, 0.2999999999999999889 ) ) ;
#679 = CIRCLE ( 'NONE', #1549, 0.5000000000000004441 ) ;
#680 =( LENGTH_UNIT ( ) NAMED_UNIT ( * ) SI_UNIT ( .MILLI., .METRE. ) );
#681 = DIRECTION ( 'NONE',  ( 0.000000000000000000, 1.000000000000000000, -0.000000000000000000 ) ) ;
#682 = CARTESIAN_POINT ( 'NONE',  ( 0.2583066081057083796, -0.1784235890325177598, 0.000000000000000000 ) ) ;
#683 = VECTOR ( 'NONE', #3705, 1000.000000000000000 ) ;
#684 = DIRECTION ( 'NONE',  ( 0.000000000000000000, 0.000000000000000000, 1.000000000000000000 ) ) ;
#685 = DIRECTION ( 'NONE',  ( 0.000000000000000000, 0.000000000000000000, 1.000000000000000000 ) ) ;
#686 = FACE_OUTER_BOUND ( 'NONE', #3264, .T. ) ;
#687 =( GEOMETRIC_REPRESENTATION_CONTEXT ( 3 ) GLOBAL_UNCERTAINTY_ASSIGNED_CONTEXT ( ( #3459 ) ) GLOBAL_UNIT_ASSIGNED_CONTEXT ( ( #3728, #2968, #4926 ) ) REPRESENTATION_CONTEXT ( 'NONE', 'WORKASPACE' ) );
#688 = CARTESIAN_POINT ( 'NONE',  ( 0.6683445893827535400, -0.2017494460898404396, 0.000000000000000000 ) ) ;
#689 = FILL_AREA_STYLE_COLOUR ( '', #1583 ) ;
#690 = EDGE_CURVE ( 'NONE', #1190, #227, #1453, .T. ) ;
#691 = FACE_OUTER_BOUND ( 'NONE', #144, .T. ) ;
#692 = CARTESIAN_POINT ( 'NONE',  ( 0.3131611164316794316, -0.2000399820032026654, 0.01000000000000000021 ) ) ;
#693 = LINE ( 'NONE', #4864, #549 ) ;
#694 = FILL_AREA_STYLE_COLOUR ( '', #990 ) ;
#695 = FILL_AREA_STYLE_COLOUR ( '', #154 ) ;
#696 = VERTEX_POINT ( 'NONE', #3086 ) ;
#697 = LINE ( 'NONE', #2364, #2581 ) ;
#698 = CARTESIAN_POINT ( 'NONE',  ( 0.4628820362977402181, 0.1730904043479696008, 0.01000000000000000021 ) ) ;
#699 = CIRCLE ( 'NONE', #3722, 0.5000000000000004441 ) ;
#700 = PRESENTATION_STYLE_ASSIGNMENT (( #1995 ) ) ;
#701 = DIRECTION ( 'NONE',  ( 1.000000000000000000, 0.000000000000000000, 0.000000000000000000 ) ) ;
#702 = ORIENTED_EDGE ( 'NONE', *, *, #2848, .T. ) ;
#703 = MECHANICAL_DESIGN_GEOMETRIC_PRESENTATION_REPRESENTATION (  '', ( #1483 ), #4156 ) ;
#704 = EDGE_CURVE ( 'NONE', #1375, #5051, #2718, .T. ) ;
#705 = ORIENTED_EDGE ( 'NONE', *, *, #1153, .T. ) ;
#706 = ORIENTED_EDGE ( 'NONE', *, *, #5184, .F. ) ;
#707 = VERTEX_POINT ( 'NONE', #2737 ) ;
#708 = EDGE_CURVE ( 'NONE', #1578, #2319, #5223, .T. ) ;
#709 = CARTESIAN_POINT ( 'NONE',  ( 0.8573689796266560359, -0.2017494460898404396, 0.000000000000000000 ) ) ;
#710 =( GEOMETRIC_REPRESENTATION_CONTEXT ( 3 ) GLOBAL_UNCERTAINTY_ASSIGNED_CONTEXT ( ( #1316 ) ) GLOBAL_UNIT_ASSIGNED_CONTEXT ( ( #2437, #2388, #1285 ) ) REPRESENTATION_CONTEXT ( 'NONE', 'WORKASPACE' ) );
#711 = CARTESIAN_POINT ( 'NONE',  ( 0.6250177196759576503, 0.01270627183471772885, 0.009999999999999998473 ) ) ;
#712 =( NAMED_UNIT ( * ) SI_UNIT ( $, .STERADIAN. ) SOLID_ANGLE_UNIT ( ) );
#713 = SURFACE_SIDE_STYLE ('',( #4418 ) ) ;
#714 =( NAMED_UNIT ( * ) PLANE_ANGLE_UNIT ( ) SI_UNIT ( $, .RADIAN. ) );
#715 =( NAMED_UNIT ( * ) PLANE_ANGLE_UNIT ( ) SI_UNIT ( $, .RADIAN. ) );
#716 = PRESENTATION_STYLE_ASSIGNMENT (( #4857 ) ) ;
#717 = LINE ( 'NONE', #2738, #1737 ) ;
#718 = VECTOR ( 'NONE', #743, 1000.000000000000000 ) ;
#719 = PRESENTATION_STYLE_ASSIGNMENT (( #4453 ) ) ;
#720 = UNCERTAINTY_MEASURE_WITH_UNIT (LENGTH_MEASURE( 1.000000000000000082E-05 ), #4533, 'distance_accuracy_value', 'NONE');
#721 = PRESENTATION_LAYER_ASSIGNMENT (  '', '', ( #634 ) ) ;
#722 = DIRECTION ( 'NONE',  ( 0.000000000000000000, 0.000000000000000000, 1.000000000000000000 ) ) ;
#723 = DIRECTION ( 'NONE',  ( -0.000000000000000000, -1.000000000000000000, -0.000000000000000000 ) ) ;
#724 = ADVANCED_FACE ( 'NONE', ( #2279 ), #1785, .F. ) ;
#725 = DIRECTION ( 'NONE',  ( 0.000000000000000000, 0.000000000000000000, 1.000000000000000000 ) ) ;
#726 = PRESENTATION_STYLE_ASSIGNMENT (( #3697 ) ) ;
#727 = CIRCLE ( 'NONE', #128, 0.4000000000000001887 ) ;
#728 = CARTESIAN_POINT ( 'NONE',  ( 0.5294312271310781526, 0.1084601486541924564, 0.01000000000000000021 ) ) ;
#729 = DIRECTION ( 'NONE',  ( 0.000000000000000000, -1.000000000000000000, -0.000000000000000000 ) ) ;
#730 = ORIENTED_EDGE ( 'NONE', *, *, #1825, .F. ) ;
#731 = ORIENTED_EDGE ( 'NONE', *, *, #2114, .T. ) ;
#732 = ORIENTED_EDGE ( 'NONE', *, *, #704, .F. ) ;
#733 = CARTESIAN_POINT ( 'NONE',  ( -0.4111283232081669459, 0.1821761530776792037, 0.000000000000000000 ) ) ;
#734 = CARTESIAN_POINT ( 'NONE',  ( 0.2537104430412901457, -0.2307128607239867790, 0.000000000000000000 ) ) ;
#735 = CARTESIAN_POINT ( 'NONE',  ( 0.5356906727516707045, 0.1938340049838624124, 0.009999999999999998473 ) ) ;
#736 = CARTESIAN_POINT ( 'NONE',  ( 0.2537104430412901457, -0.1758348119434989532, 0.000000000000000000 ) ) ;
#737 =( GEOMETRIC_REPRESENTATION_CONTEXT ( 3 ) GLOBAL_UNCERTAINTY_ASSIGNED_CONTEXT ( ( #4743 ) ) GLOBAL_UNIT_ASSIGNED_CONTEXT ( ( #3041, #159, #4615 ) ) REPRESENTATION_CONTEXT ( 'NONE', 'WORKASPACE' ) );
#738 = FILL_AREA_STYLE ('',( #1121 ) ) ;
#739 = CARTESIAN_POINT ( 'NONE',  ( -0.3508055630562709193, 0.2433725051296719843, 0.01000000000000000021 ) ) ;
#740 = SURFACE_STYLE_FILL_AREA ( #4449 ) ;
#741 = PRESENTATION_STYLE_ASSIGNMENT (( #2792 ) ) ;
#742 = FACE_OUTER_BOUND ( 'NONE', #356, .T. ) ;
#743 = DIRECTION ( 'NONE',  ( 0.000000000000000000, 0.000000000000000000, 1.000000000000000000 ) ) ;
#744 = DIRECTION ( 'NONE',  ( -1.000000000000000000, 0.000000000000000000, 0.000000000000000000 ) ) ;
#745 = CARTESIAN_POINT ( 'NONE',  ( -5.999999999999998224, 6.000000000000000000, 0.000000000000000000 ) ) ;
#746 = LINE ( 'NONE', #4026, #3565 ) ;
#747 = CARTESIAN_POINT ( 'NONE',  ( -0.08775297159285626314, -0.03101773877276726293, 0.000000000000000000 ) ) ;
#748 = CARTESIAN_POINT ( 'NONE',  ( 6.000000000000001776, 0.2433725051296719843, 0.01000000000000000021 ) ) ;
#749 = CARTESIAN_POINT ( 'NONE',  ( 0.5557028978404249253, 0.03276777422608700280, 0.01000000000000000021 ) ) ;
#750 = LINE ( 'NONE', #3102, #4261 ) ;
#751 = ADVANCED_FACE ( 'NONE', ( #936 ), #1815, .F. ) ;
#752 = CARTESIAN_POINT ( 'NONE',  ( -0.8784351362270022001, 0.1473359197638191009, 0.000000000000000000 ) ) ;
#753 = CARTESIAN_POINT ( 'NONE',  ( -0.5152359826901042883, 0.1140951800488712448, 0.000000000000000000 ) ) ;
#754 = ORIENTED_EDGE ( 'NONE', *, *, #3430, .T. ) ;
#755 = VERTEX_POINT ( 'NONE', #3032 ) ;
#756 = ORIENTED_EDGE ( 'NONE', *, *, #523, .T. ) ;
#757 = EDGE_CURVE ( 'NONE', #4411, #1105, #85, .T. ) ;
#758 = PLANE ( 'NONE',  #3557 ) ;
#759 =( NAMED_UNIT ( * ) PLANE_ANGLE_UNIT ( ) SI_UNIT ( $, .RADIAN. ) );
#760 = UNCERTAINTY_MEASURE_WITH_UNIT (LENGTH_MEASURE( 1.000000000000000082E-05 ), #214, 'distance_accuracy_value', 'NONE');
#761 = CARTESIAN_POINT ( 'NONE',  ( 0.5580781391816523884, 0.01079955251651022741, 0.000000000000000000 ) ) ;
#762 = VECTOR ( 'NONE', #1253, 1000.000000000000000 ) ;
#763 = DIRECTION ( 'NONE',  ( -0.000000000000000000, -0.000000000000000000, -1.000000000000000000 ) ) ;
#764 = FACE_OUTER_BOUND ( 'NONE', #1026, .T. ) ;
#765 = LINE ( 'NONE', #3998, #1913 ) ;
#766 = EDGE_CURVE ( 'NONE', #5051, #834, #2360, .T. ) ;
#767 = STYLED_ITEM ( 'NONE', ( #700 ), #3360 ) ;
#768 = CARTESIAN_POINT ( 'NONE',  ( -0.6119412818939728993, -0.009783177367405457292, 0.000000000000000000 ) ) ;
#769 = PRESENTATION_LAYER_ASSIGNMENT (  '', '', ( #3534 ) ) ;
#770 = SURFACE_STYLE_USAGE ( .BOTH. , #4104 ) ;
#771 = EDGE_CURVE ( 'NONE', #4125, #652, #1563, .T. ) ;
#772 = FILL_AREA_STYLE_COLOUR ( '', #4264 ) ;
#773 = SURFACE_STYLE_FILL_AREA ( #2854 ) ;
#774 = CARTESIAN_POINT ( 'NONE',  ( -0.4044145999931318403, 0.2397168321761427023, 0.009999999999999995004 ) ) ;
#775 = DIRECTION ( 'NONE',  ( 0.000000000000000000, -1.000000000000000000, -0.000000000000000000 ) ) ;
#776 = LINE ( 'NONE', #4008, #1030 ) ;
#777 = DIRECTION ( 'NONE',  ( 0.000000000000000000, 0.000000000000000000, 1.000000000000000000 ) ) ;
#778 = DIRECTION ( 'NONE',  ( 0.000000000000000000, 0.000000000000000000, 1.000000000000000000 ) ) ;
#779 = SURFACE_STYLE_USAGE ( .BOTH. , #2830 ) ;
#780 = ORIENTED_EDGE ( 'NONE', *, *, #926, .T. ) ;
#781 = ORIENTED_EDGE ( 'NONE', *, *, #1435, .T. ) ;
#782 = ORIENTED_EDGE ( 'NONE', *, *, #4078, .F. ) ;
#783 = VECTOR ( 'NONE', #3143, 1000.000000000000000 ) ;
#784 = EDGE_CURVE ( 'NONE', #4513, #25, #1856, .T. ) ;
#785 = CARTESIAN_POINT ( 'NONE',  ( 0.3375619307722652063, 0.2483268392222409693, 0.000000000000000000 ) ) ;
#786 = CARTESIAN_POINT ( 'NONE',  ( -0.3780025279000661653, 0.2427663097976152651, 0.000000000000000000 ) ) ;
#787 = FILL_AREA_STYLE_COLOUR ( '', #1061 ) ;
#788 = LINE ( 'NONE', #390, #5216 ) ;
#789 = CARTESIAN_POINT ( 'NONE',  ( 0.3908639699583917326, 0.1941606626188714935, 0.000000000000000000 ) ) ;
#790 = DIRECTION ( 'NONE',  ( -1.000000000000000000, 0.000000000000000000, 0.000000000000000000 ) ) ;
#791 = COLOUR_RGB ( '',0.8313725490196077761, 0.8313725490196077761, 0.8196078431372548767 ) ;
#792 = MECHANICAL_DESIGN_GEOMETRIC_PRESENTATION_REPRESENTATION (  '', ( #1477 ), #3106 ) ;
#793 = VERTEX_POINT ( 'NONE', #1074 ) ;
#794 = DIRECTION ( 'NONE',  ( -1.000000000000000000, -0.000000000000000000, 0.000000000000000000 ) ) ;
#795 = CARTESIAN_POINT ( 'NONE',  ( 4.900000000000001243, -1.899999999999999911, -0.1499999999999999389 ) ) ;
#796 = COLOUR_RGB ( '',0.8313725490196077761, 0.8313725490196077761, 0.8196078431372548767 ) ;
#797 = PRODUCT_DEFINITION_SHAPE ( 'NONE', 'NONE',  #77 ) ;
#798 = CARTESIAN_POINT ( 'NONE',  ( 0.2537104430412901457, -0.2307128607239867790, 0.000000000000000000 ) ) ;
#799 = SURFACE_STYLE_USAGE ( .BOTH. , #1207 ) ;
#800 =( NAMED_UNIT ( * ) PLANE_ANGLE_UNIT ( ) SI_UNIT ( $, .RADIAN. ) );
#801 =( LENGTH_UNIT ( ) NAMED_UNIT ( * ) SI_UNIT ( .MILLI., .METRE. ) );
#802 = CARTESIAN_POINT ( 'NONE',  ( 0.4102747088141424081, 0.1913557477761493042, 0.01000000000000000021 ) ) ;
#803 = CARTESIAN_POINT ( 'NONE',  ( 6.550000000000001599, 1.899999999999999911, 3.049999999999999378 ) ) ;
#804 = AXIS2_PLACEMENT_3D ( 'NONE', #210, #5166, #3417 ) ;
#805 = CARTESIAN_POINT ( 'NONE',  ( 0.3096047109513447304, 0.1867350799382578586, 0.000000000000000000 ) ) ;
#806 = LINE ( 'NONE', #4622, #112 ) ;
#807 = AXIS2_PLACEMENT_3D ( 'NONE', #1416, #934, #92 ) ;
#808 = ORIENTED_EDGE ( 'NONE', *, *, #1809, .F. ) ;
#809 = ORIENTED_EDGE ( 'NONE', *, *, #3546, .T. ) ;
#810 = AXIS2_PLACEMENT_3D ( 'NONE', #4131, #5330, #5359 ) ;
#811 = DIRECTION ( 'NONE',  ( 0.000000000000000000, 0.000000000000000000, -1.000000000000000000 ) ) ;
#812 = DIRECTION ( 'NONE',  ( 0.000000000000000000, 0.000000000000000000, 1.000000000000000000 ) ) ;
#813 = SURFACE_STYLE_USAGE ( .BOTH. , #4547 ) ;
#814 = UNCERTAINTY_MEASURE_WITH_UNIT (LENGTH_MEASURE( 1.000000000000000082E-05 ), #2478, 'distance_accuracy_value', 'NONE');
#815 = PRESENTATION_STYLE_ASSIGNMENT (( #2403 ) ) ;
#816 = EDGE_CURVE ( 'NONE', #3905, #4222, #3205, .T. ) ;
#817 = PRODUCT_DEFINITION_CONTEXT ( 'detailed design', #2820, 'design' ) ;
#818 = SURFACE_STYLE_USAGE ( .BOTH. , #5350 ) ;
#819 = CARTESIAN_POINT ( 'NONE',  ( 6.000000000000001776, -6.000000000000000000, 6.000000000000000000 ) ) ;
#820 = ORIENTED_EDGE ( 'NONE', *, *, #3409, .F. ) ;
#821 = DIRECTION ( 'NONE',  ( 0.000000000000000000, 1.000000000000000000, 0.000000000000000000 ) ) ;
#822 = UNCERTAINTY_MEASURE_WITH_UNIT (LENGTH_MEASURE( 1.000000000000000082E-05 ), #2829, 'distance_accuracy_value', 'NONE');
#823 = SURFACE_SIDE_STYLE ('',( #4207 ) ) ;
#824 = CARTESIAN_POINT ( 'NONE',  ( 0.2584021384287847889, -0.2333024855589332369, 0.000000000000000000 ) ) ;
#825 = SURFACE_STYLE_USAGE ( .BOTH. , #4153 ) ;
#826 = DIRECTION ( 'NONE',  ( 0.000000000000000000, 0.000000000000000000, -1.000000000000000000 ) ) ;
#827 =( GEOMETRIC_REPRESENTATION_CONTEXT ( 3 ) GLOBAL_UNCERTAINTY_ASSIGNED_CONTEXT ( ( #2678 ) ) GLOBAL_UNIT_ASSIGNED_CONTEXT ( ( #4006, #1941, #1131 ) ) REPRESENTATION_CONTEXT ( 'NONE', 'WORKASPACE' ) );
#828 = PRESENTATION_STYLE_ASSIGNMENT (( #4922 ) ) ;
#829 = CARTESIAN_POINT ( 'NONE',  ( -6.399999999999998579, -3.000000000000000000, 0.000000000000000000 ) ) ;
#830 = CARTESIAN_POINT ( 'NONE',  ( 0.3655608846805991630, 0.2494283938874773121, 0.01000000000000000021 ) ) ;
#831 = CARTESIAN_POINT ( 'NONE',  ( 0.2537104430412901457, -0.1758348119434991197, 0.01000000000000000021 ) ) ;
#832 = AXIS2_PLACEMENT_3D ( 'NONE', #1475, #5194, #1069 ) ;
#833 = CARTESIAN_POINT ( 'NONE',  ( 0.2537104430412901457, 0.1625798222028425333, 0.000000000000000000 ) ) ;
#834 = VERTEX_POINT ( 'NONE', #1157 ) ;
#835 = PRESENTATION_LAYER_ASSIGNMENT (  '', '', ( #3599 ) ) ;
#836 = ORIENTED_EDGE ( 'NONE', *, *, #2640, .F. ) ;
#837 = DIRECTION ( 'NONE',  ( -0.000000000000000000, -1.000000000000000000, -0.000000000000000000 ) ) ;
#838 = ADVANCED_FACE ( 'NONE', ( #5198 ), #2740, .F. ) ;
#839 = PRESENTATION_STYLE_ASSIGNMENT (( #3489 ) ) ;
#840 = CARTESIAN_POINT ( 'NONE',  ( -0.5378556542012219444, 0.1775060613303372226, 0.000000000000000000 ) ) ;
#841 = B_SPLINE_SURFACE_WITH_KNOTS ( 'NONE', 3, 1, ( 
 ( #3623, #3238 ),
 ( #4484, #381 ),
 ( #2022, #2748 ),
 ( #304, #1544 ),
 ( #1084, #2340 ),
 ( #3980, #5313 ),
 ( #2720, #275 ),
 ( #1996, #2394 ),
 ( #1912, #1166 ),
 ( #2804, #5237 ),
 ( #1515, #3157 ),
 ( #753, #3650 ),
 ( #4410, #4060 ),
 ( #353, #1973 ),
 ( #4009, #1603 ),
 ( #3185, #5288 ),
 ( #4843, #1137 ),
 ( #2369, #4901 ),
 ( #1573, #1187 ) ),
 .UNSPECIFIED., .F., .F., .F.,
 ( 4, 1, 1, 1, 1, 1, 1, 1, 1, 1, 1, 1, 1, 1, 1, 1, 4 ),
 ( 2, 2 ),
 ( 0.000000000000000000, 0.06905834295325607997, 0.1347587622790569206, 0.1981442478041425259, 0.2590865018434195255, 0.3187028072090641873, 0.3768512776663798247, 0.4345350872231531492, 0.4921793884442117184, 0.5499125454004143432, 0.6074703275914972167, 0.6661752554209263710, 0.7264573934965319335, 0.7895005038967202182, 0.8556063896355821097, 0.9256962035571840719, 1.000000000000000000 ),
 ( 0.000000000000000000, 1.000000000000000000 ),
 .UNSPECIFIED. ) ;
#842 = SURFACE_STYLE_USAGE ( .BOTH. , #3322 ) ;
#843 = CARTESIAN_POINT ( 'NONE',  ( -6.399999999999998579, -3.000000000000000000, 0.2999999999999999889 ) ) ;
#844 =( NAMED_UNIT ( * ) SI_UNIT ( $, .STERADIAN. ) SOLID_ANGLE_UNIT ( ) );
#845 = PLANE ( 'NONE',  #4014 ) ;
#846 =( LENGTH_UNIT ( ) NAMED_UNIT ( * ) SI_UNIT ( .MILLI., .METRE. ) );
#847 = ORIENTED_EDGE ( 'NONE', *, *, #2934, .T. ) ;
#848 = SURFACE_SIDE_STYLE ('',( #1639 ) ) ;
#849 = SURFACE_STYLE_FILL_AREA ( #2983 ) ;
#850 = CARTESIAN_POINT ( 'NONE',  ( -6.900000000000001243, 1.899999999999999911, 0.1000000000000002554 ) ) ;
#851 = VECTOR ( 'NONE', #5087, 1000.000000000000000 ) ;
#852 = CARTESIAN_POINT ( 'NONE',  ( -0.4979674689927793829, -0.2176871465167009301, 0.01000000000000000021 ) ) ;
#853 = DIRECTION ( 'NONE',  ( 0.000000000000000000, 1.000000000000000000, 0.000000000000000000 ) ) ;
#854 =( NAMED_UNIT ( * ) SI_UNIT ( $, .STERADIAN. ) SOLID_ANGLE_UNIT ( ) );
#855 = CARTESIAN_POINT ( 'NONE',  ( -0.4766016520376250010, 0.2179832356343499866, 0.000000000000000000 ) ) ;
#856 = EDGE_CURVE ( 'NONE', #1375, #3133, #1454, .T. ) ;
#857 = STYLED_ITEM ( 'NONE', ( #2513 ), #137 ) ;
#858 = DIRECTION ( 'NONE',  ( 0.000000000000000000, 0.000000000000000000, 1.000000000000000000 ) ) ;
#859 = DIRECTION ( 'NONE',  ( 0.000000000000000000, -0.000000000000000000, 1.000000000000000000 ) ) ;
#860 = CARTESIAN_POINT ( 'NONE',  ( -0.8618509091675159439, 0.1496148587671991825, 0.000000000000000000 ) ) ;
#861 = CARTESIAN_POINT ( 'NONE',  ( -0.1121432154952953092, -0.2017494460898404396, 0.000000000000000000 ) ) ;
#862 = VECTOR ( 'NONE', #53, 1000.000000000000000 ) ;
#863 = PRESENTATION_STYLE_ASSIGNMENT (( #54 ) ) ;
#864 = VERTEX_POINT ( 'NONE', #294 ) ;
#865 = ORIENTED_EDGE ( 'NONE', *, *, #3248, .T. ) ;
#866 = PRESENTATION_LAYER_ASSIGNMENT (  '', '', ( #347 ) ) ;
#867 = DIRECTION ( 'NONE',  ( -1.000000000000000000, 0.000000000000000000, 0.000000000000000000 ) ) ;
#868 = EDGE_CURVE ( 'NONE', #2031, #5086, #1876, .T. ) ;
#869 = EDGE_CURVE ( 'NONE', #2319, #2701, #2288, .T. ) ;
#870 = FILL_AREA_STYLE ('',( #4 ) ) ;
#871 = CARTESIAN_POINT ( 'NONE',  ( 0.4651943599845199673, -0.2536523791428652030, 0.01000000000000000021 ) ) ;
#872 = UNCERTAINTY_MEASURE_WITH_UNIT (LENGTH_MEASURE( 1.000000000000000082E-05 ), #3414, 'distance_accuracy_value', 'NONE');
#873 = AXIS2_PLACEMENT_3D ( 'NONE', #3725, #5067, #858 ) ;
#874 = CARTESIAN_POINT ( 'NONE',  ( -0.6021564889745728566, 0.07672399481629217644, 0.01000000000000000021 ) ) ;
#875 = DIRECTION ( 'NONE',  ( 1.000000000000000000, 0.000000000000000000, 0.000000000000000000 ) ) ;
#876 = UNCERTAINTY_MEASURE_WITH_UNIT (LENGTH_MEASURE( 1.000000000000000082E-05 ), #4899, 'distance_accuracy_value', 'NONE');
#877 = ORIENTED_EDGE ( 'NONE', *, *, #2096, .T. ) ;
#878 = MECHANICAL_DESIGN_GEOMETRIC_PRESENTATION_REPRESENTATION (  '', ( #17 ), #1576 ) ;
#879 = SURFACE_STYLE_FILL_AREA ( #4575 ) ;
#880 = AXIS2_PLACEMENT_3D ( 'NONE', #3756, #1653, #5366 ) ;
#881 = PRESENTATION_STYLE_ASSIGNMENT (( #3258 ) ) ;
#882 = LINE ( 'NONE', #2460, #4354 ) ;
#883 = PRESENTATION_LAYER_ASSIGNMENT (  '', '', ( #3908 ) ) ;
#884 = CARTESIAN_POINT ( 'NONE',  ( -0.8655545472800119100, 0.1626859817577673561, 0.000000000000000000 ) ) ;
#885 = CARTESIAN_POINT ( 'NONE',  ( -0.5160902680036129064, -0.1203307618056340123, 0.000000000000000000 ) ) ;
#886 = FACE_OUTER_BOUND ( 'NONE', #4300, .T. ) ;
#887 = MECHANICAL_DESIGN_GEOMETRIC_PRESENTATION_REPRESENTATION (  '', ( #202 ), #2602 ) ;
#888 = CARTESIAN_POINT ( 'NONE',  ( 0.4723839861598643219, 0.2317182190375252637, 0.01000000000000000021 ) ) ;
#889 = EDGE_CURVE ( 'NONE', #2264, #1108, #3532, .T. ) ;
#890 = ORIENTED_EDGE ( 'NONE', *, *, #3263, .T. ) ;
#891 = CARTESIAN_POINT ( 'NONE',  ( 0.2581506358551695635, 0.1651599086985820475, 0.01000000000000000021 ) ) ;
#892 = ADVANCED_FACE ( 'NONE', ( #1479 ), #2767, .F. ) ;
#893 = PRESENTATION_STYLE_ASSIGNMENT (( #4541 ) ) ;
#894 = MECHANICAL_DESIGN_GEOMETRIC_PRESENTATION_REPRESENTATION (  '', ( #374 ), #1587 ) ;
#895 = ORIENTED_EDGE ( 'NONE', *, *, #233, .T. ) ;
#896 = VERTEX_POINT ( 'NONE', #4049 ) ;
#897 = VECTOR ( 'NONE', #2203, 1000.000000000000000 ) ;
#898 = LINE ( 'NONE', #2098, #3794 ) ;
#899 = AXIS2_PLACEMENT_3D ( 'NONE', #4558, #853, #4154 ) ;
#900 = STYLED_ITEM ( 'NONE', ( #554 ), #5268 ) ;
#901 = COLOUR_RGB ( '',0.2980392156862745057, 0.2980392156862745057, 0.2980392156862745057 ) ;
#902 = CARTESIAN_POINT ( 'NONE',  ( 0.3216882922082474061, 0.2468849848631615718, 0.000000000000000000 ) ) ;
#903 = CARTESIAN_POINT ( 'NONE',  ( 0.3713743149925096687, 0.2494700661052815238, 0.000000000000000000 ) ) ;
#904 = VERTEX_POINT ( 'NONE', #795 ) ;
#905 = MECHANICAL_DESIGN_GEOMETRIC_PRESENTATION_REPRESENTATION (  '', ( #2280 ), #986 ) ;
#906 = PRESENTATION_STYLE_ASSIGNMENT (( #1332 ) ) ;
#907 = FACE_OUTER_BOUND ( 'NONE', #1703, .T. ) ;
#908 = DIRECTION ( 'NONE',  ( -0.000000000000000000, -1.000000000000000000, -0.000000000000000000 ) ) ;
#909 = VECTOR ( 'NONE', #1538, 1000.000000000000000 ) ;
#910 = ORIENTED_EDGE ( 'NONE', *, *, #2783, .T. ) ;
#911 = FILL_AREA_STYLE_COLOUR ( '', #4426 ) ;
#912 = FILL_AREA_STYLE_COLOUR ( '', #379 ) ;
#913 = DIRECTION ( 'NONE',  ( 0.000000000000000000, -1.000000000000000000, 0.000000000000000000 ) ) ;
#914 = CARTESIAN_POINT ( 'NONE',  ( 0.2829684074573023400, -0.2449563389126779289, 0.01000000000000000021 ) ) ;
#915 = CARTESIAN_POINT ( 'NONE',  ( -0.08775297159285626314, 0.02386031000772056293, 0.000000000000000000 ) ) ;
#916 = PRESENTATION_STYLE_ASSIGNMENT (( #2594 ) ) ;
#917 = SURFACE_STYLE_FILL_AREA ( #1695 ) ;
#918 = CARTESIAN_POINT ( 'NONE',  ( 0.4240903086019965906, 0.2453238012137187174, 0.01000000000000000021 ) ) ;
#919 = EDGE_LOOP ( 'NONE', ( #2574, #3043, #2314, #3653, #2807, #4240, #4088, #3034, #1547, #5255, #5059, #2371 ) ) ;
#920 = CARTESIAN_POINT ( 'NONE',  ( 6.000000000000001776, -0.2566274948703284875, 0.01000000000000000021 ) ) ;
#921 = CARTESIAN_POINT ( 'NONE',  ( 0.3884683842054352243, -0.2076814580235085417, 0.000000000000000000 ) ) ;
#922 = DIRECTION ( 'NONE',  ( -2.478176394252581338E-15, -0.000000000000000000, 1.000000000000000000 ) ) ;
#923 = VECTOR ( 'NONE', #4046, 1000.000000000000000 ) ;
#924 = EDGE_LOOP ( 'NONE', ( #3346, #2927, #1811, #4498 ) ) ;
#925 = VERTEX_POINT ( 'NONE', #1181 ) ;
#926 = EDGE_CURVE ( 'NONE', #4463, #3423, #5003, .T. ) ;
#927 =( NAMED_UNIT ( * ) SI_UNIT ( $, .STERADIAN. ) SOLID_ANGLE_UNIT ( ) );
#928 = COLOUR_RGB ( '',0.8313725490196077761, 0.8313725490196077761, 0.8196078431372548767 ) ;
#929 =( LENGTH_UNIT ( ) NAMED_UNIT ( * ) SI_UNIT ( .MILLI., .METRE. ) );
#930 = EDGE_CURVE ( 'NONE', #2778, #3187, #2845, .T. ) ;
#931 = CARTESIAN_POINT ( 'NONE',  ( 0.4837650702482467202, -0.1783614490643559980, 0.000000000000000000 ) ) ;
#932 = VERTEX_POINT ( 'NONE', #3746 ) ;
#933 = FILL_AREA_STYLE_COLOUR ( '', #3543 ) ;
#934 = DIRECTION ( 'NONE',  ( 0.9353882635801357148, 0.3536223923290756077, -0.000000000000000000 ) ) ;
#935 = DIRECTION ( 'NONE',  ( 0.000000000000000000, 0.000000000000000000, -1.000000000000000000 ) ) ;
#936 = FACE_OUTER_BOUND ( 'NONE', #277, .T. ) ;
#937 = ORIENTED_EDGE ( 'NONE', *, *, #1571, .F. ) ;
#938 = CARTESIAN_POINT ( 'NONE',  ( -0.2097041911050517293, -0.2566274948703284875, 0.01000000000000000021 ) ) ;
#939 = FILL_AREA_STYLE ('',( #912 ) ) ;
#940 = CARTESIAN_POINT ( 'NONE',  ( 0.3333564233149291511, -0.2584942258730525966, 0.000000000000000000 ) ) ;
#941 = SURFACE_SIDE_STYLE ('',( #4578 ) ) ;
#942 = CARTESIAN_POINT ( 'NONE',  ( -0.8634844769854413959, 0.1545410761460820070, 0.01000000000000000021 ) ) ;
#943 = EDGE_CURVE ( 'NONE', #4795, #4788, #2881, .T. ) ;
#944 = DIRECTION ( 'NONE',  ( -1.000000000000000000, 0.000000000000000000, 0.000000000000000000 ) ) ;
#945 = EDGE_CURVE ( 'NONE', #3134, #3876, #4074, .T. ) ;
#946 = FILL_AREA_STYLE ('',( #4645 ) ) ;
#947 = ORIENTED_EDGE ( 'NONE', *, *, #2969, .T. ) ;
#948 = LINE ( 'NONE', #1373, #5281 ) ;
#949 = SURFACE_STYLE_FILL_AREA ( #2939 ) ;
#950 = COLOUR_RGB ( '',0.8313725490196077761, 0.8313725490196077761, 0.8196078431372548767 ) ;
#951 = VERTEX_POINT ( 'NONE', #2458 ) ;
#952 = ORIENTED_EDGE ( 'NONE', *, *, #1728, .T. ) ;
#953 = VECTOR ( 'NONE', #1883, 1000.000000000000000 ) ;
#954 =( GEOMETRIC_REPRESENTATION_CONTEXT ( 3 ) GLOBAL_UNCERTAINTY_ASSIGNED_CONTEXT ( ( #4605 ) ) GLOBAL_UNIT_ASSIGNED_CONTEXT ( ( #657, #4067, #2731 ) ) REPRESENTATION_CONTEXT ( 'NONE', 'WORKASPACE' ) );
#955 =( GEOMETRIC_REPRESENTATION_CONTEXT ( 3 ) GLOBAL_UNCERTAINTY_ASSIGNED_CONTEXT ( ( #2637 ) ) GLOBAL_UNIT_ASSIGNED_CONTEXT ( ( #2259, #512, #5073 ) ) REPRESENTATION_CONTEXT ( 'NONE', 'WORKASPACE' ) );
#956 =( GEOMETRIC_REPRESENTATION_CONTEXT ( 3 ) GLOBAL_UNCERTAINTY_ASSIGNED_CONTEXT ( ( #5057 ) ) GLOBAL_UNIT_ASSIGNED_CONTEXT ( ( #1909, #4733, #2745 ) ) REPRESENTATION_CONTEXT ( 'NONE', 'WORKASPACE' ) );
#957 = CARTESIAN_POINT ( 'NONE',  ( 0.5467657078079576349, -0.09264361394228345925, 0.000000000000000000 ) ) ;
#958 = ORIENTED_EDGE ( 'NONE', *, *, #3793, .T. ) ;
#959 = ORIENTED_EDGE ( 'NONE', *, *, #3198, .T. ) ;
#960 = CARTESIAN_POINT ( 'NONE',  ( 0.4417362215944827808, -0.2589686365912374222, 0.000000000000000000 ) ) ;
#961 = EDGE_CURVE ( 'NONE', #983, #1606, #3306, .T. ) ;
#962 = SURFACE_STYLE_FILL_AREA ( #5026 ) ;
#963 = ORIENTED_EDGE ( 'NONE', *, *, #1102, .T. ) ;
#964 = PRESENTATION_LAYER_ASSIGNMENT (  '', '', ( #3282 ) ) ;
#965 = DIRECTION ( 'NONE',  ( -0.000000000000000000, -1.000000000000000000, -0.000000000000000000 ) ) ;
#966 = DIRECTION ( 'NONE',  ( 0.3390537954853693470, 0.9407669869669987861, 0.000000000000000000 ) ) ;
#967 = CARTESIAN_POINT ( 'NONE',  ( 0.6255053883075830656, -0.02512039235290232028, 0.000000000000000000 ) ) ;
#968 = PLANE ( 'NONE',  #3945 ) ;
#969 = DIRECTION ( 'NONE',  ( 1.000000000000000000, 0.000000000000000000, 3.497426362856467586E-17 ) ) ;
#970 = UNCERTAINTY_MEASURE_WITH_UNIT (LENGTH_MEASURE( 1.000000000000000082E-05 ), #4534, 'distance_accuracy_value', 'NONE');
#971 = FACE_OUTER_BOUND ( 'NONE', #4754, .T. ) ;
#972 = ORIENTED_EDGE ( 'NONE', *, *, #4678, .T. ) ;
#973 = PRESENTATION_STYLE_ASSIGNMENT (( #4322 ) ) ;
#974 =( GEOMETRIC_REPRESENTATION_CONTEXT ( 3 ) GLOBAL_UNCERTAINTY_ASSIGNED_CONTEXT ( ( #1952 ) ) GLOBAL_UNIT_ASSIGNED_CONTEXT ( ( #4985, #4587, #2970 ) ) REPRESENTATION_CONTEXT ( 'NONE', 'WORKASPACE' ) );
#975 = CARTESIAN_POINT ( 'NONE',  ( 0.5398466552134889573, -0.1100241169805492303, 0.000000000000000000 ) ) ;
#976 = CARTESIAN_POINT ( 'NONE',  ( 0.4690848301795385589, -0.1874276124797435716, 0.01000000000000000021 ) ) ;
#977 = DIRECTION ( 'NONE',  ( -0.000000000000000000, -1.000000000000000000, -0.000000000000000000 ) ) ;
#978 = STYLED_ITEM ( 'NONE', ( #2571 ), #4461 ) ;
#979 = VERTEX_POINT ( 'NONE', #1258 ) ;
#980 = ORIENTED_EDGE ( 'NONE', *, *, #690, .F. ) ;
#981 = UNCERTAINTY_MEASURE_WITH_UNIT (LENGTH_MEASURE( 1.000000000000000082E-05 ), #4224, 'distance_accuracy_value', 'NONE');
#982 = CIRCLE ( 'NONE', #629, 0.4000000000000001887 ) ;
#983 = VERTEX_POINT ( 'NONE', #4917 ) ;
#984 =( NAMED_UNIT ( * ) PLANE_ANGLE_UNIT ( ) SI_UNIT ( $, .RADIAN. ) );
#985 = CARTESIAN_POINT ( 'NONE',  ( -0.4643924997393694132, -0.1724688388063863320, 0.01000000000000000021 ) ) ;
#986 =( GEOMETRIC_REPRESENTATION_CONTEXT ( 3 ) GLOBAL_UNCERTAINTY_ASSIGNED_CONTEXT ( ( #3982 ) ) GLOBAL_UNIT_ASSIGNED_CONTEXT ( ( #4497, #1306, #1814 ) ) REPRESENTATION_CONTEXT ( 'NONE', 'WORKASPACE' ) );
#987 = ORIENTED_EDGE ( 'NONE', *, *, #4710, .F. ) ;
#988 = EDGE_CURVE ( 'NONE', #270, #553, #5355, .T. ) ;
#989 = CARTESIAN_POINT ( 'NONE',  ( -0.5450700447635877799, -0.001768500967889649611, 0.01000000000000000021 ) ) ;
#990 = COLOUR_RGB ( '',0.8313725490196077761, 0.8313725490196077761, 0.8196078431372548767 ) ;
#991 = LINE ( 'NONE', #2986, #1635 ) ;
#992 = CARTESIAN_POINT ( 'NONE',  ( 0.4169399906617455853, -0.2621529127207085086, 0.000000000000000000 ) ) ;
#993 = SURFACE_STYLE_FILL_AREA ( #3170 ) ;
#994 = CARTESIAN_POINT ( 'NONE',  ( -0.6121432154952953786, -0.0003393851142306780755, 0.000000000000000000 ) ) ;
#995 = DIRECTION ( 'NONE',  ( 0.3390537954853693470, 0.9407669869669987861, 0.000000000000000000 ) ) ;
#996 = ORIENTED_EDGE ( 'NONE', *, *, #1841, .F. ) ;
#997 = FILL_AREA_STYLE_COLOUR ( '', #3378 ) ;
#998 = CARTESIAN_POINT ( 'NONE',  ( 0.5558475007784502431, -0.05438973743015261542, 0.000000000000000000 ) ) ;
#999 = SURFACE_STYLE_FILL_AREA ( #4704 ) ;
#1000 = ORIENTED_EDGE ( 'NONE', *, *, #4306, .F. ) ;
#1001 = VERTEX_POINT ( 'NONE', #1643 ) ;
#1002 = COLOUR_RGB ( '',0.8313725490196077761, 0.8313725490196077761, 0.8196078431372548767 ) ;
#1003 = CARTESIAN_POINT ( 'NONE',  ( -0.5445622003110143217, -0.02440418841092678592, 0.000000000000000000 ) ) ;
#1004 = DIRECTION ( 'NONE',  ( -1.000000000000000000, 0.000000000000000000, 0.000000000000000000 ) ) ;
#1005 = EDGE_CURVE ( 'NONE', #1654, #979, #42, .T. ) ;
#1006 = AXIS2_PLACEMENT_3D ( 'NONE', #3639, #1559, #10 ) ;
#1007 = CARTESIAN_POINT ( 'NONE',  ( 0.5558475007784502431, -0.05438973743015261542, 0.009999999999999998473 ) ) ;
#1008 = ORIENTED_EDGE ( 'NONE', *, *, #3694, .F. ) ;
#1009 = ORIENTED_EDGE ( 'NONE', *, *, #1574, .T. ) ;
#1010 = EDGE_CURVE ( 'NONE', #4222, #5015, #3279, .T. ) ;
#1011 = VECTOR ( 'NONE', #281, 1000.000000000000000 ) ;
#1012 = LINE ( 'NONE', #2644, #385 ) ;
#1013 = FILL_AREA_STYLE ('',( #2730 ) ) ;
#1014 = CARTESIAN_POINT ( 'NONE',  ( -0.5250310230829033920, -0.1037211140600667464, 0.01000000000000000021 ) ) ;
#1015 = PRESENTATION_STYLE_ASSIGNMENT (( #2247 ) ) ;
#1016 = B_SPLINE_CURVE_WITH_KNOTS ( 'NONE', 3,
 ( #4197, #4117, #60, #2524, #902, #4144, #5151, #4730, #2918, #1658, #4568 ),
 .UNSPECIFIED., .F., .F.,
 ( 4, 1, 1, 1, 1, 1, 1, 1, 4 ),
 ( 0.000000000000000000, 0.1451868664724693392, 0.2834426109197296650, 0.4165243659288291322, 0.5431811235350832989, 0.6651530826377142214, 0.7813602063127162989, 0.8927566556418090604, 1.000000000000000000 ),
 .UNSPECIFIED. ) ;
#1017 = DIRECTION ( 'NONE',  ( 1.000000000000000000, 0.000000000000000000, -0.000000000000000000 ) ) ;
#1018 = SURFACE_STYLE_USAGE ( .BOTH. , #3061 ) ;
#1019 =( NAMED_UNIT ( * ) SI_UNIT ( $, .STERADIAN. ) SOLID_ANGLE_UNIT ( ) );
#1020 = SURFACE_STYLE_USAGE ( .BOTH. , #533 ) ;
#1021 = CARTESIAN_POINT ( 'NONE',  ( 0.6171527390316817741, -0.09325438484041620457, 0.01000000000000000021 ) ) ;
#1022 = DIRECTION ( 'NONE',  ( -1.000000000000000000, -0.000000000000000000, -7.744301232039319147E-17 ) ) ;
#1023 = CARTESIAN_POINT ( 'NONE',  ( 0.4837650702482467202, -0.1783614490643559980, 0.01000000000000000021 ) ) ;
#1024 = ADVANCED_FACE ( 'NONE', ( #4530 ), #4891, .F. ) ;
#1025 =( NAMED_UNIT ( * ) SI_UNIT ( $, .STERADIAN. ) SOLID_ANGLE_UNIT ( ) );
#1026 = EDGE_LOOP ( 'NONE', ( #5239, #4205, #4543, #1832 ) ) ;
#1027 =( NAMED_UNIT ( * ) PLANE_ANGLE_UNIT ( ) SI_UNIT ( $, .RADIAN. ) );
#1028 = CYLINDRICAL_SURFACE ( 'NONE', #259, 0.5000000000000004441 ) ;
#1029 = PRESENTATION_LAYER_ASSIGNMENT (  '', '', ( #4308 ) ) ;
#1030 = VECTOR ( 'NONE', #2773, 1000.000000000000000 ) ;
#1031 =( NAMED_UNIT ( * ) PLANE_ANGLE_UNIT ( ) SI_UNIT ( $, .RADIAN. ) );
#1032 = CIRCLE ( 'NONE', #1716, 0.09999999999999982514 ) ;
#1033 = VECTOR ( 'NONE', #256, 1000.000000000000000 ) ;
#1034 = DIRECTION ( 'NONE',  ( 0.000000000000000000, 0.000000000000000000, -1.000000000000000000 ) ) ;
#1035 = VERTEX_POINT ( 'NONE', #4185 ) ;
#1036 = STYLED_ITEM ( 'NONE', ( #1293 ), #3637 ) ;
#1037 = CARTESIAN_POINT ( 'NONE',  ( 0.5188698119633533556, 0.1244235039893146350, 0.01000000000000000021 ) ) ;
#1038 =( LENGTH_UNIT ( ) NAMED_UNIT ( * ) SI_UNIT ( .MILLI., .METRE. ) );
#1039 = CARTESIAN_POINT ( 'NONE',  ( 6.000000000000001776, 6.000000000000000000, 6.000000000000000000 ) ) ;
#1040 = CARTESIAN_POINT ( 'NONE',  ( 6.450000000000001066, 1.899999999999999911, 0.1999999999999999833 ) ) ;
#1041 = CARTESIAN_POINT ( 'NONE',  ( -0.4296125214980495710, 0.2344249972717372676, 0.01000000000000000021 ) ) ;
#1042 = CARTESIAN_POINT ( 'NONE',  ( -0.8714112586184431519, 0.1785532083880773391, 0.01000000000000000021 ) ) ;
#1043 = CARTESIAN_POINT ( 'NONE',  ( -0.4758148803628110546, -0.2297043093477719178, 0.000000000000000000 ) ) ;
#1044 = FILL_AREA_STYLE ('',( #5197 ) ) ;
#1045 = CARTESIAN_POINT ( 'NONE',  ( 0.2583066081057083796, -0.1784235890325177598, 0.01000000000000000021 ) ) ;
#1046 = CARTESIAN_POINT ( 'NONE',  ( 4.900000000000001243, 1.899999999999999911, 0.2000000000000000389 ) ) ;
#1047 = STYLED_ITEM ( 'NONE', ( #2964 ), #543 ) ;
#1048 = CARTESIAN_POINT ( 'NONE',  ( 0.08907629669982659870, -0.2017494460898406061, 0.01000000000000000021 ) ) ;
#1049 = ORIENTED_EDGE ( 'NONE', *, *, #2130, .F. ) ;
#1050 = FILL_AREA_STYLE_COLOUR ( '', #2664 ) ;
#1051 = ORIENTED_EDGE ( 'NONE', *, *, #2190, .T. ) ;
#1052 =( GEOMETRIC_REPRESENTATION_CONTEXT ( 3 ) GLOBAL_UNCERTAINTY_ASSIGNED_CONTEXT ( ( #1740 ) ) GLOBAL_UNIT_ASSIGNED_CONTEXT ( ( #5061, #4609, #1818 ) ) REPRESENTATION_CONTEXT ( 'NONE', 'WORKASPACE' ) );
#1053 = ADVANCED_FACE ( 'NONE', ( #183 ), #1312, .F. ) ;
#1054 = CARTESIAN_POINT ( 'NONE',  ( -0.4643924997393694132, -0.1724688388063863320, 0.01000000000000000194 ) ) ;
#1055 =( GEOMETRIC_REPRESENTATION_CONTEXT ( 3 ) GLOBAL_UNCERTAINTY_ASSIGNED_CONTEXT ( ( #1584 ) ) GLOBAL_UNIT_ASSIGNED_CONTEXT ( ( #5224, #1178, #1125 ) ) REPRESENTATION_CONTEXT ( 'NONE', 'WORKASPACE' ) );
#1056 = PRESENTATION_LAYER_ASSIGNMENT (  '', '', ( #1477 ) ) ;
#1057 = DIRECTION ( 'NONE',  ( -0.000000000000000000, -1.000000000000000000, 0.000000000000000000 ) ) ;
#1058 = ORIENTED_EDGE ( 'NONE', *, *, #4098, .T. ) ;
#1059 = EDGE_LOOP ( 'NONE', ( #57, #3217, #3020, #5071 ) ) ;
#1060 =( GEOMETRIC_REPRESENTATION_CONTEXT ( 3 ) GLOBAL_UNCERTAINTY_ASSIGNED_CONTEXT ( ( #4444 ) ) GLOBAL_UNIT_ASSIGNED_CONTEXT ( ( #2408, #368, #5304 ) ) REPRESENTATION_CONTEXT ( 'NONE', 'WORKASPACE' ) );
#1061 = COLOUR_RGB ( '',0.8313725490196077761, 0.8313725490196077761, 0.8196078431372548767 ) ;
#1062 = SURFACE_STYLE_FILL_AREA ( #1013 ) ;
#1063 = DIRECTION ( 'NONE',  ( -1.000000000000000000, 0.000000000000000000, 0.000000000000000000 ) ) ;
#1064 =( NAMED_UNIT ( * ) PLANE_ANGLE_UNIT ( ) SI_UNIT ( $, .RADIAN. ) );
#1065 = SURFACE_STYLE_FILL_AREA ( #4770 ) ;
#1066 = FILL_AREA_STYLE_COLOUR ( '', #950 ) ;
#1067 =( NAMED_UNIT ( * ) SI_UNIT ( $, .STERADIAN. ) SOLID_ANGLE_UNIT ( ) );
#1068 = AXIS2_PLACEMENT_3D ( 'NONE', #2962, #3775, #3280 ) ;
#1069 = DIRECTION ( 'NONE',  ( 0.000000000000000000, 0.000000000000000000, -1.000000000000000000 ) ) ;
#1070 = PRESENTATION_LAYER_ASSIGNMENT (  '', '', ( #900 ) ) ;
#1071 = SURFACE_STYLE_FILL_AREA ( #4317 ) ;
#1072 = DIRECTION ( 'NONE',  ( 0.3393303772748779701, 0.9406672605435404400, 0.000000000000000000 ) ) ;
#1073 =( NAMED_UNIT ( * ) PLANE_ANGLE_UNIT ( ) SI_UNIT ( $, .RADIAN. ) );
#1074 = CARTESIAN_POINT ( 'NONE',  ( 0.3708026686510462744, 0.1945920173247937257, 0.000000000000000000 ) ) ;
#1075 = STYLED_ITEM ( 'NONE', ( #5175 ), #2218 ) ;
#1076 = SURFACE_SIDE_STYLE ('',( #242 ) ) ;
#1077 = DIRECTION ( 'NONE',  ( 0.000000000000000000, 0.000000000000000000, 1.000000000000000000 ) ) ;
#1078 = CARTESIAN_POINT ( 'NONE',  ( -0.6487285813489537256, -0.2566274948703284875, 0.01000000000000000021 ) ) ;
#1079 = COLOUR_RGB ( '',0.8313725490196077761, 0.8313725490196077761, 0.8196078431372548767 ) ;
#1080 = ORIENTED_EDGE ( 'NONE', *, *, #2700, .F. ) ;
#1081 = CARTESIAN_POINT ( 'NONE',  ( 0.3655266037963349479, 0.1945122470266242853, 0.01000000000000000021 ) ) ;
#1082 = ORIENTED_EDGE ( 'NONE', *, *, #4032, .F. ) ;
#1083 = DIRECTION ( 'NONE',  ( -1.000000000000000000, 0.000000000000000000, 0.000000000000000000 ) ) ;
#1084 = CARTESIAN_POINT ( 'NONE',  ( -0.4111283232081669459, 0.1821761530776792037, 0.000000000000000000 ) ) ;
#1085 = VERTEX_POINT ( 'NONE', #4692 ) ;
#1086 = ORIENTED_EDGE ( 'NONE', *, *, #493, .T. ) ;
#1087 = VERTEX_POINT ( 'NONE', #503 ) ;
#1088 = ORIENTED_EDGE ( 'NONE', *, *, #3817, .F. ) ;
#1089 = LINE ( 'NONE', #1112, #2422 ) ;
#1090 = PRESENTATION_LAYER_ASSIGNMENT (  '', '', ( #1348 ) ) ;
#1091 = EDGE_CURVE ( 'NONE', #1606, #2974, #3801, .T. ) ;
#1092 = CARTESIAN_POINT ( 'NONE',  ( 0.5065655170754276293, 0.1389050558775881128, 0.01000000000000000021 ) ) ;
#1093 = CARTESIAN_POINT ( 'NONE',  ( 6.400000000000001243, -1.899999999999999911, 3.000000000000000000 ) ) ;
#1094 = STYLED_ITEM ( 'NONE', ( #1280 ), #2553 ) ;
#1095 = PRESENTATION_STYLE_ASSIGNMENT (( #4365 ) ) ;
#1096 = CARTESIAN_POINT ( 'NONE',  ( 6.399999999999998579, -1.899999999999999911, 3.500000000000000000 ) ) ;
#1097 = VECTOR ( 'NONE', #4785, 1000.000000000000000 ) ;
#1098 =( LENGTH_UNIT ( ) NAMED_UNIT ( * ) SI_UNIT ( .MILLI., .METRE. ) );
#1099 = CARTESIAN_POINT ( 'NONE',  ( -0.3552311044726041978, -0.2564543421822504943, 0.000000000000000000 ) ) ;
#1100 =( NAMED_UNIT ( * ) SI_UNIT ( $, .STERADIAN. ) SOLID_ANGLE_UNIT ( ) );
#1101 = CARTESIAN_POINT ( 'NONE',  ( -0.8690982459831007034, 0.1823968953735743692, 0.01000000000000000021 ) ) ;
#1102 = EDGE_CURVE ( 'NONE', #1247, #4812, #2984, .T. ) ;
#1103 = FILL_AREA_STYLE ('',( #1457 ) ) ;
#1104 = DIRECTION ( 'NONE',  ( -1.000000000000000000, 0.000000000000000000, 0.000000000000000000 ) ) ;
#1105 = VERTEX_POINT ( 'NONE', #989 ) ;
#1106 = EDGE_CURVE ( 'NONE', #3265, #1727, #2560, .T. ) ;
#1107 = DIRECTION ( 'NONE',  ( -0.000000000000000000, -0.000000000000000000, -1.000000000000000000 ) ) ;
#1108 = VERTEX_POINT ( 'NONE', #3827 ) ;
#1109 = ORIENTED_EDGE ( 'NONE', *, *, #945, .F. ) ;
#1110 = EDGE_LOOP ( 'NONE', ( #4929, #3815, #2233, #820 ) ) ;
#1111 = ORIENTED_EDGE ( 'NONE', *, *, #5119, .T. ) ;
#1112 = CARTESIAN_POINT ( 'NONE',  ( -0.2097041911050517293, 6.000000000000000000, 0.01000000000000000021 ) ) ;
#1113 = AXIS2_PLACEMENT_3D ( 'NONE', #1300, #491, #3788 ) ;
#1114 = CARTESIAN_POINT ( 'NONE',  ( -0.8377529715928563325, 0.2433725051296719843, 0.01000000000000000021 ) ) ;
#1115 = CARTESIAN_POINT ( 'NONE',  ( -0.9537019045196856171, -0.06150554365081604274, 0.000000000000000000 ) ) ;
#1116 = CARTESIAN_POINT ( 'NONE',  ( 0.2583066081057083796, -0.1784235890325177598, 0.01000000000000000021 ) ) ;
#1117 = SURFACE_STYLE_FILL_AREA ( #4390 ) ;
#1118 = MECHANICAL_DESIGN_GEOMETRIC_PRESENTATION_REPRESENTATION (  '', ( #1036 ), #687 ) ;
#1119 = EDGE_CURVE ( 'NONE', #5015, #755, #2419, .T. ) ;
#1120 = STYLED_ITEM ( 'NONE', ( #3393 ), #166 ) ;
#1121 = FILL_AREA_STYLE_COLOUR ( '', #2315 ) ;
#1122 = CARTESIAN_POINT ( 'NONE',  ( 5.999999999999999112, 6.400000000000000355, 6.000000000000000000 ) ) ;
#1123 = SURFACE_STYLE_USAGE ( .BOTH. , #4828 ) ;
#1124 = MECHANICAL_DESIGN_GEOMETRIC_PRESENTATION_REPRESENTATION (  '', ( #2758 ), #2092 ) ;
#1125 =( NAMED_UNIT ( * ) SI_UNIT ( $, .STERADIAN. ) SOLID_ANGLE_UNIT ( ) );
#1126 = LINE ( 'NONE', #4424, #718 ) ;
#1127 = DIRECTION ( 'NONE',  ( -0.000000000000000000, -1.000000000000000000, -0.000000000000000000 ) ) ;
#1128 = LINE ( 'NONE', #2769, #4143 ) ;
#1129 = CARTESIAN_POINT ( 'NONE',  ( 6.000000000000001776, -0.2017494460898406061, 0.01000000000000000021 ) ) ;
#1130 = PRESENTATION_STYLE_ASSIGNMENT (( #5253 ) ) ;
#1131 =( NAMED_UNIT ( * ) SI_UNIT ( $, .STERADIAN. ) SOLID_ANGLE_UNIT ( ) );
#1132 = SURFACE_SIDE_STYLE ('',( #3284 ) ) ;
#1133 = CARTESIAN_POINT ( 'NONE',  ( -0.8707179106172465710, 0.1823968953735742027, 0.000000000000000000 ) ) ;
#1134 = EDGE_CURVE ( 'NONE', #951, #3456, #3006, .T. ) ;
#1135 =( GEOMETRIC_REPRESENTATION_CONTEXT ( 3 ) GLOBAL_UNCERTAINTY_ASSIGNED_CONTEXT ( ( #506 ) ) GLOBAL_UNIT_ASSIGNED_CONTEXT ( ( #265, #561, #1019 ) ) REPRESENTATION_CONTEXT ( 'NONE', 'WORKASPACE' ) );
#1136 = DIRECTION ( 'NONE',  ( 1.000000000000000000, 0.000000000000000000, 0.000000000000000000 ) ) ;
#1137 = CARTESIAN_POINT ( 'NONE',  ( -0.5445876685808966888, 0.02077838095454796405, 0.009999999999999998473 ) ) ;
#1138 = ORIENTED_EDGE ( 'NONE', *, *, #5138, .T. ) ;
#1139 = VECTOR ( 'NONE', #3667, 1000.000000000000000 ) ;
#1140 = EDGE_LOOP ( 'NONE', ( #2311, #3624, #2292, #514 ) ) ;
#1141 = ORIENTED_EDGE ( 'NONE', *, *, #3802, .F. ) ;
#1142 = UNCERTAINTY_MEASURE_WITH_UNIT (LENGTH_MEASURE( 1.000000000000000082E-05 ), #5300, 'distance_accuracy_value', 'NONE');
#1143 =( GEOMETRIC_REPRESENTATION_CONTEXT ( 3 ) GLOBAL_UNCERTAINTY_ASSIGNED_CONTEXT ( ( #2327 ) ) GLOBAL_UNIT_ASSIGNED_CONTEXT ( ( #1501, #3081, #3578 ) ) REPRESENTATION_CONTEXT ( 'NONE', 'WORKASPACE' ) );
#1144 = PRESENTATION_STYLE_ASSIGNMENT (( #3194 ) ) ;
#1145 = CARTESIAN_POINT ( 'NONE',  ( 0.5856735879457775074, 0.1373756838294409033, 0.009999999999999998473 ) ) ;
#1146 = UNCERTAINTY_MEASURE_WITH_UNIT (LENGTH_MEASURE( 1.000000000000000082E-05 ), #4244, 'distance_accuracy_value', 'NONE');
#1147 = LINE ( 'NONE', #338, #538 ) ;
#1148 = VECTOR ( 'NONE', #4471, 1000.000000000000000 ) ;
#1149 = DIRECTION ( 'NONE',  ( 1.000000000000000000, -0.000000000000000000, -3.497426362856467586E-17 ) ) ;
#1150 = CARTESIAN_POINT ( 'NONE',  ( -6.450000000000001066, 1.899999999999999911, 0.1999999999999999833 ) ) ;
#1151 = DIRECTION ( 'NONE',  ( -0.000000000000000000, -0.000000000000000000, -1.000000000000000000 ) ) ;
#1152 = SURFACE_SIDE_STYLE ('',( #4859 ) ) ;
#1153 = EDGE_CURVE ( 'NONE', #1974, #3439, #1910, .T. ) ;
#1154 = CARTESIAN_POINT ( 'NONE',  ( 6.399999999999998579, -3.000000000000000000, 0.000000000000000000 ) ) ;
#1155 = MECHANICAL_DESIGN_GEOMETRIC_PRESENTATION_REPRESENTATION (  '', ( #4602 ), #4266 ) ;
#1156 = CARTESIAN_POINT ( 'NONE',  ( -0.5186048871328637899, -0.2032237403867457604, 0.000000000000000000 ) ) ;
#1157 = CARTESIAN_POINT ( 'NONE',  ( -0.3456607459831002038, -0.2566274948703284875, 0.01000000000000000021 ) ) ;
#1158 = COLOUR_RGB ( '',0.8313725490196077761, 0.8313725490196077761, 0.8196078431372548767 ) ;
#1159 = DIRECTION ( 'NONE',  ( 0.3363908276654488105, -0.9417224702971433992, 0.000000000000000000 ) ) ;
#1160 = LINE ( 'NONE', #747, #655 ) ;
#1161 = PLANE ( 'NONE',  #4966 ) ;
#1162 = VECTOR ( 'NONE', #2601, 1000.000000000000000 ) ;
#1163 = SURFACE_SIDE_STYLE ('',( #4869 ) ) ;
#1164 = CARTESIAN_POINT ( 'NONE',  ( 0.6683445893827535400, -0.2017494460898404396, 0.000000000000000000 ) ) ;
#1165 = LINE ( 'NONE', #352, #3626 ) ;
#1166 = CARTESIAN_POINT ( 'NONE',  ( -0.4776805625290574397, 0.1521377080254326941, 0.009999999999999998473 ) ) ;
#1167 =( GEOMETRIC_REPRESENTATION_CONTEXT ( 3 ) GLOBAL_UNCERTAINTY_ASSIGNED_CONTEXT ( ( #2202 ) ) GLOBAL_UNIT_ASSIGNED_CONTEXT ( ( #422, #800, #854 ) ) REPRESENTATION_CONTEXT ( 'NONE', 'WORKASPACE' ) );
#1168 = ORIENTED_EDGE ( 'NONE', *, *, #3075, .F. ) ;
#1169 = ORIENTED_EDGE ( 'NONE', *, *, #2445, .T. ) ;
#1170 = ORIENTED_EDGE ( 'NONE', *, *, #560, .T. ) ;
#1171 = CARTESIAN_POINT ( 'NONE',  ( 0.2829684074573023400, -0.2449563389126779289, 0.01000000000000000021 ) ) ;
#1172 = ADVANCED_FACE ( 'NONE', ( #3138, #3603 ), #4802, .F. ) ;
#1173 = LINE ( 'NONE', #2401, #1011 ) ;
#1174 = EDGE_CURVE ( 'NONE', #330, #4216, #312, .T. ) ;
#1175 = FILL_AREA_STYLE ('',( #1586 ) ) ;
#1176 = CARTESIAN_POINT ( 'NONE',  ( 0.5459235662034885861, 0.07308574349368421319, 0.000000000000000000 ) ) ;
#1177 =( LENGTH_UNIT ( ) NAMED_UNIT ( * ) SI_UNIT ( .MILLI., .METRE. ) );
#1178 =( NAMED_UNIT ( * ) PLANE_ANGLE_UNIT ( ) SI_UNIT ( $, .RADIAN. ) );
#1179 = MECHANICAL_DESIGN_GEOMETRIC_PRESENTATION_REPRESENTATION (  '', ( #4290 ), #3593 ) ;
#1180 = CARTESIAN_POINT ( 'NONE',  ( -0.6119412818939728993, -0.009783177367405457292, 0.009999999999999995004 ) ) ;
#1181 = CARTESIAN_POINT ( 'NONE',  ( 0.2537104430412901457, -0.2307128607239869733, 0.01000000000000000021 ) ) ;
#1182 = FILL_AREA_STYLE ('',( #4809 ) ) ;
#1183 = SURFACE_STYLE_USAGE ( .BOTH. , #3615 ) ;
#1184 = CARTESIAN_POINT ( 'NONE',  ( -0.4296125214980495710, 0.2344249972717372676, 0.009999999999999995004 ) ) ;
#1185 = DIRECTION ( 'NONE',  ( 0.000000000000000000, 0.000000000000000000, 1.000000000000000000 ) ) ;
#1186 = EDGE_CURVE ( 'NONE', #3456, #3132, #4019, .T. ) ;
#1187 = CARTESIAN_POINT ( 'NONE',  ( -0.5450700447635880019, -0.001768500967889215930, 0.009999999999999998473 ) ) ;
#1188 = B_SPLINE_SURFACE_WITH_KNOTS ( 'NONE', 3, 1, ( 
 ( #4861, #2034 ),
 ( #768, #1180 ),
 ( #2821, #3999 ),
 ( #1562, #2359 ),
 ( #3691, #5354 ),
 ( #1616, #4023 ),
 ( #1935, #2015 ),
 ( #4890, #5248 ),
 ( #3204, #1642 ),
 ( #3666, #4948 ),
 ( #1156, #1534 ),
 ( #4476, #3256 ),
 ( #1231, #2880 ),
 ( #4073, #4529 ),
 ( #4916, #318 ),
 ( #1592, #5305 ),
 ( #3173, #3610 ),
 ( #4832, #1204 ),
 ( #4452, #1964 ) ),
 .UNSPECIFIED., .F., .F., .F.,
 ( 4, 1, 1, 1, 1, 1, 1, 1, 1, 1, 1, 1, 1, 1, 1, 1, 4 ),
 ( 2, 2 ),
 ( 0.000000000000000000, 0.06806869584499403159, 0.1334274328189550551, 0.1961460338131565673, 0.2570485924493128849, 0.3168826631591620813, 0.3761872086663216597, 0.4359603353635462808, 0.4965352368627264368, 0.5574653434807332886, 0.6176868634101471134, 0.6779436406969064910, 0.7388052848060406852, 0.8009493367665841967, 0.8648146674702267278, 0.9310247810786571598, 1.000000000000000000 ),
 ( 0.000000000000000000, 1.000000000000000000 ),
 .UNSPECIFIED. ) ;
#1189 = ORIENTED_EDGE ( 'NONE', *, *, #3866, .T. ) ;
#1190 = VERTEX_POINT ( 'NONE', #2733 ) ;
#1191 = VERTEX_POINT ( 'NONE', #4312 ) ;
#1192 = CARTESIAN_POINT ( 'NONE',  ( 0.000000000000000000, 3.000000000000000000, 0.000000000000000000 ) ) ;
#1193 = CARTESIAN_POINT ( 'NONE',  ( 0.3713743149925096687, 0.2494700661052815238, 0.01000000000000000021 ) ) ;
#1194 = LINE ( 'NONE', #1628, #2753 ) ;
#1195 = CARTESIAN_POINT ( 'NONE',  ( 0.3760073364169484456, -0.2077677367917399320, 0.01000000000000000021 ) ) ;
#1196 = CARTESIAN_POINT ( 'NONE',  ( 6.000000000000001776, 6.000000000000000000, 0.000000000000000000 ) ) ;
#1197 = UNCERTAINTY_MEASURE_WITH_UNIT (LENGTH_MEASURE( 1.000000000000000082E-05 ), #3305, 'distance_accuracy_value', 'NONE');
#1198 = CARTESIAN_POINT ( 'NONE',  ( 0.5585884918217780548, -0.01196286072398678596, 0.000000000000000000 ) ) ;
#1199 = VECTOR ( 'NONE', #4744, 1000.000000000000000 ) ;
#1200 = SURFACE_SIDE_STYLE ('',( #2901 ) ) ;
#1201 = DIRECTION ( 'NONE',  ( -0.000000000000000000, -1.000000000000000000, -0.000000000000000000 ) ) ;
#1202 = CARTESIAN_POINT ( 'NONE',  ( 0.2537104430412901457, 0.2296529929345500209, 0.01000000000000000021 ) ) ;
#1203 =( GEOMETRIC_REPRESENTATION_CONTEXT ( 3 ) GLOBAL_UNCERTAINTY_ASSIGNED_CONTEXT ( ( #822 ) ) GLOBAL_UNIT_ASSIGNED_CONTEXT ( ( #2829, #2339, #1543 ) ) REPRESENTATION_CONTEXT ( 'NONE', 'WORKASPACE' ) );
#1204 = CARTESIAN_POINT ( 'NONE',  ( -0.3552311044726041978, -0.2564543421822504943, 0.009999999999999995004 ) ) ;
#1205 = CARTESIAN_POINT ( 'NONE',  ( 0.2537104430412901457, -0.2307128607239867790, 0.000000000000000000 ) ) ;
#1206 = FILL_AREA_STYLE_COLOUR ( '', #3359 ) ;
#1207 = SURFACE_SIDE_STYLE ('',( #373 ) ) ;
#1208 = VECTOR ( 'NONE', #778, 1000.000000000000000 ) ;
#1209 = SURFACE_SIDE_STYLE ('',( #3309 ) ) ;
#1210 = SURFACE_STYLE_USAGE ( .BOTH. , #1621 ) ;
#1211 = CARTESIAN_POINT ( 'NONE',  ( 0.3908639699583917326, 0.1941606626188714935, 0.01000000000000000021 ) ) ;
#1212 = SURFACE_STYLE_FILL_AREA ( #3619 ) ;
#1213 = CARTESIAN_POINT ( 'NONE',  ( 0.2808943535984081419, 0.1767185104363713788, 0.01000000000000000021 ) ) ;
#1214 = FILL_AREA_STYLE_COLOUR ( '', #446 ) ;
#1215 = EDGE_LOOP ( 'NONE', ( #780, #1859, #2469, #11, #702 ) ) ;
#1216 = ORIENTED_EDGE ( 'NONE', *, *, #4542, .F. ) ;
#1217 = EDGE_CURVE ( 'NONE', #5015, #1974, #606, .T. ) ;
#1218 =( GEOMETRIC_REPRESENTATION_CONTEXT ( 3 ) GLOBAL_UNCERTAINTY_ASSIGNED_CONTEXT ( ( #4126 ) ) GLOBAL_UNIT_ASSIGNED_CONTEXT ( ( #522, #3351, #5081 ) ) REPRESENTATION_CONTEXT ( 'NONE', 'WORKASPACE' ) );
#1219 = FACE_OUTER_BOUND ( 'NONE', #592, .T. ) ;
#1220 = COLOUR_RGB ( '',0.8313725490196077761, 0.8313725490196077761, 0.8196078431372548767 ) ;
#1221 = LINE ( 'NONE', #2811, #3164 ) ;
#1222 = PLANE ( 'NONE',  #2668 ) ;
#1223 =( LENGTH_UNIT ( ) NAMED_UNIT ( * ) SI_UNIT ( .MILLI., .METRE. ) );
#1224 =( NAMED_UNIT ( * ) SI_UNIT ( $, .STERADIAN. ) SOLID_ANGLE_UNIT ( ) );
#1225 = CARTESIAN_POINT ( 'NONE',  ( -0.8784351362270026442, 0.1473359197638181295, 0.000000000000000000 ) ) ;
#1226 = DIRECTION ( 'NONE',  ( -1.000000000000000000, -0.000000000000000000, -0.000000000000000000 ) ) ;
#1227 = STYLED_ITEM ( 'NONE', ( #2013 ), #4588 ) ;
#1228 = SURFACE_SIDE_STYLE ('',( #3715 ) ) ;
#1229 = AXIS2_PLACEMENT_3D ( 'NONE', #4120, #3636, #3197 ) ;
#1230 = ORIENTED_EDGE ( 'NONE', *, *, #3263, .F. ) ;
#1231 = CARTESIAN_POINT ( 'NONE',  ( -0.4758148803628110546, -0.2297043093477719178, 0.000000000000000000 ) ) ;
#1232 = SURFACE_STYLE_FILL_AREA ( #2710 ) ;
#1233 = PRESENTATION_LAYER_ASSIGNMENT (  '', '', ( #3214 ) ) ;
#1234 = PRESENTATION_STYLE_ASSIGNMENT (( #1619 ) ) ;
#1235 = DIRECTION ( 'NONE',  ( 0.000000000000000000, -1.000000000000000000, 0.000000000000000000 ) ) ;
#1236 = DIRECTION ( 'NONE',  ( -1.000000000000000000, 0.000000000000000000, 0.000000000000000000 ) ) ;
#1237 = CARTESIAN_POINT ( 'NONE',  ( 0.5584153345820557224, -0.004239815252577617752, 0.01000000000000000021 ) ) ;
#1238 = ADVANCED_FACE ( 'NONE', ( #3960 ), #258, .T. ) ;
#1239 = CARTESIAN_POINT ( 'NONE',  ( -0.3456607459831002038, -0.2566274948703282655, 0.000000000000000000 ) ) ;
#1240 =( GEOMETRIC_REPRESENTATION_CONTEXT ( 3 ) GLOBAL_UNCERTAINTY_ASSIGNED_CONTEXT ( ( #720 ) ) GLOBAL_UNIT_ASSIGNED_CONTEXT ( ( #4533, #4979, #5329 ) ) REPRESENTATION_CONTEXT ( 'NONE', 'WORKASPACE' ) );
#1241 = CARTESIAN_POINT ( 'NONE',  ( 0.2669906377915085005, 0.1702966157233230526, 0.000000000000000000 ) ) ;
#1242 = CARTESIAN_POINT ( 'NONE',  ( 6.400000000000002132, 1.899999999999999911, 3.500000000000000000 ) ) ;
#1243 = CIRCLE ( 'NONE', #2883, 0.4000000000000001887 ) ;
#1244 = ORIENTED_EDGE ( 'NONE', *, *, #2484, .T. ) ;
#1245 = B_SPLINE_CURVE_WITH_KNOTS ( 'NONE', 3,
 ( #4994, #465, #786, #3320, #410, #2026, #1687, #1250, #1275, #840, #4118, #388, #2919, #3762, #2495, #4569, #3272, #4095, #3247 ),
 .UNSPECIFIED., .F., .F.,
 ( 4, 1, 1, 1, 1, 1, 1, 1, 1, 1, 1, 1, 1, 1, 1, 1, 4 ),
 ( 0.000000000000000000, 0.06863117867660124827, 0.1345664660386773626, 0.1983281540108813024, 0.2607897666408448001, 0.3219991514841581415, 0.3827217465030194332, 0.4435374740357285739, 0.5051334294849247897, 0.5662138747646716652, 0.6261058646175454712, 0.6853493221605164720, 0.7449958703477971289, 0.8054158418145626053, 0.8676362663459532554, 0.9323077823023292465, 1.000000000000000000 ),
 .UNSPECIFIED. ) ;
#1247 = VERTEX_POINT ( 'NONE', #3525 ) ;
#1246 = VECTOR ( 'NONE', #96, 1000.000000000000000 ) ;
#1248 = LINE ( 'NONE', #2071, #5274 ) ;
#1249 = SURFACE_SIDE_STYLE ('',( #3069 ) ) ;
#1250 = CARTESIAN_POINT ( 'NONE',  ( -0.4982046459400311100, 0.2064298897717288528, 0.000000000000000000 ) ) ;
#1251 = STYLED_ITEM ( 'NONE', ( #3859 ), #2425 ) ;
#1252 = LINE ( 'NONE', #3661, #4675 ) ;
#1253 = DIRECTION ( 'NONE',  ( 0.000000000000000000, 0.000000000000000000, 1.000000000000000000 ) ) ;
#1254 = ADVANCED_FACE ( 'NONE', ( #1897 ), #5189, .F. ) ;
#1255 = LINE ( 'NONE', #4999, #3841 ) ;
#1256 = ORIENTED_EDGE ( 'NONE', *, *, #46, .T. ) ;
#1257 =( LENGTH_UNIT ( ) NAMED_UNIT ( * ) SI_UNIT ( .MILLI., .METRE. ) );
#1258 = CARTESIAN_POINT ( 'NONE',  ( -6.399999999999998579, -6.000000000000000000, 0.000000000000000000 ) ) ;
#1259 =( NAMED_UNIT ( * ) SI_UNIT ( $, .STERADIAN. ) SOLID_ANGLE_UNIT ( ) );
#1260 =( NAMED_UNIT ( * ) PLANE_ANGLE_UNIT ( ) SI_UNIT ( $, .RADIAN. ) );
#1261 =( GEOMETRIC_REPRESENTATION_CONTEXT ( 3 ) GLOBAL_UNCERTAINTY_ASSIGNED_CONTEXT ( ( #1448 ) ) GLOBAL_UNIT_ASSIGNED_CONTEXT ( ( #1098, #2357, #4421 ) ) REPRESENTATION_CONTEXT ( 'NONE', 'WORKASPACE' ) );
#1262 = CARTESIAN_POINT ( 'NONE',  ( -0.6115533699011184154, 0.02644661529925408650, 0.000000000000000000 ) ) ;
#1263 = CARTESIAN_POINT ( 'NONE',  ( -0.8690982459831002593, 0.1823968953735742027, 0.000000000000000000 ) ) ;
#1264 = B_SPLINE_CURVE_WITH_KNOTS ( 'NONE', 3,
 ( #5047, #2125, #4963, #2470, #1657, #516, #2944, #3294, #4141, #1327, #1272 ),
 .UNSPECIFIED., .F., .F.,
 ( 4, 1, 1, 1, 1, 1, 1, 1, 4 ),
 ( 0.000000000000000000, 0.1352946047634291105, 0.2667656579247484894, 0.3948160188358726397, 0.5200516544342462799, 0.6421757029708223818, 0.7626518205584238430, 0.8818340043805017459, 1.000000000000000000 ),
 .UNSPECIFIED. ) ;
#1265 = EDGE_CURVE ( 'NONE', #3277, #4795, #1252, .T. ) ;
#1266 = FACE_OUTER_BOUND ( 'NONE', #2128, .T. ) ;
#1267 = DIRECTION ( 'NONE',  ( 0.000000000000000000, 0.000000000000000000, 1.000000000000000000 ) ) ;
#1268 = EDGE_CURVE ( 'NONE', #3180, #4513, #2076, .T. ) ;
#1269 = ORIENTED_EDGE ( 'NONE', *, *, #3630, .T. ) ;
#1270 = MECHANICAL_DESIGN_GEOMETRIC_PRESENTATION_REPRESENTATION (  '', ( #3599 ), #1702 ) ;
#1271 = ORIENTED_EDGE ( 'NONE', *, *, #540, .T. ) ;
#1272 = CARTESIAN_POINT ( 'NONE',  ( 0.2537104430412901457, -0.1758348119434989532, 0.000000000000000000 ) ) ;
#1273 = CARTESIAN_POINT ( 'NONE',  ( 0.4194893751596377451, -0.2048326805904046310, 0.01000000000000000021 ) ) ;
#1274 = FACE_OUTER_BOUND ( 'NONE', #1732, .T. ) ;
#1275 = CARTESIAN_POINT ( 'NONE',  ( -0.5187115979673522226, 0.1929472454722754582, 0.000000000000000000 ) ) ;
#1276 =( NAMED_UNIT ( * ) SI_UNIT ( $, .STERADIAN. ) SOLID_ANGLE_UNIT ( ) );
#1277 = CARTESIAN_POINT ( 'NONE',  ( 0.3999661933292359417, -0.2625314773035123950, 0.000000000000000000 ) ) ;
#1278 = LINE ( 'NONE', #2431, #2137 ) ;
#1279 = FILL_AREA_STYLE_COLOUR ( '', #2186 ) ;
#1280 = PRESENTATION_STYLE_ASSIGNMENT (( #1123 ) ) ;
#1281 = ORIENTED_EDGE ( 'NONE', *, *, #222, .T. ) ;
#1282 = PLANE ( 'NONE',  #370 ) ;
#1283 = ADVANCED_FACE ( 'NONE', ( #3224 ), #4549, .F. ) ;
#1284 = LINE ( 'NONE', #3772, #1415 ) ;
#1285 =( NAMED_UNIT ( * ) SI_UNIT ( $, .STERADIAN. ) SOLID_ANGLE_UNIT ( ) );
#1286 = COLOUR_RGB ( '',0.2980392156862745057, 0.2980392156862745057, 0.2980392156862745057 ) ;
#1287 = FILL_AREA_STYLE_COLOUR ( '', #3131 ) ;
#1288 = CARTESIAN_POINT ( 'NONE',  ( -0.8634844769854413959, 0.1545410761460820070, 0.000000000000000000 ) ) ;
#1289 = VECTOR ( 'NONE', #84, 1000.000000000000000 ) ;
#1290 =( NAMED_UNIT ( * ) SI_UNIT ( $, .STERADIAN. ) SOLID_ANGLE_UNIT ( ) );
#1291 = CARTESIAN_POINT ( 'NONE',  ( -0.3505197398855391944, 0.1884944563491839642, 0.000000000000000000 ) ) ;
#1292 = ORIENTED_EDGE ( 'NONE', *, *, #2397, .F. ) ;
#1293 = PRESENTATION_STYLE_ASSIGNMENT (( #1652 ) ) ;
#1294 = PRESENTATION_LAYER_ASSIGNMENT (  '', '', ( #3100 ) ) ;
#1295 = FILL_AREA_STYLE_COLOUR ( '', #4336 ) ;
#1296 = CARTESIAN_POINT ( 'NONE',  ( 0.08907629669982670972, 0.1884944563491839642, 0.000000000000000000 ) ) ;
#1297 = ORIENTED_EDGE ( 'NONE', *, *, #1435, .F. ) ;
#1298 = EDGE_CURVE ( 'NONE', #4562, #4514, #1147, .T. ) ;
#1299 = ORIENTED_EDGE ( 'NONE', *, *, #2456, .F. ) ;
#1300 = CARTESIAN_POINT ( 'NONE',  ( 6.000000000000001776, 6.000000000000000000, 0.01000000000000000021 ) ) ;
#1301 = FILL_AREA_STYLE_COLOUR ( '', #5340 ) ;
#1302 = CARTESIAN_POINT ( 'NONE',  ( -0.8784351362270022001, 0.1473359197638191009, 0.000000000000000000 ) ) ;
#1303 = CARTESIAN_POINT ( 'NONE',  ( -5.999999999999995559, 6.400000000000000355, 6.000000000000000000 ) ) ;
#1304 = ORIENTED_EDGE ( 'NONE', *, *, #4822, .F. ) ;
#1305 = PLANE ( 'NONE',  #2590 ) ;
#1306 =( NAMED_UNIT ( * ) PLANE_ANGLE_UNIT ( ) SI_UNIT ( $, .RADIAN. ) );
#1307 = UNCERTAINTY_MEASURE_WITH_UNIT (LENGTH_MEASURE( 1.000000000000000082E-05 ), #4506, 'distance_accuracy_value', 'NONE');
#1308 = EDGE_LOOP ( 'NONE', ( #2725, #4250, #2119, #4279 ) ) ;
#1309 = VECTOR ( 'NONE', #1472, 1000.000000000000000 ) ;
#1310 = CARTESIAN_POINT ( 'NONE',  ( 0.1561494674315339615, 0.2433725051296717623, 0.000000000000000000 ) ) ;
#1311 =( LENGTH_UNIT ( ) NAMED_UNIT ( * ) SI_UNIT ( .MILLI., .METRE. ) );
#1312 = PLANE ( 'NONE',  #4077 ) ;
#1313 = MECHANICAL_DESIGN_GEOMETRIC_PRESENTATION_REPRESENTATION (  '', ( #3210 ), #974 ) ;
#1314 = CARTESIAN_POINT ( 'NONE',  ( -0.2097041911050512852, -0.2566274948703282655, 0.000000000000000000 ) ) ;
#1315 = EDGE_CURVE ( 'NONE', #3132, #4689, #788, .T. ) ;
#1316 = UNCERTAINTY_MEASURE_WITH_UNIT (LENGTH_MEASURE( 1.000000000000000082E-05 ), #2437, 'distance_accuracy_value', 'NONE');
#1317 = CARTESIAN_POINT ( 'NONE',  ( -0.8674137913839146119, 0.1721104704863788692, 0.000000000000000000 ) ) ;
#1318 = CARTESIAN_POINT ( 'NONE',  ( -0.6119436315484083622, 0.008724098171261407408, 0.009999999999999995004 ) ) ;
#1319 =( NAMED_UNIT ( * ) PLANE_ANGLE_UNIT ( ) SI_UNIT ( $, .RADIAN. ) );
#1320 = CARTESIAN_POINT ( 'NONE',  ( 0.3065676665379596932, 0.2446366739951982006, 0.01000000000000000021 ) ) ;
#1321 = ORIENTED_EDGE ( 'NONE', *, *, #3835, .T. ) ;
#1322 = FACE_OUTER_BOUND ( 'NONE', #3429, .T. ) ;
#1323 = EDGE_CURVE ( 'NONE', #4819, #1191, #5349, .T. ) ;
#1324 = FILL_AREA_STYLE ('',( #1403 ) ) ;
#1325 = ORIENTED_EDGE ( 'NONE', *, *, #2969, .F. ) ;
#1326 = ORIENTED_EDGE ( 'NONE', *, *, #3389, .F. ) ;
#1327 = CARTESIAN_POINT ( 'NONE',  ( 0.2583066081057083796, -0.1784235890325177598, 0.000000000000000000 ) ) ;
#1328 = VECTOR ( 'NONE', #480, 1000.000000000000000 ) ;
#1329 = DIRECTION ( 'NONE',  ( 1.000000000000000000, -0.000000000000000000, 0.000000000000000000 ) ) ;
#1330 = EDGE_LOOP ( 'NONE', ( #2533, #3871, #3189, #118, #3026, #2721, #3449, #2662 ) ) ;
#1331 = VECTOR ( 'NONE', #1783, 1000.000000000000000 ) ;
#1332 = SURFACE_STYLE_USAGE ( .BOTH. , #5052 ) ;
#1333 = EDGE_CURVE ( 'NONE', #4514, #3004, #5298, .T. ) ;
#1334 =( LENGTH_UNIT ( ) NAMED_UNIT ( * ) SI_UNIT ( .MILLI., .METRE. ) );
#1335 = EDGE_CURVE ( 'NONE', #3004, #4795, #5, .T. ) ;
#1336 =( NAMED_UNIT ( * ) PLANE_ANGLE_UNIT ( ) SI_UNIT ( $, .RADIAN. ) );
#1337 = VERTEX_POINT ( 'NONE', #4146 ) ;
#1338 = CARTESIAN_POINT ( 'NONE',  ( 5.999999999999999112, -6.400000000000000355, 6.000000000000000000 ) ) ;
#1339 = DIRECTION ( 'NONE',  ( -0.9466707760722532505, -0.3222024856061136977, 0.000000000000000000 ) ) ;
#1340 = LINE ( 'NONE', #4695, #3266 ) ;
#1341 = CARTESIAN_POINT ( 'NONE',  ( 0.6101784223222616044, -0.1164229426366587689, 0.000000000000000000 ) ) ;
#1342 = SURFACE_STYLE_USAGE ( .BOTH. , #1367 ) ;
#1343 = CARTESIAN_POINT ( 'NONE',  ( 0.2576905047966172035, 0.2312685877499865983, 0.01000000000000000021 ) ) ;
#1344 = PLANE ( 'NONE',  #3220 ) ;
#1345 = ORIENTED_EDGE ( 'NONE', *, *, #2666, .F. ) ;
#1346 =( LENGTH_UNIT ( ) NAMED_UNIT ( * ) SI_UNIT ( .MILLI., .METRE. ) );
#1347 = CARTESIAN_POINT ( 'NONE',  ( 0.5100882233953455414, -0.1551318928480227843, 0.000000000000000000 ) ) ;
#1348 = STYLED_ITEM ( 'NONE', ( #741 ), #3147 ) ;
#1349 =( LENGTH_UNIT ( ) NAMED_UNIT ( * ) SI_UNIT ( .MILLI., .METRE. ) );
#1350 = VERTEX_POINT ( 'NONE', #1555 ) ;
#1351 = ORIENTED_EDGE ( 'NONE', *, *, #3030, .F. ) ;
#1352 = PRESENTATION_LAYER_ASSIGNMENT (  '', '', ( #3860 ) ) ;
#1353 = EDGE_CURVE ( 'NONE', #588, #2893, #4630, .T. ) ;
#1354 = FACE_OUTER_BOUND ( 'NONE', #2551, .T. ) ;
#1355 = SURFACE_STYLE_USAGE ( .BOTH. , #3520 ) ;
#1356 = ORIENTED_EDGE ( 'NONE', *, *, #3887, .T. ) ;
#1357 = CARTESIAN_POINT ( 'NONE',  ( 0.3912866625534853204, -0.2627250558459380270, 0.01000000000000000021 ) ) ;
#1358 = DIRECTION ( 'NONE',  ( 0.000000000000000000, -1.000000000000000000, 0.000000000000000000 ) ) ;
#1359 = CARTESIAN_POINT ( 'NONE',  ( -0.3552905669542524847, -0.2015865916314458495, 0.01000000000000000021 ) ) ;
#1360 = ORIENTED_EDGE ( 'NONE', *, *, #4227, .T. ) ;
#1361 = DIRECTION ( 'NONE',  ( 0.000000000000000000, -1.000000000000000000, 0.000000000000000000 ) ) ;
#1362 = ADVANCED_FACE ( 'NONE', ( #2616, #4203 ), #1383, .F. ) ;
#1363 = DIRECTION ( 'NONE',  ( 0.3222024856061136422, -0.9466707760722531395, 0.000000000000000000 ) ) ;
#1364 = DIRECTION ( 'NONE',  ( 0.000000000000000000, 0.000000000000000000, -1.000000000000000000 ) ) ;
#1365 = CARTESIAN_POINT ( 'NONE',  ( -0.2097041911050512852, 0.2433725051296717623, 0.000000000000000000 ) ) ;
#1366 = CARTESIAN_POINT ( 'NONE',  ( 0.5276154379732668209, -0.2250773379398672558, 0.000000000000000000 ) ) ;
#1367 = SURFACE_SIDE_STYLE ('',( #481 ) ) ;
#1368 = DIRECTION ( 'NONE',  ( 0.000000000000000000, -1.000000000000000000, 0.000000000000000000 ) ) ;
#1369 = FILL_AREA_STYLE ('',( #3312 ) ) ;
#1370 = CARTESIAN_POINT ( 'NONE',  ( 0.3804049034773665516, 0.2492599535985548787, 0.01000000000000000021 ) ) ;
#1371 = ORIENTED_EDGE ( 'NONE', *, *, #3546, .F. ) ;
#1372 = FACE_OUTER_BOUND ( 'NONE', #3791, .T. ) ;
#1373 = CARTESIAN_POINT ( 'NONE',  ( 6.000000000000001776, -0.2566274948703284875, 0.01000000000000000021 ) ) ;
#1374 = EDGE_LOOP ( 'NONE', ( #113, #4796, #2941, #3703 ) ) ;
#1375 = VERTEX_POINT ( 'NONE', #576 ) ;
#1376 = VECTOR ( 'NONE', #29, 1000.000000000000000 ) ;
#1377 = DIRECTION ( 'NONE',  ( -0.000000000000000000, 1.000000000000000000, -0.000000000000000000 ) ) ;
#1378 = VECTOR ( 'NONE', #274, 1000.000000000000000 ) ;
#1379 = ADVANCED_FACE ( 'NONE', ( #1706 ), #1585, .F. ) ;
#1380 = FILL_AREA_STYLE_COLOUR ( '', #4866 ) ;
#1381 = ORIENTED_EDGE ( 'NONE', *, *, #2238, .T. ) ;
#1382 = ORIENTED_EDGE ( 'NONE', *, *, #3244, .T. ) ;
#1383 = PLANE ( 'NONE',  #8 ) ;
#1384 = CARTESIAN_POINT ( 'NONE',  ( -5.999999999999998224, -6.000000000000000000, 6.000000000000000000 ) ) ;
#1385 = CARTESIAN_POINT ( 'NONE',  ( -6.400000000000001243, -1.899999999999999911, 3.000000000000000000 ) ) ;
#1386 = SURFACE_STYLE_USAGE ( .BOTH. , #5163 ) ;
#1387 = ORIENTED_EDGE ( 'NONE', *, *, #560, .F. ) ;
#1388 =( NAMED_UNIT ( * ) PLANE_ANGLE_UNIT ( ) SI_UNIT ( $, .RADIAN. ) );
#1389 = STYLED_ITEM ( 'NONE', ( #4660 ), #751 ) ;
#1390 = DIRECTION ( 'NONE',  ( 0.000000000000000000, 0.000000000000000000, 1.000000000000000000 ) ) ;
#1391 = DIRECTION ( 'NONE',  ( 0.000000000000000000, 0.000000000000000000, 1.000000000000000000 ) ) ;
#1392 = CARTESIAN_POINT ( 'NONE',  ( 0.6256616625534853204, -0.01605965950447456672, 0.000000000000000000 ) ) ;
#1393 = AXIS2_PLACEMENT_3D ( 'NONE', #450, #1768, #2088 ) ;
#1394 = FACE_OUTER_BOUND ( 'NONE', #3160, .T. ) ;
#1395 = SURFACE_STYLE_FILL_AREA ( #4725 ) ;
#1396 = UNCERTAINTY_MEASURE_WITH_UNIT (LENGTH_MEASURE( 1.000000000000000082E-05 ), #2824, 'distance_accuracy_value', 'NONE');
#1397 = ORIENTED_EDGE ( 'NONE', *, *, #3075, .T. ) ;
#1398 = CARTESIAN_POINT ( 'NONE',  ( 0.6251995760943994673, -0.04285129068137125824, 0.000000000000000000 ) ) ;
#1399 = MECHANICAL_DESIGN_GEOMETRIC_PRESENTATION_REPRESENTATION (  '', ( #3729 ), #5302 ) ;
#1400 = PRESENTATION_LAYER_ASSIGNMENT (  '', '', ( #3731 ) ) ;
#1401 = CARTESIAN_POINT ( 'NONE',  ( -6.399999999999998579, -1.899999999999999911, 3.500000000000000000 ) ) ;
#1402 = CARTESIAN_POINT ( 'NONE',  ( 0.3820450466998264183, -0.2078470070654503676, 0.01000000000000000021 ) ) ;
#1403 = FILL_AREA_STYLE_COLOUR ( '', #1551 ) ;
#1404 = VECTOR ( 'NONE', #4451, 1000.000000000000000 ) ;
#1405 = ORIENTED_EDGE ( 'NONE', *, *, #1707, .F. ) ;
#1406 = ADVANCED_FACE ( 'NONE', ( #1322 ), #566, .F. ) ;
#1407 = ORIENTED_EDGE ( 'NONE', *, *, #1712, .T. ) ;
#1408 = UNCERTAINTY_MEASURE_WITH_UNIT (LENGTH_MEASURE( 1.000000000000000082E-05 ), #3968, 'distance_accuracy_value', 'NONE');
#1409 = VECTOR ( 'NONE', #3764, 1000.000000000000000 ) ;
#1410 = CARTESIAN_POINT ( 'NONE',  ( -0.4931317131248991181, -0.1493883988440456445, 0.000000000000000000 ) ) ;
#1411 = CARTESIAN_POINT ( 'NONE',  ( 0.5398466552134889573, -0.1100241169805492303, 0.009999999999999998473 ) ) ;
#1412 = VERTEX_POINT ( 'NONE', #2599 ) ;
#1413 = CARTESIAN_POINT ( 'NONE',  ( 0.5771625971223912632, -0.1777312662027624723, 0.000000000000000000 ) ) ;
#1414 = VECTOR ( 'NONE', #4455, 1000.000000000000000 ) ;
#1415 = VECTOR ( 'NONE', #68, 1000.000000000000000 ) ;
#1416 = CARTESIAN_POINT ( 'NONE',  ( -0.6487285813489539477, -0.2566274948703282655, 0.000000000000000000 ) ) ;
#1417 = CARTESIAN_POINT ( 'NONE',  ( 0.4628820362977402181, 0.1730904043479696008, 0.000000000000000000 ) ) ;
#1418 = CARTESIAN_POINT ( 'NONE',  ( -0.5160902680036129064, -0.1203307618056340123, 0.01000000000000000021 ) ) ;
#1419 = COLOUR_RGB ( '',0.8313725490196077761, 0.8313725490196077761, 0.8196078431372548767 ) ;
#1420 = VERTEX_POINT ( 'NONE', #2654 ) ;
#1421 = FILL_AREA_STYLE_COLOUR ( '', #4959 ) ;
#1422 = FILL_AREA_STYLE ('',( #2536 ) ) ;
#1423 = EDGE_CURVE ( 'NONE', #3302, #1247, #189, .T. ) ;
#1424 = MECHANICAL_DESIGN_GEOMETRIC_PRESENTATION_REPRESENTATION (  '', ( #1075 ), #2888 ) ;
#1425 = CARTESIAN_POINT ( 'NONE',  ( 0.3519171279326032686, -0.2609043275664361672, 0.01000000000000000021 ) ) ;
#1426 = SURFACE_STYLE_FILL_AREA ( #5143 ) ;
#1427 = FILL_AREA_STYLE_COLOUR ( '', #2373 ) ;
#1428 = CARTESIAN_POINT ( 'NONE',  ( -0.4979674689927793829, -0.2176871465167009301, 0.000000000000000000 ) ) ;
#1429 = CARTESIAN_POINT ( 'NONE',  ( 0.5856735879457775074, 0.1373756838294409033, 0.000000000000000000 ) ) ;
#1430 = CARTESIAN_POINT ( 'NONE',  ( 0.3820450466998267514, -0.2078470070654502011, 0.000000000000000000 ) ) ;
#1431 = LINE ( 'NONE', #3514, #909 ) ;
#1432 = CARTESIAN_POINT ( 'NONE',  ( 0.3065676665379596932, 0.2446366739951982006, 0.01000000000000000021 ) ) ;
#1433 = ORIENTED_EDGE ( 'NONE', *, *, #3965, .T. ) ;
#1434 = DIRECTION ( 'NONE',  ( 0.000000000000000000, -1.000000000000000000, 0.000000000000000000 ) ) ;
#1435 = EDGE_CURVE ( 'NONE', #4377, #192, #699, .T. ) ;
#1436 = PRESENTATION_LAYER_ASSIGNMENT (  '', '', ( #314 ) ) ;
#1437 = DIRECTION ( 'NONE',  ( -0.000000000000000000, -1.000000000000000000, -0.000000000000000000 ) ) ;
#1438 = EDGE_CURVE ( 'NONE', #2942, #3302, #2146, .T. ) ;
#1439 = AXIS2_PLACEMENT_3D ( 'NONE', #2531, #3412, #38 ) ;
#1440 = CARTESIAN_POINT ( 'NONE',  ( 0.3884683842054352243, -0.2076814580235085417, 0.000000000000000000 ) ) ;
#1441 = VERTEX_POINT ( 'NONE', #4672 ) ;
#1442 = EDGE_LOOP ( 'NONE', ( #2343, #1325, #1976, #4877 ) ) ;
#1443 = PRESENTATION_LAYER_ASSIGNMENT (  '', '', ( #3771 ) ) ;
#1444 = LINE ( 'NONE', #3906, #2791 ) ;
#1445 = CARTESIAN_POINT ( 'NONE',  ( 0.4287884054050294935, 0.1871592781600140976, 0.000000000000000000 ) ) ;
#1446 = CARTESIAN_POINT ( 'NONE',  ( -0.5421934162831522075, -0.04618490772564540908, 0.01000000000000000021 ) ) ;
#1447 = DIRECTION ( 'NONE',  ( 1.000000000000000000, 0.000000000000000000, 0.000000000000000000 ) ) ;
#1448 = UNCERTAINTY_MEASURE_WITH_UNIT (LENGTH_MEASURE( 1.000000000000000082E-05 ), #1098, 'distance_accuracy_value', 'NONE');
#1449 = DIRECTION ( 'NONE',  ( 0.000000000000000000, 0.000000000000000000, 1.000000000000000000 ) ) ;
#1450 =( NAMED_UNIT ( * ) SI_UNIT ( $, .STERADIAN. ) SOLID_ANGLE_UNIT ( ) );
#1451 = FACE_OUTER_BOUND ( 'NONE', #675, .T. ) ;
#1452 = ADVANCED_FACE ( 'NONE', ( #1372 ), #5279, .T. ) ;
#1453 = LINE ( 'NONE', #2651, #3462 ) ;
#1454 = LINE ( 'NONE', #3090, #1998 ) ;
#1455 = CARTESIAN_POINT ( 'NONE',  ( 0.5214956732940471129, -0.1413402132245773490, 0.000000000000000000 ) ) ;
#1456 =( NAMED_UNIT ( * ) SI_UNIT ( $, .STERADIAN. ) SOLID_ANGLE_UNIT ( ) );
#1457 = FILL_AREA_STYLE_COLOUR ( '', #3500 ) ;
#1458 = ORIENTED_EDGE ( 'NONE', *, *, #1504, .F. ) ;
#1459 = DIRECTION ( 'NONE',  ( -0.000000000000000000, -0.000000000000000000, 1.000000000000000000 ) ) ;
#1460 = SURFACE_STYLE_FILL_AREA ( #596 ) ;
#1461 = CIRCLE ( 'NONE', #3531, 0.2500000000000001110 ) ;
#1462 =( NAMED_UNIT ( * ) SI_UNIT ( $, .STERADIAN. ) SOLID_ANGLE_UNIT ( ) );
#1463 = MECHANICAL_DESIGN_GEOMETRIC_PRESENTATION_REPRESENTATION (  '', ( #3011 ), #1886 ) ;
#1464 = FACE_OUTER_BOUND ( 'NONE', #2094, .T. ) ;
#1465 = ORIENTED_EDGE ( 'NONE', *, *, #1315, .T. ) ;
#1466 = VERTEX_POINT ( 'NONE', #3207 ) ;
#1467 = MECHANICAL_DESIGN_GEOMETRIC_PRESENTATION_REPRESENTATION (  '', ( #4063 ), #1890 ) ;
#1468 = CARTESIAN_POINT ( 'NONE',  ( 0.5557028978404249253, 0.03276777422608700280, 0.000000000000000000 ) ) ;
#1469 = CARTESIAN_POINT ( 'NONE',  ( 0.6216301618330456469, 0.04054475102328410074, 0.000000000000000000 ) ) ;
#1470 = FILL_AREA_STYLE ('',( #3440 ) ) ;
#1471 =( LENGTH_UNIT ( ) NAMED_UNIT ( * ) SI_UNIT ( .MILLI., .METRE. ) );
#1472 = DIRECTION ( 'NONE',  ( 0.000000000000000000, 0.000000000000000000, 1.000000000000000000 ) ) ;
#1473 = CARTESIAN_POINT ( 'NONE',  ( -6.450000000000001954, 1.899999999999999911, 0.1999999999999998446 ) ) ;
#1474 = CARTESIAN_POINT ( 'NONE',  ( -0.3599914950894457233, 0.2431677591533806526, 0.01000000000000000021 ) ) ;
#1475 = CARTESIAN_POINT ( 'NONE',  ( -6.650000000000001243, 1.899999999999999911, 0.1000000000000002276 ) ) ;
#1476 = CARTESIAN_POINT ( 'NONE',  ( -6.450000000000001066, -1.899999999999999911, 0.1999999999999999833 ) ) ;
#1477 = STYLED_ITEM ( 'NONE', ( #4320 ), #1452 ) ;
#1478 = DIRECTION ( 'NONE',  ( -0.000000000000000000, -0.000000000000000000, -1.000000000000000000 ) ) ;
#1479 = FACE_OUTER_BOUND ( 'NONE', #2236, .T. ) ;
#1480 = CARTESIAN_POINT ( 'NONE',  ( -0.8618509091675159439, 0.1496148587671991825, 0.01000000000000000021 ) ) ;
#1481 = ADVANCED_FACE ( 'NONE', ( #4052 ), #1596, .F. ) ;
#1482 = LINE ( 'NONE', #4782, #4097 ) ;
#1483 = STYLED_ITEM ( 'NONE', ( #5109 ), #724 ) ;
#1484 =( NAMED_UNIT ( * ) PLANE_ANGLE_UNIT ( ) SI_UNIT ( $, .RADIAN. ) );
#1485 = LINE ( 'NONE', #3151, #2461 ) ;
#1486 = ORIENTED_EDGE ( 'NONE', *, *, #1889, .T. ) ;
#1487 = CARTESIAN_POINT ( 'NONE',  ( 0.3395867011185490503, 0.1927339685052878171, 0.01000000000000000021 ) ) ;
#1488 = VERTEX_POINT ( 'NONE', #1990 ) ;
#1489 = VECTOR ( 'NONE', #4638, 1000.000000000000000 ) ;
#1490 = CARTESIAN_POINT ( 'NONE',  ( 0.8573689796266557028, 6.000000000000000000, 0.01000000000000000021 ) ) ;
#1491 = EDGE_CURVE ( 'NONE', #3290, #2187, #693, .T. ) ;
#1492 = CARTESIAN_POINT ( 'NONE',  ( 0.4169399906617455853, -0.2621529127207085086, 0.01000000000000000021 ) ) ;
#1493 = UNCERTAINTY_MEASURE_WITH_UNIT (LENGTH_MEASURE( 1.000000000000000082E-05 ), #2362, 'distance_accuracy_value', 'NONE');
#1494 = EDGE_LOOP ( 'NONE', ( #3433, #354, #1297, #2990 ) ) ;
#1495 = ORIENTED_EDGE ( 'NONE', *, *, #2220, .F. ) ;
#1496 = STYLED_ITEM ( 'NONE', ( #4995 ), #4875 ) ;
#1497 = CARTESIAN_POINT ( 'NONE',  ( 0.5585884918217780548, -0.01196286072398678596, 0.000000000000000000 ) ) ;
#1498 = CARTESIAN_POINT ( 'NONE',  ( 0.3760073364169484456, -0.2077677367917399320, 0.000000000000000000 ) ) ;
#1499 = VECTOR ( 'NONE', #3039, 1000.000000000000000 ) ;
#1500 = SURFACE_STYLE_USAGE ( .BOTH. , #4311 ) ;
#1501 =( LENGTH_UNIT ( ) NAMED_UNIT ( * ) SI_UNIT ( .MILLI., .METRE. ) );
#1502 = EDGE_CURVE ( 'NONE', #4812, #1999, #667, .T. ) ;
#1503 = AXIS2_PLACEMENT_3D ( 'NONE', #4983, #3781, #4269 ) ;
#1504 = EDGE_CURVE ( 'NONE', #2107, #4624, #4477, .T. ) ;
#1505 = CARTESIAN_POINT ( 'NONE',  ( 6.000000000000001776, -0.2566274948703284875, 0.01000000000000000021 ) ) ;
#1506 = LINE ( 'NONE', #2847, #1404 ) ;
#1507 = CARTESIAN_POINT ( 'NONE',  ( 0.6250177196759576503, 0.01270627183471772885, 0.000000000000000000 ) ) ;
#1508 = CARTESIAN_POINT ( 'NONE',  ( -6.399999999999998579, -3.000000000000000000, 0.2999999999999999889 ) ) ;
#1509 = VECTOR ( 'NONE', #4952, 1000.000000000000000 ) ;
#1510 = CARTESIAN_POINT ( 'NONE',  ( -6.399999999999998579, -3.000000000000000000, 0.000000000000000000 ) ) ;
#1511 = ORIENTED_EDGE ( 'NONE', *, *, #1656, .T. ) ;
#1512 =( NAMED_UNIT ( * ) SI_UNIT ( $, .STERADIAN. ) SOLID_ANGLE_UNIT ( ) );
#1513 = FILL_AREA_STYLE ('',( #168 ) ) ;
#1514 = CARTESIAN_POINT ( 'NONE',  ( -6.400000000000001243, 1.899999999999999911, 3.000000000000000000 ) ) ;
#1515 = CARTESIAN_POINT ( 'NONE',  ( -0.5042843491630214503, 0.1283575384314565582, 0.000000000000000000 ) ) ;
#1516 = ORIENTED_EDGE ( 'NONE', *, *, #2835, .F. ) ;
#1517 = ORIENTED_EDGE ( 'NONE', *, *, #4145, .F. ) ;
#1518 = EDGE_CURVE ( 'NONE', #2751, #114, #3176, .T. ) ;
#1519 = ORIENTED_EDGE ( 'NONE', *, *, #3793, .F. ) ;
#1520 = EDGE_LOOP ( 'NONE', ( #4904, #4654, #3240, #3702 ) ) ;
#1521 = DIRECTION ( 'NONE',  ( 0.000000000000000000, -0.000000000000000000, 1.000000000000000000 ) ) ;
#1522 = AXIS2_PLACEMENT_3D ( 'NONE', #3234, #4505, #348 ) ;
#1523 = CARTESIAN_POINT ( 'NONE',  ( -0.8610951972026124057, 0.1473359197638181295, 0.000000000000000000 ) ) ;
#1524 = DIRECTION ( 'NONE',  ( 0.000000000000000000, 0.000000000000000000, 1.000000000000000000 ) ) ;
#1525 = CARTESIAN_POINT ( 'NONE',  ( 6.399999999999998579, 3.000000000000000000, 0.000000000000000000 ) ) ;
#1526 = MECHANICAL_DESIGN_GEOMETRIC_PRESENTATION_REPRESENTATION (  '', ( #1094 ), #3245 ) ;
#1527 = SURFACE_STYLE_FILL_AREA ( #738 ) ;
#1528 = DIRECTION ( 'NONE',  ( 3.497426362856468202E-17, 0.000000000000000000, -1.000000000000000000 ) ) ;
#1529 = UNCERTAINTY_MEASURE_WITH_UNIT (LENGTH_MEASURE( 1.000000000000000082E-05 ), #2428, 'distance_accuracy_value', 'NONE');
#1530 = CARTESIAN_POINT ( 'NONE',  ( -0.3715324657408666797, 0.1880620884350334421, 0.01000000000000000021 ) ) ;
#1531 =( GEOMETRIC_REPRESENTATION_CONTEXT ( 3 ) GLOBAL_UNCERTAINTY_ASSIGNED_CONTEXT ( ( #5104 ) ) GLOBAL_UNIT_ASSIGNED_CONTEXT ( ( #4907, #2759, #2785 ) ) REPRESENTATION_CONTEXT ( 'NONE', 'WORKASPACE' ) );
#1532 = CARTESIAN_POINT ( 'NONE',  ( -1.099948093544075745, -0.2566274948703282655, 0.000000000000000000 ) ) ;
#1533 = PRESENTATION_STYLE_ASSIGNMENT (( #2358 ) ) ;
#1534 = CARTESIAN_POINT ( 'NONE',  ( -0.5186048871328637899, -0.2032237403867457604, 0.009999999999999995004 ) ) ;
#1535 = CARTESIAN_POINT ( 'NONE',  ( 0.2675384637231686402, -0.1836234058312286865, 0.01000000000000000021 ) ) ;
#1536 =( NAMED_UNIT ( * ) SI_UNIT ( $, .STERADIAN. ) SOLID_ANGLE_UNIT ( ) );
#1537 = CARTESIAN_POINT ( 'NONE',  ( 6.000000000000001776, 0.2433725051296719843, 0.01000000000000000021 ) ) ;
#1538 = DIRECTION ( 'NONE',  ( -0.000000000000000000, -0.000000000000000000, -1.000000000000000000 ) ) ;
#1539 = CARTESIAN_POINT ( 'NONE',  ( -0.3456607459831002038, -0.2566274948703282655, 0.000000000000000000 ) ) ;
#1540 = ORIENTED_EDGE ( 'NONE', *, *, #4604, .T. ) ;
#1541 =( NAMED_UNIT ( * ) PLANE_ANGLE_UNIT ( ) SI_UNIT ( $, .RADIAN. ) );
#1542 = SURFACE_SIDE_STYLE ('',( #4481 ) ) ;
#1543 =( NAMED_UNIT ( * ) SI_UNIT ( $, .STERADIAN. ) SOLID_ANGLE_UNIT ( ) );
#1544 = CARTESIAN_POINT ( 'NONE',  ( -0.3918626361585413331, 0.1858349535462232582, 0.009999999999999998473 ) ) ;
#1545 = VERTEX_POINT ( 'NONE', #4003 ) ;
#1546 = ORIENTED_EDGE ( 'NONE', *, *, #198, .F. ) ;
#1547 = ORIENTED_EDGE ( 'NONE', *, *, #3714, .F. ) ;
#1548 = EDGE_LOOP ( 'NONE', ( #2210, #4905, #26, #1546 ) ) ;
#1549 = AXIS2_PLACEMENT_3D ( 'NONE', #3082, #1851, #1449 ) ;
#1550 = EDGE_CURVE ( 'NONE', #4305, #4411, #4836, .T. ) ;
#1551 = COLOUR_RGB ( '',0.8313725490196077761, 0.8313725490196077761, 0.8196078431372548767 ) ;
#1552 = CARTESIAN_POINT ( 'NONE',  ( 0.6256616625534853204, -0.01605965950447456672, 0.000000000000000000 ) ) ;
#1553 = LINE ( 'NONE', #2813, #1148 ) ;
#1554 = B_SPLINE_CURVE_WITH_KNOTS ( 'NONE', 3,
 ( #5148, #4728, #4703, #998, #4673, #1748, #975, #5174, #1455, #1347, #3092, #2655, #567, #2179, #3484, #2600, #4321, #921, #1430 ),
 .UNSPECIFIED., .F., .F.,
 ( 4, 1, 1, 1, 1, 1, 1, 1, 1, 1, 1, 1, 1, 1, 1, 1, 4 ),
 ( 0.000000000000000000, 0.07377411937406352926, 0.1440791147260412630, 0.2113485183089115205, 0.2760768857398837040, 0.3385209158196765822, 0.3998851166931335355, 0.4602540674652130792, 0.5205889643912479103, 0.5802076845630441682, 0.6386329085525458416, 0.6963645494905240652, 0.7540017746600128357, 0.8128056813744980458, 0.8727544255255607064, 0.9351819969782670938, 1.000000000000000000 ),
 .UNSPECIFIED. ) ;
#1555 = CARTESIAN_POINT ( 'NONE',  ( 6.400000000000002132, 5.999999999999997335, 6.000000000000000000 ) ) ;
#1556 = PRESENTATION_LAYER_ASSIGNMENT (  '', '', ( #4663 ) ) ;
#1557 =( NAMED_UNIT ( * ) SI_UNIT ( $, .STERADIAN. ) SOLID_ANGLE_UNIT ( ) );
#1558 = DIRECTION ( 'NONE',  ( -0.000000000000000000, -0.000000000000000000, -1.000000000000000000 ) ) ;
#1559 = DIRECTION ( 'NONE',  ( 0.000000000000000000, 0.000000000000000000, 1.000000000000000000 ) ) ;
#1560 = VECTOR ( 'NONE', #4209, 1000.000000000000000 ) ;
#1561 = FILL_AREA_STYLE_COLOUR ( '', #5331 ) ;
#1562 = CARTESIAN_POINT ( 'NONE',  ( -0.6079275647794407655, -0.05531088205267490482, 0.000000000000000000 ) ) ;
#1563 = LINE ( 'NONE', #3947, #3640 ) ;
#1564 = CARTESIAN_POINT ( 'NONE',  ( -0.8610951972026124057, 0.1473359197638181295, 0.000000000000000000 ) ) ;
#1565 = DIRECTION ( 'NONE',  ( 0.000000000000000000, 0.000000000000000000, -1.000000000000000000 ) ) ;
#1566 = FILL_AREA_STYLE_COLOUR ( '', #220 ) ;
#1567 = PRESENTATION_STYLE_ASSIGNMENT (( #3123 ) ) ;
#1568 = FILL_AREA_STYLE ('',( #3617 ) ) ;
#1569 = FILL_AREA_STYLE_COLOUR ( '', #2312 ) ;
#1570 = CARTESIAN_POINT ( 'NONE',  ( 0.3820450466998267514, -0.2078470070654502011, 0.009999999999999998473 ) ) ;
#1571 = EDGE_CURVE ( 'NONE', #5121, #1974, #746, .T. ) ;
#1572 = DIRECTION ( 'NONE',  ( 0.000000000000000000, 0.000000000000000000, 1.000000000000000000 ) ) ;
#1573 = CARTESIAN_POINT ( 'NONE',  ( -0.5450700447635880019, -0.001768500967889215930, 0.000000000000000000 ) ) ;
#1574 = EDGE_CURVE ( 'NONE', #52, #3596, #2390, .T. ) ;
#1575 = EDGE_LOOP ( 'NONE', ( #2521, #5044, #251, #4191 ) ) ;
#1576 =( GEOMETRIC_REPRESENTATION_CONTEXT ( 3 ) GLOBAL_UNCERTAINTY_ASSIGNED_CONTEXT ( ( #1960 ) ) GLOBAL_UNIT_ASSIGNED_CONTEXT ( ( #4720, #4364, #2353 ) ) REPRESENTATION_CONTEXT ( 'NONE', 'WORKASPACE' ) );
#1577 = ORIENTED_EDGE ( 'NONE', *, *, #1091, .T. ) ;
#1578 = VERTEX_POINT ( 'NONE', #243 ) ;
#1579 = STYLED_ITEM ( 'NONE', ( #863 ), #4445 ) ;
#1580 = CARTESIAN_POINT ( 'NONE',  ( -0.4293717595978461810, 0.1769048762944299968, 0.000000000000000000 ) ) ;
#1581 = LINE ( 'NONE', #3575, #2037 ) ;
#1582 = CARTESIAN_POINT ( 'NONE',  ( 0.08907629669982670972, 0.1884944563491839642, 0.000000000000000000 ) ) ;
#1583 = COLOUR_RGB ( '',0.8313725490196077761, 0.8313725490196077761, 0.8196078431372548767 ) ;
#1584 = UNCERTAINTY_MEASURE_WITH_UNIT (LENGTH_MEASURE( 1.000000000000000082E-05 ), #5224, 'distance_accuracy_value', 'NONE');
#1585 = B_SPLINE_SURFACE_WITH_KNOTS ( 'NONE', 3, 1, ( 
 ( #1688, #1357 ),
 ( #1277, #3000 ),
 ( #470, #4656 ),
 ( #960, #2921 ),
 ( #4570, #871 ),
 ( #2498, #4176 ),
 ( #3766, #2952 ),
 ( #4600, #2191 ),
 ( #3850, #5137 ),
 ( #175, #1813 ),
 ( #1413, #3466 ),
 ( #3877, #2178 ),
 ( #5038, #535 ),
 ( #2991, #162 ),
 ( #3450, #1021 ),
 ( #3483, #107 ),
 ( #1398, #1827 ),
 ( #5122, #3840 ),
 ( #3811, #3783 ) ),
 .UNSPECIFIED., .F., .F., .F.,
 ( 4, 1, 1, 1, 1, 1, 1, 1, 1, 1, 1, 1, 1, 1, 1, 1, 4 ),
 ( 2, 2 ),
 ( 0.000000000000000000, 0.06783324845577334838, 0.1326555365079039872, 0.1950508840508277386, 0.2555829330687771628, 0.3147998341472899031, 0.3736004728263745966, 0.4325455953267436371, 0.4924306292835655130, 0.5526712559629695098, 0.6125130441881163623, 0.6726102503570063895, 0.7338383693139459707, 0.7965942385677738935, 0.8614497992905731927, 0.9291989423509054991, 1.000000000000000000 ),
 ( 0.000000000000000000, 1.000000000000000000 ),
 .UNSPECIFIED. ) ;
#1586 = FILL_AREA_STYLE_COLOUR ( '', #23 ) ;
#1587 =( GEOMETRIC_REPRESENTATION_CONTEXT ( 3 ) GLOBAL_UNCERTAINTY_ASSIGNED_CONTEXT ( ( #7 ) ) GLOBAL_UNIT_ASSIGNED_CONTEXT ( ( #5336, #4031, #4538 ) ) REPRESENTATION_CONTEXT ( 'NONE', 'WORKASPACE' ) );
#1588 = CARTESIAN_POINT ( 'NONE',  ( -0.8714112586184431519, 0.1785532083880773391, 0.000000000000000000 ) ) ;
#1589 = FILL_AREA_STYLE ('',( #4045 ) ) ;
#1590 = AXIS2_PLACEMENT_3D ( 'NONE', #4215, #5036, #2597 ) ;
#1591 = EDGE_CURVE ( 'NONE', #4293, #3956, #1482, .T. ) ;
#1592 = CARTESIAN_POINT ( 'NONE',  ( -0.4014171914784299133, -0.2526257689139837503, 0.000000000000000000 ) ) ;
#1593 = CARTESIAN_POINT ( 'NONE',  ( 0.6683445893827539841, 6.000000000000000000, 0.01000000000000000021 ) ) ;
#1594 = PRESENTATION_LAYER_ASSIGNMENT (  '', '', ( #4780 ) ) ;
#1595 = CARTESIAN_POINT ( 'NONE',  ( 0.3655266037963349479, 0.1945122470266242853, 0.000000000000000000 ) ) ;
#1596 = PLANE ( 'NONE',  #2875 ) ;
#1597 = CARTESIAN_POINT ( 'NONE',  ( 6.450000000000001954, 1.899999999999999911, 3.050000000000000266 ) ) ;
#1598 = CARTESIAN_POINT ( 'NONE',  ( -0.4044145999931318403, 0.2397168321761427023, 0.000000000000000000 ) ) ;
#1599 = PLANE ( 'NONE',  #873 ) ;
#1600 = VECTOR ( 'NONE', #2433, 1000.000000000000000 ) ;
#1601 = CARTESIAN_POINT ( 'NONE',  ( 0.5585884918217782769, -0.01196286072398678596, 0.01000000000000000021 ) ) ;
#1602 = DIRECTION ( 'NONE',  ( 0.000000000000000000, -1.000000000000000000, 0.000000000000000000 ) ) ;
#1603 = CARTESIAN_POINT ( 'NONE',  ( -0.5379565689571452758, 0.06251237245605097137, 0.009999999999999998473 ) ) ;
#1604 = PRESENTATION_LAYER_ASSIGNMENT (  '', '', ( #3232 ) ) ;
#1605 = ORIENTED_EDGE ( 'NONE', *, *, #263, .T. ) ;
#1606 = VERTEX_POINT ( 'NONE', #4373 ) ;
#1607 = VERTEX_POINT ( 'NONE', #3969 ) ;
#1608 = CARTESIAN_POINT ( 'NONE',  ( 0.3157061801584422622, -0.2549360179985092900, 0.01000000000000000021 ) ) ;
#1609 = CARTESIAN_POINT ( 'NONE',  ( -0.8707179106172465710, 0.1823968953735742027, 0.000000000000000000 ) ) ;
#1610 = FILL_AREA_STYLE ('',( #5321 ) ) ;
#1611 = MECHANICAL_DESIGN_GEOMETRIC_PRESENTATION_REPRESENTATION (  '', ( #3321 ), #4282 ) ;
#1612 = PLANE ( 'NONE',  #807 ) ;
#1613 =( LENGTH_UNIT ( ) NAMED_UNIT ( * ) SI_UNIT ( .MILLI., .METRE. ) );
#1614 = CARTESIAN_POINT ( 'NONE',  ( 0.8573689796266560359, 0.2433725051296717623, 0.000000000000000000 ) ) ;
#1615 = PRESENTATION_LAYER_ASSIGNMENT (  '', '', ( #577 ) ) ;
#1616 = CARTESIAN_POINT ( 'NONE',  ( -0.5940453358076497326, -0.1050757909431960790, 0.000000000000000000 ) ) ;
#1617 = CARTESIAN_POINT ( 'NONE',  ( -5.999999999999995559, -6.400000000000000355, 0.000000000000000000 ) ) ;
#1618 = EDGE_CURVE ( 'NONE', #5367, #4988, #1902, .T. ) ;
#1619 = SURFACE_STYLE_USAGE ( .BOTH. , #1209 ) ;
#1620 = CARTESIAN_POINT ( 'NONE',  ( -0.3780025279000661653, 0.2427663097976152651, 0.009999999999999995004 ) ) ;
#1621 = SURFACE_SIDE_STYLE ('',( #2413 ) ) ;
#1622 = CARTESIAN_POINT ( 'NONE',  ( 6.000000000000001776, 0.02386031000772056293, 0.01000000000000000021 ) ) ;
#1623 = PRESENTATION_STYLE_ASSIGNMENT (( #779 ) ) ;
#1624 = ORIENTED_EDGE ( 'NONE', *, *, #926, .F. ) ;
#1625 = VERTEX_POINT ( 'NONE', #71 ) ;
#1626 = LINE ( 'NONE', #115, #5018 ) ;
#1627 = DIRECTION ( 'NONE',  ( -0.000000000000000000, -0.000000000000000000, -1.000000000000000000 ) ) ;
#1628 = CARTESIAN_POINT ( 'NONE',  ( -4.900000000000001243, -1.899999999999999911, 0.2000000000000000389 ) ) ;
#1629 = AXIS2_PLACEMENT_3D ( 'NONE', #2801, #2392, #3285 ) ;
#1630 = UNCERTAINTY_MEASURE_WITH_UNIT (LENGTH_MEASURE( 1.000000000000000082E-05 ), #846, 'distance_accuracy_value', 'NONE');
#1631 = SURFACE_SIDE_STYLE ('',( #5348 ) ) ;
#1632 = SURFACE_SIDE_STYLE ('',( #3249 ) ) ;
#1633 = UNCERTAINTY_MEASURE_WITH_UNIT (LENGTH_MEASURE( 1.000000000000000082E-05 ), #625, 'distance_accuracy_value', 'NONE');
#1634 = CARTESIAN_POINT ( 'NONE',  ( -0.8778111836653070821, 0.1493308369903732780, 0.01000000000000000021 ) ) ;
#1635 = VECTOR ( 'NONE', #530, 1000.000000000000000 ) ;
#1636 = CARTESIAN_POINT ( 'NONE',  ( 6.399999999999999467, 1.899999999999999911, 3.149999999999999911 ) ) ;
#1637 = EDGE_CURVE ( 'NONE', #627, #1350, #882, .T. ) ;
#1638 = EDGE_LOOP ( 'NONE', ( #4960, #4649, #4384, #408 ) ) ;
#1639 = SURFACE_STYLE_FILL_AREA ( #2982 ) ;
#1640 = VECTOR ( 'NONE', #1729, 1000.000000000000000 ) ;
#1641 = UNCERTAINTY_MEASURE_WITH_UNIT (LENGTH_MEASURE( 1.000000000000000082E-05 ), #1754, 'distance_accuracy_value', 'NONE');
#1642 = CARTESIAN_POINT ( 'NONE',  ( -0.5553554877011305235, -0.1687901796784003483, 0.009999999999999995004 ) ) ;
#1643 = CARTESIAN_POINT ( 'NONE',  ( 0.2537104430412901457, -0.1758348119434989532, 0.000000000000000000 ) ) ;
#1644 = FILL_AREA_STYLE ('',( #3693 ) ) ;
#1645 = FILL_AREA_STYLE ('',( #4076 ) ) ;
#1646 = VECTOR ( 'NONE', #589, 1000.000000000000000 ) ;
#1647 = LINE ( 'NONE', #3281, #1509 ) ;
#1648 =( GEOMETRIC_REPRESENTATION_CONTEXT ( 3 ) GLOBAL_UNCERTAINTY_ASSIGNED_CONTEXT ( ( #3357 ) ) GLOBAL_UNIT_ASSIGNED_CONTEXT ( ( #2073, #4173, #495 ) ) REPRESENTATION_CONTEXT ( 'NONE', 'WORKASPACE' ) );
#1649 = CARTESIAN_POINT ( 'NONE',  ( -0.3508055630562709193, 0.2433725051296717623, 0.009999999999999995004 ) ) ;
#1650 = CARTESIAN_POINT ( 'NONE',  ( 0.5580781391816523884, 0.01079955251651022741, 0.01000000000000000021 ) ) ;
#1651 = CARTESIAN_POINT ( 'NONE',  ( -6.450000000000001954, 1.899999999999999911, 0.2999999999999999889 ) ) ;
#1652 = SURFACE_STYLE_USAGE ( .BOTH. , #5040 ) ;
#1653 = DIRECTION ( 'NONE',  ( 0.000000000000000000, 1.000000000000000000, 0.000000000000000000 ) ) ;
#1654 = VERTEX_POINT ( 'NONE', #16 ) ;
#1655 = EDGE_LOOP ( 'NONE', ( #4607, #4383, #4846, #4714 ) ) ;
#1656 = EDGE_CURVE ( 'NONE', #3097, #2643, #2113, .T. ) ;
#1657 = CARTESIAN_POINT ( 'NONE',  ( 0.3295414918584877451, -0.2035933393641764788, 0.000000000000000000 ) ) ;
#1658 = CARTESIAN_POINT ( 'NONE',  ( 0.2576905047966172035, 0.2312685877499865983, 0.000000000000000000 ) ) ;
#1659 = CARTESIAN_POINT ( 'NONE',  ( 0.4240903086019965906, 0.2453238012137187174, 0.009999999999999998473 ) ) ;
#1660 = COLOUR_RGB ( '',0.8313725490196077761, 0.8313725490196077761, 0.8196078431372548767 ) ;
#1661 = CARTESIAN_POINT ( 'NONE',  ( 6.000000000000001776, -0.2017494460898406061, 0.01000000000000000021 ) ) ;
#1662 = CARTESIAN_POINT ( 'NONE',  ( 0.4930632788256290033, 0.1520005745046409118, 0.000000000000000000 ) ) ;
#1663 = CARTESIAN_POINT ( 'NONE',  ( -0.6121432154952951565, -0.0003393851142306780755, 0.01000000000000000021 ) ) ;
#1664 = STYLED_ITEM ( 'NONE', ( #5164 ), #4751 ) ;
#1665 = FILL_AREA_STYLE_COLOUR ( '', #2541 ) ;
#1666 = EDGE_LOOP ( 'NONE', ( #2163, #1465, #1680, #1720 ) ) ;
#1667 = DIRECTION ( 'NONE',  ( 0.000000000000000000, 0.000000000000000000, 1.000000000000000000 ) ) ;
#1668 = ADVANCED_FACE ( 'NONE', ( #3363 ), #4919, .F. ) ;
#1669 = DIRECTION ( 'NONE',  ( -1.000000000000000000, -0.000000000000000000, -0.000000000000000000 ) ) ;
#1670 =( GEOMETRIC_REPRESENTATION_CONTEXT ( 3 ) GLOBAL_UNCERTAINTY_ASSIGNED_CONTEXT ( ( #872 ) ) GLOBAL_UNIT_ASSIGNED_CONTEXT ( ( #3414, #4662, #2224 ) ) REPRESENTATION_CONTEXT ( 'NONE', 'WORKASPACE' ) );
#1672 = EDGE_CURVE ( 'NONE', #896, #2187, #4503, .T. ) ;
#1671 = B_SPLINE_SURFACE_WITH_KNOTS ( 'NONE', 3, 1, ( 
 ( #520, #2158 ),
 ( #5078, #4653 ),
 ( #226, #5106 ),
 ( #143, #1007 ),
 ( #3463, #4331 ),
 ( #957, #2577 ),
 ( #2272, #1411 ),
 ( #199, #5181 ),
 ( #4628, #1810 ),
 ( #3076, #1838 ),
 ( #4683, #4736 ),
 ( #931, #2612 ),
 ( #2641, #4304 ),
 ( #4249, #1780 ),
 ( #600, #4278 ),
 ( #3874, #5133 ),
 ( #2243, #3497 ),
 ( #1440, #2020 ),
 ( #3674, #1570 ) ),
 .UNSPECIFIED., .F., .F., .F.,
 ( 4, 1, 1, 1, 1, 1, 1, 1, 1, 1, 1, 1, 1, 1, 1, 1, 4 ),
 ( 2, 2 ),
 ( 0.000000000000000000, 0.07377411937406352926, 0.1440791147260412630, 0.2113485183089115205, 0.2760768857398837040, 0.3385209158196765822, 0.3998851166931335355, 0.4602540674652130792, 0.5205889643912479103, 0.5802076845630441682, 0.6386329085525458416, 0.6963645494905240652, 0.7540017746600128357, 0.8128056813744980458, 0.8727544255255607064, 0.9351819969782670938, 1.000000000000000000 ),
 ( 0.000000000000000000, 1.000000000000000000 ),
 .UNSPECIFIED. ) ;
#1673 = CARTESIAN_POINT ( 'NONE',  ( -0.4014171914784299133, -0.2526257689139837503, 0.01000000000000000021 ) ) ;
#1674 = STYLED_ITEM ( 'NONE', ( #3273 ), #4894 ) ;
#1675 = CARTESIAN_POINT ( 'NONE',  ( -0.4982046459400311100, 0.2064298897717288528, 0.000000000000000000 ) ) ;
#1676 =( LENGTH_UNIT ( ) NAMED_UNIT ( * ) SI_UNIT ( .MILLI., .METRE. ) );
#1677 = CARTESIAN_POINT ( 'NONE',  ( 6.400000000000002132, 1.899999999999999689, 3.149999999999999911 ) ) ;
#1678 = CARTESIAN_POINT ( 'NONE',  ( 0.3096047109513447304, 0.1867350799382578586, 0.01000000000000000021 ) ) ;
#1679 = VECTOR ( 'NONE', #685, 1000.000000000000000 ) ;
#1680 = ORIENTED_EDGE ( 'NONE', *, *, #3177, .F. ) ;
#1681 = ORIENTED_EDGE ( 'NONE', *, *, #930, .F. ) ;
#1682 = PRESENTATION_LAYER_ASSIGNMENT (  '', '', ( #5319 ) ) ;
#1683 = SURFACE_STYLE_USAGE ( .BOTH. , #2865 ) ;
#1684 = ADVANCED_FACE ( 'NONE', ( #2509 ), #2907, .F. ) ;
#1685 = ADVANCED_FACE ( 'NONE', ( #2084 ), #5005, .T. ) ;
#1686 = PLANE ( 'NONE',  #236 ) ;
#1687 = CARTESIAN_POINT ( 'NONE',  ( -0.4766016520376250010, 0.2179832356343499866, 0.000000000000000000 ) ) ;
#1688 = CARTESIAN_POINT ( 'NONE',  ( 0.3912866625534853204, -0.2627250558459380270, 0.000000000000000000 ) ) ;
#1689 = ORIENTED_EDGE ( 'NONE', *, *, #5269, .F. ) ;
#1690 =( NAMED_UNIT ( * ) PLANE_ANGLE_UNIT ( ) SI_UNIT ( $, .RADIAN. ) );
#1691 = CARTESIAN_POINT ( 'NONE',  ( -6.399999999999998579, 3.000000000000000000, 0.000000000000000000 ) ) ;
#1692 = DIRECTION ( 'NONE',  ( 1.000000000000000000, 0.000000000000000000, 0.000000000000000000 ) ) ;
#1693 =( GEOMETRIC_REPRESENTATION_CONTEXT ( 3 ) GLOBAL_UNCERTAINTY_ASSIGNED_CONTEXT ( ( #2870 ) ) GLOBAL_UNIT_ASSIGNED_CONTEXT ( ( #3508, #3913, #3141 ) ) REPRESENTATION_CONTEXT ( 'NONE', 'WORKASPACE' ) );
#1694 = CARTESIAN_POINT ( 'NONE',  ( -0.4304654997848156861, -0.1890194483990974839, 0.000000000000000000 ) ) ;
#1695 = FILL_AREA_STYLE ('',( #49 ) ) ;
#1696 = CARTESIAN_POINT ( 'NONE',  ( 0.6160717326313180919, 0.06694174875088169940, 0.01000000000000000021 ) ) ;
#1697 = ORIENTED_EDGE ( 'NONE', *, *, #378, .T. ) ;
#1698 = VECTOR ( 'NONE', #3632, 1000.000000000000000 ) ;
#1699 = CARTESIAN_POINT ( 'NONE',  ( 0.2581506358551695635, 0.1651599086985820475, 0.000000000000000000 ) ) ;
#1700 = PLANE ( 'NONE',  #3907 ) ;
#1701 = ORIENTED_EDGE ( 'NONE', *, *, #4298, .F. ) ;
#1702 =( GEOMETRIC_REPRESENTATION_CONTEXT ( 3 ) GLOBAL_UNCERTAINTY_ASSIGNED_CONTEXT ( ( #1779 ) ) GLOBAL_UNIT_ASSIGNED_CONTEXT ( ( #2714, #4376, #5254 ) ) REPRESENTATION_CONTEXT ( 'NONE', 'WORKASPACE' ) );
#1703 = EDGE_LOOP ( 'NONE', ( #2604, #5316, #3126, #3592 ) ) ;
#1704 = FILL_AREA_STYLE ('',( #4170 ) ) ;
#1705 = ORIENTED_EDGE ( 'NONE', *, *, #218, .F. ) ;
#1706 = FACE_OUTER_BOUND ( 'NONE', #2090, .T. ) ;
#1707 = EDGE_CURVE ( 'NONE', #670, #626, #2592, .T. ) ;
#1708 = CARTESIAN_POINT ( 'NONE',  ( 0.6012289115724571698, -0.1382455549803109363, 0.01000000000000000021 ) ) ;
#1709 = DIRECTION ( 'NONE',  ( 0.000000000000000000, 1.000000000000000000, 0.000000000000000000 ) ) ;
#1710 = ORIENTED_EDGE ( 'NONE', *, *, #4844, .T. ) ;
#1711 = LINE ( 'NONE', #3800, #1246 ) ;
#1712 = EDGE_CURVE ( 'NONE', #1607, #2966, #5058, .T. ) ;
#1713 = CARTESIAN_POINT ( 'NONE',  ( 0.2678535752150043026, -0.2385192938565816045, 0.01000000000000000021 ) ) ;
#1714 = CARTESIAN_POINT ( 'NONE',  ( -0.8610951972026124057, 0.1473359197638181295, 0.000000000000000000 ) ) ;
#1715 = FILL_AREA_STYLE ('',( #2933 ) ) ;
#1716 = AXIS2_PLACEMENT_3D ( 'NONE', #5155, #1437, #3074 ) ;
#1717 = SURFACE_STYLE_USAGE ( .BOTH. , #4291 ) ;
#1718 = FACE_OUTER_BOUND ( 'NONE', #1520, .T. ) ;
#1719 = LINE ( 'NONE', #20, #207 ) ;
#1720 = ORIENTED_EDGE ( 'NONE', *, *, #5365, .F. ) ;
#1721 = CARTESIAN_POINT ( 'NONE',  ( 0.2537104430412901457, 6.000000000000000000, 0.01000000000000000021 ) ) ;
#1722 = VECTOR ( 'NONE', #3675, 1000.000000000000114 ) ;
#1723 = MECHANICAL_DESIGN_GEOMETRIC_PRESENTATION_REPRESENTATION (  '', ( #347 ), #4488 ) ;
#1724 = FACE_OUTER_BOUND ( 'NONE', #3955, .T. ) ;
#1725 = DIRECTION ( 'NONE',  ( -0.3635424856527064152, -0.9315776194850602376, 0.000000000000000000 ) ) ;
#1726 = ORIENTED_EDGE ( 'NONE', *, *, #1119, .F. ) ;
#1727 = VERTEX_POINT ( 'NONE', #4210 ) ;
#1728 = EDGE_CURVE ( 'NONE', #1420, #307, #5115, .T. ) ;
#1729 = DIRECTION ( 'NONE',  ( -1.000000000000000000, 0.000000000000000000, 0.000000000000000000 ) ) ;
#1730 = EDGE_CURVE ( 'NONE', #588, #696, #4696, .T. ) ;
#1731 =( NAMED_UNIT ( * ) PLANE_ANGLE_UNIT ( ) SI_UNIT ( $, .RADIAN. ) );
#1732 = EDGE_LOOP ( 'NONE', ( #384, #5127, #5211, #2876 ) ) ;
#1733 = MECHANICAL_DESIGN_GEOMETRIC_PRESENTATION_REPRESENTATION (  '', ( #1389 ), #2675 ) ;
#1734 = ORIENTED_EDGE ( 'NONE', *, *, #1502, .T. ) ;
#1735 = SURFACE_STYLE_FILL_AREA ( #94 ) ;
#1736 = CARTESIAN_POINT ( 'NONE',  ( 6.450000000000001066, -1.899999999999999911, 3.149999999999999911 ) ) ;
#1737 = VECTOR ( 'NONE', #4395, 1000.000000000000000 ) ;
#1738 = CARTESIAN_POINT ( 'NONE',  ( -0.09994809354407600821, 0.1884944563491841307, 0.01000000000000000021 ) ) ;
#1739 = PRESENTATION_LAYER_ASSIGNMENT (  '', '', ( #5206 ) ) ;
#1740 = UNCERTAINTY_MEASURE_WITH_UNIT (LENGTH_MEASURE( 1.000000000000000082E-05 ), #5061, 'distance_accuracy_value', 'NONE');
#1741 = FILL_AREA_STYLE ('',( #100 ) ) ;
#1742 = FILL_AREA_STYLE_COLOUR ( '', #1002 ) ;
#1743 = EDGE_CURVE ( 'NONE', #3187, #2396, #2475, .T. ) ;
#1744 = CARTESIAN_POINT ( 'NONE',  ( 0.3216882922082474061, 0.2468849848631615718, 0.01000000000000000021 ) ) ;
#1745 = COLOUR_RGB ( '',0.8313725490196077761, 0.8313725490196077761, 0.8196078431372548767 ) ;
#1746 = ORIENTED_EDGE ( 'NONE', *, *, #5138, .F. ) ;
#1747 = FILL_AREA_STYLE_COLOUR ( '', #286 ) ;
#1748 = CARTESIAN_POINT ( 'NONE',  ( 0.5467657078079576349, -0.09264361394228345925, 0.000000000000000000 ) ) ;
#1749 = VECTOR ( 'NONE', #4825, 1000.000000000000000 ) ;
#1750 = CARTESIAN_POINT ( 'NONE',  ( -0.9048261423245637092, 0.2433725051296717623, 0.000000000000000000 ) ) ;
#1751 = ORIENTED_EDGE ( 'NONE', *, *, #5105, .T. ) ;
#1752 =( GEOMETRIC_REPRESENTATION_CONTEXT ( 3 ) GLOBAL_UNCERTAINTY_ASSIGNED_CONTEXT ( ( #4834 ) ) GLOBAL_UNIT_ASSIGNED_CONTEXT ( ( #2823, #2309, #3149 ) ) REPRESENTATION_CONTEXT ( 'NONE', 'WORKASPACE' ) );
#1753 = ORIENTED_EDGE ( 'NONE', *, *, #3903, .F. ) ;
#1754 =( LENGTH_UNIT ( ) NAMED_UNIT ( * ) SI_UNIT ( .MILLI., .METRE. ) );
#1755 = EDGE_CURVE ( 'NONE', #626, #3882, #185, .T. ) ;
#1756 = ORIENTED_EDGE ( 'NONE', *, *, #4997, .F. ) ;
#1757 = ORIENTED_EDGE ( 'NONE', *, *, #2397, .T. ) ;
#1758 = PRESENTATION_STYLE_ASSIGNMENT (( #3792 ) ) ;
#1759 = PRESENTATION_STYLE_ASSIGNMENT (( #3436 ) ) ;
#1760 = VECTOR ( 'NONE', #400, 1000.000000000000000 ) ;
#1761 = ORIENTED_EDGE ( 'NONE', *, *, #3652, .T. ) ;
#1762 =( NAMED_UNIT ( * ) SI_UNIT ( $, .STERADIAN. ) SOLID_ANGLE_UNIT ( ) );
#1763 = PRESENTATION_STYLE_ASSIGNMENT (( #3883 ) ) ;
#1764 = LINE ( 'NONE', #3416, #851 ) ;
#1765 = DIRECTION ( 'NONE',  ( -0.000000000000000000, -0.000000000000000000, 1.000000000000000000 ) ) ;
#1766 = PLANE ( 'NONE',  #2211 ) ;
#1767 = DIRECTION ( 'NONE',  ( 0.3222024856061136422, -0.9466707760722531395, 0.000000000000000000 ) ) ;
#1768 = DIRECTION ( 'NONE',  ( 0.000000000000000000, 1.000000000000000000, -0.000000000000000000 ) ) ;
#1769 = LINE ( 'NONE', #1291, #4928 ) ;
#1770 = ORIENTED_EDGE ( 'NONE', *, *, #2114, .F. ) ;
#1771 = CARTESIAN_POINT ( 'NONE',  ( 6.400000000000001243, 1.899999999999999911, 3.000000000000000000 ) ) ;
#1772 = DIRECTION ( 'NONE',  ( 0.3222024856061136422, -0.9466707760722531395, 0.000000000000000000 ) ) ;
#1773 = EDGE_CURVE ( 'NONE', #1727, #1337, #130, .T. ) ;
#1774 = DIRECTION ( 'NONE',  ( -0.9315776194850603487, 0.3635424856527064708, 0.000000000000000000 ) ) ;
#1775 = ORIENTED_EDGE ( 'NONE', *, *, #784, .T. ) ;
#1776 = ORIENTED_EDGE ( 'NONE', *, *, #4214, .T. ) ;
#1777 = STYLED_ITEM ( 'NONE', ( #1853 ), #2447 ) ;
#1778 = VECTOR ( 'NONE', #1879, 1000.000000000000000 ) ;
#1779 = UNCERTAINTY_MEASURE_WITH_UNIT (LENGTH_MEASURE( 1.000000000000000082E-05 ), #2714, 'distance_accuracy_value', 'NONE');
#1780 = CARTESIAN_POINT ( 'NONE',  ( 0.4535191198413791591, -0.1949455629204457363, 0.009999999999999998473 ) ) ;
#1781 = ORIENTED_EDGE ( 'NONE', *, *, #540, .F. ) ;
#1782 = ORIENTED_EDGE ( 'NONE', *, *, #708, .T. ) ;
#1783 = DIRECTION ( 'NONE',  ( -0.000000000000000000, -1.000000000000000000, -0.000000000000000000 ) ) ;
#1784 = DIRECTION ( 'NONE',  ( 1.000000000000000000, 0.000000000000000000, -0.000000000000000000 ) ) ;
#1785 = PLANE ( 'NONE',  #616 ) ;
#1786 = EDGE_LOOP ( 'NONE', ( #4352, #548, #2545, #309 ) ) ;
#1787 = CARTESIAN_POINT ( 'NONE',  ( 0.08907629669982670972, 0.1884944563491839642, 0.000000000000000000 ) ) ;
#1788 = DIRECTION ( 'NONE',  ( 0.000000000000000000, 0.000000000000000000, 1.000000000000000000 ) ) ;
#1789 = DIRECTION ( 'NONE',  ( -0.000000000000000000, -1.000000000000000000, 0.000000000000000000 ) ) ;
#1790 = CARTESIAN_POINT ( 'NONE',  ( -1.026777361836758606, -0.2566274948703282655, 0.01000000000000000021 ) ) ;
#1791 = ADVANCED_FACE ( 'NONE', ( #4263 ), #2199, .F. ) ;
#1792 = DIRECTION ( 'NONE',  ( -0.000000000000000000, -0.000000000000000000, -1.000000000000000000 ) ) ;
#1793 = CARTESIAN_POINT ( 'NONE',  ( 6.450000000000001066, 1.899999999999999911, 3.149999999999999911 ) ) ;
#1794 = CARTESIAN_POINT ( 'NONE',  ( -0.6079275647794407655, -0.05531088205267490482, 0.000000000000000000 ) ) ;
#1795 = COLOUR_RGB ( '',0.2980392156862745057, 0.2980392156862745057, 0.2980392156862745057 ) ;
#1796 = SURFACE_SIDE_STYLE ('',( #3512 ) ) ;
#1797 = EDGE_LOOP ( 'NONE', ( #4661, #3407, #5075, #4574, #145, #1051, #1138, #2863, #1751, #4719, #3498, #3345 ) ) ;
#1798 =( LENGTH_UNIT ( ) NAMED_UNIT ( * ) SI_UNIT ( .MILLI., .METRE. ) );
#1799 = FILL_AREA_STYLE_COLOUR ( '', #2929 ) ;
#1800 = CARTESIAN_POINT ( 'NONE',  ( 0.4010781721168324987, -0.2073564652442879963, 0.01000000000000000021 ) ) ;
#1801 = SURFACE_SIDE_STYLE ('',( #3400 ) ) ;
#1802 = ORIENTED_EDGE ( 'NONE', *, *, #4794, .T. ) ;
#1803 = SURFACE_STYLE_USAGE ( .BOTH. , #3153 ) ;
#1804 = DIRECTION ( 'NONE',  ( 0.000000000000000000, 0.000000000000000000, 1.000000000000000000 ) ) ;
#1805 = AXIS2_PLACEMENT_3D ( 'NONE', #745, #4051, #1692 ) ;
#1806 = CARTESIAN_POINT ( 'NONE',  ( -0.5421934162831522075, -0.04618490772564540908, 0.000000000000000000 ) ) ;
#1807 = PRESENTATION_STYLE_ASSIGNMENT (( #3352 ) ) ;
#1808 = COLOUR_RGB ( '',0.8313725490196077761, 0.8313725490196077761, 0.8196078431372548767 ) ;
#1809 = EDGE_CURVE ( 'NONE', #1888, #3154, #2355, .T. ) ;
#1810 = CARTESIAN_POINT ( 'NONE',  ( 0.5214956732940471129, -0.1413402132245773490, 0.009999999999999998473 ) ) ;
#1811 = ORIENTED_EDGE ( 'NONE', *, *, #3235, .F. ) ;
#1812 = VERTEX_POINT ( 'NONE', #3995 ) ;
#1813 = CARTESIAN_POINT ( 'NONE',  ( 0.5622684213049155000, -0.1953463197333015489, 0.01000000000000000021 ) ) ;
#1814 =( NAMED_UNIT ( * ) SI_UNIT ( $, .STERADIAN. ) SOLID_ANGLE_UNIT ( ) );
#1815 = CYLINDRICAL_SURFACE ( 'NONE', #191, 0.1000000000000001305 ) ;
#1816 = EDGE_LOOP ( 'NONE', ( #3797, #1292, #5152, #2750 ) ) ;
#1817 = SURFACE_STYLE_FILL_AREA ( #4258 ) ;
#1818 =( NAMED_UNIT ( * ) SI_UNIT ( $, .STERADIAN. ) SOLID_ANGLE_UNIT ( ) );
#1819 = CARTESIAN_POINT ( 'NONE',  ( 0.3713147623981775114, -0.2624908190721425005, 0.01000000000000000021 ) ) ;
#1820 = CARTESIAN_POINT ( 'NONE',  ( -0.2767773618367586619, 0.1884944563491839642, 0.000000000000000000 ) ) ;
#1821 = DIRECTION ( 'NONE',  ( 1.000000000000000000, 0.000000000000000000, -0.000000000000000000 ) ) ;
#1822 = PRESENTATION_LAYER_ASSIGNMENT (  '', '', ( #4504 ) ) ;
#1823 = EDGE_CURVE ( 'NONE', #3849, #1190, #1986, .T. ) ;
#1824 = CARTESIAN_POINT ( 'NONE',  ( -0.5553554877011305235, -0.1687901796784003483, 0.000000000000000000 ) ) ;
#1825 = EDGE_CURVE ( 'NONE', #39, #4878, #2735, .T. ) ;
#1826 = CARTESIAN_POINT ( 'NONE',  ( 0.6160717326313180919, 0.06694174875088169940, 0.000000000000000000 ) ) ;
#1827 = CARTESIAN_POINT ( 'NONE',  ( 0.6251995760943994673, -0.04285129068137125824, 0.01000000000000000021 ) ) ;
#1828 = AXIS2_PLACEMENT_3D ( 'NONE', #429, #4219, #1267 ) ;
#1829 = COLOUR_RGB ( '',0.2980392156862745057, 0.2980392156862745057, 0.2980392156862745057 ) ;
#1830 = LINE ( 'NONE', #109, #3274 ) ;
#1831 = PLANE ( 'NONE',  #3577 ) ;
#1832 = ORIENTED_EDGE ( 'NONE', *, *, #382, .F. ) ;
#1833 = SURFACE_STYLE_FILL_AREA ( #1513 ) ;
#1834 = MECHANICAL_DESIGN_GEOMETRIC_PRESENTATION_REPRESENTATION (  '', ( #1674 ), #4344 ) ;
#1835 = CARTESIAN_POINT ( 'NONE',  ( -0.5445622003110143217, -0.02440418841092678592, 0.01000000000000000194 ) ) ;
#1836 = DIRECTION ( 'NONE',  ( 1.000000000000000000, 0.000000000000000000, -0.000000000000000000 ) ) ;
#1837 = STYLED_ITEM ( 'NONE', ( #2081 ), #5299 ) ;
#1838 = CARTESIAN_POINT ( 'NONE',  ( 0.5100882233953455414, -0.1551318928480227843, 0.009999999999999998473 ) ) ;
#1839 = ORIENTED_EDGE ( 'NONE', *, *, #4967, .T. ) ;
#1840 = ORIENTED_EDGE ( 'NONE', *, *, #757, .T. ) ;
#1841 = EDGE_CURVE ( 'NONE', #2554, #4987, #2326, .T. ) ;
#1842 = MECHANICAL_DESIGN_GEOMETRIC_PRESENTATION_REPRESENTATION (  '', ( #2182 ), #4873 ) ;
#1843 =( GEOMETRIC_REPRESENTATION_CONTEXT ( 3 ) GLOBAL_UNCERTAINTY_ASSIGNED_CONTEXT ( ( #436 ) ) GLOBAL_UNIT_ASSIGNED_CONTEXT ( ( #3854, #1064, #182 ) ) REPRESENTATION_CONTEXT ( 'NONE', 'WORKASPACE' ) );
#1844 = ADVANCED_FACE ( 'NONE', ( #3083 ), #661, .F. ) ;
#1845 = CARTESIAN_POINT ( 'NONE',  ( 0.08907629669982659870, -0.03101773877276729069, 0.01000000000000000021 ) ) ;
#1846 = CARTESIAN_POINT ( 'NONE',  ( 0.3908639699583917326, 0.1941606626188714935, 0.01000000000000000021 ) ) ;
#1847 = CARTESIAN_POINT ( 'NONE',  ( -6.450000000000001954, 1.899999999999999911, 0.2999999999999999889 ) ) ;
#1848 = CARTESIAN_POINT ( 'NONE',  ( -0.7864953496416366985, -0.06150554365081604274, 0.000000000000000000 ) ) ;
#1849 = APPLICATION_PROTOCOL_DEFINITION ( 'draft international standard', 'automotive_design', 1998, #2820 ) ;
#1850 = PRESENTATION_STYLE_ASSIGNMENT (( #206 ) ) ;
#1851 = DIRECTION ( 'NONE',  ( 0.000000000000000000, 1.000000000000000000, 0.000000000000000000 ) ) ;
#1852 = CARTESIAN_POINT ( 'NONE',  ( 6.450000000000001954, 1.899999999999999911, 3.050000000000000266 ) ) ;
#1853 = PRESENTATION_STYLE_ASSIGNMENT (( #261 ) ) ;
#1854 = FILL_AREA_STYLE_COLOUR ( '', #1220 ) ;
#1855 = CARTESIAN_POINT ( 'NONE',  ( 0.4488163654924878787, 0.2396368504698857538, 0.000000000000000000 ) ) ;
#1856 = LINE ( 'NONE', #2257, #1903 ) ;
#1857 = PLANE ( 'NONE',  #602 ) ;
#1858 = LINE ( 'NONE', #1046, #468 ) ;
#1859 = ORIENTED_EDGE ( 'NONE', *, *, #4004, .T. ) ;
#1860 = FACE_BOUND ( 'NONE', #383, .T. ) ;
#1861 = ORIENTED_EDGE ( 'NONE', *, *, #757, .F. ) ;
#1862 = MECHANICAL_DESIGN_GEOMETRIC_PRESENTATION_REPRESENTATION (  '', ( #4199 ), #1261 ) ;
#1863 = CARTESIAN_POINT ( 'NONE',  ( -0.5324347681905178264, -0.08585346938756598101, 0.01000000000000000194 ) ) ;
#1864 = FILL_AREA_STYLE ('',( #1380 ) ) ;
#1865 = EDGE_LOOP ( 'NONE', ( #1486, #61, #2515, #2124 ) ) ;
#1866 = ORIENTED_EDGE ( 'NONE', *, *, #218, .T. ) ;
#1867 = SURFACE_STYLE_USAGE ( .BOTH. , #2704 ) ;
#1868 = FILL_AREA_STYLE ('',( #3937 ) ) ;
#1869 = DIRECTION ( 'NONE',  ( -1.000000000000000000, 0.000000000000000000, 0.000000000000000000 ) ) ;
#1870 = EDGE_CURVE ( 'NONE', #2317, #3215, #727, .T. ) ;
#1871 = APPLICATION_PROTOCOL_DEFINITION ( 'draft international standard', 'automotive_design', 1998, #3613 ) ;
#1872 = CARTESIAN_POINT ( 'NONE',  ( -0.5187115979673522226, 0.1929472454722754582, 0.01000000000000000021 ) ) ;
#1873 = CARTESIAN_POINT ( 'NONE',  ( -0.8763869002139249575, 0.1538845927838241867, 0.01000000000000000021 ) ) ;
#1874 = EDGE_CURVE ( 'NONE', #2187, #3133, #3327, .T. ) ;
#1875 = CARTESIAN_POINT ( 'NONE',  ( -0.5450700447635877799, -0.001768500967889649611, 0.01000000000000000021 ) ) ;
#1876 = B_SPLINE_CURVE_WITH_KNOTS ( 'NONE', 3,
 ( #1965, #2795, #3920, #3146, #4749, #692, #3586, #5249, #1535, #1045, #2687 ),
 .UNSPECIFIED., .F., .F.,
 ( 4, 1, 1, 1, 1, 1, 1, 1, 4 ),
 ( 0.000000000000000000, 0.1352946047634291105, 0.2667656579247484894, 0.3948160188358726397, 0.5200516544342462799, 0.6421757029708223818, 0.7626518205584238430, 0.8818340043805017459, 1.000000000000000000 ),
 .UNSPECIFIED. ) ;
#1877 = PRESENTATION_STYLE_ASSIGNMENT (( #4750 ) ) ;
#1878 = DIRECTION ( 'NONE',  ( 1.000000000000000000, 0.000000000000000000, 0.000000000000000000 ) ) ;
#1879 = DIRECTION ( 'NONE',  ( 1.000000000000000000, 0.000000000000000000, 0.000000000000000000 ) ) ;
#1880 = ORIENTED_EDGE ( 'NONE', *, *, #523, .F. ) ;
#1881 = FILL_AREA_STYLE ('',( #1050 ) ) ;
#1882 = VERTEX_POINT ( 'NONE', #2477 ) ;
#1883 = DIRECTION ( 'NONE',  ( -0.000000000000000000, -0.000000000000000000, -1.000000000000000000 ) ) ;
#1884 =( LENGTH_UNIT ( ) NAMED_UNIT ( * ) SI_UNIT ( .MILLI., .METRE. ) );
#1885 = EDGE_CURVE ( 'NONE', #2966, #140, #3713, .T. ) ;
#1886 =( GEOMETRIC_REPRESENTATION_CONTEXT ( 3 ) GLOBAL_UNCERTAINTY_ASSIGNED_CONTEXT ( ( #396 ) ) GLOBAL_UNIT_ASSIGNED_CONTEXT ( ( #1349, #3344, #4220 ) ) REPRESENTATION_CONTEXT ( 'NONE', 'WORKASPACE' ) );
#1887 = ORIENTED_EDGE ( 'NONE', *, *, #1010, .F. ) ;
#1888 = VERTEX_POINT ( 'NONE', #3741 ) ;
#1889 = EDGE_CURVE ( 'NONE', #3423, #3290, #3768, .T. ) ;
#1890 =( GEOMETRIC_REPRESENTATION_CONTEXT ( 3 ) GLOBAL_UNCERTAINTY_ASSIGNED_CONTEXT ( ( #595 ) ) GLOBAL_UNIT_ASSIGNED_CONTEXT ( ( #2112, #3774, #420 ) ) REPRESENTATION_CONTEXT ( 'NONE', 'WORKASPACE' ) );
#1891 = CLOSED_SHELL ( 'NONE', ( #5333, #1172, #478, #4309, #1844, #2866, #2218, #4694, #2499, #1238, #724, #1481, #1685, #529, #4325, #838, #4707, #4461, #3360, #3760, #3181, #6, #751, #1791, #4422, #476, #2447, #4359, #137, #2610, #2293, #5017, #2330, #1024, #3147, #166, #1452, #2553, #4860, #316, #4445, #1684, #358, #5250, #2898, #5299, #3010, #1978, #1283, #3165, #3045, #4259, #4524, #2425, #3819, #4724, #5201, #543, #2948, #5280, #4894, #892, #1362, #4875, #3340, #4374, #4588, #5180, #4651, #3014, #1406, #2351, #4751, #2383, #2828, #4758, #654, #1966, #3936, #2573, #2432, #1379, #249, #2779, #2234, #3637, #2627, #4946, #4771, #95, #3987, #4241, #1668, #2522, #2796, #50, #3105, #1053, #3313, #2067, #1254 ) ) ;
#1892 = COLOUR_RGB ( '',0.8313725490196077761, 0.8313725490196077761, 0.8196078431372548767 ) ;
#1893 = CARTESIAN_POINT ( 'NONE',  ( 0.5294312271310781526, 0.1084601486541924564, 0.01000000000000000021 ) ) ;
#1894 = SURFACE_STYLE_FILL_AREA ( #2760 ) ;
#1895 = FILL_AREA_STYLE ('',( #4852 ) ) ;
#1896 = FILL_AREA_STYLE_COLOUR ( '', #125 ) ;
#1897 = FACE_OUTER_BOUND ( 'NONE', #4113, .T. ) ;
#1898 = CARTESIAN_POINT ( 'NONE',  ( -0.4916625749498703124, 0.1410123246303357503, 0.01000000000000000021 ) ) ;
#1899 = SURFACE_SIDE_STYLE ('',( #1071 ) ) ;
#1900 = PLANE ( 'NONE',  #3902 ) ;
#1901 = DIRECTION ( 'NONE',  ( 1.000000000000000000, 0.000000000000000000, 0.000000000000000000 ) ) ;
#1902 = LINE ( 'NONE', #44, #3743 ) ;
#1903 = VECTOR ( 'NONE', #3513, 1000.000000000000000 ) ;
#1904 = EDGE_CURVE ( 'NONE', #3975, #4599, #1255, .T. ) ;
#1905 = CARTESIAN_POINT ( 'NONE',  ( 0.2537104430412901457, 0.2296529929345498544, 0.000000000000000000 ) ) ;
#1906 = FILL_AREA_STYLE_COLOUR ( '', #4727 ) ;
#1907 = ORIENTED_EDGE ( 'NONE', *, *, #1005, .T. ) ;
#1908 = LINE ( 'NONE', #669, #5113 ) ;
#1909 =( LENGTH_UNIT ( ) NAMED_UNIT ( * ) SI_UNIT ( .MILLI., .METRE. ) );
#1910 = CIRCLE ( 'NONE', #195, 0.09999999999999982514 ) ;
#1911 = LINE ( 'NONE', #2803, #1378 ) ;
#1912 = CARTESIAN_POINT ( 'NONE',  ( -0.4776805625290574397, 0.1521377080254326941, 0.000000000000000000 ) ) ;
#1913 = VECTOR ( 'NONE', #2032, 1000.000000000000000 ) ;
#1914 =( GEOMETRIC_REPRESENTATION_CONTEXT ( 3 ) GLOBAL_UNCERTAINTY_ASSIGNED_CONTEXT ( ( #5221 ) ) GLOBAL_UNIT_ASSIGNED_CONTEXT ( ( #2788, #412, #4885 ) ) REPRESENTATION_CONTEXT ( 'NONE', 'WORKASPACE' ) );
#1915 = EDGE_LOOP ( 'NONE', ( #4302, #1605, #3021, #56, #3864, #809 ) ) ;
#1916 = UNCERTAINTY_MEASURE_WITH_UNIT (LENGTH_MEASURE( 1.000000000000000082E-05 ), #4991, 'distance_accuracy_value', 'NONE');
#1917 = ORIENTED_EDGE ( 'NONE', *, *, #3389, .T. ) ;
#1918 = ORIENTED_EDGE ( 'NONE', *, *, #3747, .T. ) ;
#1919 = ORIENTED_EDGE ( 'NONE', *, *, #2290, .F. ) ;
#1920 = VECTOR ( 'NONE', #1667, 1000.000000000000000 ) ;
#1921 = CARTESIAN_POINT ( 'NONE',  ( -0.5245158984402029656, 0.09838891583432385346, 0.000000000000000000 ) ) ;
#1922 = EDGE_CURVE ( 'NONE', #4061, #2554, #4070, .T. ) ;
#1923 = PRESENTATION_LAYER_ASSIGNMENT (  '', '', ( #1496 ) ) ;
#1924 = FILL_AREA_STYLE_COLOUR ( '', #928 ) ;
#1925 = CARTESIAN_POINT ( 'NONE',  ( -0.8707179106172465710, 0.1823968953735742027, 0.000000000000000000 ) ) ;
#1926 =( LENGTH_UNIT ( ) NAMED_UNIT ( * ) SI_UNIT ( .MILLI., .METRE. ) );
#1927 =( GEOMETRIC_REPRESENTATION_CONTEXT ( 3 ) GLOBAL_UNCERTAINTY_ASSIGNED_CONTEXT ( ( #4024 ) ) GLOBAL_UNIT_ASSIGNED_CONTEXT ( ( #3720, #2036, #1259 ) ) REPRESENTATION_CONTEXT ( 'NONE', 'WORKASPACE' ) );
#1928 = FILL_AREA_STYLE_COLOUR ( '', #3114 ) ;
#1929 = MECHANICAL_DESIGN_GEOMETRIC_PRESENTATION_REPRESENTATION (  '', ( #1837 ), #2699 ) ;
#1930 = CARTESIAN_POINT ( 'NONE',  ( -0.09994809354407578617, 0.1884944563491839642, 0.000000000000000000 ) ) ;
#1931 = PRESENTATION_LAYER_ASSIGNMENT (  '', '', ( #2706 ) ) ;
#1932 = CARTESIAN_POINT ( 'NONE',  ( -0.3505197398855387503, 0.1884944563491841307, 0.01000000000000000021 ) ) ;
#1933 = LINE ( 'NONE', #3584, #923 ) ;
#1934 = CARTESIAN_POINT ( 'NONE',  ( 0.3912866625534854315, -0.2627250558459382490, 0.01000000000000000021 ) ) ;
#1935 = CARTESIAN_POINT ( 'NONE',  ( -0.5835492927525276485, -0.1277926286179214832, 0.000000000000000000 ) ) ;
#1936 = DIRECTION ( 'NONE',  ( 1.000000000000000000, 0.000000000000000000, 0.000000000000000000 ) ) ;
#1937 = PRESENTATION_LAYER_ASSIGNMENT (  '', '', ( #3055 ) ) ;
#1938 = PLANE ( 'NONE',  #3445 ) ;
#1939 = CARTESIAN_POINT ( 'NONE',  ( -6.400000000000001243, -1.899999999999999911, 3.000000000000000000 ) ) ;
#1940 = COLOUR_RGB ( '',0.8313725490196077761, 0.8313725490196077761, 0.8196078431372548767 ) ;
#1941 =( NAMED_UNIT ( * ) PLANE_ANGLE_UNIT ( ) SI_UNIT ( $, .RADIAN. ) );
#1942 = ORIENTED_EDGE ( 'NONE', *, *, #1106, .T. ) ;
#1943 = FILL_AREA_STYLE_COLOUR ( '', #901 ) ;
#1944 = EDGE_CURVE ( 'NONE', #834, #4671, #393, .T. ) ;
#1945 = CARTESIAN_POINT ( 'NONE',  ( 6.650000000000001243, 1.899999999999999911, 0.1000000000000002276 ) ) ;
#1946 = CARTESIAN_POINT ( 'NONE',  ( -6.900000000000001243, 1.899999999999999911, 0.1000000000000002554 ) ) ;
#1947 = ORIENTED_EDGE ( 'NONE', *, *, #3903, .T. ) ;
#1948 = ORIENTED_EDGE ( 'NONE', *, *, #771, .F. ) ;
#1949 = EDGE_LOOP ( 'NONE', ( #2726, #246, #1761, #1950 ) ) ;
#1950 = ORIENTED_EDGE ( 'NONE', *, *, #1186, .F. ) ;
#1951 = MECHANICAL_DESIGN_GEOMETRIC_PRESENTATION_REPRESENTATION (  '', ( #2985 ), #737 ) ;
#1952 = UNCERTAINTY_MEASURE_WITH_UNIT (LENGTH_MEASURE( 1.000000000000000082E-05 ), #4985, 'distance_accuracy_value', 'NONE');
#1953 = CARTESIAN_POINT ( 'NONE',  ( -0.5042843491630214503, 0.1283575384314565582, 0.000000000000000000 ) ) ;
#1954 = PRESENTATION_LAYER_ASSIGNMENT (  '', '', ( #4199 ) ) ;
#1955 = CARTESIAN_POINT ( 'NONE',  ( -6.399999999999998579, 5.999999999999997335, 0.000000000000000000 ) ) ;
#1956 = CARTESIAN_POINT ( 'NONE',  ( 0.6216301618330456469, 0.04054475102328410074, 0.009999999999999998473 ) ) ;
#1957 = DIRECTION ( 'NONE',  ( 0.000000000000000000, 0.000000000000000000, -1.000000000000000000 ) ) ;
#1958 = SURFACE_STYLE_USAGE ( .BOTH. , #713 ) ;
#1959 = FILL_AREA_STYLE_COLOUR ( '', #640 ) ;
#1960 = UNCERTAINTY_MEASURE_WITH_UNIT (LENGTH_MEASURE( 1.000000000000000082E-05 ), #4720, 'distance_accuracy_value', 'NONE');
#1961 = VECTOR ( 'NONE', #2867, 1000.000000000000000 ) ;
#1962 = CARTESIAN_POINT ( 'NONE',  ( -0.6121432154952951565, -0.0003393851142306780755, 0.01000000000000000021 ) ) ;
#1963 = FILL_AREA_STYLE ('',( #689 ) ) ;
#1964 = CARTESIAN_POINT ( 'NONE',  ( -0.3456607459831002038, -0.2566274948703282655, 0.009999999999999995004 ) ) ;
#1965 = CARTESIAN_POINT ( 'NONE',  ( 0.3820450466998264183, -0.2078470070654503676, 0.01000000000000000021 ) ) ;
#1966 = ADVANCED_FACE ( 'NONE', ( #365 ), #845, .F. ) ;
#1967 = UNCERTAINTY_MEASURE_WITH_UNIT (LENGTH_MEASURE( 1.000000000000000082E-05 ), #1798, 'distance_accuracy_value', 'NONE');
#1968 = FACE_OUTER_BOUND ( 'NONE', #4902, .T. ) ;
#1969 = DIRECTION ( 'NONE',  ( 0.000000000000000000, -1.000000000000000000, 0.000000000000000000 ) ) ;
#1970 = DIRECTION ( 'NONE',  ( 1.000000000000000000, 0.000000000000000000, -7.744301232039319147E-17 ) ) ;
#1971 = LINE ( 'NONE', #3211, #4091 ) ;
#1972 = CARTESIAN_POINT ( 'NONE',  ( -0.3505197398855391944, 0.1884944563491839642, 0.000000000000000000 ) ) ;
#1973 = CARTESIAN_POINT ( 'NONE',  ( -0.5320521636202405480, 0.08116174586054017426, 0.009999999999999998473 ) ) ;
#1974 = VERTEX_POINT ( 'NONE', #3300 ) ;
#1975 = VERTEX_POINT ( 'NONE', #2454 ) ;
#1976 = ORIENTED_EDGE ( 'NONE', *, *, #784, .F. ) ;
#1977 = VECTOR ( 'NONE', #1017, 1000.000000000000000 ) ;
#1978 = ADVANCED_FACE ( 'NONE', ( #414 ), #1612, .F. ) ;
#1979 = SURFACE_STYLE_FILL_AREA ( #334 ) ;
#1980 = CARTESIAN_POINT ( 'NONE',  ( 0.6256616625534853204, -0.01605965950447456672, 0.009999999999999998473 ) ) ;
#1981 = CARTESIAN_POINT ( 'NONE',  ( 0.6683445893827539841, -0.2566274948703284875, 0.01000000000000000021 ) ) ;
#1982 = CARTESIAN_POINT ( 'NONE',  ( 6.400000000000002132, -5.999999999999997335, 0.000000000000000000 ) ) ;
#1983 = VECTOR ( 'NONE', #268, 1000.000000000000000 ) ;
#1984 = AXIS2_PLACEMENT_3D ( 'NONE', #2323, #1063, #3991 ) ;
#1985 = CARTESIAN_POINT ( 'NONE',  ( 0.5065655170754276293, 0.1389050558775881128, 0.000000000000000000 ) ) ;
#1986 = LINE ( 'NONE', #4855, #2967 ) ;
#1987 = PLANE ( 'NONE',  #3910 ) ;
#1988 = PRESENTATION_STYLE_ASSIGNMENT (( #770 ) ) ;
#1989 = CARTESIAN_POINT ( 'NONE',  ( -0.8674137913839146119, 0.1721104704863788692, 0.01000000000000000021 ) ) ;
#1990 = CARTESIAN_POINT ( 'NONE',  ( -0.8784351362270022001, 0.1473359197638191009, 0.01000000000000000021 ) ) ;
#1991 = EDGE_CURVE ( 'NONE', #2095, #3367, #1243, .T. ) ;
#1992 = PRESENTATION_STYLE_ASSIGNMENT (( #4458 ) ) ;
#1993 = LINE ( 'NONE', #3699, #3218 ) ;
#1994 = PRESENTATION_LAYER_ASSIGNMENT (  '', '', ( #1389 ) ) ;
#1995 = SURFACE_STYLE_USAGE ( .BOTH. , #3563 ) ;
#1996 = CARTESIAN_POINT ( 'NONE',  ( -0.4626820653030776498, 0.1619285931011580359, 0.000000000000000000 ) ) ;
#1997 = ORIENTED_EDGE ( 'NONE', *, *, #1904, .F. ) ;
#1998 = VECTOR ( 'NONE', #240, 1000.000000000000000 ) ;
#1999 = VERTEX_POINT ( 'NONE', #3031 ) ;
#2000 = ORIENTED_EDGE ( 'NONE', *, *, #27, .F. ) ;
#2001 = CARTESIAN_POINT ( 'NONE',  ( -0.5379565689571452758, 0.06251237245605097137, 0.000000000000000000 ) ) ;
#2002 = STYLED_ITEM ( 'NONE', ( #1758 ), #1379 ) ;
#2003 = CARTESIAN_POINT ( 'NONE',  ( 0.3655608846805991630, 0.2494283938874773121, 0.000000000000000000 ) ) ;
#2004 = CARTESIAN_POINT ( 'NONE',  ( 0.3804049034773665516, 0.2492599535985548787, 0.009999999999999998473 ) ) ;
#2005 = B_SPLINE_SURFACE_WITH_KNOTS ( 'NONE', 3, 1, ( 
 ( #72, #2085 ),
 ( #5006, #3832 ),
 ( #1288, #942 ),
 ( #884, #2510 ),
 ( #1317, #507 ),
 ( #2963, #4614 ),
 ( #2140, #4235 ) ),
 .UNSPECIFIED., .F., .F., .F.,
 ( 4, 1, 1, 1, 4 ),
 ( 2, 2 ),
 ( 0.000000000000000000, 0.1999663862630197686, 0.4322528535164011920, 0.6994588868414899352, 1.000000000000000000 ),
 ( 0.000000000000000000, 1.000000000000000000 ),
 .UNSPECIFIED. ) ;
#2006 = CARTESIAN_POINT ( 'NONE',  ( 0.3131611164316794316, -0.2000399820032026654, 0.01000000000000000021 ) ) ;
#2007 = DIRECTION ( 'NONE',  ( 1.000000000000000000, 0.000000000000000000, 0.000000000000000000 ) ) ;
#2008 = EDGE_CURVE ( 'NONE', #52, #904, #1012, .T. ) ;
#2009 = AXIS2_PLACEMENT_3D ( 'NONE', #2215, #3025, #2977 ) ;
#2010 = CARTESIAN_POINT ( 'NONE',  ( 0.5516033158256742341, 0.05351708155911559517, 0.000000000000000000 ) ) ;
#2011 = CARTESIAN_POINT ( 'NONE',  ( -0.6115533699011184154, 0.02644661529925408650, 0.01000000000000000021 ) ) ;
#2012 = DIRECTION ( 'NONE',  ( -2.478176394252581338E-15, -0.000000000000000000, 1.000000000000000000 ) ) ;
#2013 = PRESENTATION_STYLE_ASSIGNMENT (( #3172 ) ) ;
#2014 = AXIS2_PLACEMENT_3D ( 'NONE', #502, #1339, #1363 ) ;
#2015 = CARTESIAN_POINT ( 'NONE',  ( -0.5835492927525276485, -0.1277926286179214832, 0.009999999999999995004 ) ) ;
#2016 = DIRECTION ( 'NONE',  ( 0.000000000000000000, 0.000000000000000000, 1.000000000000000000 ) ) ;
#2017 = CARTESIAN_POINT ( 'NONE',  ( -0.5378556542012219444, 0.1775060613303372226, 0.000000000000000000 ) ) ;
#2018 = VECTOR ( 'NONE', #3501, 1000.000000000000000 ) ;
#2019 = SURFACE_STYLE_USAGE ( .BOTH. , #1542 ) ;
#2020 = CARTESIAN_POINT ( 'NONE',  ( 0.3884683842054352243, -0.2076814580235085417, 0.009999999999999998473 ) ) ;
#2021 = CARTESIAN_POINT ( 'NONE',  ( 6.450000000000001066, -1.899999999999999911, 0.1999999999999999833 ) ) ;
#2022 = CARTESIAN_POINT ( 'NONE',  ( -0.3715324657408666797, 0.1880620884350334421, 0.000000000000000000 ) ) ;
#2023 = VERTEX_POINT ( 'NONE', #3410 ) ;
#2024 = ORIENTED_EDGE ( 'NONE', *, *, #869, .F. ) ;
#2025 = FACE_OUTER_BOUND ( 'NONE', #5101, .T. ) ;
#2026 = CARTESIAN_POINT ( 'NONE',  ( -0.4536655850132880752, 0.2272057479069301278, 0.000000000000000000 ) ) ;
#2027 = MECHANICAL_DESIGN_GEOMETRIC_PRESENTATION_REPRESENTATION (  '', ( #1348 ), #2058 ) ;
#2028 = SURFACE_STYLE_FILL_AREA ( #4572 ) ;
#2029 = DIRECTION ( 'NONE',  ( 1.000000000000000000, 0.000000000000000000, -0.000000000000000000 ) ) ;
#2030 = CARTESIAN_POINT ( 'NONE',  ( 0.9244421503583633015, 0.2433725051296717623, 0.000000000000000000 ) ) ;
#2031 = VERTEX_POINT ( 'NONE', #5083 ) ;
#2032 = DIRECTION ( 'NONE',  ( 0.000000000000000000, 0.000000000000000000, 1.000000000000000000 ) ) ;
#2033 = VECTOR ( 'NONE', #2012, 1000.000000000000000 ) ;
#2034 = CARTESIAN_POINT ( 'NONE',  ( -0.6121432154952953786, -0.0003393851142306780755, 0.009999999999999995004 ) ) ;
#2035 = CARTESIAN_POINT ( 'NONE',  ( 0.3519171279326032686, -0.2609043275664361672, 0.000000000000000000 ) ) ;
#2036 =( NAMED_UNIT ( * ) PLANE_ANGLE_UNIT ( ) SI_UNIT ( $, .RADIAN. ) );
#2037 = VECTOR ( 'NONE', #1627, 1000.000000000000000 ) ;
#2038 = CARTESIAN_POINT ( 'NONE',  ( -0.4766016520376250010, 0.2179832356343499866, 0.009999999999999995004 ) ) ;
#2039 = EDGE_CURVE ( 'NONE', #3188, #4274, #4307, .T. ) ;
#2040 =( NAMED_UNIT ( * ) SI_UNIT ( $, .STERADIAN. ) SOLID_ANGLE_UNIT ( ) );
#2041 = CARTESIAN_POINT ( 'NONE',  ( 0.4784276982971010228, 0.1633485006919146720, 0.01000000000000000021 ) ) ;
#2042 = FILL_AREA_STYLE_COLOUR ( '', #3452 ) ;
#2043 = SURFACE_STYLE_FILL_AREA ( #2068 ) ;
#2044 = ORIENTED_EDGE ( 'NONE', *, *, #493, .F. ) ;
#2045 = EDGE_LOOP ( 'NONE', ( #4848, #394, #5141, #1757 ) ) ;
#2046 = LINE ( 'NONE', #4594, #1640 ) ;
#2047 = EDGE_CURVE ( 'NONE', #3570, #4944, #2972, .T. ) ;
#2048 = CARTESIAN_POINT ( 'NONE',  ( 0.8573689796266560359, 0.2433725051296717623, 0.000000000000000000 ) ) ;
#2049 = CARTESIAN_POINT ( 'NONE',  ( 0.4240903086019965906, 0.2453238012137187174, 0.000000000000000000 ) ) ;
#2050 =( GEOMETRIC_REPRESENTATION_CONTEXT ( 3 ) GLOBAL_UNCERTAINTY_ASSIGNED_CONTEXT ( ( #3900 ) ) GLOBAL_UNIT_ASSIGNED_CONTEXT ( ( #2382, #660, #3526 ) ) REPRESENTATION_CONTEXT ( 'NONE', 'WORKASPACE' ) );
#2051 = EDGE_CURVE ( 'NONE', #4562, #2372, #3379, .T. ) ;
#2052 = UNCERTAINTY_MEASURE_WITH_UNIT (LENGTH_MEASURE( 1.000000000000000082E-05 ), #1177, 'distance_accuracy_value', 'NONE');
#2053 = DIRECTION ( 'NONE',  ( 0.000000000000000000, 0.000000000000000000, 1.000000000000000000 ) ) ;
#2054 = UNCERTAINTY_MEASURE_WITH_UNIT (LENGTH_MEASURE( 1.000000000000000082E-05 ), #1223, 'distance_accuracy_value', 'NONE');
#2055 = VECTOR ( 'NONE', #5063, 1000.000000000000000 ) ;
#2056 = ORIENTED_EDGE ( 'NONE', *, *, #2220, .T. ) ;
#2057 = CARTESIAN_POINT ( 'NONE',  ( 0.9244421503583630795, 0.2433725051296719843, 0.01000000000000000021 ) ) ;
#2058 =( GEOMETRIC_REPRESENTATION_CONTEXT ( 3 ) GLOBAL_UNCERTAINTY_ASSIGNED_CONTEXT ( ( #2879 ) ) GLOBAL_UNIT_ASSIGNED_CONTEXT ( ( #2603, #2549, #5126 ) ) REPRESENTATION_CONTEXT ( 'NONE', 'WORKASPACE' ) );
#2059 = FILL_AREA_STYLE_COLOUR ( '', #2075 ) ;
#2060 = DIRECTION ( 'NONE',  ( -0.000000000000000000, -0.000000000000000000, -1.000000000000000000 ) ) ;
#2061 = PRESENTATION_LAYER_ASSIGNMENT (  '', '', ( #1036 ) ) ;
#2062 = FILL_AREA_STYLE ('',( #2087 ) ) ;
#2063 = CARTESIAN_POINT ( 'NONE',  ( -0.5053290850712994775, -0.1355176834846942013, 0.000000000000000000 ) ) ;
#2064 =( LENGTH_UNIT ( ) NAMED_UNIT ( * ) SI_UNIT ( .MILLI., .METRE. ) );
#2065 = DIRECTION ( 'NONE',  ( 0.000000000000000000, 0.000000000000000000, -1.000000000000000000 ) ) ;
#2066 = EDGE_CURVE ( 'NONE', #1001, #2778, #2530, .T. ) ;
#2067 = ADVANCED_FACE ( 'NONE', ( #4204 ), #4658, .F. ) ;
#2068 = FILL_AREA_STYLE ('',( #1214 ) ) ;
#2069 = ORIENTED_EDGE ( 'NONE', *, *, #1618, .F. ) ;
#2070 = ORIENTED_EDGE ( 'NONE', *, *, #5074, .F. ) ;
#2071 = CARTESIAN_POINT ( 'NONE',  ( -6.399999999999998579, 1.899999999999999911, 3.500000000000000000 ) ) ;
#2072 = MECHANICAL_DESIGN_GEOMETRIC_PRESENTATION_REPRESENTATION (  '', ( #2415 ), #280 ) ;
#2073 =( LENGTH_UNIT ( ) NAMED_UNIT ( * ) SI_UNIT ( .MILLI., .METRE. ) );
#2074 = PRESENTATION_LAYER_ASSIGNMENT (  '', '', ( #3210 ) ) ;
#2075 = COLOUR_RGB ( '',0.8313725490196077761, 0.8313725490196077761, 0.8196078431372548767 ) ;
#2076 = LINE ( 'NONE', #843, #4084 ) ;
#2077 = CARTESIAN_POINT ( 'NONE',  ( 0.5584153345820557224, -0.004239815252577617752, 0.000000000000000000 ) ) ;
#2078 = PRESENTATION_STYLE_ASSIGNMENT (( #4573 ) ) ;
#2079 = PRESENTATION_LAYER_ASSIGNMENT (  '', '', ( #2777 ) ) ;
#2080 = VERTEX_POINT ( 'NONE', #499 ) ;
#2081 = PRESENTATION_STYLE_ASSIGNMENT (( #5028 ) ) ;
#2082 = DIRECTION ( 'NONE',  ( 0.000000000000000000, 1.000000000000000000, 0.000000000000000000 ) ) ;
#2083 = FILL_AREA_STYLE ('',( #1206 ) ) ;
#2084 = FACE_OUTER_BOUND ( 'NONE', #4563, .T. ) ;
#2085 = CARTESIAN_POINT ( 'NONE',  ( -0.8610951972026124057, 0.1473359197638181295, 0.01000000000000000021 ) ) ;
#2086 = STYLED_ITEM ( 'NONE', ( #2989 ), #5180 ) ;
#2087 = FILL_AREA_STYLE_COLOUR ( '', #4545 ) ;
#2088 = DIRECTION ( 'NONE',  ( -1.000000000000000000, 0.000000000000000000, 0.000000000000000000 ) ) ;
#2089 =( NAMED_UNIT ( * ) PLANE_ANGLE_UNIT ( ) SI_UNIT ( $, .RADIAN. ) );
#2090 = EDGE_LOOP ( 'NONE', ( #1947, #3521, #2636, #2557 ) ) ;
#2091 = CARTESIAN_POINT ( 'NONE',  ( 0.3244190584484367146, 0.1903256631488806083, 0.01000000000000000021 ) ) ;
#2092 =( GEOMETRIC_REPRESENTATION_CONTEXT ( 3 ) GLOBAL_UNCERTAINTY_ASSIGNED_CONTEXT ( ( #65 ) ) GLOBAL_UNIT_ASSIGNED_CONTEXT ( ( #300, #1541, #3182 ) ) REPRESENTATION_CONTEXT ( 'NONE', 'WORKASPACE' ) );
#2093 =( GEOMETRIC_REPRESENTATION_CONTEXT ( 3 ) GLOBAL_UNCERTAINTY_ASSIGNED_CONTEXT ( ( #674 ) ) GLOBAL_UNIT_ASSIGNED_CONTEXT ( ( #1334, #2161, #3878 ) ) REPRESENTATION_CONTEXT ( 'NONE', 'WORKASPACE' ) );
#2094 = EDGE_LOOP ( 'NONE', ( #3875, #1519, #165, #1942 ) ) ;
#2095 = VERTEX_POINT ( 'NONE', #4253 ) ;
#2096 = EDGE_CURVE ( 'NONE', #1882, #1578, #551, .T. ) ;
#2097 = VECTOR ( 'NONE', #5202, 1000.000000000000000 ) ;
#2098 = CARTESIAN_POINT ( 'NONE',  ( -6.650000000000001243, 1.899999999999999911, -0.1499999999999998002 ) ) ;
#2099 = CARTESIAN_POINT ( 'NONE',  ( 0.5585884918217782769, -0.01196286072398678596, 0.01000000000000000021 ) ) ;
#2100 = CARTESIAN_POINT ( 'NONE',  ( 0.2658047601497594559, 0.2345623428938911348, 0.000000000000000000 ) ) ;
#2101 = CARTESIAN_POINT ( 'NONE',  ( -0.8714112586184431519, 0.1785532083880773391, 0.000000000000000000 ) ) ;
#2102 = CARTESIAN_POINT ( 'NONE',  ( 0.3713743149925093356, 0.2494700661052817459, 0.01000000000000000021 ) ) ;
#2103 = ORIENTED_EDGE ( 'NONE', *, *, #4710, .T. ) ;
#2104 = SURFACE_STYLE_FILL_AREA ( #3435 ) ;
#2105 = SURFACE_STYLE_FILL_AREA ( #2639 ) ;
#2106 = UNCERTAINTY_MEASURE_WITH_UNIT (LENGTH_MEASURE( 1.000000000000000082E-05 ), #2635, 'distance_accuracy_value', 'NONE');
#2107 = VERTEX_POINT ( 'NONE', #2219 ) ;
#2108 = SURFACE_STYLE_USAGE ( .BOTH. , #848 ) ;
#2109 = CARTESIAN_POINT ( 'NONE',  ( -6.399999999999998579, -5.999999999999997335, 0.000000000000000000 ) ) ;
#2110 =( LENGTH_UNIT ( ) NAMED_UNIT ( * ) SI_UNIT ( .MILLI., .METRE. ) );
#2111 = PRESENTATION_LAYER_ASSIGNMENT (  '', '', ( #2985 ) ) ;
#2112 =( LENGTH_UNIT ( ) NAMED_UNIT ( * ) SI_UNIT ( .MILLI., .METRE. ) );
#2113 = LINE ( 'NONE', #1714, #4434 ) ;
#2114 = EDGE_CURVE ( 'NONE', #755, #3439, #149, .T. ) ;
#2115 = MECHANICAL_DESIGN_GEOMETRIC_PRESENTATION_REPRESENTATION (  '', ( #1777 ), #4992 ) ;
#2116 = FACE_OUTER_BOUND ( 'NONE', #272, .T. ) ;
#2117 = SURFACE_STYLE_FILL_AREA ( #4189 ) ;
#2118 = EDGE_CURVE ( 'NONE', #3439, #173, #177, .T. ) ;
#2119 = ORIENTED_EDGE ( 'NONE', *, *, #1268, .F. ) ;
#2120 = VECTOR ( 'NONE', #4172, 1000.000000000000000 ) ;
#2121 = CARTESIAN_POINT ( 'NONE',  ( 0.3395867011185490503, 0.1927339685052878171, 0.000000000000000000 ) ) ;
#2122 = ORIENTED_EDGE ( 'NONE', *, *, #331, .T. ) ;
#2123 = MECHANICAL_DESIGN_GEOMETRIC_PRESENTATION_REPRESENTATION (  '', ( #4468 ), #827 ) ;
#2124 = ORIENTED_EDGE ( 'NONE', *, *, #4004, .F. ) ;
#2125 = CARTESIAN_POINT ( 'NONE',  ( 0.3760073364169484456, -0.2077677367917399320, 0.000000000000000000 ) ) ;
#2126 = SURFACE_SIDE_STYLE ('',( #494 ) ) ;
#2127 =( NAMED_UNIT ( * ) PLANE_ANGLE_UNIT ( ) SI_UNIT ( $, .RADIAN. ) );
#2128 = EDGE_LOOP ( 'NONE', ( #2702, #3765, #2217, #5232 ) ) ;
#2129 = CARTESIAN_POINT ( 'NONE',  ( 0.08907629669982670972, -0.2017494460898404396, 0.000000000000000000 ) ) ;
#2130 = EDGE_CURVE ( 'NONE', #932, #3566, #1444, .T. ) ;
#2131 = CARTESIAN_POINT ( 'NONE',  ( -6.650000000000001243, -1.899999999999999911, 0.1000000000000002276 ) ) ;
#2132 = MECHANICAL_DESIGN_GEOMETRIC_PRESENTATION_REPRESENTATION (  '', ( #3089 ), #2744 ) ;
#2133 = SURFACE_SIDE_STYLE ('',( #64 ) ) ;
#2134 = VERTEX_POINT ( 'NONE', #1845 ) ;
#2135 =( NAMED_UNIT ( * ) PLANE_ANGLE_UNIT ( ) SI_UNIT ( $, .RADIAN. ) );
#2136 = LINE ( 'NONE', #2109, #212 ) ;
#2137 = VECTOR ( 'NONE', #3252, 1000.000000000000000 ) ;
#2138 = DIRECTION ( 'NONE',  ( 0.000000000000000000, 1.000000000000000000, 0.000000000000000000 ) ) ;
#2139 = CARTESIAN_POINT ( 'NONE',  ( 0.4651943599845199673, -0.2536523791428652030, 0.000000000000000000 ) ) ;
#2140 = CARTESIAN_POINT ( 'NONE',  ( -0.8690982459831002593, 0.1823968953735742027, 0.000000000000000000 ) ) ;
#2141 = PRESENTATION_LAYER_ASSIGNMENT (  '', '', ( #767 ) ) ;
#2142 = SURFACE_STYLE_FILL_AREA ( #5066 ) ;
#2143 = CARTESIAN_POINT ( 'NONE',  ( 0.3713743149925093356, 0.2494700661052817459, 0.01000000000000000021 ) ) ;
#2144 = CARTESIAN_POINT ( 'NONE',  ( 0.5157950941633748787, 0.2087442163876605805, 0.01000000000000000021 ) ) ;
#2145 = ORIENTED_EDGE ( 'NONE', *, *, #3665, .F. ) ;
#2146 = LINE ( 'NONE', #511, #623 ) ;
#2147 = EDGE_CURVE ( 'NONE', #3596, #1812, #1858, .T. ) ;
#2148 = DIRECTION ( 'NONE',  ( -2.478176394252581338E-15, 0.000000000000000000, -1.000000000000000000 ) ) ;
#2149 = VECTOR ( 'NONE', #3612, 1000.000000000000000 ) ;
#2150 = VECTOR ( 'NONE', #4353, 1000.000000000000000 ) ;
#2151 = DIRECTION ( 'NONE',  ( 0.000000000000000000, 0.000000000000000000, 1.000000000000000000 ) ) ;
#2152 = CARTESIAN_POINT ( 'NONE',  ( -6.399999999999998579, -3.000000000000000000, 0.2999999999999999889 ) ) ;
#2153 = ORIENTED_EDGE ( 'NONE', *, *, #4212, .F. ) ;
#2154 = ORIENTED_EDGE ( 'NONE', *, *, #4050, .F. ) ;
#2155 = CARTESIAN_POINT ( 'NONE',  ( -0.3477567825684660385, -0.2017494460898404396, 0.000000000000000000 ) ) ;
#2156 = CARTESIAN_POINT ( 'NONE',  ( 0.3216882922082474061, 0.2468849848631615718, 0.01000000000000000021 ) ) ;
#2157 =( GEOMETRIC_REPRESENTATION_CONTEXT ( 3 ) GLOBAL_UNCERTAINTY_ASSIGNED_CONTEXT ( ( #1529 ) ) GLOBAL_UNIT_ASSIGNED_CONTEXT ( ( #2428, #759, #1224 ) ) REPRESENTATION_CONTEXT ( 'NONE', 'WORKASPACE' ) );
#2158 = CARTESIAN_POINT ( 'NONE',  ( 0.5585884918217780548, -0.01196286072398678596, 0.009999999999999998473 ) ) ;
#2159 = EDGE_LOOP ( 'NONE', ( #5341, #5203, #201, #5177 ) ) ;
#2160 = COLOUR_RGB ( '',0.2980392156862745057, 0.2980392156862745057, 0.2980392156862745057 ) ;
#2161 =( NAMED_UNIT ( * ) PLANE_ANGLE_UNIT ( ) SI_UNIT ( $, .RADIAN. ) );
#2162 = DIRECTION ( 'NONE',  ( 0.000000000000000000, 0.000000000000000000, -1.000000000000000000 ) ) ;
#2163 = ORIENTED_EDGE ( 'NONE', *, *, #1186, .T. ) ;
#2164 = VECTOR ( 'NONE', #965, 1000.000000000000000 ) ;
#2165 = EDGE_CURVE ( 'NONE', #4819, #5080, #2917, .T. ) ;
#2166 = CARTESIAN_POINT ( 'NONE',  ( 0.1561494674315339615, 6.000000000000000000, 0.01000000000000000021 ) ) ;
#2167 = STYLED_ITEM ( 'NONE', ( #726 ), #478 ) ;
#2168 =( GEOMETRIC_REPRESENTATION_CONTEXT ( 3 ) GLOBAL_UNCERTAINTY_ASSIGNED_CONTEXT ( ( #1146 ) ) GLOBAL_UNIT_ASSIGNED_CONTEXT ( ( #4244, #2180, #3572 ) ) REPRESENTATION_CONTEXT ( 'NONE', 'WORKASPACE' ) );
#2169 = DIRECTION ( 'NONE',  ( 0.3393303772748779701, 0.9406672605435404400, 0.000000000000000000 ) ) ;
#2170 = CARTESIAN_POINT ( 'NONE',  ( 0.6256616625534853204, -0.01605965950447456672, 0.000000000000000000 ) ) ;
#2171 = PRESENTATION_LAYER_ASSIGNMENT (  '', '', ( #2002 ) ) ;
#2172 = UNCERTAINTY_MEASURE_WITH_UNIT (LENGTH_MEASURE( 1.000000000000000082E-05 ), #2174, 'distance_accuracy_value', 'NONE');
#2173 = CARTESIAN_POINT ( 'NONE',  ( -0.6121432154952953786, -0.0003393851142306780755, 0.009999999999999995004 ) ) ;
#2174 =( LENGTH_UNIT ( ) NAMED_UNIT ( * ) SI_UNIT ( .MILLI., .METRE. ) );
#2175 = CARTESIAN_POINT ( 'NONE',  ( 0.3542115532566010305, 0.2493470388551371208, 0.01000000000000000021 ) ) ;
#2176 = CARTESIAN_POINT ( 'NONE',  ( -0.8610951972026124057, 0.1473359197638181295, 0.000000000000000000 ) ) ;
#2177 = ORIENTED_EDGE ( 'NONE', *, *, #624, .F. ) ;
#2178 = CARTESIAN_POINT ( 'NONE',  ( 0.5901996372839205529, -0.1586779237939824339, 0.01000000000000000021 ) ) ;
#2179 = CARTESIAN_POINT ( 'NONE',  ( 0.4535191198413791591, -0.1949455629204457363, 0.000000000000000000 ) ) ;
#2180 =( NAMED_UNIT ( * ) PLANE_ANGLE_UNIT ( ) SI_UNIT ( $, .RADIAN. ) );
#2181 = VERTEX_POINT ( 'NONE', #3867 ) ;
#2182 = STYLED_ITEM ( 'NONE', ( #2648 ), #1791 ) ;
#2183 = EDGE_LOOP ( 'NONE', ( #3538, #1230, #4270, #5240 ) ) ;
#2184 = COLOUR_RGB ( '',0.8313725490196077761, 0.8313725490196077761, 0.8196078431372548767 ) ;
#2185 = CARTESIAN_POINT ( 'NONE',  ( -0.4115642434696288321, -0.1946946958119356585, 0.01000000000000000194 ) ) ;
#2186 = COLOUR_RGB ( '',0.8313725490196077761, 0.8313725490196077761, 0.8196078431372548767 ) ;
#2187 = VERTEX_POINT ( 'NONE', #3759 ) ;
#2188 = ORIENTED_EDGE ( 'NONE', *, *, #4050, .T. ) ;
#2189 = STYLED_ITEM ( 'NONE', ( #2485 ), #2383 ) ;
#2190 = EDGE_CURVE ( 'NONE', #3154, #3371, #3426, .T. ) ;
#2191 = CARTESIAN_POINT ( 'NONE',  ( 0.5276154379732668209, -0.2250773379398672558, 0.01000000000000000021 ) ) ;
#2192 = CARTESIAN_POINT ( 'NONE',  ( -0.7218993130562708638, -0.2566274948703282655, 0.000000000000000000 ) ) ;
#2193 = MECHANICAL_DESIGN_GEOMETRIC_PRESENTATION_REPRESENTATION (  '', ( #1251 ), #3679 ) ;
#2194 =( NAMED_UNIT ( * ) PLANE_ANGLE_UNIT ( ) SI_UNIT ( $, .RADIAN. ) );
#2195 = ORIENTED_EDGE ( 'NONE', *, *, #2130, .T. ) ;
#2196 =( NAMED_UNIT ( * ) PLANE_ANGLE_UNIT ( ) SI_UNIT ( $, .RADIAN. ) );
#2197 = SURFACE_STYLE_FILL_AREA ( #1422 ) ;
#2198 = CARTESIAN_POINT ( 'NONE',  ( 0.3519171279326032686, -0.2609043275664361672, 0.000000000000000000 ) ) ;
#2199 = PLANE ( 'NONE',  #4606 ) ;
#2200 = PLANE ( 'NONE',  #562 ) ;
#2201 = DIRECTION ( 'NONE',  ( 0.000000000000000000, 1.000000000000000000, 0.000000000000000000 ) ) ;
#2202 = UNCERTAINTY_MEASURE_WITH_UNIT (LENGTH_MEASURE( 1.000000000000000082E-05 ), #422, 'distance_accuracy_value', 'NONE');
#2203 = DIRECTION ( 'NONE',  ( -1.000000000000000000, 0.000000000000000000, 0.000000000000000000 ) ) ;
#2204 = ORIENTED_EDGE ( 'NONE', *, *, #4539, .F. ) ;
#2205 = SURFACE_STYLE_FILL_AREA ( #3893 ) ;
#2206 = DIRECTION ( 'NONE',  ( -0.000000000000000000, -0.000000000000000000, -1.000000000000000000 ) ) ;
#2207 = EDGE_CURVE ( 'NONE', #4599, #2831, #4171, .T. ) ;
#2208 = ORIENTED_EDGE ( 'NONE', *, *, #3293, .F. ) ;
#2209 = DIRECTION ( 'NONE',  ( -0.000000000000000000, 1.000000000000000000, -0.000000000000000000 ) ) ;
#2210 = ORIENTED_EDGE ( 'NONE', *, *, #3059, .F. ) ;
#2211 = AXIS2_PLACEMENT_3D ( 'NONE', #3062, #635, #1821 ) ;
#2212 = CARTESIAN_POINT ( 'NONE',  ( -0.5250310230829033920, -0.1037211140600667464, 0.01000000000000000194 ) ) ;
#2213 = CARTESIAN_POINT ( 'NONE',  ( 0.6171527390316817741, -0.09325438484041620457, 0.01000000000000000021 ) ) ;
#2214 = VECTOR ( 'NONE', #5344, 1000.000000000000000 ) ;
#2215 = CARTESIAN_POINT ( 'NONE',  ( 6.450000000000001954, 1.899999999999999911, 0.2999999999999999889 ) ) ;
#2216 = ORIENTED_EDGE ( 'NONE', *, *, #3411, .T. ) ;
#2217 = ORIENTED_EDGE ( 'NONE', *, *, #5324, .F. ) ;
#2218 = ADVANCED_FACE ( 'NONE', ( #3485 ), #2231, .T. ) ;
#2219 = CARTESIAN_POINT ( 'NONE',  ( 0.2537104430412901457, 0.2296529929345498822, 0.000000000000000000 ) ) ;
#2220 = EDGE_CURVE ( 'NONE', #2693, #2031, #2298, .T. ) ;
#2221 = CARTESIAN_POINT ( 'NONE',  ( 0.5188698119633533556, 0.1244235039893146350, 0.000000000000000000 ) ) ;
#2222 = CARTESIAN_POINT ( 'NONE',  ( -0.3699875326264490116, -0.2012688938766354629, 0.01000000000000000021 ) ) ;
#2223 = ORIENTED_EDGE ( 'NONE', *, *, #1438, .T. ) ;
#2224 =( NAMED_UNIT ( * ) SI_UNIT ( $, .STERADIAN. ) SOLID_ANGLE_UNIT ( ) );
#2225 = LINE ( 'NONE', #260, #419 ) ;
#2226 = CARTESIAN_POINT ( 'NONE',  ( -0.5421095614802037277, 0.04236888488814002929, 0.01000000000000000021 ) ) ;
#2227 = CARTESIAN_POINT ( 'NONE',  ( -0.6021522167376935908, -0.08090939852380922559, 0.000000000000000000 ) ) ;
#2228 = VERTEX_POINT ( 'NONE', #3047 ) ;
#2229 =( NAMED_UNIT ( * ) SI_UNIT ( $, .STERADIAN. ) SOLID_ANGLE_UNIT ( ) );
#2230 = DIRECTION ( 'NONE',  ( 1.000000000000000000, 0.000000000000000000, -0.000000000000000000 ) ) ;
#2231 = CYLINDRICAL_SURFACE ( 'NONE', #556, 0.4000000000000001887 ) ;
#2232 = VECTOR ( 'NONE', #4223, 1000.000000000000000 ) ;
#2233 = ORIENTED_EDGE ( 'NONE', *, *, #1707, .T. ) ;
#2234 = ADVANCED_FACE ( 'NONE', ( #217 ), #1831, .F. ) ;
#2235 = LINE ( 'NONE', #5178, #3019 ) ;
#2236 = EDGE_LOOP ( 'NONE', ( #1624, #574, #581, #3689 ) ) ;
#2237 = VECTOR ( 'NONE', #2860, 1000.000000000000000 ) ;
#2238 = EDGE_CURVE ( 'NONE', #114, #539, #4429, .T. ) ;
#2239 = CARTESIAN_POINT ( 'NONE',  ( -0.4304654997848156861, -0.1890194483990974839, 0.01000000000000000194 ) ) ;
#2240 = CARTESIAN_POINT ( 'NONE',  ( 0.5901996372839205529, -0.1586779237939824339, 0.01000000000000000021 ) ) ;
#2241 = PRESENTATION_LAYER_ASSIGNMENT (  '', '', ( #4842 ) ) ;
#2242 = AXIS2_PLACEMENT_3D ( 'NONE', #2265, #5128, #3951 ) ;
#2243 = CARTESIAN_POINT ( 'NONE',  ( 0.4010781721168324987, -0.2073564652442879963, 0.000000000000000000 ) ) ;
#2244 = ORIENTED_EDGE ( 'NONE', *, *, #4626, .T. ) ;
#2245 = FILL_AREA_STYLE_COLOUR ( '', #3663 ) ;
#2246 = CARTESIAN_POINT ( 'NONE',  ( -0.5324347681905178264, -0.08585346938756598101, 0.01000000000000000021 ) ) ;
#2247 = SURFACE_STYLE_USAGE ( .BOTH. , #605 ) ;
#2248 = PRODUCT_RELATED_PRODUCT_CATEGORY ( 'part', '', ( #328 ) ) ;
#2249 = SURFACE_SIDE_STYLE ('',( #1117 ) ) ;
#2250 = UNCERTAINTY_MEASURE_WITH_UNIT (LENGTH_MEASURE( 1.000000000000000082E-05 ), #801, 'distance_accuracy_value', 'NONE');
#2251 = CARTESIAN_POINT ( 'NONE',  ( 0.2584021384287847889, -0.2333024855589332369, 0.01000000000000000021 ) ) ;
#2252 = CARTESIAN_POINT ( 'NONE',  ( 0.6171527390316817741, -0.09325438484041620457, 0.000000000000000000 ) ) ;
#2253 = CARTESIAN_POINT ( 'NONE',  ( -0.5449061544723825534, 0.005891941600877288396, 0.01000000000000000021 ) ) ;
#2254 = DIRECTION ( 'NONE',  ( -0.000000000000000000, -0.000000000000000000, -1.000000000000000000 ) ) ;
#2255 = CARTESIAN_POINT ( 'NONE',  ( -0.5705357629206968539, -0.1489769171295684813, 0.000000000000000000 ) ) ;
#2256 = CARTESIAN_POINT ( 'NONE',  ( 0.5356906727516707045, 0.1938340049838624124, 0.000000000000000000 ) ) ;
#2257 = CARTESIAN_POINT ( 'NONE',  ( -4.399999999999998579, -3.000000000000000000, 0.000000000000000000 ) ) ;
#2258 = MECHANICAL_DESIGN_GEOMETRIC_PRESENTATION_REPRESENTATION (  '', ( #4955 ), #366 ) ;
#2259 =( LENGTH_UNIT ( ) NAMED_UNIT ( * ) SI_UNIT ( .MILLI., .METRE. ) );
#2260 = DIRECTION ( 'NONE',  ( -0.000000000000000000, -1.000000000000000000, -0.000000000000000000 ) ) ;
#2261 = DIRECTION ( 'NONE',  ( -0.000000000000000000, -1.000000000000000000, -0.000000000000000000 ) ) ;
#2262 = VECTOR ( 'NONE', #475, 1000.000000000000000 ) ;
#2263 = CYLINDRICAL_SURFACE ( 'NONE', #3776, 0.4000000000000001887 ) ;
#2264 = VERTEX_POINT ( 'NONE', #219 ) ;
#2265 = CARTESIAN_POINT ( 'NONE',  ( 6.000000000000001776, 6.000000000000000000, 0.01000000000000000021 ) ) ;
#2266 = ORIENTED_EDGE ( 'NONE', *, *, #2047, .F. ) ;
#2267 = PRESENTATION_LAYER_ASSIGNMENT (  '', '', ( #374 ) ) ;
#2268 = SURFACE_SIDE_STYLE ('',( #1460 ) ) ;
#2269 = PRESENTATION_STYLE_ASSIGNMENT (( #2529 ) ) ;
#2270 = EDGE_CURVE ( 'NONE', #1191, #1190, #305, .T. ) ;
#2271 = PRESENTATION_LAYER_ASSIGNMENT (  '', '', ( #4602 ) ) ;
#2272 = CARTESIAN_POINT ( 'NONE',  ( 0.5398466552134889573, -0.1100241169805492303, 0.000000000000000000 ) ) ;
#2273 = ORIENTED_EDGE ( 'NONE', *, *, #4306, .T. ) ;
#2274 = ORIENTED_EDGE ( 'NONE', *, *, #2368, .T. ) ;
#2275 = VECTOR ( 'NONE', #320, 1000.000000000000000 ) ;
#2276 = PRODUCT_DEFINITION_FORMATION_WITH_SPECIFIED_SOURCE ( '任何', '', #328, .NOT_KNOWN. ) ;
#2277 = EDGE_CURVE ( 'NONE', #4987, #4819, #1431, .T. ) ;
#2278 = CARTESIAN_POINT ( 'NONE',  ( 0.3775773495833013582, 0.1944463492818049588, 0.000000000000000000 ) ) ;
#2279 = FACE_OUTER_BOUND ( 'NONE', #4011, .T. ) ;
#2280 = STYLED_ITEM ( 'NONE', ( #2078 ), #1978 ) ;
#2281 = SURFACE_STYLE_USAGE ( .BOTH. , #3504 ) ;
#2282 = DIRECTION ( 'NONE',  ( 0.000000000000000000, 0.000000000000000000, -1.000000000000000000 ) ) ;
#2283 = FACE_OUTER_BOUND ( 'NONE', #252, .T. ) ;
#2284 = CARTESIAN_POINT ( 'NONE',  ( -0.4766016520376250010, 0.2179832356343499866, 0.01000000000000000021 ) ) ;
#2285 = CARTESIAN_POINT ( 'NONE',  ( -0.3576393779887591662, 0.1883479592646367384, 0.01000000000000000021 ) ) ;
#2286 = SURFACE_SIDE_STYLE ('',( #636 ) ) ;
#2287 = CARTESIAN_POINT ( 'NONE',  ( 0.3804049034773665516, 0.2492599535985548787, 0.000000000000000000 ) ) ;
#2288 = LINE ( 'NONE', #3174, #3291 ) ;
#2289 = DIRECTION ( 'NONE',  ( 0.000000000000000000, 0.000000000000000000, 1.000000000000000000 ) ) ;
#2290 = EDGE_CURVE ( 'NONE', #2974, #5182, #473, .T. ) ;
#2291 = DIRECTION ( 'NONE',  ( -1.000000000000000000, 0.000000000000000000, 0.000000000000000000 ) ) ;
#2292 = ORIENTED_EDGE ( 'NONE', *, *, #3430, .F. ) ;
#2293 = ADVANCED_FACE ( 'NONE', ( #2336 ), #2691, .F. ) ;
#2294 = CARTESIAN_POINT ( 'NONE',  ( 0.3244190584484367146, 0.1903256631488806083, 0.01000000000000000021 ) ) ;
#2295 = LINE ( 'NONE', #350, #4739 ) ;
#2296 = PRESENTATION_LAYER_ASSIGNMENT (  '', '', ( #4896 ) ) ;
#2297 = CARTESIAN_POINT ( 'NONE',  ( -0.5053290850712994775, -0.1355176834846942013, 0.01000000000000000194 ) ) ;
#2298 = B_SPLINE_CURVE_WITH_KNOTS ( 'NONE', 3,
 ( #2099, #5098, #3066, #3735, #4348, #3921, #3018, #568, #4752, #4729, #4674, #1023, #976, #30, #3318, #1273, #1800, #3453, #1402 ),
 .UNSPECIFIED., .F., .F.,
 ( 4, 1, 1, 1, 1, 1, 1, 1, 1, 1, 1, 1, 1, 1, 1, 1, 4 ),
 ( 0.000000000000000000, 0.07377411937406352926, 0.1440791147260412630, 0.2113485183089115205, 0.2760768857398837040, 0.3385209158196765822, 0.3998851166931335355, 0.4602540674652130792, 0.5205889643912479103, 0.5802076845630441682, 0.6386329085525458416, 0.6963645494905240652, 0.7540017746600128357, 0.8128056813744980458, 0.8727544255255607064, 0.9351819969782670938, 1.000000000000000000 ),
 .UNSPECIFIED. ) ;
#2299 = COLOUR_RGB ( '',0.8313725490196077761, 0.8313725490196077761, 0.8196078431372548767 ) ;
#2300 = ORIENTED_EDGE ( 'NONE', *, *, #421, .F. ) ;
#2301 = EDGE_LOOP ( 'NONE', ( #4035, #3597, #2781, #958 ) ) ;
#2302 = CARTESIAN_POINT ( 'NONE',  ( 0.5557028978404249253, 0.03276777422608700280, 0.01000000000000000021 ) ) ;
#2303 = CARTESIAN_POINT ( 'NONE',  ( 0.6254439008259041755, -0.006331903949576042634, 0.009999999999999998473 ) ) ;
#2304 = B_SPLINE_SURFACE_WITH_KNOTS ( 'NONE', 3, 1, ( 
 ( #4854, #2900 ),
 ( #1588, #339 ),
 ( #4523, #4099 ),
 ( #4069, #4998 ),
 ( #2843, #3225 ),
 ( #2405, #1634 ),
 ( #1225, #4123 ) ),
 .UNSPECIFIED., .F., .F., .F.,
 ( 4, 1, 1, 1, 4 ),
 ( 2, 2 ),
 ( 0.000000000000000000, 0.3261021526013340166, 0.6017142408718866298, 0.8255182846829499654, 1.000000000000000000 ),
 ( 0.000000000000000000, 1.000000000000000000 ),
 .UNSPECIFIED. ) ;
#2305 =( NAMED_UNIT ( * ) PLANE_ANGLE_UNIT ( ) SI_UNIT ( $, .RADIAN. ) );
#2306 = EDGE_CURVE ( 'NONE', #510, #4731, #4350, .T. ) ;
#2307 = SURFACE_STYLE_USAGE ( .BOTH. , #2595 ) ;
#2308 =( NAMED_UNIT ( * ) PLANE_ANGLE_UNIT ( ) SI_UNIT ( $, .RADIAN. ) );
#2309 =( NAMED_UNIT ( * ) PLANE_ANGLE_UNIT ( ) SI_UNIT ( $, .RADIAN. ) );
#2310 = DIRECTION ( 'NONE',  ( -0.000000000000000000, -0.000000000000000000, -1.000000000000000000 ) ) ;
#2311 = ORIENTED_EDGE ( 'NONE', *, *, #4195, .T. ) ;
#2312 = COLOUR_RGB ( '',0.8313725490196077761, 0.8313725490196077761, 0.8196078431372548767 ) ;
#2313 = LINE ( 'NONE', #4301, #2842 ) ;
#2314 = ORIENTED_EDGE ( 'NONE', *, *, #4133, .F. ) ;
#2315 = COLOUR_RGB ( '',0.8313725490196077761, 0.8313725490196077761, 0.8196078431372548767 ) ;
#2316 = ORIENTED_EDGE ( 'NONE', *, *, #63, .F. ) ;
#2317 = VERTEX_POINT ( 'NONE', #4784 ) ;
#2318 = ORIENTED_EDGE ( 'NONE', *, *, #1922, .T. ) ;
#2319 = VERTEX_POINT ( 'NONE', #1078 ) ;
#2320 = CARTESIAN_POINT ( 'NONE',  ( -0.5421095614802037277, 0.04236888488814002929, 0.000000000000000000 ) ) ;
#2321 = MANIFOLD_SOLID_BREP ( '包覆1', #1891 ) ;
#2322 = CARTESIAN_POINT ( 'NONE',  ( 0.4463308210643399110, 0.1810174195205669356, 0.01000000000000000021 ) ) ;
#2323 = CARTESIAN_POINT ( 'NONE',  ( 6.900000000000001243, 1.899999999999999911, 0.1000000000000002554 ) ) ;
#2324 = CARTESIAN_POINT ( 'NONE',  ( 0.3641025471699022020, -0.2076114364961208769, 0.000000000000000000 ) ) ;
#2325 = FACE_OUTER_BOUND ( 'NONE', #4961, .T. ) ;
#2326 = LINE ( 'NONE', #4419, #3931 ) ;
#2327 = UNCERTAINTY_MEASURE_WITH_UNIT (LENGTH_MEASURE( 1.000000000000000082E-05 ), #1501, 'distance_accuracy_value', 'NONE');
#2328 = CARTESIAN_POINT ( 'NONE',  ( -0.5320521636202405480, 0.08116174586054017426, 0.01000000000000000021 ) ) ;
#2329 = CARTESIAN_POINT ( 'NONE',  ( -0.8726906042556068499, 0.1714609485603576233, 0.01000000000000000021 ) ) ;
#2330 = ADVANCED_FACE ( 'NONE', ( #322 ), #3721, .F. ) ;
#2331 =( GEOMETRIC_REPRESENTATION_CONTEXT ( 3 ) GLOBAL_UNCERTAINTY_ASSIGNED_CONTEXT ( ( #3583 ) ) GLOBAL_UNIT_ASSIGNED_CONTEXT ( ( #4686, #119, #5024 ) ) REPRESENTATION_CONTEXT ( 'NONE', 'WORKASPACE' ) );
#2332 = SURFACE_SIDE_STYLE ('',( #3609 ) ) ;
#2333 = CARTESIAN_POINT ( 'NONE',  ( 0.3713743149925096687, 0.2494700661052815238, 0.000000000000000000 ) ) ;
#2334 = CARTESIAN_POINT ( 'NONE',  ( 5.999999999999999112, 6.400000000000000355, 6.000000000000000000 ) ) ;
#2335 = COLOUR_RGB ( '',0.2980392156862745057, 0.2980392156862745057, 0.2980392156862745057 ) ;
#2336 = FACE_OUTER_BOUND ( 'NONE', #3239, .T. ) ;
#2337 = ORIENTED_EDGE ( 'NONE', *, *, #4212, .T. ) ;
#2338 = VECTOR ( 'NONE', #1107, 1000.000000000000000 ) ;
#2339 =( NAMED_UNIT ( * ) PLANE_ANGLE_UNIT ( ) SI_UNIT ( $, .RADIAN. ) );
#2340 = CARTESIAN_POINT ( 'NONE',  ( -0.4111283232081669459, 0.1821761530776792037, 0.009999999999999998473 ) ) ;
#2341 = PRESENTATION_LAYER_ASSIGNMENT (  '', '', ( #202 ) ) ;
#2342 = ORIENTED_EDGE ( 'NONE', *, *, #263, .F. ) ;
#2343 = ORIENTED_EDGE ( 'NONE', *, *, #4487, .T. ) ;
#2344 = ORIENTED_EDGE ( 'NONE', *, *, #1217, .F. ) ;
#2345 = ORIENTED_EDGE ( 'NONE', *, *, #4200, .F. ) ;
#2346 = CIRCLE ( 'NONE', #204, 0.5000000000000004441 ) ;
#2347 = CARTESIAN_POINT ( 'NONE',  ( -0.5449061544723825534, 0.005891941600877288396, 0.000000000000000000 ) ) ;
#2348 = VECTOR ( 'NONE', #4459, 1000.000000000000000 ) ;
#2349 = CARTESIAN_POINT ( 'NONE',  ( -6.550000000000001599, 1.899999999999999911, 0.3000000000000006550 ) ) ;
#2350 = CARTESIAN_POINT ( 'NONE',  ( 0.5979870453523845608, 0.1153247648824779065, 0.000000000000000000 ) ) ;
#2351 = ADVANCED_FACE ( 'NONE', ( #4027 ), #3670, .F. ) ;
#2352 = MECHANICAL_DESIGN_GEOMETRIC_PRESENTATION_REPRESENTATION (  '', ( #634 ), #1240 ) ;
#2353 =( NAMED_UNIT ( * ) SI_UNIT ( $, .STERADIAN. ) SOLID_ANGLE_UNIT ( ) );
#2354 = VECTOR ( 'NONE', #664, 1000.000000000000000 ) ;
#2355 = LINE ( 'NONE', #1930, #2516 ) ;
#2356 = CARTESIAN_POINT ( 'NONE',  ( 6.399999999999998579, 1.899999999999999911, 3.500000000000000000 ) ) ;
#2357 =( NAMED_UNIT ( * ) PLANE_ANGLE_UNIT ( ) SI_UNIT ( $, .RADIAN. ) );
#2358 = SURFACE_STYLE_USAGE ( .BOTH. , #2332 ) ;
#2359 = CARTESIAN_POINT ( 'NONE',  ( -0.6079275647794407655, -0.05531088205267490482, 0.009999999999999995004 ) ) ;
#2360 = LINE ( 'NONE', #3967, #2491 ) ;
#2361 = LINE ( 'NONE', #5278, #346 ) ;
#2362 =( LENGTH_UNIT ( ) NAMED_UNIT ( * ) SI_UNIT ( .MILLI., .METRE. ) );
#2363 = PLANE ( 'NONE',  #4028 ) ;
#2364 = CARTESIAN_POINT ( 'NONE',  ( 0.2537104430412901457, 6.000000000000000000, 0.01000000000000000021 ) ) ;
#2365 = CARTESIAN_POINT ( 'NONE',  ( 0.5516033158256742341, 0.05351708155911559517, 0.01000000000000000021 ) ) ;
#2366 = SURFACE_SIDE_STYLE ('',( #1212 ) ) ;
#2367 = LINE ( 'NONE', #2393, #4408 ) ;
#2368 = EDGE_CURVE ( 'NONE', #1350, #1191, #4920, .T. ) ;
#2369 = CARTESIAN_POINT ( 'NONE',  ( -0.5449061544723825534, 0.005891941600877288396, 0.000000000000000000 ) ) ;
#2370 = ORIENTED_EDGE ( 'NONE', *, *, #2277, .F. ) ;
#2371 = ORIENTED_EDGE ( 'NONE', *, *, #1423, .F. ) ;
#2372 = VERTEX_POINT ( 'NONE', #3695 ) ;
#2373 = COLOUR_RGB ( '',0.8313725490196077761, 0.8313725490196077761, 0.8196078431372548767 ) ;
#2374 = CARTESIAN_POINT ( 'NONE',  ( -0.3576393779887591662, 0.1883479592646367384, 0.000000000000000000 ) ) ;
#2375 = VECTOR ( 'NONE', #4914, 1000.000000000000000 ) ;
#2376 = LINE ( 'NONE', #4850, #2381 ) ;
#2377 = CARTESIAN_POINT ( 'NONE',  ( 0.5157950941633748787, 0.2087442163876605805, 0.009999999999999998473 ) ) ;
#2378 = UNCERTAINTY_MEASURE_WITH_UNIT (LENGTH_MEASURE( 1.000000000000000082E-05 ), #2559, 'distance_accuracy_value', 'NONE');
#2379 = DIRECTION ( 'NONE',  ( 0.000000000000000000, 1.000000000000000000, -0.000000000000000000 ) ) ;
#2380 = EDGE_CURVE ( 'NONE', #3215, #2095, #1647, .T. ) ;
#2381 = VECTOR ( 'NONE', #3221, 1000.000000000000000 ) ;
#2382 =( LENGTH_UNIT ( ) NAMED_UNIT ( * ) SI_UNIT ( .MILLI., .METRE. ) );
#2383 = ADVANCED_FACE ( 'NONE', ( #4265 ), #2200, .F. ) ;
#2384 = CARTESIAN_POINT ( 'NONE',  ( -0.4044145999931318403, 0.2397168321761427023, 0.01000000000000000021 ) ) ;
#2385 = FACE_OUTER_BOUND ( 'NONE', #521, .T. ) ;
#2386 = CARTESIAN_POINT ( 'NONE',  ( 0.9244421503583630795, -0.2566274948703284875, 0.01000000000000000021 ) ) ;
#2387 = SURFACE_STYLE_USAGE ( .BOTH. , #4048 ) ;
#2388 =( NAMED_UNIT ( * ) PLANE_ANGLE_UNIT ( ) SI_UNIT ( $, .RADIAN. ) );
#2389 = CARTESIAN_POINT ( 'NONE',  ( 0.2537104430412901457, 0.1625798222028425333, 0.000000000000000000 ) ) ;
#2390 = LINE ( 'NONE', #5228, #2275 ) ;
#2391 = DIRECTION ( 'NONE',  ( -1.000000000000000000, -0.000000000000000000, 0.000000000000000000 ) ) ;
#2392 = DIRECTION ( 'NONE',  ( 0.000000000000000000, 1.000000000000000000, -0.000000000000000000 ) ) ;
#2393 = CARTESIAN_POINT ( 'NONE',  ( -4.399999999999998579, -3.000000000000000000, 0.2999999999999999889 ) ) ;
#2394 = CARTESIAN_POINT ( 'NONE',  ( -0.4626820653030776498, 0.1619285931011580359, 0.009999999999999998473 ) ) ;
#2395 = EDGE_LOOP ( 'NONE', ( #1516, #1169, #3973, #1216 ) ) ;
#2396 = VERTEX_POINT ( 'NONE', #1392 ) ;
#2397 = EDGE_CURVE ( 'NONE', #3367, #3928, #4211, .T. ) ;
#2398 = ORIENTED_EDGE ( 'NONE', *, *, #988, .F. ) ;
#2399 = MECHANICAL_DESIGN_GEOMETRIC_PRESENTATION_REPRESENTATION (  '', ( #4396 ), #2050 ) ;
#2400 = CARTESIAN_POINT ( 'NONE',  ( -0.4776805625290574397, 0.1521377080254326941, 0.000000000000000000 ) ) ;
#2401 = CARTESIAN_POINT ( 'NONE',  ( 6.550000000000001599, 1.899999999999999911, 3.049999999999999378 ) ) ;
#2402 = CARTESIAN_POINT ( 'NONE',  ( 0.2675384637231686402, -0.1836234058312286865, 0.01000000000000000021 ) ) ;
#2403 = SURFACE_STYLE_USAGE ( .BOTH. , #4911 ) ;
#2404 = VECTOR ( 'NONE', #380, 1000.000000000000000 ) ;
#2405 = CARTESIAN_POINT ( 'NONE',  ( -0.8778111836653070821, 0.1493308369903732780, 0.000000000000000000 ) ) ;
#2406 = CARTESIAN_POINT ( 'NONE',  ( -0.6079188960507165840, 0.05229061584271380014, 0.01000000000000000021 ) ) ;
#2407 = CARTESIAN_POINT ( 'NONE',  ( -0.9761866606172464600, -0.1163835924313038478, 0.000000000000000000 ) ) ;
#2408 =( LENGTH_UNIT ( ) NAMED_UNIT ( * ) SI_UNIT ( .MILLI., .METRE. ) );
#2409 = DIRECTION ( 'NONE',  ( 0.000000000000000000, -1.000000000000000000, -0.000000000000000000 ) ) ;
#2410 = CARTESIAN_POINT ( 'NONE',  ( -0.6119412818939728993, -0.009783177367405457292, 0.01000000000000000021 ) ) ;
#2411 = FILL_AREA_STYLE ('',( #772 ) ) ;
#2412 = CARTESIAN_POINT ( 'NONE',  ( -0.5187115979673522226, 0.1929472454722754582, 0.000000000000000000 ) ) ;
#2413 = SURFACE_STYLE_FILL_AREA ( #1568 ) ;
#2414 = CARTESIAN_POINT ( 'NONE',  ( -6.399999999999998579, -1.899999999999999689, 3.149999999999999911 ) ) ;
#2415 = STYLED_ITEM ( 'NONE', ( #719 ), #838 ) ;
#2416 = CARTESIAN_POINT ( 'NONE',  ( 0.2669906377915085005, 0.1702966157233230526, 0.01000000000000000021 ) ) ;
#2417 = LINE ( 'NONE', #5260, #2338 ) ;
#2418 = ORIENTED_EDGE ( 'NONE', *, *, #1550, .T. ) ;
#2419 = CIRCLE ( 'NONE', #4248, 0.09999999999999982514 ) ;
#2420 = ORIENTED_EDGE ( 'NONE', *, *, #2368, .F. ) ;
#2421 = EDGE_LOOP ( 'NONE', ( #4202, #458, #5289, #66 ) ) ;
#2422 = VECTOR ( 'NONE', #2727, 1000.000000000000000 ) ;
#2423 =( LENGTH_UNIT ( ) NAMED_UNIT ( * ) SI_UNIT ( .MILLI., .METRE. ) );
#2424 = VECTOR ( 'NONE', #4252, 1000.000000000000000 ) ;
#2425 = ADVANCED_FACE ( 'NONE', ( #4187 ), #2005, .F. ) ;
#2426 = CARTESIAN_POINT ( 'NONE',  ( -0.8778111836653070821, 0.1493308369903732780, 0.000000000000000000 ) ) ;
#2427 =( NAMED_UNIT ( * ) PLANE_ANGLE_UNIT ( ) SI_UNIT ( $, .RADIAN. ) );
#2428 =( LENGTH_UNIT ( ) NAMED_UNIT ( * ) SI_UNIT ( .MILLI., .METRE. ) );
#2429 = UNCERTAINTY_MEASURE_WITH_UNIT (LENGTH_MEASURE( 1.000000000000000082E-05 ), #1926, 'distance_accuracy_value', 'NONE');
#2430 = MECHANICAL_DESIGN_GEOMETRIC_PRESENTATION_REPRESENTATION (  '', ( #456 ), #3128 ) ;
#2431 = CARTESIAN_POINT ( 'NONE',  ( 6.399999999999999467, 1.899999999999999911, 3.149999999999999911 ) ) ;
#2432 = ADVANCED_FACE ( 'NONE', ( #131 ), #1766, .F. ) ;
#2433 = DIRECTION ( 'NONE',  ( 0.000000000000000000, 0.000000000000000000, 1.000000000000000000 ) ) ;
#2434 = LINE ( 'NONE', #2356, #148 ) ;
#2435 = ORIENTED_EDGE ( 'NONE', *, *, #1618, .T. ) ;
#2436 = STYLED_ITEM ( 'NONE', ( #267 ), #5250 ) ;
#2437 =( LENGTH_UNIT ( ) NAMED_UNIT ( * ) SI_UNIT ( .MILLI., .METRE. ) );
#2438 = VECTOR ( 'NONE', #1226, 1000.000000000000000 ) ;
#2439 = CARTESIAN_POINT ( 'NONE',  ( 0.2537104430412901457, 0.1625798222028426443, 0.01000000000000000021 ) ) ;
#2440 = PRESENTATION_STYLE_ASSIGNMENT (( #799 ) ) ;
#2441 = FACE_OUTER_BOUND ( 'NONE', #2183, .T. ) ;
#2442 = AXIS2_PLACEMENT_3D ( 'NONE', #1122, #3605, #2790 ) ;
#2443 =( NAMED_UNIT ( * ) PLANE_ANGLE_UNIT ( ) SI_UNIT ( $, .RADIAN. ) );
#2444 = SURFACE_STYLE_USAGE ( .BOTH. , #2366 ) ;
#2445 = EDGE_CURVE ( 'NONE', #1105, #4436, #3724, .T. ) ;
#2446 = FACE_OUTER_BOUND ( 'NONE', #2806, .T. ) ;
#2447 = ADVANCED_FACE ( 'NONE', ( #686 ), #3527, .T. ) ;
#2448 = ORIENTED_EDGE ( 'NONE', *, *, #5020, .T. ) ;
#2449 = ORIENTED_EDGE ( 'NONE', *, *, #4626, .F. ) ;
#2450 = CARTESIAN_POINT ( 'NONE',  ( 0.3912866625534853204, -0.2627250558459380270, 0.000000000000000000 ) ) ;
#2451 = CARTESIAN_POINT ( 'NONE',  ( 0.3820450466998267514, -0.2078470070654502011, 0.000000000000000000 ) ) ;
#2452 = CARTESIAN_POINT ( 'NONE',  ( 0.4723839861598643219, 0.2317182190375252637, 0.000000000000000000 ) ) ;
#2453 = CARTESIAN_POINT ( 'NONE',  ( 0.5385895772415567606, 0.09144705861030102967, 0.000000000000000000 ) ) ;
#2454 = CARTESIAN_POINT ( 'NONE',  ( 0.3912866625534854315, -0.2627250558459382490, 0.01000000000000000021 ) ) ;
#2455 = VERTEX_POINT ( 'NONE', #2709 ) ;
#2456 = EDGE_CURVE ( 'NONE', #4988, #1085, #4367, .T. ) ;
#2457 = FACE_BOUND ( 'NONE', #3104, .T. ) ;
#2458 = CARTESIAN_POINT ( 'NONE',  ( 0.6683445893827535400, -0.2566274948703282655, 0.000000000000000000 ) ) ;
#2459 = CARTESIAN_POINT ( 'NONE',  ( -0.5705357629206968539, -0.1489769171295684813, 0.01000000000000000021 ) ) ;
#2460 = CARTESIAN_POINT ( 'NONE',  ( 6.400000000000002132, -5.999999999999997335, 6.000000000000000000 ) ) ;
#2461 = VECTOR ( 'NONE', #2692, 1000.000000000000000 ) ;
#2462 =( NAMED_UNIT ( * ) PLANE_ANGLE_UNIT ( ) SI_UNIT ( $, .RADIAN. ) );
#2463 = CARTESIAN_POINT ( 'NONE',  ( -0.5940189947499056045, 0.09977442602678460171, 0.000000000000000000 ) ) ;
#2464 = DIRECTION ( 'NONE',  ( -1.000000000000000000, -0.000000000000000000, -0.000000000000000000 ) ) ;
#2465 = SURFACE_STYLE_USAGE ( .BOTH. , #4537 ) ;
#2466 = PRESENTATION_STYLE_ASSIGNMENT (( #2444 ) ) ;
#2467 = CARTESIAN_POINT ( 'NONE',  ( -0.9537019045196860612, -0.06150554365081609826, 0.01000000000000000021 ) ) ;
#2468 = ORIENTED_EDGE ( 'NONE', *, *, #150, .F. ) ;
#2469 = ORIENTED_EDGE ( 'NONE', *, *, #284, .T. ) ;
#2470 = CARTESIAN_POINT ( 'NONE',  ( 0.3465466062493959831, -0.2060074490216906307, 0.000000000000000000 ) ) ;
#2471 = B_SPLINE_CURVE_WITH_KNOTS ( 'NONE', 3,
 ( #4368, #2650, #1873, #5169, #2329, #1042, #2683 ),
 .UNSPECIFIED., .F., .F.,
 ( 4, 1, 1, 1, 4 ),
 ( 0.000000000000000000, 0.1744817153170500346, 0.3982857591281133702, 0.6738978473986659834, 1.000000000000000000 ),
 .UNSPECIFIED. ) ;
#2472 = FILL_AREA_STYLE ('',( #4968 ) ) ;
#2473 = CARTESIAN_POINT ( 'NONE',  ( 0.3713743149925096687, 0.2494700661052815238, 0.009999999999999998473 ) ) ;
#2474 = VECTOR ( 'NONE', #3169, 1000.000000000000000 ) ;
#2475 = B_SPLINE_CURVE_WITH_KNOTS ( 'NONE', 3,
 ( #3388, #5064, #992, #505, #2139, #4723, #4234, #1366, #3912, #3858, #4314, #3477, #610, #1341, #2252, #4640, #531, #967, #2170 ),
 .UNSPECIFIED., .F., .F.,
 ( 4, 1, 1, 1, 1, 1, 1, 1, 1, 1, 1, 1, 1, 1, 1, 1, 4 ),
 ( 0.000000000000000000, 0.06783324845577334838, 0.1326555365079039872, 0.1950508840508277386, 0.2555829330687771628, 0.3147998341472899031, 0.3736004728263745966, 0.4325455953267436371, 0.4924306292835655130, 0.5526712559629695098, 0.6125130441881163623, 0.6726102503570063895, 0.7338383693139459707, 0.7965942385677738935, 0.8614497992905731927, 0.9291989423509054991, 1.000000000000000000 ),
 .UNSPECIFIED. ) ;
#2476 = PRESENTATION_LAYER_ASSIGNMENT (  '', '', ( #4140 ) ) ;
#2477 = CARTESIAN_POINT ( 'NONE',  ( -0.7218993130562708638, -0.2566274948703282655, 0.000000000000000000 ) ) ;
#2478 =( LENGTH_UNIT ( ) NAMED_UNIT ( * ) SI_UNIT ( .MILLI., .METRE. ) );
#2479 = VERTEX_POINT ( 'NONE', #3228 ) ;
#2480 =( NAMED_UNIT ( * ) SI_UNIT ( $, .STERADIAN. ) SOLID_ANGLE_UNIT ( ) );
#2481 = SURFACE_STYLE_FILL_AREA ( #4556 ) ;
#2482 = CARTESIAN_POINT ( 'NONE',  ( -0.7864953496416366985, -0.06150554365081609826, 0.000000000000000000 ) ) ;
#2483 = VECTOR ( 'NONE', #2060, 1000.000000000000000 ) ;
#2484 = EDGE_CURVE ( 'NONE', #474, #4007, #4021, .T. ) ;
#2485 = PRESENTATION_STYLE_ASSIGNMENT (( #3040 ) ) ;
#2486 = CARTESIAN_POINT ( 'NONE',  ( -0.3914058108987006901, -0.1987459930701670208, 0.000000000000000000 ) ) ;
#2487 = CARTESIAN_POINT ( 'NONE',  ( 0.6256616625534856535, -0.01605965950447416080, 0.01000000000000000021 ) ) ;
#2488 = CARTESIAN_POINT ( 'NONE',  ( 0.3655266037963349479, 0.1945122470266242853, 0.01000000000000000021 ) ) ;
#2489 = ORIENTED_EDGE ( 'NONE', *, *, #1904, .T. ) ;
#2490 = ORIENTED_EDGE ( 'NONE', *, *, #5184, .T. ) ;
#2491 = VECTOR ( 'NONE', #4371, 1000.000000000000000 ) ;
#2492 = DIRECTION ( 'NONE',  ( -0.000000000000000000, -1.000000000000000000, -0.000000000000000000 ) ) ;
#2493 = CARTESIAN_POINT ( 'NONE',  ( 6.399999999999998579, -3.000000000000000000, 0.000000000000000000 ) ) ;
#2494 = VECTOR ( 'NONE', #4260, 1000.000000000000000 ) ;
#2495 = CARTESIAN_POINT ( 'NONE',  ( -0.6021564889745728566, 0.07672399481629217644, 0.000000000000000000 ) ) ;
#2496 = MECHANICAL_DESIGN_GEOMETRIC_PRESENTATION_REPRESENTATION (  '', ( #978 ), #2168 ) ;
#2497 = PRESENTATION_LAYER_ASSIGNMENT (  '', '', ( #4858 ) ) ;
#2498 = CARTESIAN_POINT ( 'NONE',  ( 0.4873062581031677443, -0.2461828419868980766, 0.000000000000000000 ) ) ;
#2499 = ADVANCED_FACE ( 'NONE', ( #2385 ), #3688, .T. ) ;
#2500 = CARTESIAN_POINT ( 'NONE',  ( 0.6101784223222616044, -0.1164229426366587689, 0.01000000000000000021 ) ) ;
#2501 = CARTESIAN_POINT ( 'NONE',  ( -0.5553047919804543486, 0.1603369840864160289, 0.01000000000000000021 ) ) ;
#2502 =( GEOMETRIC_REPRESENTATION_CONTEXT ( 3 ) GLOBAL_UNCERTAINTY_ASSIGNED_CONTEXT ( ( #4122 ) ) GLOBAL_UNIT_ASSIGNED_CONTEXT ( ( #3938, #1388, #1762 ) ) REPRESENTATION_CONTEXT ( 'NONE', 'WORKASPACE' ) );
#2503 = EDGE_CURVE ( 'NONE', #4377, #1085, #2434, .T. ) ;
#2504 = PLANE ( 'NONE',  #5168 ) ;
#2505 = EDGE_LOOP ( 'NONE', ( #453, #3985, #2980, #1746 ) ) ;
#2506 = DIRECTION ( 'NONE',  ( 0.000000000000000000, 0.000000000000000000, 1.000000000000000000 ) ) ;
#2507 = PLANE ( 'NONE',  #3390 ) ;
#2508 = CARTESIAN_POINT ( 'NONE',  ( -0.6121432154952951565, -0.0003393851142306780755, 0.01000000000000000021 ) ) ;
#2509 = FACE_OUTER_BOUND ( 'NONE', #3848, .T. ) ;
#2510 = CARTESIAN_POINT ( 'NONE',  ( -0.8655545472800119100, 0.1626859817577673561, 0.01000000000000000021 ) ) ;
#2511 = COLOUR_RGB ( '',0.2980392156862745057, 0.2980392156862745057, 0.2980392156862745057 ) ;
#2512 = CARTESIAN_POINT ( 'NONE',  ( -0.5380922776041233702, -0.06664908933636434774, 0.000000000000000000 ) ) ;
#2513 = PRESENTATION_STYLE_ASSIGNMENT (( #3365 ) ) ;
#2514 =( NAMED_UNIT ( * ) SI_UNIT ( $, .STERADIAN. ) SOLID_ANGLE_UNIT ( ) );
#2515 = ORIENTED_EDGE ( 'NONE', *, *, #1672, .F. ) ;
#2516 = VECTOR ( 'NONE', #3941, 1000.000000000000000 ) ;
#2517 = DIRECTION ( 'NONE',  ( -1.000000000000000000, -0.000000000000000000, 0.000000000000000000 ) ) ;
#2518 = LINE ( 'NONE', #3701, #2864 ) ;
#2519 = COLOUR_RGB ( '',0.2980392156862745057, 0.2980392156862745057, 0.2980392156862745057 ) ;
#2520 = ORIENTED_EDGE ( 'NONE', *, *, #1106, .F. ) ;
#2521 = ORIENTED_EDGE ( 'NONE', *, *, #3918, .T. ) ;
#2522 = ADVANCED_FACE ( 'NONE', ( #764 ), #4420, .F. ) ;
#2523 = CARTESIAN_POINT ( 'NONE',  ( 0.1561494674315339615, 0.2433725051296717623, 0.000000000000000000 ) ) ;
#2524 = CARTESIAN_POINT ( 'NONE',  ( 0.3375619307722652063, 0.2483268392222409693, 0.000000000000000000 ) ) ;
#2525 = PRESENTATION_STYLE_ASSIGNMENT (( #813 ) ) ;
#2526 = FACE_OUTER_BOUND ( 'NONE', #3358, .T. ) ;
#2527 = ORIENTED_EDGE ( 'NONE', *, *, #2290, .T. ) ;
#2528 = SURFACE_STYLE_FILL_AREA ( #34 ) ;
#2529 = SURFACE_STYLE_USAGE ( .BOTH. , #4177 ) ;
#2530 = LINE ( 'NONE', #4632, #215 ) ;
#2531 = CARTESIAN_POINT ( 'NONE',  ( 4.900000000000001243, 1.899999999999999911, -0.1499999999999999389 ) ) ;
#2532 = UNCERTAINTY_MEASURE_WITH_UNIT (LENGTH_MEASURE( 1.000000000000000082E-05 ), #1676, 'distance_accuracy_value', 'NONE');
#2533 = ORIENTED_EDGE ( 'NONE', *, *, #5171, .T. ) ;
#2534 = EDGE_CURVE ( 'NONE', #979, #3928, #4810, .T. ) ;
#2535 = PRESENTATION_STYLE_ASSIGNMENT (( #4608 ) ) ;
#2536 = FILL_AREA_STYLE_COLOUR ( '', #1660 ) ;
#2537 = MECHANICAL_DESIGN_GEOMETRIC_PRESENTATION_REPRESENTATION (  '', ( #4896 ), #3155 ) ;
#2538 = CARTESIAN_POINT ( 'NONE',  ( 0.2988728739187612171, -0.2505085932178240382, 0.000000000000000000 ) ) ;
#2539 =( NAMED_UNIT ( * ) PLANE_ANGLE_UNIT ( ) SI_UNIT ( $, .RADIAN. ) );
#2540 = SURFACE_SIDE_STYLE ('',( #4641 ) ) ;
#2541 = COLOUR_RGB ( '',0.8313725490196077761, 0.8313725490196077761, 0.8196078431372548767 ) ;
#2542 = CARTESIAN_POINT ( 'NONE',  ( -4.399999999999998579, -3.000000000000000000, 0.000000000000000000 ) ) ;
#2543 = CARTESIAN_POINT ( 'NONE',  ( -0.5450700447635880019, -0.001768500967889215930, 0.000000000000000000 ) ) ;
#2544 = CARTESIAN_POINT ( 'NONE',  ( 0.3981206595398144032, 0.2488477654093709246, 0.01000000000000000021 ) ) ;
#2545 = ORIENTED_EDGE ( 'NONE', *, *, #3630, .F. ) ;
#2546 = DIRECTION ( 'NONE',  ( 0.000000000000000000, 1.000000000000000000, -0.000000000000000000 ) ) ;
#2547 = MECHANICAL_DESIGN_GEOMETRIC_PRESENTATION_REPRESENTATION (  '', ( #2992 ), #3684 ) ;
#2548 = SURFACE_SIDE_STYLE ('',( #135 ) ) ;
#2549 =( NAMED_UNIT ( * ) PLANE_ANGLE_UNIT ( ) SI_UNIT ( $, .RADIAN. ) );
#2550 = ORIENTED_EDGE ( 'NONE', *, *, #4362, .T. ) ;
#2551 = EDGE_LOOP ( 'NONE', ( #3897, #1840, #2613, #1781 ) ) ;
#2552 = LINE ( 'NONE', #2523, #1376 ) ;
#2553 = ADVANCED_FACE ( 'NONE', ( #4943 ), #4124, .F. ) ;
#2554 = VERTEX_POINT ( 'NONE', #2583 ) ;
#2555 = CARTESIAN_POINT ( 'NONE',  ( 6.000000000000001776, 6.000000000000000000, 0.01000000000000000021 ) ) ;
#2556 = SURFACE_STYLE_USAGE ( .BOTH. , #2133 ) ;
#2557 = ORIENTED_EDGE ( 'NONE', *, *, #1743, .F. ) ;
#2558 = MECHANICAL_DESIGN_GEOMETRIC_PRESENTATION_REPRESENTATION (  '', ( #2167 ), #2882 ) ;
#2559 =( LENGTH_UNIT ( ) NAMED_UNIT ( * ) SI_UNIT ( .MILLI., .METRE. ) );
#2560 = LINE ( 'NONE', #4233, #2771 ) ;
#2561 =( GEOMETRIC_REPRESENTATION_CONTEXT ( 3 ) GLOBAL_UNCERTAINTY_ASSIGNED_CONTEXT ( ( #2926 ) ) GLOBAL_UNIT_ASSIGNED_CONTEXT ( ( #2889, #4081, #4238 ) ) REPRESENTATION_CONTEXT ( 'NONE', 'WORKASPACE' ) );
#2562 = CARTESIAN_POINT ( 'NONE',  ( 6.000000000000001776, -0.1163835924313039449, 0.01000000000000000021 ) ) ;
#2563 = PRESENTATION_STYLE_ASSIGNMENT (( #4289 ) ) ;
#2564 = SURFACE_STYLE_FILL_AREA ( #4188 ) ;
#2565 = CARTESIAN_POINT ( 'NONE',  ( -0.4643924997393694132, -0.1724688388063863320, 0.000000000000000000 ) ) ;
#2566 = CARTESIAN_POINT ( 'NONE',  ( -6.400000000000001243, 1.899999999999999911, 3.000000000000000000 ) ) ;
#2567 = FILL_AREA_STYLE_COLOUR ( '', #459 ) ;
#2568 = ORIENTED_EDGE ( 'NONE', *, *, #3595, .T. ) ;
#2569 = SURFACE_STYLE_FILL_AREA ( #4217 ) ;
#2570 = VECTOR ( 'NONE', #4432, 1000.000000000000000 ) ;
#2571 = PRESENTATION_STYLE_ASSIGNMENT (( #3398 ) ) ;
#2572 = ORIENTED_EDGE ( 'NONE', *, *, #2270, .T. ) ;
#2573 = ADVANCED_FACE ( 'NONE', ( #3381 ), #2504, .F. ) ;
#2574 = ORIENTED_EDGE ( 'NONE', *, *, #1438, .F. ) ;
#2575 = CARTESIAN_POINT ( 'NONE',  ( -0.4643924997393694132, -0.1724688388063863320, 0.000000000000000000 ) ) ;
#2576 = AXIS2_PLACEMENT_3D ( 'NONE', #345, #723, #1565 ) ;
#2577 = CARTESIAN_POINT ( 'NONE',  ( 0.5467657078079576349, -0.09264361394228345925, 0.009999999999999998473 ) ) ;
#2578 = ORIENTED_EDGE ( 'NONE', *, *, #1656, .F. ) ;
#2579 = ORIENTED_EDGE ( 'NONE', *, *, #3694, .T. ) ;
#2580 = DIRECTION ( 'NONE',  ( 0.000000000000000000, 0.000000000000000000, 1.000000000000000000 ) ) ;
#2581 = VECTOR ( 'NONE', #775, 1000.000000000000000 ) ;
#2582 = DIRECTION ( 'NONE',  ( 0.000000000000000000, 0.000000000000000000, 1.000000000000000000 ) ) ;
#2583 = CARTESIAN_POINT ( 'NONE',  ( 4.399999999999998579, 3.000000000000000000, 0.2999999999999999889 ) ) ;
#2584 = FILL_AREA_STYLE_COLOUR ( '', #4499 ) ;
#2585 = ORIENTED_EDGE ( 'NONE', *, *, #3411, .F. ) ;
#2586 =( GEOMETRIC_REPRESENTATION_CONTEXT ( 3 ) GLOBAL_UNCERTAINTY_ASSIGNED_CONTEXT ( ( #5065 ) ) GLOBAL_UNIT_ASSIGNED_CONTEXT ( ( #2110, #2959, #69 ) ) REPRESENTATION_CONTEXT ( 'NONE', 'WORKASPACE' ) );
#2587 = SURFACE_STYLE_FILL_AREA ( #631 ) ;
#2588 = CARTESIAN_POINT ( 'NONE',  ( 0.6683445893827535400, -0.2566274948703282655, 0.000000000000000000 ) ) ;
#2589 = EDGE_CURVE ( 'NONE', #1412, #3493, #151, .T. ) ;
#2590 = AXIS2_PLACEMENT_3D ( 'NONE', #1946, #701, #2776 ) ;
#2591 = LINE ( 'NONE', #1790, #5102 ) ;
#2592 = LINE ( 'NONE', #2624, #5314 ) ;
#2593 = AXIS2_PLACEMENT_3D ( 'NONE', #1196, #4971, #4522 ) ;
#2594 = SURFACE_STYLE_USAGE ( .BOTH. , #3861 ) ;
#2595 = SURFACE_SIDE_STYLE ('',( #1395 ) ) ;
#2596 = AXIS2_PLACEMENT_3D ( 'NONE', #1787, #3473, #1361 ) ;
#2597 = DIRECTION ( 'NONE',  ( 1.000000000000000000, 0.000000000000000000, 0.000000000000000000 ) ) ;
#2598 = ORIENTED_EDGE ( 'NONE', *, *, #2848, .F. ) ;
#2599 = CARTESIAN_POINT ( 'NONE',  ( -0.9537019045196856171, -0.06150554365081696562, 0.000000000000000000 ) ) ;
#2600 = CARTESIAN_POINT ( 'NONE',  ( 0.4194893751596377451, -0.2048326805904046310, 0.000000000000000000 ) ) ;
#2601 = DIRECTION ( 'NONE',  ( 0.000000000000000000, -1.000000000000000000, 0.000000000000000000 ) ) ;
#2602 =( GEOMETRIC_REPRESENTATION_CONTEXT ( 3 ) GLOBAL_UNCERTAINTY_ASSIGNED_CONTEXT ( ( #2429 ) ) GLOBAL_UNIT_ASSIGNED_CONTEXT ( ( #1926, #2305, #712 ) ) REPRESENTATION_CONTEXT ( 'NONE', 'WORKASPACE' ) );
#2603 =( LENGTH_UNIT ( ) NAMED_UNIT ( * ) SI_UNIT ( .MILLI., .METRE. ) );
#2604 = ORIENTED_EDGE ( 'NONE', *, *, #2851, .T. ) ;
#2605 = PRESENTATION_LAYER_ASSIGNMENT (  '', '', ( #273 ) ) ;
#2606 = ORIENTED_EDGE ( 'NONE', *, *, #2916, .F. ) ;
#2607 = EDGE_CURVE ( 'NONE', #1545, #3078, #4149, .T. ) ;
#2608 =( GEOMETRIC_REPRESENTATION_CONTEXT ( 3 ) GLOBAL_UNCERTAINTY_ASSIGNED_CONTEXT ( ( #2922 ) ) GLOBAL_UNIT_ASSIGNED_CONTEXT ( ( #2965, #3753, #2514 ) ) REPRESENTATION_CONTEXT ( 'NONE', 'WORKASPACE' ) );
#2609 = CARTESIAN_POINT ( 'NONE',  ( -0.5448974867533894484, -0.009459771719885679345, 0.01000000000000000194 ) ) ;
#2610 = ADVANCED_FACE ( 'NONE', ( #3326 ), #441, .F. ) ;
#2611 = VECTOR ( 'NONE', #121, 1000.000000000000000 ) ;
#2612 = CARTESIAN_POINT ( 'NONE',  ( 0.4837650702482467202, -0.1783614490643559980, 0.009999999999999998473 ) ) ;
#2613 = ORIENTED_EDGE ( 'NONE', *, *, #2835, .T. ) ;
#2614 = ORIENTED_EDGE ( 'NONE', *, *, #4441, .T. ) ;
#2615 = MECHANICAL_DESIGN_GEOMETRIC_PRESENTATION_REPRESENTATION (  '', ( #5319 ), #2975 ) ;
#2616 = FACE_BOUND ( 'NONE', #3541, .T. ) ;
#2617 = CARTESIAN_POINT ( 'NONE',  ( -6.550000000000001599, 1.899999999999999911, 3.049999999999999378 ) ) ;
#2618 = DIRECTION ( 'NONE',  ( 0.000000000000000000, 1.000000000000000000, 0.000000000000000000 ) ) ;
#2619 = ORIENTED_EDGE ( 'NONE', *, *, #2607, .T. ) ;
#2620 = PLANE ( 'NONE',  #4685 ) ;
#2621 = SURFACE_STYLE_USAGE ( .BOTH. , #3855 ) ;
#2622 = LINE ( 'NONE', #3008, #3007 ) ;
#2623 = EDGE_CURVE ( 'NONE', #707, #2134, #630, .T. ) ;
#2624 = CARTESIAN_POINT ( 'NONE',  ( -0.2767773618367586619, 0.1884944563491839642, 0.000000000000000000 ) ) ;
#2625 = CARTESIAN_POINT ( 'NONE',  ( -0.4293717595978461810, 0.1769048762944299968, 0.01000000000000000021 ) ) ;
#2626 = FILL_AREA_STYLE_COLOUR ( '', #2899 ) ;
#2627 = ADVANCED_FACE ( 'NONE', ( #4764 ), #4512, .F. ) ;
#2628 = CARTESIAN_POINT ( 'NONE',  ( -0.2767773618367591060, 0.1884944563491841307, 0.000000000000000000 ) ) ;
#2629 = LINE ( 'NONE', #2739, #31 ) ;
#2630 = ORIENTED_EDGE ( 'NONE', *, *, #1504, .T. ) ;
#2631 = FILL_AREA_STYLE ('',( #1799 ) ) ;
#2632 = DIRECTION ( 'NONE',  ( -1.000000000000000000, 0.000000000000000000, 0.000000000000000000 ) ) ;
#2633 = CYLINDRICAL_SURFACE ( 'NONE', #2747, 0.09999999999999982514 ) ;
#2634 = ORIENTED_EDGE ( 'NONE', *, *, #2749, .F. ) ;
#2635 =( LENGTH_UNIT ( ) NAMED_UNIT ( * ) SI_UNIT ( .MILLI., .METRE. ) );
#2636 = ORIENTED_EDGE ( 'NONE', *, *, #4098, .F. ) ;
#2637 = UNCERTAINTY_MEASURE_WITH_UNIT (LENGTH_MEASURE( 1.000000000000000082E-05 ), #2259, 'distance_accuracy_value', 'NONE');
#2638 = CARTESIAN_POINT ( 'NONE',  ( -0.3699875326264490116, -0.2012688938766354629, 0.000000000000000000 ) ) ;
#2639 = FILL_AREA_STYLE ('',( #5156 ) ) ;
#2640 = EDGE_CURVE ( 'NONE', #1420, #547, #2376, .T. ) ;
#2641 = CARTESIAN_POINT ( 'NONE',  ( 0.4690848301795385589, -0.1874276124797435716, 0.000000000000000000 ) ) ;
#2642 = EDGE_LOOP ( 'NONE', ( #3925, #430, #3186, #653 ) ) ;
#2643 = VERTEX_POINT ( 'NONE', #1523 ) ;
#2644 = CARTESIAN_POINT ( 'NONE',  ( 4.900000000000001243, 1.899999999999999911, -0.1499999999999999389 ) ) ;
#2645 = DIRECTION ( 'NONE',  ( 0.000000000000000000, -0.000000000000000000, 1.000000000000000000 ) ) ;
#2646 = DIRECTION ( 'NONE',  ( -0.000000000000000000, -1.000000000000000000, -0.000000000000000000 ) ) ;
#2647 = CARTESIAN_POINT ( 'NONE',  ( -0.6487285813489539477, -0.2566274948703282655, 0.000000000000000000 ) ) ;
#2648 = PRESENTATION_STYLE_ASSIGNMENT (( #1018 ) ) ;
#2649 = CARTESIAN_POINT ( 'NONE',  ( -0.5445876685808966888, 0.02077838095454796405, 0.01000000000000000021 ) ) ;
#2650 = CARTESIAN_POINT ( 'NONE',  ( -0.8778111836653070821, 0.1493308369903732780, 0.01000000000000000021 ) ) ;
#2651 = CARTESIAN_POINT ( 'NONE',  ( 5.999999999999999112, 6.400000000000000355, 0.000000000000000000 ) ) ;
#2652 = PRESENTATION_LAYER_ASSIGNMENT (  '', '', ( #3437 ) ) ;
#2653 =( NAMED_UNIT ( * ) SI_UNIT ( $, .STERADIAN. ) SOLID_ANGLE_UNIT ( ) );
#2654 = CARTESIAN_POINT ( 'NONE',  ( -0.08775297159285626314, 0.02386031000772056293, 0.000000000000000000 ) ) ;
#2655 = CARTESIAN_POINT ( 'NONE',  ( 0.4837650702482467202, -0.1783614490643559980, 0.000000000000000000 ) ) ;
#2656 = EDGE_CURVE ( 'NONE', #1087, #588, #360, .T. ) ;
#2657 = SURFACE_SIDE_STYLE ('',( #999 ) ) ;
#2658 =( LENGTH_UNIT ( ) NAMED_UNIT ( * ) SI_UNIT ( .MILLI., .METRE. ) );
#2659 = CARTESIAN_POINT ( 'NONE',  ( -0.5450700447635880019, -0.001768500967889215930, 0.000000000000000000 ) ) ;
#2660 = ORIENTED_EDGE ( 'NONE', *, *, #930, .T. ) ;
#2661 = CARTESIAN_POINT ( 'NONE',  ( -0.08775297159285648518, 6.000000000000000000, 0.01000000000000000021 ) ) ;
#2662 = ORIENTED_EDGE ( 'NONE', *, *, #1637, .T. ) ;
#2663 = MECHANICAL_DESIGN_GEOMETRIC_PRESENTATION_REPRESENTATION (  '', ( #4663 ), #3711 ) ;
#2664 = COLOUR_RGB ( '',0.8313725490196077761, 0.8313725490196077761, 0.8196078431372548767 ) ;
#2665 = FILL_AREA_STYLE_COLOUR ( '', #423 ) ;
#2666 = EDGE_CURVE ( 'NONE', #4684, #1466, #4016, .T. ) ;
#2667 = CARTESIAN_POINT ( 'NONE',  ( 0.5276154379732668209, -0.2250773379398672558, 0.01000000000000000021 ) ) ;
#2668 = AXIS2_PLACEMENT_3D ( 'NONE', #4326, #3457, #223 ) ;
#2669 = LINE ( 'NONE', #4712, #3917 ) ;
#2670 = ORIENTED_EDGE ( 'NONE', *, *, #1518, .T. ) ;
#2671 = ORIENTED_EDGE ( 'NONE', *, *, #1730, .F. ) ;
#2672 = CARTESIAN_POINT ( 'NONE',  ( 0.5385895772415567606, 0.09144705861030102967, 0.000000000000000000 ) ) ;
#2673 = CARTESIAN_POINT ( 'NONE',  ( -0.5445622003110143217, -0.02440418841092678592, 0.01000000000000000021 ) ) ;
#2674 = CARTESIAN_POINT ( 'NONE',  ( -0.08775297159285626314, -0.03101773877276726293, 0.000000000000000000 ) ) ;
#2675 =( GEOMETRIC_REPRESENTATION_CONTEXT ( 3 ) GLOBAL_UNCERTAINTY_ASSIGNED_CONTEXT ( ( #3418 ) ) GLOBAL_UNIT_ASSIGNED_CONTEXT ( ( #1038, #1336, #2979 ) ) REPRESENTATION_CONTEXT ( 'NONE', 'WORKASPACE' ) );
#2676 = DIRECTION ( 'NONE',  ( 0.000000000000000000, 0.000000000000000000, 1.000000000000000000 ) ) ;
#2677 = EDGE_CURVE ( 'NONE', #2228, #173, #4935, .T. ) ;
#2678 = UNCERTAINTY_MEASURE_WITH_UNIT (LENGTH_MEASURE( 1.000000000000000082E-05 ), #4006, 'distance_accuracy_value', 'NONE');
#2679 = CARTESIAN_POINT ( 'NONE',  ( 6.450000000000001066, -1.899999999999999911, 0.1999999999999999833 ) ) ;
#2680 = EDGE_CURVE ( 'NONE', #4222, #5121, #1221, .T. ) ;
#2681 = CARTESIAN_POINT ( 'NONE',  ( -0.4536655850132880752, 0.2272057479069301278, 0.01000000000000000021 ) ) ;
#2682 = AXIS2_PLACEMENT_3D ( 'NONE', #445, #4976, #2082 ) ;
#2683 = CARTESIAN_POINT ( 'NONE',  ( -0.8707179106172465710, 0.1823968953735743692, 0.01000000000000000021 ) ) ;
#2684 = CARTESIAN_POINT ( 'NONE',  ( -0.3739881612107367470, -0.2561149782181736390, 0.000000000000000000 ) ) ;
#2685 = CARTESIAN_POINT ( 'NONE',  ( 0.5979870453523845608, 0.1153247648824779065, 0.000000000000000000 ) ) ;
#2686 = PRESENTATION_LAYER_ASSIGNMENT (  '', '', ( #2167 ) ) ;
#2687 = CARTESIAN_POINT ( 'NONE',  ( 0.2537104430412901457, -0.1758348119434991197, 0.01000000000000000021 ) ) ;
#2688 = VECTOR ( 'NONE', #2053, 1000.000000000000000 ) ;
#2689 = CARTESIAN_POINT ( 'NONE',  ( 0.2669906377915085005, 0.1702966157233230526, 0.000000000000000000 ) ) ;
#2690 = CARTESIAN_POINT ( 'NONE',  ( 0.08907629669982670972, 0.1884944563491839642, 0.000000000000000000 ) ) ;
#2691 = CYLINDRICAL_SURFACE ( 'NONE', #133, 0.1000000000000001305 ) ;
#2692 = DIRECTION ( 'NONE',  ( 0.000000000000000000, 0.000000000000000000, 1.000000000000000000 ) ) ;
#2693 = VERTEX_POINT ( 'NONE', #4040 ) ;
#2694 = CARTESIAN_POINT ( 'NONE',  ( 0.2950659751738846093, 0.1822885795234159279, 0.01000000000000000021 ) ) ;
#2695 = ORIENTED_EDGE ( 'NONE', *, *, #1571, .T. ) ;
#2696 = CIRCLE ( 'NONE', #545, 0.1000000000000001305 ) ;
#2697 = PRESENTATION_STYLE_ASSIGNMENT (( #3101 ) ) ;
#2698 = CARTESIAN_POINT ( 'NONE',  ( 0.6255053883075830656, -0.02512039235290232028, 0.01000000000000000021 ) ) ;
#2699 =( GEOMETRIC_REPRESENTATION_CONTEXT ( 3 ) GLOBAL_UNCERTAINTY_ASSIGNED_CONTEXT ( ( #2872 ) ) GLOBAL_UNIT_ASSIGNED_CONTEXT ( ( #1311, #3826, #4576 ) ) REPRESENTATION_CONTEXT ( 'NONE', 'WORKASPACE' ) );
#2700 = EDGE_CURVE ( 'NONE', #1488, #3493, #1581, .T. ) ;
#2701 = VERTEX_POINT ( 'NONE', #1114 ) ;
#2702 = ORIENTED_EDGE ( 'NONE', *, *, #1591, .T. ) ;
#2703 = STYLED_ITEM ( 'NONE', ( #2563 ), #1685 ) ;
#2704 = SURFACE_SIDE_STYLE ('',( #1062 ) ) ;
#2705 = CARTESIAN_POINT ( 'NONE',  ( 0.5157950941633748787, 0.2087442163876605805, 0.000000000000000000 ) ) ;
#2706 = STYLED_ITEM ( 'NONE', ( #3276 ), #1966 ) ;
#2707 = AXIS2_PLACEMENT_3D ( 'NONE', #1597, #4895, #826 ) ;
#2708 = SURFACE_SIDE_STYLE ('',( #288 ) ) ;
#2709 = CARTESIAN_POINT ( 'NONE',  ( -0.7864953496416366985, -0.06150554365081609826, 0.000000000000000000 ) ) ;
#2710 = FILL_AREA_STYLE ('',( #5276 ) ) ;
#2711 = DIRECTION ( 'NONE',  ( 0.000000000000000000, 0.000000000000000000, 1.000000000000000000 ) ) ;
#2712 = DIRECTION ( 'NONE',  ( -1.000000000000000000, 0.000000000000000000, 0.000000000000000000 ) ) ;
#2713 = FILL_AREA_STYLE_COLOUR ( '', #4883 ) ;
#2714 =( LENGTH_UNIT ( ) NAMED_UNIT ( * ) SI_UNIT ( .MILLI., .METRE. ) );
#2715 = ORIENTED_EDGE ( 'NONE', *, *, #868, .T. ) ;
#2716 = DIRECTION ( 'NONE',  ( 0.000000000000000000, -1.000000000000000000, -0.000000000000000000 ) ) ;
#2717 = VERTEX_POINT ( 'NONE', #3270 ) ;
#2718 = B_SPLINE_CURVE_WITH_KNOTS ( 'NONE', 3,
 ( #4701, #586, #4267, #1794, #2227, #3891, #3116, #2255, #1824, #3480, #5144, #1428, #1043, #213, #3510, #4747, #2684, #1099, #4805 ),
 .UNSPECIFIED., .F., .F.,
 ( 4, 1, 1, 1, 1, 1, 1, 1, 1, 1, 1, 1, 1, 1, 1, 1, 4 ),
 ( 0.000000000000000000, 0.06806869584499403159, 0.1334274328189550551, 0.1961460338131565673, 0.2570485924493128849, 0.3168826631591620813, 0.3761872086663216597, 0.4359603353635462808, 0.4965352368627264368, 0.5574653434807332886, 0.6176868634101471134, 0.6779436406969064910, 0.7388052848060406852, 0.8009493367665841967, 0.8648146674702267278, 0.9310247810786571598, 1.000000000000000000 ),
 .UNSPECIFIED. ) ;
#2719 = LINE ( 'NONE', #5364, #2237 ) ;
#2720 = CARTESIAN_POINT ( 'NONE',  ( -0.4465369755396136897, 0.1701494132765576095, 0.000000000000000000 ) ) ;
#2721 = ORIENTED_EDGE ( 'NONE', *, *, #5212, .T. ) ;
#2722 = UNCERTAINTY_MEASURE_WITH_UNIT (LENGTH_MEASURE( 1.000000000000000082E-05 ), #4148, 'distance_accuracy_value', 'NONE');
#2723 = AXIS2_PLACEMENT_3D ( 'NONE', #819, #1151, #2764 ) ;
#2724 = ORIENTED_EDGE ( 'NONE', *, *, #284, .F. ) ;
#2725 = ORIENTED_EDGE ( 'NONE', *, *, #771, .T. ) ;
#2726 = ORIENTED_EDGE ( 'NONE', *, *, #1134, .F. ) ;
#2727 = DIRECTION ( 'NONE',  ( -0.000000000000000000, 1.000000000000000000, 0.000000000000000000 ) ) ;
#2728 = MECHANICAL_DESIGN_GEOMETRIC_PRESENTATION_REPRESENTATION (  '', ( #3771 ), #4464 ) ;
#2729 = EDGE_CURVE ( 'NONE', #2181, #3594, #4881, .T. ) ;
#2730 = FILL_AREA_STYLE_COLOUR ( '', #4996 ) ;
#2731 =( NAMED_UNIT ( * ) SI_UNIT ( $, .STERADIAN. ) SOLID_ANGLE_UNIT ( ) );
#2732 = LINE ( 'NONE', #3602, #117 ) ;
#2733 = CARTESIAN_POINT ( 'NONE',  ( 5.999999999999999112, 6.400000000000000355, 0.000000000000000000 ) ) ;
#2734 = DIRECTION ( 'NONE',  ( 1.000000000000000000, 0.000000000000000000, 0.000000000000000000 ) ) ;
#2735 = LINE ( 'NONE', #4393, #1679 ) ;
#2736 = CARTESIAN_POINT ( 'NONE',  ( -0.5152359826901042883, 0.1140951800488712448, 0.01000000000000000021 ) ) ;
#2737 = CARTESIAN_POINT ( 'NONE',  ( -0.08775297159285648518, -0.03101773877276729069, 0.01000000000000000021 ) ) ;
#2738 = CARTESIAN_POINT ( 'NONE',  ( 5.999999999999999112, -6.400000000000000355, 6.000000000000000000 ) ) ;
#2739 = CARTESIAN_POINT ( 'NONE',  ( 5.999999999999999112, -6.400000000000000355, 6.000000000000000000 ) ) ;
#2740 = PLANE ( 'NONE',  #3467 ) ;
#2741 = MECHANICAL_DESIGN_GEOMETRIC_PRESENTATION_REPRESENTATION (  '', ( #5013 ), #5360 ) ;
#2742 = SURFACE_STYLE_USAGE ( .BOTH. , #3179 ) ;
#2743 = VERTEX_POINT ( 'NONE', #4519 ) ;
#2744 =( GEOMETRIC_REPRESENTATION_CONTEXT ( 3 ) GLOBAL_UNCERTAINTY_ASSIGNED_CONTEXT ( ( #876 ) ) GLOBAL_UNIT_ASSIGNED_CONTEXT ( ( #4899, #2443, #5257 ) ) REPRESENTATION_CONTEXT ( 'NONE', 'WORKASPACE' ) );
#2745 =( NAMED_UNIT ( * ) SI_UNIT ( $, .STERADIAN. ) SOLID_ANGLE_UNIT ( ) );
#2746 = CARTESIAN_POINT ( 'NONE',  ( -0.2097041911050517293, 0.2433725051296719843, 0.000000000000000000 ) ) ;
#2747 = AXIS2_PLACEMENT_3D ( 'NONE', #3785, #2260, #811 ) ;
#2748 = CARTESIAN_POINT ( 'NONE',  ( -0.3715324657408666797, 0.1880620884350334421, 0.009999999999999998473 ) ) ;
#2749 = EDGE_CURVE ( 'NONE', #951, #4788, #3657, .T. ) ;
#2750 = ORIENTED_EDGE ( 'NONE', *, *, #3399, .T. ) ;
#2751 = VERTEX_POINT ( 'NONE', #3166 ) ;
#2752 = VECTOR ( 'NONE', #4623, 1000.000000000000000 ) ;
#2753 = VECTOR ( 'NONE', #4936, 1000.000000000000000 ) ;
#2754 = VERTEX_POINT ( 'NONE', #1955 ) ;
#2755 = VERTEX_POINT ( 'NONE', #2451 ) ;
#2756 = CARTESIAN_POINT ( 'NONE',  ( -0.5445876685808966888, 0.02077838095454796405, 0.000000000000000000 ) ) ;
#2757 = VECTOR ( 'NONE', #4085, 1000.000000000000000 ) ;
#2758 = STYLED_ITEM ( 'NONE', ( #3672 ), #476 ) ;
#2759 =( NAMED_UNIT ( * ) PLANE_ANGLE_UNIT ( ) SI_UNIT ( $, .RADIAN. ) );
#2760 = FILL_AREA_STYLE ('',( #4824 ) ) ;
#2761 = SURFACE_SIDE_STYLE ('',( #658 ) ) ;
#2762 = DIRECTION ( 'NONE',  ( 1.000000000000000000, 0.000000000000000000, -0.000000000000000000 ) ) ;
#2763 = DIRECTION ( 'NONE',  ( -1.000000000000000000, 0.000000000000000000, -3.497426362856468202E-17 ) ) ;
#2764 = DIRECTION ( 'NONE',  ( -1.000000000000000000, 0.000000000000000000, 0.000000000000000000 ) ) ;
#2765 = COLOUR_RGB ( '',0.2980392156862745057, 0.2980392156862745057, 0.2980392156862745057 ) ;
#2766 = EDGE_CURVE ( 'NONE', #3265, #1607, #1173, .T. ) ;
#2767 = PLANE ( 'NONE',  #2682 ) ;
#2768 = UNCERTAINTY_MEASURE_WITH_UNIT (LENGTH_MEASURE( 1.000000000000000082E-05 ), #3140, 'distance_accuracy_value', 'NONE');
#2769 = CARTESIAN_POINT ( 'NONE',  ( 0.3912866625534853204, -0.2627250558459380270, 0.000000000000000000 ) ) ;
#2770 = SURFACE_SIDE_STYLE ('',( #5200 ) ) ;
#2771 = VECTOR ( 'NONE', #528, 1000.000000000000000 ) ;
#2772 = CARTESIAN_POINT ( 'NONE',  ( -4.900000000000001243, 1.899999999999999911, -0.1499999999999999389 ) ) ;
#2773 = DIRECTION ( 'NONE',  ( -1.000000000000000000, -0.000000000000000000, -7.744301232039319147E-17 ) ) ;
#2774 = VECTOR ( 'NONE', #922, 1000.000000000000000 ) ;
#2775 = LINE ( 'NONE', #1490, #5195 ) ;
#2776 = DIRECTION ( 'NONE',  ( 0.000000000000000000, 0.000000000000000000, -1.000000000000000000 ) ) ;
#2777 = STYLED_ITEM ( 'NONE', ( #1533 ), #4651 ) ;
#2778 = VERTEX_POINT ( 'NONE', #734 ) ;
#2779 = ADVANCED_FACE ( 'NONE', ( #2025 ), #5173, .F. ) ;
#2780 = ORIENTED_EDGE ( 'NONE', *, *, #5020, .F. ) ;
#2781 = ORIENTED_EDGE ( 'NONE', *, *, #1712, .F. ) ;
#2782 = CIRCLE ( 'NONE', #2009, 0.1000000000000001027 ) ;
#2783 = EDGE_CURVE ( 'NONE', #39, #2107, #1016, .T. ) ;
#2784 = DIRECTION ( 'NONE',  ( 1.000000000000000000, 0.000000000000000000, 0.000000000000000000 ) ) ;
#2785 =( NAMED_UNIT ( * ) SI_UNIT ( $, .STERADIAN. ) SOLID_ANGLE_UNIT ( ) );
#2786 = CARTESIAN_POINT ( 'NONE',  ( 0.5709764373582946195, 0.1578963387230832849, 0.009999999999999998473 ) ) ;
#2787 = CARTESIAN_POINT ( 'NONE',  ( 0.3465466062493959831, -0.2060074490216906307, 0.000000000000000000 ) ) ;
#2788 =( LENGTH_UNIT ( ) NAMED_UNIT ( * ) SI_UNIT ( .MILLI., .METRE. ) );
#2789 = FILL_AREA_STYLE ('',( #1066 ) ) ;
#2790 = DIRECTION ( 'NONE',  ( 0.000000000000000000, -0.000000000000000000, -1.000000000000000000 ) ) ;
#2791 = VECTOR ( 'NONE', #203, 1000.000000000000000 ) ;
#2792 = SURFACE_STYLE_USAGE ( .BOTH. , #1152 ) ;
#2793 = SURFACE_SIDE_STYLE ('',( #4806 ) ) ;
#2794 =( LENGTH_UNIT ( ) NAMED_UNIT ( * ) SI_UNIT ( .MILLI., .METRE. ) );
#2795 = CARTESIAN_POINT ( 'NONE',  ( 0.3760073364169484456, -0.2077677367917399320, 0.01000000000000000021 ) ) ;
#2796 = ADVANCED_FACE ( 'NONE', ( #1274 ), #1686, .F. ) ;
#2797 = CARTESIAN_POINT ( 'NONE',  ( -6.399999999999998579, 1.899999999999999911, 3.500000000000000000 ) ) ;
#2798 = CARTESIAN_POINT ( 'NONE',  ( -1.099948093544075745, -0.2566274948703282655, 0.000000000000000000 ) ) ;
#2799 = EDGE_CURVE ( 'NONE', #192, #4713, #3736, .T. ) ;
#2800 = PRESENTATION_STYLE_ASSIGNMENT (( #1183 ) ) ;
#2801 = CARTESIAN_POINT ( 'NONE',  ( 0.8573689796266560359, -0.2017494460898404396, 0.000000000000000000 ) ) ;
#2802 = CARTESIAN_POINT ( 'NONE',  ( 6.450000000000001954, -1.899999999999999911, 0.2999999999999999889 ) ) ;
#2803 = CARTESIAN_POINT ( 'NONE',  ( -0.8377529715928563325, 0.2433725051296717623, 0.000000000000000000 ) ) ;
#2804 = CARTESIAN_POINT ( 'NONE',  ( -0.4916625749498703124, 0.1410123246303357503, 0.000000000000000000 ) ) ;
#2805 = ORIENTED_EDGE ( 'NONE', *, *, #1825, .T. ) ;
#2806 = EDGE_LOOP ( 'NONE', ( #3522, #1304, #4553, #3317 ) ) ;
#2807 = ORIENTED_EDGE ( 'NONE', *, *, #331, .F. ) ;
#2808 = VECTOR ( 'NONE', #4668, 1000.000000000000000 ) ;
#2809 = PRESENTATION_STYLE_ASSIGNMENT (( #4821 ) ) ;
#2810 = PRESENTATION_LAYER_ASSIGNMENT (  '', '', ( #4116 ) ) ;
#2811 = CARTESIAN_POINT ( 'NONE',  ( -6.399999999999999467, 1.899999999999999911, 3.149999999999999911 ) ) ;
#2812 = LINE ( 'NONE', #1925, #1033 ) ;
#2813 = CARTESIAN_POINT ( 'NONE',  ( 0.5585884918217780548, -0.01196286072398678596, 0.000000000000000000 ) ) ;
#2814 = VECTOR ( 'NONE', #4633, 1000.000000000000114 ) ;
#2815 = UNCERTAINTY_MEASURE_WITH_UNIT (LENGTH_MEASURE( 1.000000000000000082E-05 ), #2794, 'distance_accuracy_value', 'NONE');
#2816 = CARTESIAN_POINT ( 'NONE',  ( 0.4463308210643399110, 0.1810174195205669356, 0.000000000000000000 ) ) ;
#2817 = CARTESIAN_POINT ( 'NONE',  ( -0.5835388826043617083, 0.1214251949534383979, 0.01000000000000000021 ) ) ;
#2818 = DIRECTION ( 'NONE',  ( 0.000000000000000000, 1.000000000000000000, -0.000000000000000000 ) ) ;
#2819 = CARTESIAN_POINT ( 'NONE',  ( 0.3333564233149291511, -0.2584942258730525966, 0.01000000000000000021 ) ) ;
#2820 = APPLICATION_CONTEXT ( 'automotive_design' ) ;
#2821 = CARTESIAN_POINT ( 'NONE',  ( -0.6115454540954541329, -0.02829478451331075839, 0.000000000000000000 ) ) ;
#2822 = CARTESIAN_POINT ( 'NONE',  ( 0.2829684074573023400, -0.2449563389126779289, 0.000000000000000000 ) ) ;
#2823 =( LENGTH_UNIT ( ) NAMED_UNIT ( * ) SI_UNIT ( .MILLI., .METRE. ) );
#2824 =( LENGTH_UNIT ( ) NAMED_UNIT ( * ) SI_UNIT ( .MILLI., .METRE. ) );
#2825 = CARTESIAN_POINT ( 'NONE',  ( -0.4982046459400311100, 0.2064298897717288528, 0.009999999999999995004 ) ) ;
#2826 = FILL_AREA_STYLE ('',( #2857 ) ) ;
#2827 = LINE ( 'NONE', #1164, #550 ) ;
#2828 = ADVANCED_FACE ( 'NONE', ( #518 ), #5022, .F. ) ;
#2829 =( LENGTH_UNIT ( ) NAMED_UNIT ( * ) SI_UNIT ( .MILLI., .METRE. ) );
#2830 = SURFACE_SIDE_STYLE ('',( #5338 ) ) ;
#2831 = VERTEX_POINT ( 'NONE', #323 ) ;
#2832 = ORIENTED_EDGE ( 'NONE', *, *, #1265, .T. ) ;
#2833 = EDGE_LOOP ( 'NONE', ( #1681, #2103, #4465, #1753 ) ) ;
#2834 = AXIS2_PLACEMENT_3D ( 'NONE', #471, #1836, #5130 ) ;
#2835 = EDGE_CURVE ( 'NONE', #1105, #2743, #4323, .T. ) ;
#2836 =( NAMED_UNIT ( * ) PLANE_ANGLE_UNIT ( ) SI_UNIT ( $, .RADIAN. ) );
#2837 = CARTESIAN_POINT ( 'NONE',  ( 0.3542115532566010305, 0.2493470388551371208, 0.01000000000000000021 ) ) ;
#2838 = CARTESIAN_POINT ( 'NONE',  ( 0.4723839861598643219, 0.2317182190375252637, 0.009999999999999998473 ) ) ;
#2839 = CARTESIAN_POINT ( 'NONE',  ( 0.2675384637231686402, -0.1836234058312286865, 0.000000000000000000 ) ) ;
#2840 = PRESENTATION_STYLE_ASSIGNMENT (( #4853 ) ) ;
#2841 = CIRCLE ( 'NONE', #1805, 0.4000000000000001887 ) ;
#2842 = VECTOR ( 'NONE', #5204, 1000.000000000000000 ) ;
#2843 = CARTESIAN_POINT ( 'NONE',  ( -0.8763869002139249575, 0.1538845927838241867, 0.000000000000000000 ) ) ;
#2844 = FILL_AREA_STYLE ('',( #3687 ) ) ;
#2845 = B_SPLINE_CURVE_WITH_KNOTS ( 'NONE', 3,
 ( #1205, #824, #3257, #2822, #5327, #398, #4501, #2035, #3692, #3641, #2850 ),
 .UNSPECIFIED., .F., .F.,
 ( 4, 1, 1, 1, 1, 1, 1, 1, 4 ),
 ( 0.000000000000000000, 0.1124483899088009192, 0.2265276752126772764, 0.3444019493260274123, 0.4658649724874581732, 0.5916594493521162290, 0.7221684870248874510, 0.8586063875549264646, 1.000000000000000000 ),
 .UNSPECIFIED. ) ;
#2846 = ORIENTED_EDGE ( 'NONE', *, *, #672, .F. ) ;
#2847 = CARTESIAN_POINT ( 'NONE',  ( 6.399999999999998579, -3.000000000000000000, 0.2999999999999999889 ) ) ;
#2848 = EDGE_CURVE ( 'NONE', #5051, #4463, #5283, .T. ) ;
#2849 = CARTESIAN_POINT ( 'NONE',  ( 5.999999999999999112, -6.400000000000000355, 0.000000000000000000 ) ) ;
#2850 = CARTESIAN_POINT ( 'NONE',  ( 0.3912866625534853204, -0.2627250558459380270, 0.000000000000000000 ) ) ;
#2851 = EDGE_CURVE ( 'NONE', #4944, #2974, #1485, .T. ) ;
#2852 = CARTESIAN_POINT ( 'NONE',  ( -0.3456607459831002038, -0.2566274948703284875, 0.01000000000000000021 ) ) ;
#2853 = SURFACE_SIDE_STYLE ('',( #3748 ) ) ;
#2854 = FILL_AREA_STYLE ('',( #1566 ) ) ;
#2855 = VECTOR ( 'NONE', #4939, 1000.000000000000000 ) ;
#2856 = CARTESIAN_POINT ( 'NONE',  ( -0.4536655850132880752, 0.2272057479069301278, 0.009999999999999995004 ) ) ;
#2857 = FILL_AREA_STYLE_COLOUR ( '', #1808 ) ;
#2858 = CARTESIAN_POINT ( 'NONE',  ( 0.3713743149925096687, 0.2494700661052815238, 0.000000000000000000 ) ) ;
#2859 = CARTESIAN_POINT ( 'NONE',  ( 6.399999999999999467, -1.899999999999999911, 3.149999999999999911 ) ) ;
#2860 = DIRECTION ( 'NONE',  ( 0.000000000000000000, 1.000000000000000000, 0.000000000000000000 ) ) ;
#2861 = ORIENTED_EDGE ( 'NONE', *, *, #27, .T. ) ;
#2862 = COLOUR_RGB ( '',0.2980392156862745057, 0.2980392156862745057, 0.2980392156862745057 ) ;
#2863 = ORIENTED_EDGE ( 'NONE', *, *, #2640, .T. ) ;
#2864 = VECTOR ( 'NONE', #2151, 1000.000000000000000 ) ;
#2865 = SURFACE_SIDE_STYLE ('',( #433 ) ) ;
#2866 = ADVANCED_FACE ( 'NONE', ( #4351 ), #2263, .T. ) ;
#2867 = DIRECTION ( 'NONE',  ( -1.000000000000000000, -0.000000000000000000, 0.000000000000000000 ) ) ;
#2868 = FILL_AREA_STYLE ('',( #2896 ) ) ;
#2869 = MECHANICAL_DESIGN_GEOMETRIC_PRESENTATION_REPRESENTATION (  '', ( #2777 ), #1060 ) ;
#2870 = UNCERTAINTY_MEASURE_WITH_UNIT (LENGTH_MEASURE( 1.000000000000000082E-05 ), #3508, 'distance_accuracy_value', 'NONE');
#2871 =( NAMED_UNIT ( * ) PLANE_ANGLE_UNIT ( ) SI_UNIT ( $, .RADIAN. ) );
#2872 = UNCERTAINTY_MEASURE_WITH_UNIT (LENGTH_MEASURE( 1.000000000000000082E-05 ), #1311, 'distance_accuracy_value', 'NONE');
#2873 = CARTESIAN_POINT ( 'NONE',  ( 0.4628820362977402181, 0.1730904043479696008, 0.000000000000000000 ) ) ;
#2874 = PRESENTATION_STYLE_ASSIGNMENT (( #3606 ) ) ;
#2875 = AXIS2_PLACEMENT_3D ( 'NONE', #3120, #2712, #5251 ) ;
#2876 = ORIENTED_EDGE ( 'NONE', *, *, #1298, .F. ) ;
#2877 =( NAMED_UNIT ( * ) SI_UNIT ( $, .STERADIAN. ) SOLID_ANGLE_UNIT ( ) );
#2878 = CIRCLE ( 'NONE', #120, 0.1000000000000001027 ) ;
#2879 = UNCERTAINTY_MEASURE_WITH_UNIT (LENGTH_MEASURE( 1.000000000000000082E-05 ), #2603, 'distance_accuracy_value', 'NONE');
#2880 = CARTESIAN_POINT ( 'NONE',  ( -0.4758148803628110546, -0.2297043093477719178, 0.009999999999999995004 ) ) ;
#2881 = LINE ( 'NONE', #1593, #3374 ) ;
#2882 =( GEOMETRIC_REPRESENTATION_CONTEXT ( 3 ) GLOBAL_UNCERTAINTY_ASSIGNED_CONTEXT ( ( #1307 ) ) GLOBAL_UNIT_ASSIGNED_CONTEXT ( ( #4506, #3645, #2040 ) ) REPRESENTATION_CONTEXT ( 'NONE', 'WORKASPACE' ) );
#2883 = AXIS2_PLACEMENT_3D ( 'NONE', #1384, #3468, #578 ) ;
#2884 = CARTESIAN_POINT ( 'NONE',  ( -0.1121432154952953092, -0.2017494460898404396, 0.000000000000000000 ) ) ;
#2885 = DIRECTION ( 'NONE',  ( 0.000000000000000000, 1.000000000000000000, 0.000000000000000000 ) ) ;
#2886 = CARTESIAN_POINT ( 'NONE',  ( -0.3508055630562709193, 0.2433725051296717623, 0.000000000000000000 ) ) ;
#2887 = CARTESIAN_POINT ( 'NONE',  ( -0.5448974867533894484, -0.009459771719885679345, 0.000000000000000000 ) ) ;
#2888 =( GEOMETRIC_REPRESENTATION_CONTEXT ( 3 ) GLOBAL_UNCERTAINTY_ASSIGNED_CONTEXT ( ( #1916 ) ) GLOBAL_UNIT_ASSIGNED_CONTEXT ( ( #4991, #4297, #1456 ) ) REPRESENTATION_CONTEXT ( 'NONE', 'WORKASPACE' ) );
#2889 =( LENGTH_UNIT ( ) NAMED_UNIT ( * ) SI_UNIT ( .MILLI., .METRE. ) );
#2890 = DIRECTION ( 'NONE',  ( 1.000000000000000000, 0.000000000000000000, 0.000000000000000000 ) ) ;
#2891 = FILL_AREA_STYLE_COLOUR ( '', #791 ) ;
#2892 =( GEOMETRIC_REPRESENTATION_CONTEXT ( 3 ) GLOBAL_UNCERTAINTY_ASSIGNED_CONTEXT ( ( #160 ) ) GLOBAL_UNIT_ASSIGNED_CONTEXT ( ( #5090, #3749, #4667 ) ) REPRESENTATION_CONTEXT ( 'NONE', 'WORKASPACE' ) );
#2893 = VERTEX_POINT ( 'NONE', #1048 ) ;
#2894 = ORIENTED_EDGE ( 'NONE', *, *, #3866, .F. ) ;
#2895 =( NAMED_UNIT ( * ) SI_UNIT ( $, .STERADIAN. ) SOLID_ANGLE_UNIT ( ) );
#2896 = FILL_AREA_STYLE_COLOUR ( '', #1892 ) ;
#2897 = DIRECTION ( 'NONE',  ( 0.000000000000000000, 1.000000000000000000, -0.000000000000000000 ) ) ;
#2898 = ADVANCED_FACE ( 'NONE', ( #3972 ), #2363, .F. ) ;
#2899 = COLOUR_RGB ( '',0.8313725490196077761, 0.8313725490196077761, 0.8196078431372548767 ) ;
#2900 = CARTESIAN_POINT ( 'NONE',  ( -0.8707179106172465710, 0.1823968953735742027, 0.01000000000000000021 ) ) ;
#2901 = SURFACE_STYLE_FILL_AREA ( #4913 ) ;
#2902 = ORIENTED_EDGE ( 'NONE', *, *, #4214, .F. ) ;
#2903 = FACE_OUTER_BOUND ( 'NONE', #123, .T. ) ;
#2904 = COLOUR_RGB ( '',0.8313725490196077761, 0.8313725490196077761, 0.8196078431372548767 ) ;
#2905 = DIRECTION ( 'NONE',  ( 0.000000000000000000, 0.000000000000000000, 1.000000000000000000 ) ) ;
#2906 = DIRECTION ( 'NONE',  ( 1.000000000000000000, 0.000000000000000000, 0.000000000000000000 ) ) ;
#2907 = PLANE ( 'NONE',  #899 ) ;
#2908 = CARTESIAN_POINT ( 'NONE',  ( -0.6115533699011184154, 0.02644661529925408650, 0.009999999999999995004 ) ) ;
#2909 = CARTESIAN_POINT ( 'NONE',  ( -0.3699875326264490116, -0.2012688938766354629, 0.000000000000000000 ) ) ;
#2910 = CARTESIAN_POINT ( 'NONE',  ( -0.8674137913839146119, 0.1721104704863788692, 0.000000000000000000 ) ) ;
#2911 = CARTESIAN_POINT ( 'NONE',  ( -6.650000000000001243, -1.899999999999999911, -0.1499999999999998002 ) ) ;
#2912 =( NAMED_UNIT ( * ) PLANE_ANGLE_UNIT ( ) SI_UNIT ( $, .RADIAN. ) );
#2913 = ORIENTED_EDGE ( 'NONE', *, *, #150, .T. ) ;
#2914 = ORIENTED_EDGE ( 'NONE', *, *, #1119, .T. ) ;
#2915 = CARTESIAN_POINT ( 'NONE',  ( -0.2097041911050517293, 0.2433725051296719843, 0.01000000000000000021 ) ) ;
#2916 = EDGE_CURVE ( 'NONE', #547, #707, #1160, .T. ) ;
#2917 = LINE ( 'NONE', #4566, #3496 ) ;
#2918 = CARTESIAN_POINT ( 'NONE',  ( 0.2658047601497594559, 0.2345623428938911348, 0.000000000000000000 ) ) ;
#2919 = CARTESIAN_POINT ( 'NONE',  ( -0.5835388826043617083, 0.1214251949534383979, 0.000000000000000000 ) ) ;
#2920 = AXIS2_PLACEMENT_3D ( 'NONE', #4711, #3767, #1004 ) ;
#2921 = CARTESIAN_POINT ( 'NONE',  ( 0.4417362215944827808, -0.2589686365912374222, 0.01000000000000000021 ) ) ;
#2922 = UNCERTAINTY_MEASURE_WITH_UNIT (LENGTH_MEASURE( 1.000000000000000082E-05 ), #2965, 'distance_accuracy_value', 'NONE');
#2923 = CARTESIAN_POINT ( 'NONE',  ( -0.2767773618367591060, -0.2017494460898406061, 0.01000000000000000021 ) ) ;
#2924 = COLOUR_RGB ( '',0.8313725490196077761, 0.8313725490196077761, 0.8196078431372548767 ) ;
#2925 = FILL_AREA_STYLE ('',( #4552 ) ) ;
#2926 = UNCERTAINTY_MEASURE_WITH_UNIT (LENGTH_MEASURE( 1.000000000000000082E-05 ), #2889, 'distance_accuracy_value', 'NONE');
#2927 = ORIENTED_EDGE ( 'NONE', *, *, #869, .T. ) ;
#2928 = FILL_AREA_STYLE_COLOUR ( '', #4339 ) ;
#2929 = COLOUR_RGB ( '',0.8313725490196077761, 0.8313725490196077761, 0.8196078431372548767 ) ;
#2930 = DIRECTION ( 'NONE',  ( -0.000000000000000000, -1.000000000000000000, -0.000000000000000000 ) ) ;
#2931 =( NAMED_UNIT ( * ) PLANE_ANGLE_UNIT ( ) SI_UNIT ( $, .RADIAN. ) );
#2932 = FILL_AREA_STYLE ('',( #1287 ) ) ;
#2933 = FILL_AREA_STYLE_COLOUR ( '', #1940 ) ;
#2934 = EDGE_CURVE ( 'NONE', #173, #134, #3856, .T. ) ;
#2935 = CARTESIAN_POINT ( 'NONE',  ( 0.3375619307722652063, 0.2483268392222409693, 0.01000000000000000021 ) ) ;
#2936 = PLANE ( 'NONE',  #1503 ) ;
#2937 = ORIENTED_EDGE ( 'NONE', *, *, #1874, .T. ) ;
#2938 = LINE ( 'NONE', #861, #2404 ) ;
#2939 = FILL_AREA_STYLE ('',( #1295 ) ) ;
#2940 = FACE_OUTER_BOUND ( 'NONE', #3589, .T. ) ;
#2941 = ORIENTED_EDGE ( 'NONE', *, *, #4115, .F. ) ;
#2942 = VERTEX_POINT ( 'NONE', #3260 ) ;
#2943 = VECTOR ( 'NONE', #2464, 1000.000000000000000 ) ;
#2944 = CARTESIAN_POINT ( 'NONE',  ( 0.2973493194428448172, -0.1955919805782051768, 0.000000000000000000 ) ) ;
#2945 = VECTOR ( 'NONE', #744, 1000.000000000000000 ) ;
#2946 = FILL_AREA_STYLE ('',( #1301 ) ) ;
#2947 = CARTESIAN_POINT ( 'NONE',  ( -0.8745204962293013917, 0.1617441225707521857, 0.000000000000000000 ) ) ;
#2948 = ADVANCED_FACE ( 'NONE', ( #449 ), #5346, .F. ) ;
#2949 =( NAMED_UNIT ( * ) SI_UNIT ( $, .STERADIAN. ) SOLID_ANGLE_UNIT ( ) );
#2950 = ORIENTED_EDGE ( 'NONE', *, *, #1353, .F. ) ;
#2951 = PRESENTATION_LAYER_ASSIGNMENT (  '', '', ( #1227 ) ) ;
#2952 = CARTESIAN_POINT ( 'NONE',  ( 0.5081492737326052112, -0.2367443031371258833, 0.01000000000000000021 ) ) ;
#2953 = SURFACE_STYLE_FILL_AREA ( #649 ) ;
#2954 = STYLED_ITEM ( 'NONE', ( #3303 ), #4707 ) ;
#2955 =( NAMED_UNIT ( * ) PLANE_ANGLE_UNIT ( ) SI_UNIT ( $, .RADIAN. ) );
#2956 = ORIENTED_EDGE ( 'NONE', *, *, #2270, .F. ) ;
#2957 = PLANE ( 'NONE',  #4254 ) ;
#2958 = FACE_BOUND ( 'NONE', #3628, .T. ) ;
#2959 =( NAMED_UNIT ( * ) PLANE_ANGLE_UNIT ( ) SI_UNIT ( $, .RADIAN. ) );
#2960 = VECTOR ( 'NONE', #403, 1000.000000000000000 ) ;
#2961 = CARTESIAN_POINT ( 'NONE',  ( 0.2537104430412901457, -0.2307128607239867790, 0.01000000000000000021 ) ) ;
#2962 = CARTESIAN_POINT ( 'NONE',  ( 0.9244421503583633015, -0.2566274948703282655, 0.000000000000000000 ) ) ;
#2963 = CARTESIAN_POINT ( 'NONE',  ( -0.8685152047468719383, 0.1788364492294637897, 0.000000000000000000 ) ) ;
#2964 = PRESENTATION_STYLE_ASSIGNMENT (( #3779 ) ) ;
#2965 =( LENGTH_UNIT ( ) NAMED_UNIT ( * ) SI_UNIT ( .MILLI., .METRE. ) );
#2966 = VERTEX_POINT ( 'NONE', #1793 ) ;
#2967 = VECTOR ( 'NONE', #1558, 1000.000000000000000 ) ;
#2968 =( NAMED_UNIT ( * ) PLANE_ANGLE_UNIT ( ) SI_UNIT ( $, .RADIAN. ) );
#2969 = EDGE_CURVE ( 'NONE', #25, #3134, #3890, .T. ) ;
#2970 =( NAMED_UNIT ( * ) SI_UNIT ( $, .STERADIAN. ) SOLID_ANGLE_UNIT ( ) );
#2971 = CARTESIAN_POINT ( 'NONE',  ( 0.9244421503583633015, 0.2433725051296717623, 0.000000000000000000 ) ) ;
#2972 = CIRCLE ( 'NONE', #552, 0.2500000000000001110 ) ;
#2973 = ORIENTED_EDGE ( 'NONE', *, *, #2677, .F. ) ;
#2974 = VERTEX_POINT ( 'NONE', #3391 ) ;
#2975 =( GEOMETRIC_REPRESENTATION_CONTEXT ( 3 ) GLOBAL_UNCERTAINTY_ASSIGNED_CONTEXT ( ( #1493 ) ) GLOBAL_UNIT_ASSIGNED_CONTEXT ( ( #2362, #1484, #1025 ) ) REPRESENTATION_CONTEXT ( 'NONE', 'WORKASPACE' ) );
#2976 = LINE ( 'NONE', #2155, #683 ) ;
#2977 = DIRECTION ( 'NONE',  ( 0.000000000000000000, 0.000000000000000000, 1.000000000000000000 ) ) ;
#2978 = ORIENTED_EDGE ( 'NONE', *, *, #3648, .T. ) ;
#2979 =( NAMED_UNIT ( * ) SI_UNIT ( $, .STERADIAN. ) SOLID_ANGLE_UNIT ( ) );
#2980 = ORIENTED_EDGE ( 'NONE', *, *, #1728, .F. ) ;
#2981 = B_SPLINE_CURVE_WITH_KNOTS ( 'NONE', 3,
 ( #1302, #2426, #3297, #2947, #4969, #2101, #1609 ),
 .UNSPECIFIED., .F., .F.,
 ( 4, 1, 1, 1, 4 ),
 ( 0.000000000000000000, 0.1744817153170500346, 0.3982857591281133702, 0.6738978473986659834, 1.000000000000000000 ),
 .UNSPECIFIED. ) ;
#2982 = FILL_AREA_STYLE ('',( #911 ) ) ;
#2983 = FILL_AREA_STYLE ('',( #4231 ) ) ;
#2984 = LINE ( 'NONE', #2166, #1489 ) ;
#2985 = STYLED_ITEM ( 'NONE', ( #916 ), #3010 ) ;
#2986 = CARTESIAN_POINT ( 'NONE',  ( 0.08907629669982659870, 6.000000000000000000, 0.01000000000000000021 ) ) ;
#2987 = CARTESIAN_POINT ( 'NONE',  ( 0.08907629669982659870, 0.02386031000772056293, 0.01000000000000000021 ) ) ;
#2988 =( NAMED_UNIT ( * ) PLANE_ANGLE_UNIT ( ) SI_UNIT ( $, .RADIAN. ) );
#2989 = PRESENTATION_STYLE_ASSIGNMENT (( #3838 ) ) ;
#2990 = ORIENTED_EDGE ( 'NONE', *, *, #2503, .T. ) ;
#2991 = CARTESIAN_POINT ( 'NONE',  ( 0.6101784223222616044, -0.1164229426366587689, 0.000000000000000000 ) ) ;
#2992 = STYLED_ITEM ( 'NONE', ( #5048 ), #2828 ) ;
#2993 = CARTESIAN_POINT ( 'NONE',  ( -0.09994809354407600821, 6.000000000000000000, 0.01000000000000000021 ) ) ;
#2994 = ORIENTED_EDGE ( 'NONE', *, *, #2997, .T. ) ;
#2995 = ORIENTED_EDGE ( 'NONE', *, *, #4133, .T. ) ;
#2996 = CARTESIAN_POINT ( 'NONE',  ( -0.5380922776041233702, -0.06664908933636434774, 0.01000000000000000194 ) ) ;
#2997 = EDGE_CURVE ( 'NONE', #4435, #1578, #3446, .T. ) ;
#2998 = VERTEX_POINT ( 'NONE', #2987 ) ;
#2999 = ORIENTED_EDGE ( 'NONE', *, *, #5088, .F. ) ;
#3000 = CARTESIAN_POINT ( 'NONE',  ( 0.3999661933292359417, -0.2625314773035123950, 0.01000000000000000021 ) ) ;
#3001 = DIRECTION ( 'NONE',  ( 0.000000000000000000, 0.000000000000000000, 1.000000000000000000 ) ) ;
#3002 = CARTESIAN_POINT ( 'NONE',  ( -0.9537019045196856171, -0.06150554365081604274, 0.000000000000000000 ) ) ;
#3003 = CARTESIAN_POINT ( 'NONE',  ( -0.4304654997848156861, -0.1890194483990974839, 0.01000000000000000021 ) ) ;
#3004 = VERTEX_POINT ( 'NONE', #3834 ) ;
#3005 = CARTESIAN_POINT ( 'NONE',  ( 0.3708026686510462744, 0.1945920173247937257, 0.000000000000000000 ) ) ;
#3006 = LINE ( 'NONE', #2588, #2494 ) ;
#3007 = VECTOR ( 'NONE', #966, 1000.000000000000114 ) ;
#3008 = CARTESIAN_POINT ( 'NONE',  ( -0.9537019045196856171, -0.06150554365081604274, 0.01000000000000000021 ) ) ;
#3009 = FILL_AREA_STYLE ('',( #3419 ) ) ;
#3010 = ADVANCED_FACE ( 'NONE', ( #5032 ), #4700, .F. ) ;
#3011 = STYLED_ITEM ( 'NONE', ( #79 ), #3165 ) ;
#3012 = DIRECTION ( 'NONE',  ( 0.000000000000000000, -1.000000000000000000, 0.000000000000000000 ) ) ;
#3013 = LINE ( 'NONE', #4669, #4071 ) ;
#3014 = ADVANCED_FACE ( 'NONE', ( #2116 ), #3806, .F. ) ;
#3015 = CARTESIAN_POINT ( 'NONE',  ( 0.6254439008259041755, -0.006331903949576042634, 0.01000000000000000021 ) ) ;
#3016 = ORIENTED_EDGE ( 'NONE', *, *, #2207, .T. ) ;
#3017 = CARTESIAN_POINT ( 'NONE',  ( -0.7696317825684659830, -0.1163835924313038478, 0.000000000000000000 ) ) ;
#3018 = CARTESIAN_POINT ( 'NONE',  ( 0.5398466552134889573, -0.1100241169805492303, 0.01000000000000000021 ) ) ;
#3019 = VECTOR ( 'NONE', #1459, 1000.000000000000000 ) ;
#3020 = ORIENTED_EDGE ( 'NONE', *, *, #1574, .F. ) ;
#3021 = ORIENTED_EDGE ( 'NONE', *, *, #198, .T. ) ;
#3022 = CARTESIAN_POINT ( 'NONE',  ( -0.4931317131248991181, -0.1493883988440456445, 0.01000000000000000194 ) ) ;
#3023 = UNCERTAINTY_MEASURE_WITH_UNIT (LENGTH_MEASURE( 1.000000000000000082E-05 ), #3852, 'distance_accuracy_value', 'NONE');
#3024 = VECTOR ( 'NONE', #3044, 1000.000000000000000 ) ;
#3025 = DIRECTION ( 'NONE',  ( -0.000000000000000000, -1.000000000000000000, -0.000000000000000000 ) ) ;
#3026 = ORIENTED_EDGE ( 'NONE', *, *, #1991, .T. ) ;
#3027 = ORIENTED_EDGE ( 'NONE', *, *, #2445, .F. ) ;
#3028 = B_SPLINE_CURVE_WITH_KNOTS ( 'NONE', 3,
 ( #4490, #2347, #2756, #2320, #2001, #4092, #1921, #4906, #1953, #4065, #2400, #4440, #3598, #1580, #733, #3219, #5267, #2374, #3191 ),
 .UNSPECIFIED., .F., .F.,
 ( 4, 1, 1, 1, 1, 1, 1, 1, 1, 1, 1, 1, 1, 1, 1, 1, 4 ),
 ( 0.000000000000000000, 0.07430379644281595586, 0.1443936103644178348, 0.2104994961032797818, 0.2735426065034681220, 0.3338247445790736845, 0.3925296724085028388, 0.4500874545995857123, 0.5078206115557882816, 0.5654649127768468508, 0.6231487223336201753, 0.6812971927909358127, 0.7409134981565804745, 0.8018557521958574741, 0.8652412377209430794, 0.9309416570467439200, 1.000000000000000000 ),
 .UNSPECIFIED. ) ;
#3029 = STYLED_ITEM ( 'NONE', ( #4616 ), #529 ) ;
#3030 = EDGE_CURVE ( 'NONE', #670, #4305, #132, .T. ) ;
#3031 = CARTESIAN_POINT ( 'NONE',  ( -0.09994809354407600821, 0.2433725051296719843, 0.01000000000000000021 ) ) ;
#3032 = CARTESIAN_POINT ( 'NONE',  ( -6.550000000000001599, 1.899999999999999911, 3.049999999999999378 ) ) ;
#3033 = PRESENTATION_LAYER_ASSIGNMENT (  '', '', ( #978 ) ) ;
#3034 = ORIENTED_EDGE ( 'NONE', *, *, #3196, .F. ) ;
#3035 = VECTOR ( 'NONE', #231, 1000.000000000000000 ) ;
#3036 = PRESENTATION_STYLE_ASSIGNMENT (( #2621 ) ) ;
#3037 = PRESENTATION_LAYER_ASSIGNMENT (  '', '', ( #3122 ) ) ;
#3038 = CARTESIAN_POINT ( 'NONE',  ( 0.08907629669982670972, -0.03101773877276726293, 0.000000000000000000 ) ) ;
#3039 = DIRECTION ( 'NONE',  ( -1.000000000000000000, 0.000000000000000000, 0.000000000000000000 ) ) ;
#3040 = SURFACE_STYLE_USAGE ( .BOTH. , #2540 ) ;
#3041 =( LENGTH_UNIT ( ) NAMED_UNIT ( * ) SI_UNIT ( .MILLI., .METRE. ) );
#3042 = CARTESIAN_POINT ( 'NONE',  ( -0.9537019045196856171, -0.06150554365081604274, 0.000000000000000000 ) ) ;
#3043 = ORIENTED_EDGE ( 'NONE', *, *, #3733, .F. ) ;
#3044 = DIRECTION ( 'NONE',  ( 1.000000000000000000, 0.000000000000000000, -0.000000000000000000 ) ) ;
#3045 = ADVANCED_FACE ( 'NONE', ( #1394 ), #968, .F. ) ;
#3046 = CARTESIAN_POINT ( 'NONE',  ( 6.550000000000001599, 1.899999999999999911, 3.049999999999999378 ) ) ;
#3047 = CARTESIAN_POINT ( 'NONE',  ( -6.550000000000001599, 1.899999999999999911, 0.3000000000000006550 ) ) ;
#3048 =( GEOMETRIC_REPRESENTATION_CONTEXT ( 3 ) GLOBAL_UNCERTAINTY_ASSIGNED_CONTEXT ( ( #391 ) ) GLOBAL_UNIT_ASSIGNED_CONTEXT ( ( #4807, #239, #1100 ) ) REPRESENTATION_CONTEXT ( 'NONE', 'WORKASPACE' ) );
#3049 = PRESENTATION_STYLE_ASSIGNMENT (( #3427 ) ) ;
#3050 = EDGE_LOOP ( 'NONE', ( #1387, #947, #5263, #4845, #3716, #980, #2956, #3844, #3568, #4974, #4702, #645, #2153, #5159, #3464, #93 ) ) ;
#3051 = VECTOR ( 'NONE', #1878, 1000.000000000000000 ) ;
#3052 = SURFACE_SIDE_STYLE ('',( #1833 ) ) ;
#3053 = DIRECTION ( 'NONE',  ( 0.000000000000000000, -1.000000000000000000, 0.000000000000000000 ) ) ;
#3054 = EDGE_LOOP ( 'NONE', ( #2398, #1356, #3241, #4380 ) ) ;
#3055 = STYLED_ITEM ( 'NONE', ( #1130 ), #2321 ) ;
#3056 = DIRECTION ( 'NONE',  ( 1.000000000000000000, 0.000000000000000000, -0.000000000000000000 ) ) ;
#3057 = SURFACE_STYLE_USAGE ( .BOTH. , #4310 ) ;
#3058 = ORIENTED_EDGE ( 'NONE', *, *, #2066, .F. ) ;
#3059 = EDGE_CURVE ( 'NONE', #510, #80, #3085, .T. ) ;
#3060 = CARTESIAN_POINT ( 'NONE',  ( 0.3912866625534853204, -0.2627250558459380270, 0.01000000000000000021 ) ) ;
#3061 = SURFACE_SIDE_STYLE ('',( #1426 ) ) ;
#3062 = CARTESIAN_POINT ( 'NONE',  ( 6.000000000000001776, 6.000000000000000000, 0.01000000000000000021 ) ) ;
#3063 = FILL_AREA_STYLE ('',( #1427 ) ) ;
#3064 = VECTOR ( 'NONE', #73, 1000.000000000000000 ) ;
#3065 = PRESENTATION_STYLE_ASSIGNMENT (( #5146 ) ) ;
#3066 = CARTESIAN_POINT ( 'NONE',  ( 0.5581782940901017787, -0.03355089846874140247, 0.01000000000000000021 ) ) ;
#3067 = COLOUR_RGB ( '',0.8313725490196077761, 0.8313725490196077761, 0.8196078431372548767 ) ;
#3068 = DIRECTION ( 'NONE',  ( 0.000000000000000000, 1.000000000000000000, 0.000000000000000000 ) ) ;
#3069 = SURFACE_STYLE_FILL_AREA ( #2472 ) ;
#3070 = ORIENTED_EDGE ( 'NONE', *, *, #5116, .F. ) ;
#3071 = FACE_OUTER_BOUND ( 'NONE', #4820, .T. ) ;
#3072 = ORIENTED_EDGE ( 'NONE', *, *, #4281, .F. ) ;
#3073 = VECTOR ( 'NONE', #935, 1000.000000000000000 ) ;
#3074 = DIRECTION ( 'NONE',  ( 0.000000000000000000, 0.000000000000000000, 1.000000000000000000 ) ) ;
#3075 = EDGE_CURVE ( 'NONE', #1882, #330, #4804, .T. ) ;
#3076 = CARTESIAN_POINT ( 'NONE',  ( 0.5100882233953455414, -0.1551318928480227843, 0.000000000000000000 ) ) ;
#3077 = ORIENTED_EDGE ( 'NONE', *, *, #3229, .F. ) ;
#3078 = VERTEX_POINT ( 'NONE', #3115 ) ;
#3079 = EDGE_CURVE ( 'NONE', #1488, #510, #2471, .T. ) ;
#3080 = CARTESIAN_POINT ( 'NONE',  ( 0.4628820362977402181, 0.1730904043479696008, 0.01000000000000000021 ) ) ;
#3081 =( NAMED_UNIT ( * ) PLANE_ANGLE_UNIT ( ) SI_UNIT ( $, .RADIAN. ) );
#3082 = CARTESIAN_POINT ( 'NONE',  ( -6.400000000000001243, 1.899999999999999911, 3.000000000000000000 ) ) ;
#3083 = FACE_OUTER_BOUND ( 'NONE', #4677, .T. ) ;
#3084 = SURFACE_STYLE_FILL_AREA ( #3009 ) ;
#3085 = LINE ( 'NONE', #4746, #142 ) ;
#3086 = CARTESIAN_POINT ( 'NONE',  ( -0.1121432154952953092, -0.2017494460898404396, 0.000000000000000000 ) ) ;
#3087 = VECTOR ( 'NONE', #1149, 1000.000000000000000 ) ;
#3088 = CARTESIAN_POINT ( 'NONE',  ( 0.4946829042092952822, 0.2213445908324856715, 0.000000000000000000 ) ) ;
#3089 = STYLED_ITEM ( 'NONE', ( #5335 ), #50 ) ;
#3090 = CARTESIAN_POINT ( 'NONE',  ( -0.6121432154952953786, -0.0003393851142306780755, 0.000000000000000000 ) ) ;
#3091 = B_SPLINE_CURVE_WITH_KNOTS ( 'NONE', 3,
 ( #2508, #2410, #3719, #43, #479, #70, #4075, #2459, #4106, #372, #3233, #852, #4892, #399, #5004, #1673, #3669, #4918, #2852 ),
 .UNSPECIFIED., .F., .F.,
 ( 4, 1, 1, 1, 1, 1, 1, 1, 1, 1, 1, 1, 1, 1, 1, 1, 4 ),
 ( 0.000000000000000000, 0.06806869584499403159, 0.1334274328189550551, 0.1961460338131565673, 0.2570485924493128849, 0.3168826631591620813, 0.3761872086663216597, 0.4359603353635462808, 0.4965352368627264368, 0.5574653434807332886, 0.6176868634101471134, 0.6779436406969064910, 0.7388052848060406852, 0.8009493367665841967, 0.8648146674702267278, 0.9310247810786571598, 1.000000000000000000 ),
 .UNSPECIFIED. ) ;
#3092 = CARTESIAN_POINT ( 'NONE',  ( 0.4974229492181674872, -0.1674997189030965616, 0.000000000000000000 ) ) ;
#3093 = FILL_AREA_STYLE_COLOUR ( '', #2519 ) ;
#3094 = MECHANICAL_DESIGN_GEOMETRIC_PRESENTATION_REPRESENTATION (  '', ( #4140 ), #3353 ) ;
#3095 = EDGE_CURVE ( 'NONE', #134, #3824, #3963, .T. ) ;
#3096 = SURFACE_SIDE_STYLE ('',( #3488 ) ) ;
#3097 = VERTEX_POINT ( 'NONE', #4775 ) ;
#3098 = CARTESIAN_POINT ( 'NONE',  ( 0.2669906377915085005, 0.1702966157233230526, 0.01000000000000000021 ) ) ;
#3099 = PLANE ( 'NONE',  #3977 ) ;
#3100 = STYLED_ITEM ( 'NONE', ( #615 ), #3760 ) ;
#3101 = SURFACE_STYLE_USAGE ( .BOTH. , #2268 ) ;
#3102 = CARTESIAN_POINT ( 'NONE',  ( -4.900000000000001243, 1.899999999999999911, -0.1499999999999999389 ) ) ;
#3103 = ORIENTED_EDGE ( 'NONE', *, *, #2680, .T. ) ;
#3104 = EDGE_LOOP ( 'NONE', ( #4592, #3316, #3981, #3655, #534, #3569 ) ) ;
#3105 = ADVANCED_FACE ( 'NONE', ( #1451 ), #3142, .F. ) ;
#3106 =( GEOMETRIC_REPRESENTATION_CONTEXT ( 3 ) GLOBAL_UNCERTAINTY_ASSIGNED_CONTEXT ( ( #1967 ) ) GLOBAL_UNIT_ASSIGNED_CONTEXT ( ( #1798, #4294, #3614 ) ) REPRESENTATION_CONTEXT ( 'NONE', 'WORKASPACE' ) );
#3107 = CARTESIAN_POINT ( 'NONE',  ( 6.000000000000001776, -0.03101773877276729069, 0.01000000000000000021 ) ) ;
#3108 = CARTESIAN_POINT ( 'NONE',  ( 0.6254439008259041755, -0.006331903949576042634, 0.000000000000000000 ) ) ;
#3109 = SURFACE_STYLE_USAGE ( .BOTH. , #5111 ) ;
#3110 = FILL_AREA_STYLE_COLOUR ( '', #1829 ) ;
#3111 = LINE ( 'NONE', #1473, #1199 ) ;
#3112 = DIRECTION ( 'NONE',  ( 1.000000000000000000, -0.000000000000000000, -0.000000000000000000 ) ) ;
#3113 = CARTESIAN_POINT ( 'NONE',  ( -0.3918626361585413331, 0.1858349535462232582, 0.01000000000000000021 ) ) ;
#3114 = COLOUR_RGB ( '',0.2980392156862745057, 0.2980392156862745057, 0.2980392156862745057 ) ;
#3115 = CARTESIAN_POINT ( 'NONE',  ( -4.900000000000001243, 1.899999999999999911, -0.1499999999999999389 ) ) ;
#3116 = CARTESIAN_POINT ( 'NONE',  ( -0.5835492927525276485, -0.1277926286179214832, 0.000000000000000000 ) ) ;
#3117 =( LENGTH_UNIT ( ) NAMED_UNIT ( * ) SI_UNIT ( .MILLI., .METRE. ) );
#3118 = PRESENTATION_LAYER_ASSIGNMENT (  '', '', ( #4955 ) ) ;
#3119 = DIRECTION ( 'NONE',  ( -0.9417224702971435102, -0.3363908276654488660, 0.000000000000000000 ) ) ;
#3120 = CARTESIAN_POINT ( 'NONE',  ( 4.399999999999998579, -3.000000000000000000, 0.000000000000000000 ) ) ;
#3121 = DIRECTION ( 'NONE',  ( 0.000000000000000000, -1.000000000000000000, 0.000000000000000000 ) ) ;
#3122 = STYLED_ITEM ( 'NONE', ( #4690 ), #4758 ) ;
#3123 = SURFACE_STYLE_USAGE ( .BOTH. , #245 ) ;
#3124 = ORIENTED_EDGE ( 'NONE', *, *, #63, .T. ) ;
#3125 = PLANE ( 'NONE',  #2242 ) ;
#3126 = ORIENTED_EDGE ( 'NONE', *, *, #961, .F. ) ;
#3127 = EDGE_CURVE ( 'NONE', #4713, #4274, #1933, .T. ) ;
#3128 =( GEOMETRIC_REPRESENTATION_CONTEXT ( 3 ) GLOBAL_UNCERTAINTY_ASSIGNED_CONTEXT ( ( #4940 ) ) GLOBAL_UNIT_ASSIGNED_CONTEXT ( ( #4201, #2427, #1276 ) ) REPRESENTATION_CONTEXT ( 'NONE', 'WORKASPACE' ) );
#3129 = CARTESIAN_POINT ( 'NONE',  ( -6.399999999999998579, -6.000000000000000000, 6.000000000000000000 ) ) ;
#3130 = CARTESIAN_POINT ( 'NONE',  ( 0.5081492737326052112, -0.2367443031371258833, 0.01000000000000000021 ) ) ;
#3131 = COLOUR_RGB ( '',0.2980392156862745057, 0.2980392156862745057, 0.2980392156862745057 ) ;
#3132 = VERTEX_POINT ( 'NONE', #2386 ) ;
#3133 = VERTEX_POINT ( 'NONE', #1962 ) ;
#3134 = VERTEX_POINT ( 'NONE', #4450 ) ;
#3135 = SURFACE_SIDE_STYLE ('',( #3988 ) ) ;
#3136 = CARTESIAN_POINT ( 'NONE',  ( -6.550000000000001599, -1.899999999999999911, 0.3000000000000006550 ) ) ;
#3137 = CARTESIAN_POINT ( 'NONE',  ( 0.3295414918584877451, -0.2035933393641764788, 0.000000000000000000 ) ) ;
#3138 = FACE_BOUND ( 'NONE', #2159, .T. ) ;
#3139 = CARTESIAN_POINT ( 'NONE',  ( 6.000000000000001776, -6.000000000000000000, 0.000000000000000000 ) ) ;
#3140 =( LENGTH_UNIT ( ) NAMED_UNIT ( * ) SI_UNIT ( .MILLI., .METRE. ) );
#3141 =( NAMED_UNIT ( * ) SI_UNIT ( $, .STERADIAN. ) SOLID_ANGLE_UNIT ( ) );
#3142 = PLANE ( 'NONE',  #3242 ) ;
#3143 = DIRECTION ( 'NONE',  ( 1.000000000000000000, 0.000000000000000000, -0.000000000000000000 ) ) ;
#3144 = PLANE ( 'NONE',  #4251 ) ;
#3145 = CARTESIAN_POINT ( 'NONE',  ( 0.6216301618330456469, 0.04054475102328410074, 0.000000000000000000 ) ) ;
#3146 = CARTESIAN_POINT ( 'NONE',  ( 0.3465466062493959831, -0.2060074490216906307, 0.01000000000000000021 ) ) ;
#3147 = ADVANCED_FACE ( 'NONE', ( #3608 ), #5273, .T. ) ;
#3148 = CARTESIAN_POINT ( 'NONE',  ( -0.8610951972026128498, 0.1473359197638182405, 0.01000000000000000021 ) ) ;
#3149 =( NAMED_UNIT ( * ) SI_UNIT ( $, .STERADIAN. ) SOLID_ANGLE_UNIT ( ) );
#3150 = SURFACE_SIDE_STYLE ('',( #4005 ) ) ;
#3151 = CARTESIAN_POINT ( 'NONE',  ( -6.900000000000001243, -1.899999999999999911, 0.1000000000000002554 ) ) ;
#3152 = ORIENTED_EDGE ( 'NONE', *, *, #3914, .F. ) ;
#3153 = SURFACE_SIDE_STYLE ('',( #3974 ) ) ;
#3154 = VERTEX_POINT ( 'NONE', #1296 ) ;
#3155 =( GEOMETRIC_REPRESENTATION_CONTEXT ( 3 ) GLOBAL_UNCERTAINTY_ASSIGNED_CONTEXT ( ( #3505 ) ) GLOBAL_UNIT_ASSIGNED_CONTEXT ( ( #3171, #3997, #4829 ) ) REPRESENTATION_CONTEXT ( 'NONE', 'WORKASPACE' ) );
#3156 = CARTESIAN_POINT ( 'NONE',  ( 0.1561494674315339615, -0.2566274948703282655, 0.000000000000000000 ) ) ;
#3157 = CARTESIAN_POINT ( 'NONE',  ( -0.5042843491630214503, 0.1283575384314565582, 0.009999999999999998473 ) ) ;
#3158 = ORIENTED_EDGE ( 'NONE', *, *, #766, .F. ) ;
#3159 = AXIS2_PLACEMENT_3D ( 'NONE', #2030, #2818, #5351 ) ;
#3160 = EDGE_LOOP ( 'NONE', ( #5210, #676, #4275, #4221 ) ) ;
#3161 = ORIENTED_EDGE ( 'NONE', *, *, #2729, .T. ) ;
#3162 = ORIENTED_EDGE ( 'NONE', *, *, #2997, .F. ) ;
#3163 = FACE_OUTER_BOUND ( 'NONE', #1548, .T. ) ;
#3164 = VECTOR ( 'NONE', #387, 1000.000000000000000 ) ;
#3165 = ADVANCED_FACE ( 'NONE', ( #2940 ), #3842, .F. ) ;
#3166 = CARTESIAN_POINT ( 'NONE',  ( -1.099948093544075745, -0.2566274948703282655, 0.000000000000000000 ) ) ;
#3167 = LINE ( 'NONE', #335, #5191 ) ;
#3168 = CARTESIAN_POINT ( 'NONE',  ( -4.900000000000001243, 1.899999999999999911, -0.1499999999999999389 ) ) ;
#3169 = DIRECTION ( 'NONE',  ( 1.000000000000000000, -0.000000000000000000, -3.497426362856467586E-17 ) ) ;
#3170 = FILL_AREA_STYLE ('',( #4774 ) ) ;
#3171 =( LENGTH_UNIT ( ) NAMED_UNIT ( * ) SI_UNIT ( .MILLI., .METRE. ) );
#3172 = SURFACE_STYLE_USAGE ( .BOTH. , #2793 ) ;
#3173 = CARTESIAN_POINT ( 'NONE',  ( -0.3739881612107367470, -0.2561149782181736390, 0.000000000000000000 ) ) ;
#3174 = CARTESIAN_POINT ( 'NONE',  ( -0.6487285813489539477, -0.2566274948703282655, 0.01000000000000000021 ) ) ;
#3175 = CARTESIAN_POINT ( 'NONE',  ( 0.2950659751738846093, 0.1822885795234159279, 0.000000000000000000 ) ) ;
#3176 = LINE ( 'NONE', #2798, #3051 ) ;
#3177 = EDGE_CURVE ( 'NONE', #4620, #4689, #3370, .T. ) ;
#3178 = COLOUR_RGB ( '',0.8313725490196077761, 0.8313725490196077761, 0.8196078431372548767 ) ;
#3179 = SURFACE_SIDE_STYLE ('',( #5231 ) ) ;
#3180 = VERTEX_POINT ( 'NONE', #2152 ) ;
#3181 = ADVANCED_FACE ( 'NONE', ( #111 ), #2633, .F. ) ;
#3182 =( NAMED_UNIT ( * ) SI_UNIT ( $, .STERADIAN. ) SOLID_ANGLE_UNIT ( ) );
#3183 = CARTESIAN_POINT ( 'NONE',  ( 0.4463308210643399110, 0.1810174195205669356, 0.01000000000000000021 ) ) ;
#3184 = LINE ( 'NONE', #5207, #2570 ) ;
#3185 = CARTESIAN_POINT ( 'NONE',  ( -0.5421095614802037277, 0.04236888488814002929, 0.000000000000000000 ) ) ;
#3186 = ORIENTED_EDGE ( 'NONE', *, *, #2589, .F. ) ;
#3187 = VERTEX_POINT ( 'NONE', #2450 ) ;
#3188 = VERTEX_POINT ( 'NONE', #461 ) ;
#3189 = ORIENTED_EDGE ( 'NONE', *, *, #1870, .T. ) ;
#3190 = UNCERTAINTY_MEASURE_WITH_UNIT (LENGTH_MEASURE( 1.000000000000000082E-05 ), #1884, 'distance_accuracy_value', 'NONE');
#3191 = CARTESIAN_POINT ( 'NONE',  ( -0.3505197398855391944, 0.1884944563491839642, 0.000000000000000000 ) ) ;
#3192 = MECHANICAL_DESIGN_GEOMETRIC_PRESENTATION_REPRESENTATION (  '', ( #4842 ), #3895 ) ;
#3193 = VECTOR ( 'NONE', #2716, 1000.000000000000000 ) ;
#3194 = SURFACE_STYLE_USAGE ( .BOTH. , #5243 ) ;
#3195 = DIRECTION ( 'NONE',  ( -0.000000000000000000, -0.000000000000000000, -1.000000000000000000 ) ) ;
#3196 = EDGE_CURVE ( 'NONE', #4013, #2717, #4934, .T. ) ;
#3197 = DIRECTION ( 'NONE',  ( -1.000000000000000000, 0.000000000000000000, 0.000000000000000000 ) ) ;
#3198 = EDGE_CURVE ( 'NONE', #4684, #4812, #2552, .T. ) ;
#3199 = LINE ( 'NONE', #3550, #4921 ) ;
#3200 = PRESENTATION_STYLE_ASSIGNMENT (( #4020 ) ) ;
#3201 = FILL_AREA_STYLE ('',( #1561 ) ) ;
#3202 = MECHANICAL_DESIGN_GEOMETRIC_PRESENTATION_REPRESENTATION (  '', ( #4417 ), #1135 ) ;
#3203 = CARTESIAN_POINT ( 'NONE',  ( 0.3713147623981775114, -0.2624908190721425005, 0.01000000000000000021 ) ) ;
#3204 = CARTESIAN_POINT ( 'NONE',  ( -0.5553554877011305235, -0.1687901796784003483, 0.000000000000000000 ) ) ;
#3205 = LINE ( 'NONE', #665, #4760 ) ;
#3206 = DIRECTION ( 'NONE',  ( -0.3635424856527064152, -0.9315776194850602376, 0.000000000000000000 ) ) ;
#3207 = CARTESIAN_POINT ( 'NONE',  ( -0.09994809354407578617, 0.2433725051296717623, 0.000000000000000000 ) ) ;
#3208 = PRESENTATION_LAYER_ASSIGNMENT (  '', '', ( #17 ) ) ;
#3209 = CARTESIAN_POINT ( 'NONE',  ( 0.4930632788256290033, 0.1520005745046409118, 0.01000000000000000021 ) ) ;
#3210 = STYLED_ITEM ( 'NONE', ( #893 ), #4422 ) ;
#3211 = CARTESIAN_POINT ( 'NONE',  ( -0.08775297159285626314, -0.03101773877276726293, 0.000000000000000000 ) ) ;
#3212 = MECHANICAL_DESIGN_GEOMETRIC_PRESENTATION_REPRESENTATION (  '', ( #4858 ), #1914 ) ;
#3213 = CARTESIAN_POINT ( 'NONE',  ( -0.8610951972026124057, 0.1473359197638181295, 0.000000000000000000 ) ) ;
#3214 = STYLED_ITEM ( 'NONE', ( #3798 ), #4694 ) ;
#3215 = VERTEX_POINT ( 'NONE', #4196 ) ;
#3216 = ORIENTED_EDGE ( 'NONE', *, *, #4227, .F. ) ;
#3217 = ORIENTED_EDGE ( 'NONE', *, *, #2147, .F. ) ;
#3218 = VECTOR ( 'NONE', #4508, 1000.000000000000000 ) ;
#3219 = CARTESIAN_POINT ( 'NONE',  ( -0.3918626361585413331, 0.1858349535462232582, 0.000000000000000000 ) ) ;
#3220 = AXIS2_PLACEMENT_3D ( 'NONE', #3042, #188, #995 ) ;
#3221 = DIRECTION ( 'NONE',  ( 0.000000000000000000, -1.000000000000000000, 0.000000000000000000 ) ) ;
#3222 = CARTESIAN_POINT ( 'NONE',  ( 0.5541296501129666652, 0.1767472517332447368, 0.000000000000000000 ) ) ;
#3223 = CARTESIAN_POINT ( 'NONE',  ( 0.2973493194428448172, -0.1955919805782051768, 0.01000000000000000021 ) ) ;
#3224 = FACE_OUTER_BOUND ( 'NONE', #3853, .T. ) ;
#3225 = CARTESIAN_POINT ( 'NONE',  ( -0.8763869002139249575, 0.1538845927838241867, 0.01000000000000000021 ) ) ;
#3226 =( NAMED_UNIT ( * ) PLANE_ANGLE_UNIT ( ) SI_UNIT ( $, .RADIAN. ) );
#3227 = PRESENTATION_LAYER_ASSIGNMENT (  '', '', ( #1075 ) ) ;
#3228 = CARTESIAN_POINT ( 'NONE',  ( 0.6256616625534856535, -0.01605965950447416080, 0.01000000000000000021 ) ) ;
#3229 = EDGE_CURVE ( 'NONE', #2755, #1001, #1264, .T. ) ;
#3230 = CARTESIAN_POINT ( 'NONE',  ( -0.3477567825684660385, -0.2017494460898404396, 0.000000000000000000 ) ) ;
#3231 = CARTESIAN_POINT ( 'NONE',  ( -0.1121432154952953092, -0.2566274948703282655, 0.000000000000000000 ) ) ;
#3232 = STYLED_ITEM ( 'NONE', ( #2800 ), #2351 ) ;
#3233 = CARTESIAN_POINT ( 'NONE',  ( -0.5186048871328637899, -0.2032237403867457604, 0.01000000000000000021 ) ) ;
#3234 = CARTESIAN_POINT ( 'NONE',  ( -6.450000000000001954, -1.899999999999999911, 0.2999999999999999889 ) ) ;
#3235 = EDGE_CURVE ( 'NONE', #4216, #2701, #3347, .T. ) ;
#3236 = DIRECTION ( 'NONE',  ( 0.3363908276654488105, -0.9417224702971433992, 0.000000000000000000 ) ) ;
#3237 = DIRECTION ( 'NONE',  ( -1.000000000000000000, 0.000000000000000000, 7.744301232039319147E-17 ) ) ;
#3238 = CARTESIAN_POINT ( 'NONE',  ( -0.3505197398855391944, 0.1884944563491839642, 0.009999999999999998473 ) ) ;
#3239 = EDGE_LOOP ( 'NONE', ( #1111, #2520, #4466, #2195 ) ) ;
#3240 = ORIENTED_EDGE ( 'NONE', *, *, #609, .F. ) ;
#3241 = ORIENTED_EDGE ( 'NONE', *, *, #1423, .T. ) ;
#3242 = AXIS2_PLACEMENT_3D ( 'NONE', #688, #4342, #291 ) ;
#3243 = FILL_AREA_STYLE ('',( #4467 ) ) ;
#3244 = EDGE_CURVE ( 'NONE', #3882, #5290, #2046, .T. ) ;
#3245 =( GEOMETRIC_REPRESENTATION_CONTEXT ( 3 ) GLOBAL_UNCERTAINTY_ASSIGNED_CONTEXT ( ( #814 ) ) GLOBAL_UNIT_ASSIGNED_CONTEXT ( ( #2478, #2955, #4255 ) ) REPRESENTATION_CONTEXT ( 'NONE', 'WORKASPACE' ) );
#3246 = CARTESIAN_POINT ( 'NONE',  ( 0.3655608846805991630, 0.2494283938874773121, 0.01000000000000000021 ) ) ;
#3247 = CARTESIAN_POINT ( 'NONE',  ( -0.6121432154952953786, -0.0003393851142306780755, 0.000000000000000000 ) ) ;
#3248 = EDGE_CURVE ( 'NONE', #4411, #5290, #2976, .T. ) ;
#3249 = SURFACE_STYLE_FILL_AREA ( #1610 ) ;
#3250 = AXIS2_PLACEMENT_3D ( 'NONE', #1385, #2618, #2645 ) ;
#3251 = UNCERTAINTY_MEASURE_WITH_UNIT (LENGTH_MEASURE( 1.000000000000000082E-05 ), #496, 'distance_accuracy_value', 'NONE');
#3252 = DIRECTION ( 'NONE',  ( -0.000000000000000000, -1.000000000000000000, -0.000000000000000000 ) ) ;
#3253 = CARTESIAN_POINT ( 'NONE',  ( 4.399999999999998579, -3.000000000000000000, 0.2999999999999999889 ) ) ;
#3254 = FILL_AREA_STYLE_COLOUR ( '', #3323 ) ;
#3255 = CARTESIAN_POINT ( 'NONE',  ( 6.000000000000001776, 0.2433725051296719843, 0.01000000000000000021 ) ) ;
#3256 = CARTESIAN_POINT ( 'NONE',  ( -0.4979674689927793829, -0.2176871465167009301, 0.009999999999999995004 ) ) ;
#3257 = CARTESIAN_POINT ( 'NONE',  ( 0.2678535752150043026, -0.2385192938565816045, 0.000000000000000000 ) ) ;
#3258 = SURFACE_STYLE_USAGE ( .BOTH. , #4577 ) ;
#3259 = DIRECTION ( 'NONE',  ( -1.000000000000000000, -0.000000000000000000, -0.000000000000000000 ) ) ;
#3260 = CARTESIAN_POINT ( 'NONE',  ( -0.1121432154952955312, -0.2017494460898406061, 0.01000000000000000021 ) ) ;
#3261 = CARTESIAN_POINT ( 'NONE',  ( -4.900000000000001243, 1.899999999999999911, 0.2000000000000000389 ) ) ;
#3262 = LINE ( 'NONE', #4111, #862 ) ;
#3263 = EDGE_CURVE ( 'NONE', #4230, #3570, #898, .T. ) ;
#3264 = EDGE_LOOP ( 'NONE', ( #5129, #5238, #2154, #890 ) ) ;
#3265 = VERTEX_POINT ( 'NONE', #3734 ) ;
#3266 = VECTOR ( 'NONE', #4611, 1000.000000000000000 ) ;
#3267 = COLOUR_RGB ( '',0.8313725490196077761, 0.8313725490196077761, 0.8196078431372548767 ) ;
#3268 = CARTESIAN_POINT ( 'NONE',  ( 0.6683445893827535400, -0.2017494460898404396, 0.000000000000000000 ) ) ;
#3269 = AXIS2_PLACEMENT_3D ( 'NONE', #1945, #4460, #4483 ) ;
#3270 = CARTESIAN_POINT ( 'NONE',  ( 0.08907629669982659870, 0.1884944563491841307, 0.01000000000000000021 ) ) ;
#3271 = AXIS2_PLACEMENT_3D ( 'NONE', #3576, #681, #3601 ) ;
#3272 = CARTESIAN_POINT ( 'NONE',  ( -0.6115533699011184154, 0.02644661529925408650, 0.000000000000000000 ) ) ;
#3273 = PRESENTATION_STYLE_ASSIGNMENT (( #466 ) ) ;
#3274 = VECTOR ( 'NONE', #1022, 1000.000000000000000 ) ;
#3275 = CARTESIAN_POINT ( 'NONE',  ( 0.4287884054050294935, 0.1871592781600140976, 0.000000000000000000 ) ) ;
#3276 = PRESENTATION_STYLE_ASSIGNMENT (( #818 ) ) ;
#3277 = VERTEX_POINT ( 'NONE', #3268 ) ;
#3278 = FILL_AREA_STYLE_COLOUR ( '', #28 ) ;
#3279 = LINE ( 'NONE', #3332, #2945 ) ;
#3280 = DIRECTION ( 'NONE',  ( 0.000000000000000000, 1.000000000000000000, 0.000000000000000000 ) ) ;
#3281 = CARTESIAN_POINT ( 'NONE',  ( -6.399999999999998579, -5.999999999999997335, 6.000000000000000000 ) ) ;
#3282 = STYLED_ITEM ( 'NONE', ( #906 ), #1362 ) ;
#3283 = CARTESIAN_POINT ( 'NONE',  ( -0.5835388826043617083, 0.1214251949534383979, 0.009999999999999995004 ) ) ;
#3284 = SURFACE_STYLE_FILL_AREA ( #4431 ) ;
#3285 = DIRECTION ( 'NONE',  ( -1.000000000000000000, 0.000000000000000000, 0.000000000000000000 ) ) ;
#3286 = LINE ( 'NONE', #3261, #2960 ) ;
#3287 = PRESENTATION_LAYER_ASSIGNMENT (  '', '', ( #1047 ) ) ;
#3288 = CARTESIAN_POINT ( 'NONE',  ( 0.2537104430412901457, 0.1625798222028425333, 0.01000000000000000021 ) ) ;
#3289 = FILL_AREA_STYLE ('',( #2891 ) ) ;
#3290 = VERTEX_POINT ( 'NONE', #2915 ) ;
#3291 = VECTOR ( 'NONE', #4778, 1000.000000000000000 ) ;
#3292 = ORIENTED_EDGE ( 'NONE', *, *, #4601, .T. ) ;
#3293 = EDGE_CURVE ( 'NONE', #3905, #5182, #1248, .T. ) ;
#3294 = CARTESIAN_POINT ( 'NONE',  ( 0.2821957429506108950, -0.1900049500245191147, 0.000000000000000000 ) ) ;
#3295 = PRESENTATION_LAYER_ASSIGNMENT (  '', '', ( #97 ) ) ;
#3296 = CARTESIAN_POINT ( 'NONE',  ( 0.2537104430412902012, 0.2296529929345498822, 0.000000000000000000 ) ) ;
#3297 = CARTESIAN_POINT ( 'NONE',  ( -0.8763869002139249575, 0.1538845927838241867, 0.000000000000000000 ) ) ;
#3298 = DIRECTION ( 'NONE',  ( -1.000000000000000000, -0.000000000000000000, 0.000000000000000000 ) ) ;
#3299 = UNCERTAINTY_MEASURE_WITH_UNIT (LENGTH_MEASURE( 1.000000000000000082E-05 ), #1471, 'distance_accuracy_value', 'NONE');
#3300 = CARTESIAN_POINT ( 'NONE',  ( -6.450000000000001066, -1.899999999999999911, 3.149999999999999911 ) ) ;
#3301 =( NAMED_UNIT ( * ) PLANE_ANGLE_UNIT ( ) SI_UNIT ( $, .RADIAN. ) );
#3302 = VERTEX_POINT ( 'NONE', #3818 ) ;
#3303 = PRESENTATION_STYLE_ASSIGNMENT (( #2108 ) ) ;
#3304 = PRESENTATION_LAYER_ASSIGNMENT (  '', '', ( #4965 ) ) ;
#3305 =( LENGTH_UNIT ( ) NAMED_UNIT ( * ) SI_UNIT ( .MILLI., .METRE. ) );
#3306 = LINE ( 'NONE', #850, #536 ) ;
#3307 =( GEOMETRIC_REPRESENTATION_CONTEXT ( 3 ) GLOBAL_UNCERTAINTY_ASSIGNED_CONTEXT ( ( #2722 ) ) GLOBAL_UNIT_ASSIGNED_CONTEXT ( ( #4148, #3226, #4474 ) ) REPRESENTATION_CONTEXT ( 'NONE', 'WORKASPACE' ) );
#3308 = FACE_OUTER_BOUND ( 'NONE', #5368, .T. ) ;
#3309 = SURFACE_STYLE_FILL_AREA ( #18 ) ;
#3310 = CARTESIAN_POINT ( 'NONE',  ( -0.6079188960507165840, 0.05229061584271380014, 0.000000000000000000 ) ) ;
#3311 = CARTESIAN_POINT ( 'NONE',  ( -0.4931317131248991181, -0.1493883988440456445, 0.000000000000000000 ) ) ;
#3312 = FILL_AREA_STYLE_COLOUR ( '', #4404 ) ;
#3313 = ADVANCED_FACE ( 'NONE', ( #1219 ), #5019, .F. ) ;
#3314 = CARTESIAN_POINT ( 'NONE',  ( 0.3244190584484367146, 0.1903256631488806083, 0.000000000000000000 ) ) ;
#3315 = SURFACE_SIDE_STYLE ('',( #2043 ) ) ;
#3316 = ORIENTED_EDGE ( 'NONE', *, *, #5365, .T. ) ;
#3317 = ORIENTED_EDGE ( 'NONE', *, *, #5033, .T. ) ;
#3318 = CARTESIAN_POINT ( 'NONE',  ( 0.4369976103152015678, -0.2007579755169993097, 0.01000000000000000021 ) ) ;
#3319 = CARTESIAN_POINT ( 'NONE',  ( 0.2922008317975408609, 0.2419602942992580275, 0.000000000000000000 ) ) ;
#3320 = CARTESIAN_POINT ( 'NONE',  ( -0.4044145999931318403, 0.2397168321761427023, 0.000000000000000000 ) ) ;
#3321 = STYLED_ITEM ( 'NONE', ( #828 ), #2948 ) ;
#3322 = SURFACE_SIDE_STYLE ('',( #88 ) ) ;
#3323 = COLOUR_RGB ( '',0.2980392156862745057, 0.2980392156862745057, 0.2980392156862745057 ) ;
#3324 = EDGE_CURVE ( 'NONE', #2831, #5080, #1626, .T. ) ;
#3325 = DIRECTION ( 'NONE',  ( 0.000000000000000000, 1.000000000000000000, -0.000000000000000000 ) ) ;
#3326 = FACE_OUTER_BOUND ( 'NONE', #488, .T. ) ;
#3327 = B_SPLINE_CURVE_WITH_KNOTS ( 'NONE', 3,
 ( #739, #1474, #5301, #2384, #1041, #2681, #2284, #234, #1872, #5193, #2501, #4887, #2817, #4178, #874, #2406, #2011, #4525, #1663 ),
 .UNSPECIFIED., .F., .F.,
 ( 4, 1, 1, 1, 1, 1, 1, 1, 1, 1, 1, 1, 1, 1, 1, 1, 4 ),
 ( 0.000000000000000000, 0.06863117867660124827, 0.1345664660386773626, 0.1983281540108813024, 0.2607897666408448001, 0.3219991514841581415, 0.3827217465030194332, 0.4435374740357285739, 0.5051334294849247897, 0.5662138747646716652, 0.6261058646175454712, 0.6853493221605164720, 0.7449958703477971289, 0.8054158418145626053, 0.8676362663459532554, 0.9323077823023292465, 1.000000000000000000 ),
 .UNSPECIFIED. ) ;
#3328 = ORIENTED_EDGE ( 'NONE', *, *, #2039, .T. ) ;
#3329 = CARTESIAN_POINT ( 'NONE',  ( 6.399999999999998579, -3.000000000000000000, 0.2999999999999999889 ) ) ;
#3330 = VECTOR ( 'NONE', #1784, 1000.000000000000000 ) ;
#3331 = DIRECTION ( 'NONE',  ( -0.000000000000000000, -1.000000000000000000, -0.000000000000000000 ) ) ;
#3332 = CARTESIAN_POINT ( 'NONE',  ( -6.399999999999999467, 1.899999999999999911, 3.149999999999999911 ) ) ;
#3333 = PLANE ( 'NONE',  #4147 ) ;
#3334 = DIRECTION ( 'NONE',  ( -0.000000000000000000, -0.000000000000000000, -1.000000000000000000 ) ) ;
#3335 =( NAMED_UNIT ( * ) PLANE_ANGLE_UNIT ( ) SI_UNIT ( $, .RADIAN. ) );
#3336 = CARTESIAN_POINT ( 'NONE',  ( -1.026777361836758828, -0.2566274948703284875, 0.01000000000000000021 ) ) ;
#3337 = PLANE ( 'NONE',  #3892 ) ;
#3338 = CARTESIAN_POINT ( 'NONE',  ( 0.5856735879457775074, 0.1373756838294409033, 0.01000000000000000021 ) ) ;
#3339 = ORIENTED_EDGE ( 'NONE', *, *, #397, .F. ) ;
#3340 = ADVANCED_FACE ( 'NONE', ( #1354 ), #241, .F. ) ;
#3341 = CARTESIAN_POINT ( 'NONE',  ( 0.2808943535984081419, 0.1767185104363713788, 0.000000000000000000 ) ) ;
#3342 = CARTESIAN_POINT ( 'NONE',  ( -0.7696317825684664271, -0.1163835924313039449, 0.01000000000000000021 ) ) ;
#3343 = EDGE_CURVE ( 'NONE', #1337, #5367, #1032, .T. ) ;
#3344 =( NAMED_UNIT ( * ) PLANE_ANGLE_UNIT ( ) SI_UNIT ( $, .RADIAN. ) );
#3345 = ORIENTED_EDGE ( 'NONE', *, *, #3579, .T. ) ;
#3346 = ORIENTED_EDGE ( 'NONE', *, *, #5074, .T. ) ;
#3347 = LINE ( 'NONE', #4565, #1289 ) ;
#3348 = DIRECTION ( 'NONE',  ( 0.000000000000000000, -1.000000000000000000, 0.000000000000000000 ) ) ;
#3349 = CARTESIAN_POINT ( 'NONE',  ( 0.3981206595398144032, 0.2488477654093709246, 0.009999999999999998473 ) ) ;
#3350 = ORIENTED_EDGE ( 'NONE', *, *, #2096, .F. ) ;
#3351 =( NAMED_UNIT ( * ) PLANE_ANGLE_UNIT ( ) SI_UNIT ( $, .RADIAN. ) );
#3352 = SURFACE_STYLE_USAGE ( .BOTH. , #4277 ) ;
#3353 =( GEOMETRIC_REPRESENTATION_CONTEXT ( 3 ) GLOBAL_UNCERTAINTY_ASSIGNED_CONTEXT ( ( #1641 ) ) GLOBAL_UNIT_ASSIGNED_CONTEXT ( ( #1754, #224, #3405 ) ) REPRESENTATION_CONTEXT ( 'NONE', 'WORKASPACE' ) );
#3354 = CARTESIAN_POINT ( 'NONE',  ( 6.900000000000001243, 1.899999999999999911, 0.1000000000000002554 ) ) ;
#3355 = VECTOR ( 'NONE', #3195, 1000.000000000000000 ) ;
#3356 =( NAMED_UNIT ( * ) PLANE_ANGLE_UNIT ( ) SI_UNIT ( $, .RADIAN. ) );
#3357 = UNCERTAINTY_MEASURE_WITH_UNIT (LENGTH_MEASURE( 1.000000000000000082E-05 ), #2073, 'distance_accuracy_value', 'NONE');
#3358 = EDGE_LOOP ( 'NONE', ( #3933, #4089, #782, #2598 ) ) ;
#3359 = COLOUR_RGB ( '',0.8313725490196077761, 0.8313725490196077761, 0.8196078431372548767 ) ;
#3360 = ADVANCED_FACE ( 'NONE', ( #4734 ), #1028, .T. ) ;
#3361 = CARTESIAN_POINT ( 'NONE',  ( 0.3157061801584422622, -0.2549360179985092900, 0.000000000000000000 ) ) ;
#3362 = B_SPLINE_CURVE_WITH_KNOTS ( 'NONE', 3,
 ( #2143, #830, #2175, #2935, #1744, #1320, #4159, #4618, #4582, #1343, #4644 ),
 .UNSPECIFIED., .F., .F.,
 ( 4, 1, 1, 1, 1, 1, 1, 1, 4 ),
 ( 0.000000000000000000, 0.1451868664724693392, 0.2834426109197296650, 0.4165243659288291322, 0.5431811235350832989, 0.6651530826377142214, 0.7813602063127162989, 0.8927566556418090604, 1.000000000000000000 ),
 .UNSPECIFIED. ) ;
#3363 = FACE_OUTER_BOUND ( 'NONE', #1666, .T. ) ;
#3364 = PLANE ( 'NONE',  #1393 ) ;
#3365 = SURFACE_STYLE_USAGE ( .BOTH. , #3837 ) ;
#3366 = CARTESIAN_POINT ( 'NONE',  ( -0.8634844769854413959, 0.1545410761460820070, 0.000000000000000000 ) ) ;
#3367 = VERTEX_POINT ( 'NONE', #3954 ) ;
#3368 = DIRECTION ( 'NONE',  ( 0.000000000000000000, -1.000000000000000000, 0.000000000000000000 ) ) ;
#3369 = SURFACE_STYLE_FILL_AREA ( #3289 ) ;
#3370 = LINE ( 'NONE', #2971, #2752 ) ;
#3371 = VERTEX_POINT ( 'NONE', #4900 ) ;
#3372 = ORIENTED_EDGE ( 'NONE', *, *, #2118, .T. ) ;
#3373 = PRESENTATION_STYLE_ASSIGNMENT (( #1683 ) ) ;
#3374 = VECTOR ( 'NONE', #2409, 1000.000000000000000 ) ;
#3375 = CARTESIAN_POINT ( 'NONE',  ( 0.2922008317975408609, 0.2419602942992580275, 0.01000000000000000021 ) ) ;
#3376 = ORIENTED_EDGE ( 'NONE', *, *, #3887, .F. ) ;
#3377 = MECHANICAL_DESIGN_GEOMETRIC_PRESENTATION_REPRESENTATION (  '', ( #1227 ), #1055 ) ;
#3378 = COLOUR_RGB ( '',0.8313725490196077761, 0.8313725490196077761, 0.8196078431372548767 ) ;
#3379 = LINE ( 'NONE', #5054, #2611 ) ;
#3380 = PRESENTATION_LAYER_ASSIGNMENT (  '', '', ( #1664 ) ) ;
#3381 = FACE_OUTER_BOUND ( 'NONE', #3054, .T. ) ;
#3382 = ORIENTED_EDGE ( 'NONE', *, *, #3196, .T. ) ;
#3383 = SURFACE_SIDE_STYLE ('',( #1735 ) ) ;
#3384 = FACE_OUTER_BOUND ( 'NONE', #3050, .T. ) ;
#3385 = CARTESIAN_POINT ( 'NONE',  ( -6.900000000000001243, 1.899999999999999911, 3.000000000000000000 ) ) ;
#3386 = PRESENTATION_LAYER_ASSIGNMENT (  '', '', ( #1674 ) ) ;
#3387 = LINE ( 'NONE', #3038, #4571 ) ;
#3388 = CARTESIAN_POINT ( 'NONE',  ( 0.3912866625534853204, -0.2627250558459380270, 0.000000000000000000 ) ) ;
#3389 = EDGE_CURVE ( 'NONE', #3188, #2264, #4927, .T. ) ;
#3390 = AXIS2_PLACEMENT_3D ( 'NONE', #4152, #4184, #444 ) ;
#3391 = CARTESIAN_POINT ( 'NONE',  ( -6.900000000000001243, -1.899999999999999911, 3.000000000000000000 ) ) ;
#3392 = CARTESIAN_POINT ( 'NONE',  ( -0.4794475156985656961, -0.1617259292001031745, 0.000000000000000000 ) ) ;
#3393 = PRESENTATION_STYLE_ASSIGNMENT (( #2465 ) ) ;
#3394 = CARTESIAN_POINT ( 'NONE',  ( 0.5541296501129666652, 0.1767472517332447368, 0.01000000000000000021 ) ) ;
#3395 = EDGE_LOOP ( 'NONE', ( #1997, #2244, #4280, #4650, #2420, #4226, #5158, #76 ) ) ;
#3396 = DIRECTION ( 'NONE',  ( 0.000000000000000000, -1.000000000000000000, -0.000000000000000000 ) ) ;
#3397 = MECHANICAL_DESIGN_GEOMETRIC_PRESENTATION_REPRESENTATION (  '', ( #273 ), #1752 ) ;
#3398 = SURFACE_STYLE_USAGE ( .BOTH. , #136 ) ;
#3399 = EDGE_CURVE ( 'NONE', #2095, #979, #5236, .T. ) ;
#3400 = SURFACE_STYLE_FILL_AREA ( #4589 ) ;
#3401 = MECHANICAL_DESIGN_GEOMETRIC_PRESENTATION_REPRESENTATION (  '', ( #2706 ), #3307 ) ;
#3402 = ORIENTED_EDGE ( 'NONE', *, *, #3229, .T. ) ;
#3403 = ORIENTED_EDGE ( 'NONE', *, *, #1174, .T. ) ;
#3404 =( GEOMETRIC_REPRESENTATION_CONTEXT ( 3 ) GLOBAL_UNCERTAINTY_ASSIGNED_CONTEXT ( ( #1396 ) ) GLOBAL_UNIT_ASSIGNED_CONTEXT ( ( #2824, #2462, #4980 ) ) REPRESENTATION_CONTEXT ( 'NONE', 'WORKASPACE' ) );
#3405 =( NAMED_UNIT ( * ) SI_UNIT ( $, .STERADIAN. ) SOLID_ANGLE_UNIT ( ) );
#3406 = PRESENTATION_STYLE_ASSIGNMENT (( #1355 ) ) ;
#3407 = ORIENTED_EDGE ( 'NONE', *, *, #624, .T. ) ;
#3408 = EDGE_LOOP ( 'NONE', ( #537, #4012, #3158, #732 ) ) ;
#3409 = EDGE_CURVE ( 'NONE', #161, #626, #3591, .T. ) ;
#3410 = CARTESIAN_POINT ( 'NONE',  ( -0.9048261423245637092, 0.2433725051296719843, 0.01000000000000000021 ) ) ;
#3411 = EDGE_CURVE ( 'NONE', #4216, #1441, #1911, .T. ) ;
#3412 = DIRECTION ( 'NONE',  ( -7.744301232039319147E-17, 0.000000000000000000, 1.000000000000000000 ) ) ;
#3413 = ORIENTED_EDGE ( 'NONE', *, *, #3582, .F. ) ;
#3414 =( LENGTH_UNIT ( ) NAMED_UNIT ( * ) SI_UNIT ( .MILLI., .METRE. ) );
#3415 = CARTESIAN_POINT ( 'NONE',  ( -6.450000000000001954, 1.899999999999999911, 3.050000000000000266 ) ) ;
#3416 = CARTESIAN_POINT ( 'NONE',  ( 5.999999999999999112, -6.400000000000000355, 0.000000000000000000 ) ) ;
#3417 = DIRECTION ( 'NONE',  ( 0.000000000000000000, 0.000000000000000000, 1.000000000000000000 ) ) ;
#3418 = UNCERTAINTY_MEASURE_WITH_UNIT (LENGTH_MEASURE( 1.000000000000000082E-05 ), #1038, 'distance_accuracy_value', 'NONE');
#3419 = FILL_AREA_STYLE_COLOUR ( '', #2299 ) ;
#3420 =( GEOMETRIC_REPRESENTATION_CONTEXT ( 3 ) GLOBAL_UNCERTAINTY_ASSIGNED_CONTEXT ( ( #4937 ) ) GLOBAL_UNIT_ASSIGNED_CONTEXT ( ( #1613, #4527, #367 ) ) REPRESENTATION_CONTEXT ( 'NONE', 'WORKASPACE' ) );
#3421 = CARTESIAN_POINT ( 'NONE',  ( -0.08775297159285626314, -0.03101773877276726293, 0.000000000000000000 ) ) ;
#3422 = CARTESIAN_POINT ( 'NONE',  ( 0.4946829042092952822, 0.2213445908324856715, 0.01000000000000000021 ) ) ;
#3423 = VERTEX_POINT ( 'NONE', #2746 ) ;
#3424 = SURFACE_SIDE_STYLE ('',( #2569 ) ) ;
#3425 = CARTESIAN_POINT ( 'NONE',  ( 6.000000000000001776, -0.2017494460898406061, 0.01000000000000000021 ) ) ;
#3426 = LINE ( 'NONE', #2690, #1162 ) ;
#3427 = SURFACE_STYLE_USAGE ( .BOTH. , #1801 ) ;
#3428 = ORIENTED_EDGE ( 'NONE', *, *, #1268, .T. ) ;
#3429 = EDGE_LOOP ( 'NONE', ( #3458, #4062, #1000, #5265 ) ) ;
#3430 = EDGE_CURVE ( 'NONE', #2831, #4061, #3620, .T. ) ;
#3431 = CARTESIAN_POINT ( 'NONE',  ( -0.4480276932755629660, -0.1814966380445350858, 0.000000000000000000 ) ) ;
#3432 = DIRECTION ( 'NONE',  ( 1.000000000000000000, 0.000000000000000000, 0.000000000000000000 ) ) ;
#3433 = ORIENTED_EDGE ( 'NONE', *, *, #4773, .T. ) ;
#3434 = ORIENTED_EDGE ( 'NONE', *, *, #1591, .F. ) ;
#3435 = FILL_AREA_STYLE ('',( #146 ) ) ;
#3436 = SURFACE_STYLE_USAGE ( .BOTH. , #4687 ) ;
#3437 = STYLED_ITEM ( 'NONE', ( #3686 ), #4309 ) ;
#3438 = CARTESIAN_POINT ( 'NONE',  ( 0.3708026686510462744, 0.1945920173247937257, 0.000000000000000000 ) ) ;
#3439 = VERTEX_POINT ( 'NONE', #3539 ) ;
#3440 = FILL_AREA_STYLE_COLOUR ( '', #1745 ) ;
#3441 = DIRECTION ( 'NONE',  ( 1.000000000000000000, 0.000000000000000000, 0.000000000000000000 ) ) ;
#3442 = DIRECTION ( 'NONE',  ( 0.000000000000000000, 0.000000000000000000, -1.000000000000000000 ) ) ;
#3443 = CARTESIAN_POINT ( 'NONE',  ( 0.3333564233149291511, -0.2584942258730525966, 0.01000000000000000021 ) ) ;
#3444 =( LENGTH_UNIT ( ) NAMED_UNIT ( * ) SI_UNIT ( .MILLI., .METRE. ) );
#3445 = AXIS2_PLACEMENT_3D ( 'NONE', #1564, #3119, #1159 ) ;
#3446 = LINE ( 'NONE', #482, #4369 ) ;
#3447 = CARTESIAN_POINT ( 'NONE',  ( 6.900000000000001243, 1.899999999999999911, 0.1000000000000002554 ) ) ;
#3448 = UNCERTAINTY_MEASURE_WITH_UNIT (LENGTH_MEASURE( 1.000000000000000082E-05 ), #2658, 'distance_accuracy_value', 'NONE');
#3449 = ORIENTED_EDGE ( 'NONE', *, *, #5088, .T. ) ;
#3450 = CARTESIAN_POINT ( 'NONE',  ( 0.6171527390316817741, -0.09325438484041620457, 0.000000000000000000 ) ) ;
#3451 = DIRECTION ( 'NONE',  ( 1.000000000000000000, 0.000000000000000000, -0.000000000000000000 ) ) ;
#3452 = COLOUR_RGB ( '',0.8313725490196077761, 0.8313725490196077761, 0.8196078431372548767 ) ;
#3453 = CARTESIAN_POINT ( 'NONE',  ( 0.3884683842054352243, -0.2076814580235085417, 0.01000000000000000021 ) ) ;
#3454 = PRESENTATION_LAYER_ASSIGNMENT (  '', '', ( #2758 ) ) ;
#3455 =( LENGTH_UNIT ( ) NAMED_UNIT ( * ) SI_UNIT ( .MILLI., .METRE. ) );
#3456 = VERTEX_POINT ( 'NONE', #5259 ) ;
#3457 = DIRECTION ( 'NONE',  ( -3.497426362856468202E-17, 0.000000000000000000, -1.000000000000000000 ) ) ;
#3458 = ORIENTED_EDGE ( 'NONE', *, *, #5235, .T. ) ;
#3459 = UNCERTAINTY_MEASURE_WITH_UNIT (LENGTH_MEASURE( 1.000000000000000082E-05 ), #3728, 'distance_accuracy_value', 'NONE');
#3460 = CARTESIAN_POINT ( 'NONE',  ( -0.4794475156985656961, -0.1617259292001031745, 0.000000000000000000 ) ) ;
#3461 = EDGE_CURVE ( 'NONE', #553, #1247, #4790, .T. ) ;
#3462 = VECTOR ( 'NONE', #3916, 1000.000000000000000 ) ;
#3463 = CARTESIAN_POINT ( 'NONE',  ( 0.5520718786568142855, -0.07409309835248764631, 0.000000000000000000 ) ) ;
#3464 = ORIENTED_EDGE ( 'NONE', *, *, #2534, .F. ) ;
#3465 = ORIENTED_EDGE ( 'NONE', *, *, #3059, .T. ) ;
#3466 = CARTESIAN_POINT ( 'NONE',  ( 0.5771625971223912632, -0.1777312662027624723, 0.01000000000000000021 ) ) ;
#3467 = AXIS2_PLACEMENT_3D ( 'NONE', #1508, #639, #1936 ) ;
#3468 = DIRECTION ( 'NONE',  ( 0.000000000000000000, 0.000000000000000000, 1.000000000000000000 ) ) ;
#3469 = CARTESIAN_POINT ( 'NONE',  ( 0.3775773495833013582, 0.1944463492818049588, 0.01000000000000000021 ) ) ;
#3470 = CARTESIAN_POINT ( 'NONE',  ( -0.4931317131248991181, -0.1493883988440456445, 0.01000000000000000021 ) ) ;
#3471 = ORIENTED_EDGE ( 'NONE', *, *, #3965, .F. ) ;
#3472 = MECHANICAL_DESIGN_GEOMETRIC_PRESENTATION_REPRESENTATION (  '', ( #3908 ), #1143 ) ;
#3473 = DIRECTION ( 'NONE',  ( -1.000000000000000000, 0.000000000000000000, 0.000000000000000000 ) ) ;
#3474 = CARTESIAN_POINT ( 'NONE',  ( 6.399999999999999467, 1.899999999999999911, 3.149999999999999911 ) ) ;
#3475 = MECHANICAL_DESIGN_GEOMETRIC_PRESENTATION_REPRESENTATION (  '', ( #1664 ), #2502 ) ;
#3476 = LINE ( 'NONE', #1365, #1560 ) ;
#3477 = CARTESIAN_POINT ( 'NONE',  ( 0.5901996372839205529, -0.1586779237939824339, 0.000000000000000000 ) ) ;
#3478 =( NAMED_UNIT ( * ) PLANE_ANGLE_UNIT ( ) SI_UNIT ( $, .RADIAN. ) );
#3479 = PRESENTATION_STYLE_ASSIGNMENT (( #3553 ) ) ;
#3480 = CARTESIAN_POINT ( 'NONE',  ( -0.5379044629169453806, -0.1869609583124449137, 0.000000000000000000 ) ) ;
#3481 = MECHANICAL_DESIGN_GEOMETRIC_PRESENTATION_REPRESENTATION (  '', ( #1496 ), #4430 ) ;
#3482 = DIRECTION ( 'NONE',  ( 0.3393303772748779701, 0.9406672605435404400, 0.000000000000000000 ) ) ;
#3483 = CARTESIAN_POINT ( 'NONE',  ( 0.6220300074443023686, -0.06871902662414797192, 0.000000000000000000 ) ) ;
#3484 = CARTESIAN_POINT ( 'NONE',  ( 0.4369976103152015678, -0.2007579755169993097, 0.000000000000000000 ) ) ;
#3485 = FACE_OUTER_BOUND ( 'NONE', #1816, .T. ) ;
#3486 = EDGE_CURVE ( 'NONE', #4514, #3277, #3184, .T. ) ;
#3487 = PRESENTATION_LAYER_ASSIGNMENT (  '', '', ( #2436 ) ) ;
#3488 = SURFACE_STYLE_FILL_AREA ( #1103 ) ;
#3489 = SURFACE_STYLE_USAGE ( .BOTH. , #1249 ) ;
#3490 = EDGE_LOOP ( 'NONE', ( #4167, #2995, #2950, #5100 ) ) ;
#3491 = EDGE_CURVE ( 'NONE', #2372, #3004, #2775, .T. ) ;
#3492 = VECTOR ( 'NONE', #1765, 1000.000000000000000 ) ;
#3493 = VERTEX_POINT ( 'NONE', #752 ) ;
#3494 = CARTESIAN_POINT ( 'NONE',  ( -0.3477567825684660385, -0.2017494460898404396, 0.000000000000000000 ) ) ;
#3495 = CARTESIAN_POINT ( 'NONE',  ( 0.6251995760943994673, -0.04285129068137125824, 0.01000000000000000021 ) ) ;
#3496 = VECTOR ( 'NONE', #867, 1000.000000000000000 ) ;
#3497 = CARTESIAN_POINT ( 'NONE',  ( 0.4010781721168324987, -0.2073564652442879963, 0.009999999999999998473 ) ) ;
#3498 = ORIENTED_EDGE ( 'NONE', *, *, #1730, .T. ) ;
#3499 = ORIENTED_EDGE ( 'NONE', *, *, #607, .F. ) ;
#3500 = COLOUR_RGB ( '',0.8313725490196077761, 0.8313725490196077761, 0.8196078431372548767 ) ;
#3501 = DIRECTION ( 'NONE',  ( 0.000000000000000000, 0.000000000000000000, -1.000000000000000000 ) ) ;
#3502 = CARTESIAN_POINT ( 'NONE',  ( 0.4102747088141424081, 0.1913557477761493042, 0.01000000000000000021 ) ) ;
#3503 = CARTESIAN_POINT ( 'NONE',  ( -0.5380922776041233702, -0.06664908933636434774, 0.01000000000000000021 ) ) ;
#3504 = SURFACE_SIDE_STYLE ('',( #1817 ) ) ;
#3505 = UNCERTAINTY_MEASURE_WITH_UNIT (LENGTH_MEASURE( 1.000000000000000082E-05 ), #3171, 'distance_accuracy_value', 'NONE');
#3506 = EDGE_CURVE ( 'NONE', #4513, #652, #2367, .T. ) ;
#3507 = PRESENTATION_STYLE_ASSIGNMENT (( #5219 ) ) ;
#3508 =( LENGTH_UNIT ( ) NAMED_UNIT ( * ) SI_UNIT ( .MILLI., .METRE. ) );
#3509 = CARTESIAN_POINT ( 'NONE',  ( -0.7218993130562708638, -0.2566274948703282655, 0.000000000000000000 ) ) ;
#3510 = CARTESIAN_POINT ( 'NONE',  ( -0.4275728703448253842, -0.2473182796859458021, 0.000000000000000000 ) ) ;
#3511 = COLOUR_RGB ( '',0.8313725490196077761, 0.8313725490196077761, 0.8196078431372548767 ) ;
#3512 = SURFACE_STYLE_FILL_AREA ( #1044 ) ;
#3513 = DIRECTION ( 'NONE',  ( -0.000000000000000000, -0.000000000000000000, -1.000000000000000000 ) ) ;
#3514 = CARTESIAN_POINT ( 'NONE',  ( 6.399999999999998579, 3.000000000000000000, 0.000000000000000000 ) ) ;
#3515 = CARTESIAN_POINT ( 'NONE',  ( -0.08775297159285626314, 0.02386031000772056293, 0.000000000000000000 ) ) ;
#3516 = EDGE_LOOP ( 'NONE', ( #2894, #1907, #5261, #3654, #3732, #4489, #1697, #308 ) ) ;
#3517 = EDGE_CURVE ( 'NONE', #2643, #2455, #327, .T. ) ;
#3518 = CARTESIAN_POINT ( 'NONE',  ( -0.4794475156985656961, -0.1617259292001031745, 0.01000000000000000194 ) ) ;
#3519 = CARTESIAN_POINT ( 'NONE',  ( 0.4417362215944827808, -0.2589686365912374222, 0.01000000000000000021 ) ) ;
#3520 = SURFACE_SIDE_STYLE ('',( #546 ) ) ;
#3521 = ORIENTED_EDGE ( 'NONE', *, *, #4328, .T. ) ;
#3522 = ORIENTED_EDGE ( 'NONE', *, *, #313, .T. ) ;
#3523 = CARTESIAN_POINT ( 'NONE',  ( 0.5516033158256742341, 0.05351708155911559517, 0.000000000000000000 ) ) ;
#3524 = FACE_OUTER_BOUND ( 'NONE', #3820, .T. ) ;
#3525 = CARTESIAN_POINT ( 'NONE',  ( 0.1561494674315339615, -0.2566274948703284875, 0.01000000000000000021 ) ) ;
#3526 =( NAMED_UNIT ( * ) SI_UNIT ( $, .STERADIAN. ) SOLID_ANGLE_UNIT ( ) );
#3527 = CYLINDRICAL_SURFACE ( 'NONE', #832, 0.2500000000000001110 ) ;
#3528 = PRESENTATION_STYLE_ASSIGNMENT (( #3943 ) ) ;
#3529 = EDGE_CURVE ( 'NONE', #4436, #670, #1165, .T. ) ;
#3530 = CARTESIAN_POINT ( 'NONE',  ( 0.08907629669982670972, -0.03101773877276726293, 0.000000000000000000 ) ) ;
#3531 = AXIS2_PLACEMENT_3D ( 'NONE', #4665, #2138, #4262 ) ;
#3532 = LINE ( 'NONE', #4833, #5039 ) ;
#3533 = DIRECTION ( 'NONE',  ( 0.000000000000000000, 0.000000000000000000, 1.000000000000000000 ) ) ;
#3534 = STYLED_ITEM ( 'NONE', ( #5271 ), #249 ) ;
#3535 = DIRECTION ( 'NONE',  ( -1.000000000000000000, 0.000000000000000000, 0.000000000000000000 ) ) ;
#3536 = ORIENTED_EDGE ( 'NONE', *, *, #3517, .F. ) ;
#3537 = LINE ( 'NONE', #271, #2150 ) ;
#3538 = ORIENTED_EDGE ( 'NONE', *, *, #3802, .T. ) ;
#3539 = CARTESIAN_POINT ( 'NONE',  ( -6.550000000000001599, -1.899999999999999911, 3.049999999999999378 ) ) ;
#3540 =( NAMED_UNIT ( * ) PLANE_ANGLE_UNIT ( ) SI_UNIT ( $, .RADIAN. ) );
#3541 = EDGE_LOOP ( 'NONE', ( #221, #1351, #4762, #3027, #1861 ) ) ;
#3542 = ORIENTED_EDGE ( 'NONE', *, *, #2623, .T. ) ;
#3543 = COLOUR_RGB ( '',0.8313725490196077761, 0.8313725490196077761, 0.8196078431372548767 ) ;
#3544 = CARTESIAN_POINT ( 'NONE',  ( 0.5584153345820557224, -0.004239815252577617752, 0.000000000000000000 ) ) ;
#3545 = CARTESIAN_POINT ( 'NONE',  ( 6.900000000000001243, 1.899999999999999911, 3.000000000000000000 ) ) ;
#3546 = EDGE_CURVE ( 'NONE', #2455, #1412, #5312, .T. ) ;
#3547 = CARTESIAN_POINT ( 'NONE',  ( 0.3820450466998267514, -0.2078470070654502011, 0.000000000000000000 ) ) ;
#3548 =( GEOMETRIC_REPRESENTATION_CONTEXT ( 3 ) GLOBAL_UNCERTAINTY_ASSIGNED_CONTEXT ( ( #2532 ) ) GLOBAL_UNIT_ASSIGNED_CONTEXT ( ( #1676, #2988, #483 ) ) REPRESENTATION_CONTEXT ( 'NONE', 'WORKASPACE' ) );
#3549 = FILL_AREA_STYLE_COLOUR ( '', #2862 ) ;
#3550 = CARTESIAN_POINT ( 'NONE',  ( 4.399999999999998579, 3.000000000000000000, 0.000000000000000000 ) ) ;
#3551 =( LENGTH_UNIT ( ) NAMED_UNIT ( * ) SI_UNIT ( .MILLI., .METRE. ) );
#3552 = MECHANICAL_DESIGN_GEOMETRIC_PRESENTATION_REPRESENTATION (  '', ( #4504 ), #2586 ) ;
#3553 = SURFACE_STYLE_USAGE ( .BOTH. , #1899 ) ;
#3554 = DIRECTION ( 'NONE',  ( -1.000000000000000000, 0.000000000000000000, 0.000000000000000000 ) ) ;
#3555 = CARTESIAN_POINT ( 'NONE',  ( 0.6254439008259041755, -0.006331903949576042634, 0.000000000000000000 ) ) ;
#3556 =( NAMED_UNIT ( * ) PLANE_ANGLE_UNIT ( ) SI_UNIT ( $, .RADIAN. ) );
#3557 = AXIS2_PLACEMENT_3D ( 'NONE', #4798, #3629, #2784 ) ;
#3558 = CARTESIAN_POINT ( 'NONE',  ( 0.3708026686510462744, 0.1945920173247937257, 0.000000000000000000 ) ) ;
#3559 = SURFACE_STYLE_USAGE ( .BOTH. , #3096 ) ;
#3560 =( GEOMETRIC_REPRESENTATION_CONTEXT ( 3 ) GLOBAL_UNCERTAINTY_ASSIGNED_CONTEXT ( ( #4494 ) ) GLOBAL_UNIT_ASSIGNED_CONTEXT ( ( #1257, #1690, #2480 ) ) REPRESENTATION_CONTEXT ( 'NONE', 'WORKASPACE' ) );
#3561 = FILL_AREA_STYLE ('',( #1906 ) ) ;
#3562 = ORIENTED_EDGE ( 'NONE', *, *, #4997, .T. ) ;
#3563 = SURFACE_SIDE_STYLE ('',( #302 ) ) ;
#3564 = EDGE_CURVE ( 'NONE', #332, #4599, #2719, .T. ) ;
#3565 = VECTOR ( 'NONE', #3949, 1000.000000000000000 ) ;
#3566 = VERTEX_POINT ( 'NONE', #2021 ) ;
#3568 = ORIENTED_EDGE ( 'NONE', *, *, #2165, .T. ) ;
#3567 = COLOUR_RGB ( '',0.8313725490196077761, 0.8313725490196077761, 0.8196078431372548767 ) ;
#3569 = ORIENTED_EDGE ( 'NONE', *, *, #5116, .T. ) ;
#3570 = VERTEX_POINT ( 'NONE', #2911 ) ;
#3571 = VECTOR ( 'NONE', #908, 1000.000000000000000 ) ;
#3572 =( NAMED_UNIT ( * ) SI_UNIT ( $, .STERADIAN. ) SOLID_ANGLE_UNIT ( ) );
#3573 = MECHANICAL_DESIGN_GEOMETRIC_PRESENTATION_REPRESENTATION (  '', ( #900 ), #4876 ) ;
#3574 = B_SPLINE_CURVE_WITH_KNOTS ( 'NONE', 3,
 ( #1263, #5010, #2910, #5094, #3366, #860, #2176 ),
 .UNSPECIFIED., .F., .F.,
 ( 4, 1, 1, 1, 4 ),
 ( 0.000000000000000000, 0.3005411131585100648, 0.5677471464835988080, 0.8000336137369802314, 1.000000000000000000 ),
 .UNSPECIFIED. ) ;
#3575 = CARTESIAN_POINT ( 'NONE',  ( -0.8784351362270026442, 0.1473359197638181295, 0.000000000000000000 ) ) ;
#3576 = CARTESIAN_POINT ( 'NONE',  ( 6.650000000000001243, -1.899999999999999911, 0.1000000000000002276 ) ) ;
#3577 = AXIS2_PLACEMENT_3D ( 'NONE', #1905, #2291, #3121 ) ;
#3578 =( NAMED_UNIT ( * ) SI_UNIT ( $, .STERADIAN. ) SOLID_ANGLE_UNIT ( ) );
#3579 = EDGE_CURVE ( 'NONE', #696, #270, #2938, .T. ) ;
#3580 = VECTOR ( 'NONE', #4155, 1000.000000000000000 ) ;
#3581 = LINE ( 'NONE', #1040, #3087 ) ;
#3582 = EDGE_CURVE ( 'NONE', #627, #332, #3262, .T. ) ;
#3583 = UNCERTAINTY_MEASURE_WITH_UNIT (LENGTH_MEASURE( 1.000000000000000082E-05 ), #4686, 'distance_accuracy_value', 'NONE');
#3584 = CARTESIAN_POINT ( 'NONE',  ( 6.900000000000001243, -1.899999999999999911, 0.1000000000000002554 ) ) ;
#3585 = SURFACE_STYLE_FILL_AREA ( #293 ) ;
#3586 = CARTESIAN_POINT ( 'NONE',  ( 0.2973493194428448172, -0.1955919805782051768, 0.01000000000000000021 ) ) ;
#3587 = CARTESIAN_POINT ( 'NONE',  ( -0.1121432154952953092, -0.2566274948703282655, 0.000000000000000000 ) ) ;
#3588 = DIRECTION ( 'NONE',  ( -1.000000000000000000, -0.000000000000000000, 0.000000000000000000 ) ) ;
#3589 = EDGE_LOOP ( 'NONE', ( #2448, #4285, #174, #4414 ) ) ;
#3590 = CARTESIAN_POINT ( 'NONE',  ( 0.5065655170754276293, 0.1389050558775881128, 0.01000000000000000021 ) ) ;
#3591 = LINE ( 'NONE', #1972, #4657 ) ;
#3592 = ORIENTED_EDGE ( 'NONE', *, *, #4949, .T. ) ;
#3593 =( GEOMETRIC_REPRESENTATION_CONTEXT ( 3 ) GLOBAL_UNCERTAINTY_ASSIGNED_CONTEXT ( ( #2052 ) ) GLOBAL_UNIT_ASSIGNED_CONTEXT ( ( #1177, #340, #5303 ) ) REPRESENTATION_CONTEXT ( 'NONE', 'WORKASPACE' ) );
#3594 = VERTEX_POINT ( 'NONE', #2467 ) ;
#3595 = EDGE_CURVE ( 'NONE', #1441, #2751, #21, .T. ) ;
#3596 = VERTEX_POINT ( 'NONE', #4540 ) ;
#3597 = ORIENTED_EDGE ( 'NONE', *, *, #233, .F. ) ;
#3598 = CARTESIAN_POINT ( 'NONE',  ( -0.4465369755396136897, 0.1701494132765576095, 0.000000000000000000 ) ) ;
#3599 = STYLED_ITEM ( 'NONE', ( #1567 ), #2866 ) ;
#3600 = CARTESIAN_POINT ( 'NONE',  ( 0.08907629669982670972, -0.03101773877276726293, 0.000000000000000000 ) ) ;
#3601 = DIRECTION ( 'NONE',  ( 0.000000000000000000, 0.000000000000000000, -1.000000000000000000 ) ) ;
#3602 = CARTESIAN_POINT ( 'NONE',  ( 0.2537104430412901457, -0.1758348119434989532, 0.000000000000000000 ) ) ;
#3603 = FACE_OUTER_BOUND ( 'NONE', #3516, .T. ) ;
#3604 = CARTESIAN_POINT ( 'NONE',  ( -6.650000000000001243, 1.899999999999999911, -0.1499999999999998002 ) ) ;
#3605 = DIRECTION ( 'NONE',  ( 0.000000000000000000, -1.000000000000000000, 0.000000000000000000 ) ) ;
#3606 = SURFACE_STYLE_USAGE ( .BOTH. , #1228 ) ;
#3607 = EDGE_CURVE ( 'NONE', #2998, #307, #3755, .T. ) ;
#3608 = FACE_OUTER_BOUND ( 'NONE', #1494, .T. ) ;
#3609 = SURFACE_STYLE_FILL_AREA ( #1963 ) ;
#3610 = CARTESIAN_POINT ( 'NONE',  ( -0.3739881612107367470, -0.2561149782181736390, 0.009999999999999995004 ) ) ;
#3611 = FILL_AREA_STYLE_COLOUR ( '', #2160 ) ;
#3612 = DIRECTION ( 'NONE',  ( 0.000000000000000000, 0.000000000000000000, 1.000000000000000000 ) ) ;
#3613 = APPLICATION_CONTEXT ( 'automotive_design' ) ;
#3614 =( NAMED_UNIT ( * ) SI_UNIT ( $, .STERADIAN. ) SOLID_ANGLE_UNIT ( ) );
#3615 = SURFACE_SIDE_STYLE ('',( #773 ) ) ;
#3616 = STYLED_ITEM ( 'NONE', ( #1807 ), #4325 ) ;
#3617 = FILL_AREA_STYLE_COLOUR ( '', #2765 ) ;
#3618 = CARTESIAN_POINT ( 'NONE',  ( 0.4287884054050294935, 0.1871592781600140976, 0.01000000000000000021 ) ) ;
#3619 = FILL_AREA_STYLE ('',( #4761 ) ) ;
#3620 = LINE ( 'NONE', #4815, #3976 ) ;
#3621 = COLOUR_RGB ( '',0.8313725490196077761, 0.8313725490196077761, 0.8196078431372548767 ) ;
#3622 =( GEOMETRIC_REPRESENTATION_CONTEXT ( 3 ) GLOBAL_UNCERTAINTY_ASSIGNED_CONTEXT ( ( #3796 ) ) GLOBAL_UNIT_ASSIGNED_CONTEXT ( ( #5069, #4213, #508 ) ) REPRESENTATION_CONTEXT ( 'NONE', 'WORKASPACE' ) );
#3623 = CARTESIAN_POINT ( 'NONE',  ( -0.3505197398855391944, 0.1884944563491839642, 0.000000000000000000 ) ) ;
#3624 = ORIENTED_EDGE ( 'NONE', *, *, #1922, .F. ) ;
#3625 = ORIENTED_EDGE ( 'NONE', *, *, #4165, .T. ) ;
#3626 = VECTOR ( 'NONE', #3649, 1000.000000000000000 ) ;
#3627 = CIRCLE ( 'NONE', #3271, 0.2500000000000001110 ) ;
#3628 = EDGE_LOOP ( 'NONE', ( #2670, #4064, #1244, #2579, #1397, #3403, #2216, #2568 ) ) ;
#3629 = DIRECTION ( 'NONE',  ( 0.000000000000000000, -1.000000000000000000, 0.000000000000000000 ) ) ;
#3630 = EDGE_CURVE ( 'NONE', #4007, #4435, #3784, .T. ) ;
#3631 = VECTOR ( 'NONE', #2209, 1000.000000000000000 ) ;
#3632 = DIRECTION ( 'NONE',  ( 0.000000000000000000, -1.000000000000000000, 0.000000000000000000 ) ) ;
#3633 = LINE ( 'NONE', #1582, #3971 ) ;
#3634 = UNCERTAINTY_MEASURE_WITH_UNIT (LENGTH_MEASURE( 1.000000000000000082E-05 ), #2423, 'distance_accuracy_value', 'NONE');
#3635 = FACE_OUTER_BOUND ( 'NONE', #1059, .T. ) ;
#3636 = DIRECTION ( 'NONE',  ( 0.000000000000000000, 1.000000000000000000, -0.000000000000000000 ) ) ;
#3637 = ADVANCED_FACE ( 'NONE', ( #1266 ), #371, .F. ) ;
#3638 = DIRECTION ( 'NONE',  ( 0.000000000000000000, 0.000000000000000000, 1.000000000000000000 ) ) ;
#3639 = CARTESIAN_POINT ( 'NONE',  ( -5.999999999999998224, -6.000000000000000000, 0.000000000000000000 ) ) ;
#3640 = VECTOR ( 'NONE', #1901, 1000.000000000000000 ) ;
#3641 = CARTESIAN_POINT ( 'NONE',  ( 0.3845506657366892234, -0.2626460539407415307, 0.000000000000000000 ) ) ;
#3642 = LINE ( 'NONE', #4002, #5021 ) ;
#3643 = MECHANICAL_DESIGN_GEOMETRIC_PRESENTATION_REPRESENTATION (  '', ( #3731 ), #710 ) ;
#3644 = CARTESIAN_POINT ( 'NONE',  ( -0.3599914950894457233, 0.2431677591533806526, 0.009999999999999995004 ) ) ;
#3645 =( NAMED_UNIT ( * ) PLANE_ANGLE_UNIT ( ) SI_UNIT ( $, .RADIAN. ) );
#3646 = PLANE ( 'NONE',  #4962 ) ;
#3647 = COLOUR_RGB ( '',0.8313725490196077761, 0.8313725490196077761, 0.8196078431372548767 ) ;
#3648 = EDGE_CURVE ( 'NONE', #5086, #925, #78, .T. ) ;
#3649 = DIRECTION ( 'NONE',  ( 1.000000000000000000, 0.000000000000000000, -0.000000000000000000 ) ) ;
#3650 = CARTESIAN_POINT ( 'NONE',  ( -0.5152359826901042883, 0.1140951800488712448, 0.009999999999999998473 ) ) ;
#3651 = MECHANICAL_DESIGN_GEOMETRIC_PRESENTATION_REPRESENTATION (  '', ( #2954 ), #3560 ) ;
#3652 = EDGE_CURVE ( 'NONE', #4788, #3132, #948, .T. ) ;
#3653 = ORIENTED_EDGE ( 'NONE', *, *, #2623, .F. ) ;
#3654 = ORIENTED_EDGE ( 'NONE', *, *, #2380, .F. ) ;
#3655 = ORIENTED_EDGE ( 'NONE', *, *, #1298, .T. ) ;
#3656 = CARTESIAN_POINT ( 'NONE',  ( 0.2988728739187612171, -0.2505085932178240382, 0.01000000000000000021 ) ) ;
#3657 = LINE ( 'NONE', #4823, #4381 ) ;
#3658 = CARTESIAN_POINT ( 'NONE',  ( -0.1121432154952953092, -0.2566274948703282655, 0.000000000000000000 ) ) ;
#3659 = CARTESIAN_POINT ( 'NONE',  ( 0.2821957429506108950, -0.1900049500245191147, 0.000000000000000000 ) ) ;
#3660 = VECTOR ( 'NONE', #5307, 1000.000000000000000 ) ;
#3661 = CARTESIAN_POINT ( 'NONE',  ( 0.6683445893827535400, -0.2017494460898404396, 0.000000000000000000 ) ) ;
#3662 = CARTESIAN_POINT ( 'NONE',  ( -0.09994809354407578617, 0.1884944563491839642, 0.000000000000000000 ) ) ;
#3663 = COLOUR_RGB ( '',0.2980392156862745057, 0.2980392156862745057, 0.2980392156862745057 ) ;
#3664 = CARTESIAN_POINT ( 'NONE',  ( 0.3519171279326032686, -0.2609043275664361672, 0.01000000000000000021 ) ) ;
#3665 = EDGE_CURVE ( 'NONE', #5182, #5121, #3812, .T. ) ;
#3666 = CARTESIAN_POINT ( 'NONE',  ( -0.5379044629169453806, -0.1869609583124449137, 0.000000000000000000 ) ) ;
#3667 = DIRECTION ( 'NONE',  ( 0.000000000000000000, 1.000000000000000000, 0.000000000000000000 ) ) ;
#3668 = MECHANICAL_DESIGN_GEOMETRIC_PRESENTATION_REPRESENTATION (  '', ( #3232 ), #3404 ) ;
#3669 = CARTESIAN_POINT ( 'NONE',  ( -0.3739881612107367470, -0.2561149782181736390, 0.01000000000000000021 ) ) ;
#3670 = PLANE ( 'NONE',  #810 ) ;
#3671 = CARTESIAN_POINT ( 'NONE',  ( -0.5378556542012219444, 0.1775060613303372226, 0.009999999999999995004 ) ) ;
#3672 = PRESENTATION_STYLE_ASSIGNMENT (( #376 ) ) ;
#3673 = CARTESIAN_POINT ( 'NONE',  ( 0.3708026686510459413, 0.1945920173247938922, 0.01000000000000000021 ) ) ;
#3674 = CARTESIAN_POINT ( 'NONE',  ( 0.3820450466998267514, -0.2078470070654502011, 0.000000000000000000 ) ) ;
#3675 = DIRECTION ( 'NONE',  ( -0.3635424856527064152, -0.9315776194850602376, 0.000000000000000000 ) ) ;
#3676 = EDGE_LOOP ( 'NONE', ( #5205, #2418, #865, #81 ) ) ;
#3677 = ORIENTED_EDGE ( 'NONE', *, *, #4925, .T. ) ;
#3678 = AXIS2_PLACEMENT_3D ( 'NONE', #102, #3778, #944 ) ;
#3679 =( GEOMETRIC_REPRESENTATION_CONTEXT ( 3 ) GLOBAL_UNCERTAINTY_ASSIGNED_CONTEXT ( ( #4268 ) ) GLOBAL_UNIT_ASSIGNED_CONTEXT ( ( #3805, #5030, #158 ) ) REPRESENTATION_CONTEXT ( 'NONE', 'WORKASPACE' ) );
#3680 = CARTESIAN_POINT ( 'NONE',  ( 0.5585884918217780548, -0.01196286072398678596, 0.01000000000000000021 ) ) ;
#3681 = LINE ( 'NONE', #3709, #3708 ) ;
#3682 = FILL_AREA_STYLE ('',( #787 ) ) ;
#3683 = DIRECTION ( 'NONE',  ( -0.000000000000000000, 1.000000000000000000, 0.000000000000000000 ) ) ;
#3684 =( GEOMETRIC_REPRESENTATION_CONTEXT ( 3 ) GLOBAL_UNCERTAINTY_ASSIGNED_CONTEXT ( ( #544 ) ) GLOBAL_UNIT_ASSIGNED_CONTEXT ( ( #929, #3924, #269 ) ) REPRESENTATION_CONTEXT ( 'NONE', 'WORKASPACE' ) );
#3685 = UNCERTAINTY_MEASURE_WITH_UNIT (LENGTH_MEASURE( 1.000000000000000082E-05 ), #124, 'distance_accuracy_value', 'NONE');
#3686 = PRESENTATION_STYLE_ASSIGNMENT (( #9 ) ) ;
#3687 = FILL_AREA_STYLE_COLOUR ( '', #1419 ) ;
#3688 = CYLINDRICAL_SURFACE ( 'NONE', #2723, 0.4000000000000001887 ) ;
#3689 = ORIENTED_EDGE ( 'NONE', *, *, #1889, .F. ) ;
#3690 = UNCERTAINTY_MEASURE_WITH_UNIT (LENGTH_MEASURE( 1.000000000000000082E-05 ), #3455, 'distance_accuracy_value', 'NONE');
#3691 = CARTESIAN_POINT ( 'NONE',  ( -0.6021522167376935908, -0.08090939852380922559, 0.000000000000000000 ) ) ;
#3692 = CARTESIAN_POINT ( 'NONE',  ( 0.3713147623981775114, -0.2624908190721425005, 0.000000000000000000 ) ) ;
#3693 = FILL_AREA_STYLE_COLOUR ( '', #181 ) ;
#3694 = EDGE_CURVE ( 'NONE', #4007, #1882, #190, .T. ) ;
#3695 = CARTESIAN_POINT ( 'NONE',  ( 0.8573689796266557028, 0.2433725051296719843, 0.01000000000000000021 ) ) ;
#3696 = CARTESIAN_POINT ( 'NONE',  ( -0.5705158524350288918, 0.1415596472549106033, 0.000000000000000000 ) ) ;
#3697 = SURFACE_STYLE_USAGE ( .BOTH. , #1132 ) ;
#3698 = CARTESIAN_POINT ( 'NONE',  ( 0.5459235662034885861, 0.07308574349368421319, 0.01000000000000000021 ) ) ;
#3699 = CARTESIAN_POINT ( 'NONE',  ( -6.900000000000001243, 1.899999999999999911, 0.1000000000000001860 ) ) ;
#3700 = CARTESIAN_POINT ( 'NONE',  ( 0.3655266037963349479, 0.1945122470266242853, 0.000000000000000000 ) ) ;
#3701 = CARTESIAN_POINT ( 'NONE',  ( -0.9761866606172464600, -0.1163835924313038478, 0.000000000000000000 ) ) ;
#3702 = ORIENTED_EDGE ( 'NONE', *, *, #2799, .T. ) ;
#3703 = ORIENTED_EDGE ( 'NONE', *, *, #2190, .F. ) ;
#3704 = MECHANICAL_DESIGN_GEOMETRIC_PRESENTATION_REPRESENTATION (  '', ( #3437 ), #4478 ) ;
#3705 = DIRECTION ( 'NONE',  ( -0.000000000000000000, -0.000000000000000000, -1.000000000000000000 ) ) ;
#3706 = PRESENTATION_LAYER_ASSIGNMENT (  '', '', ( #4564 ) ) ;
#3707 = CARTESIAN_POINT ( 'NONE',  ( 0.2786416083169537261, 0.2384715050365592559, 0.000000000000000000 ) ) ;
#3708 = VECTOR ( 'NONE', #434, 1000.000000000000000 ) ;
#3709 = CARTESIAN_POINT ( 'NONE',  ( 0.08907629669982659870, 6.000000000000000000, 0.01000000000000000021 ) ) ;
#3710 = CARTESIAN_POINT ( 'NONE',  ( -0.2767773618367586619, -0.2017494460898404396, 0.000000000000000000 ) ) ;
#3711 =( GEOMETRIC_REPRESENTATION_CONTEXT ( 3 ) GLOBAL_UNCERTAINTY_ASSIGNED_CONTEXT ( ( #1408 ) ) GLOBAL_UNIT_ASSIGNED_CONTEXT ( ( #3968, #2308, #1536 ) ) REPRESENTATION_CONTEXT ( 'NONE', 'WORKASPACE' ) );
#3712 = CARTESIAN_POINT ( 'NONE',  ( 6.900000000000001243, -1.899999999999999911, 0.1000000000000002554 ) ) ;
#3713 = LINE ( 'NONE', #1636, #2438 ) ;
#3714 = EDGE_CURVE ( 'NONE', #1999, #4013, #216, .T. ) ;
#3715 = SURFACE_STYLE_FILL_AREA ( #1589 ) ;
#3716 = ORIENTED_EDGE ( 'NONE', *, *, #3918, .F. ) ;
#3717 = LINE ( 'NONE', #14, #1920 ) ;
#3718 = FACE_BOUND ( 'NONE', #1797, .T. ) ;
#3719 = CARTESIAN_POINT ( 'NONE',  ( -0.6115454540954541329, -0.02829478451331075839, 0.01000000000000000021 ) ) ;
#3720 =( LENGTH_UNIT ( ) NAMED_UNIT ( * ) SI_UNIT ( .MILLI., .METRE. ) );
#3721 = CYLINDRICAL_SURFACE ( 'NONE', #2707, 0.09999999999999982514 ) ;
#3722 = AXIS2_PLACEMENT_3D ( 'NONE', #1771, #2546, #5096 ) ;
#3723 = CARTESIAN_POINT ( 'NONE',  ( -0.6021564889745728566, 0.07672399481629217644, 0.000000000000000000 ) ) ;
#3724 = B_SPLINE_CURVE_WITH_KNOTS ( 'NONE', 3,
 ( #4394, #2253, #2649, #2226, #4803, #2328, #3996, #2736, #5247, #1898, #290, #662, #4315, #2625, #235, #3113, #1530, #2285, #1932 ),
 .UNSPECIFIED., .F., .F.,
 ( 4, 1, 1, 1, 1, 1, 1, 1, 1, 1, 1, 1, 1, 1, 1, 1, 4 ),
 ( 0.000000000000000000, 0.07430379644281595586, 0.1443936103644178348, 0.2104994961032797818, 0.2735426065034681220, 0.3338247445790736845, 0.3925296724085028388, 0.4500874545995857123, 0.5078206115557882816, 0.5654649127768468508, 0.6231487223336201753, 0.6812971927909358127, 0.7409134981565804745, 0.8018557521958574741, 0.8652412377209430794, 0.9309416570467439200, 1.000000000000000000 ),
 .UNSPECIFIED. ) ;
#3725 = CARTESIAN_POINT ( 'NONE',  ( 0.000000000000000000, 3.000000000000000000, 0.000000000000000000 ) ) ;
#3726 = CARTESIAN_POINT ( 'NONE',  ( -6.450000000000001066, 1.899999999999999911, 3.149999999999999911 ) ) ;
#3727 = AXIS2_PLACEMENT_3D ( 'NONE', #401, #1236, #4480 ) ;
#3728 =( LENGTH_UNIT ( ) NAMED_UNIT ( * ) SI_UNIT ( .MILLI., .METRE. ) );
#3729 = STYLED_ITEM ( 'NONE', ( #2809 ), #4524 ) ;
#3730 = ORIENTED_EDGE ( 'NONE', *, *, #3747, .F. ) ;
#3731 = STYLED_ITEM ( 'NONE', ( #1988 ), #892 ) ;
#3732 = ORIENTED_EDGE ( 'NONE', *, *, #440, .T. ) ;
#3733 = EDGE_CURVE ( 'NONE', #2893, #2942, #4296, .T. ) ;
#3734 = CARTESIAN_POINT ( 'NONE',  ( 6.550000000000001599, 1.899999999999999911, 0.3000000000000006550 ) ) ;
#3735 = CARTESIAN_POINT ( 'NONE',  ( 0.5558475007784502431, -0.05438973743015261542, 0.01000000000000000021 ) ) ;
#3736 = LINE ( 'NONE', #32, #2120 ) ;
#3737 = AXIS2_PLACEMENT_3D ( 'NONE', #3710, #2897, #435 ) ;
#3738 = DIRECTION ( 'NONE',  ( 0.000000000000000000, -1.000000000000000000, 0.000000000000000000 ) ) ;
#3739 = PRESENTATION_LAYER_ASSIGNMENT (  '', '', ( #5229 ) ) ;
#3740 = CYLINDRICAL_SURFACE ( 'NONE', #2920, 0.4000000000000001887 ) ;
#3741 = CARTESIAN_POINT ( 'NONE',  ( -0.09994809354407578617, 0.1884944563491839642, 0.000000000000000000 ) ) ;
#3742 =( NAMED_UNIT ( * ) SI_UNIT ( $, .STERADIAN. ) SOLID_ANGLE_UNIT ( ) );
#3743 = VECTOR ( 'NONE', #3259, 1000.000000000000000 ) ;
#3744 = ORIENTED_EDGE ( 'NONE', *, *, #3343, .F. ) ;
#3745 = EDGE_CURVE ( 'NONE', #1108, #904, #1830, .T. ) ;
#3746 = CARTESIAN_POINT ( 'NONE',  ( 6.450000000000001066, 1.899999999999999911, 0.1999999999999999833 ) ) ;
#3747 = EDGE_CURVE ( 'NONE', #1625, #2755, #1554, .T. ) ;
#3748 = SURFACE_STYLE_FILL_AREA ( #1645 ) ;
#3749 =( NAMED_UNIT ( * ) PLANE_ANGLE_UNIT ( ) SI_UNIT ( $, .RADIAN. ) );
#3750 = SURFACE_STYLE_FILL_AREA ( #2062 ) ;
#3751 = STYLED_ITEM ( 'NONE', ( #244 ), #2293 ) ;
#3752 = CARTESIAN_POINT ( 'NONE',  ( -6.450000000000001954, -1.899999999999999911, 0.1999999999999998446 ) ) ;
#3753 =( NAMED_UNIT ( * ) PLANE_ANGLE_UNIT ( ) SI_UNIT ( $, .RADIAN. ) );
#3754 = VERTEX_POINT ( 'NONE', #4648 ) ;
#3755 = LINE ( 'NONE', #1622, #4931 ) ;
#3756 = CARTESIAN_POINT ( 'NONE',  ( 6.450000000000001954, 1.899999999999999911, 0.2999999999999999889 ) ) ;
#3757 = ORIENTED_EDGE ( 'NONE', *, *, #4879, .F. ) ;
#3758 = ORIENTED_EDGE ( 'NONE', *, *, #590, .F. ) ;
#3759 = CARTESIAN_POINT ( 'NONE',  ( -0.3508055630562709193, 0.2433725051296719843, 0.01000000000000000021 ) ) ;
#3760 = ADVANCED_FACE ( 'NONE', ( #4218 ), #1857, .F. ) ;
#3761 = CARTESIAN_POINT ( 'NONE',  ( 0.2537104430412902012, 0.2296529929345498822, 0.01000000000000000021 ) ) ;
#3762 = CARTESIAN_POINT ( 'NONE',  ( -0.5940189947499056045, 0.09977442602678460171, 0.000000000000000000 ) ) ;
#3763 = AXIS2_PLACEMENT_3D ( 'NONE', #4642, #3012, #5117 ) ;
#3764 = DIRECTION ( 'NONE',  ( -0.000000000000000000, -0.000000000000000000, -1.000000000000000000 ) ) ;
#3765 = ORIENTED_EDGE ( 'NONE', *, *, #460, .T. ) ;
#3766 = CARTESIAN_POINT ( 'NONE',  ( 0.5081492737326052112, -0.2367443031371258833, 0.000000000000000000 ) ) ;
#3767 = DIRECTION ( 'NONE',  ( -0.000000000000000000, -0.000000000000000000, -1.000000000000000000 ) ) ;
#3768 = LINE ( 'NONE', #36, #1600 ) ;
#3769 = EDGE_LOOP ( 'NONE', ( #1269, #2994, #3350, #1008 ) ) ;
#3770 = DIRECTION ( 'NONE',  ( 0.000000000000000000, 1.000000000000000000, 0.000000000000000000 ) ) ;
#3771 = STYLED_ITEM ( 'NONE', ( #839 ), #2796 ) ;
#3772 = CARTESIAN_POINT ( 'NONE',  ( 0.3820450466998267514, -0.2078470070654502011, 0.000000000000000000 ) ) ;
#3773 = DIRECTION ( 'NONE',  ( 0.000000000000000000, 0.000000000000000000, 1.000000000000000000 ) ) ;
#3774 =( NAMED_UNIT ( * ) PLANE_ANGLE_UNIT ( ) SI_UNIT ( $, .RADIAN. ) );
#3775 = DIRECTION ( 'NONE',  ( 1.000000000000000000, 0.000000000000000000, 0.000000000000000000 ) ) ;
#3776 = AXIS2_PLACEMENT_3D ( 'NONE', #4811, #2310, #1104 ) ;
#3777 = CARTESIAN_POINT ( 'NONE',  ( 0.08907629669982670972, 0.02386031000772056293, 0.000000000000000000 ) ) ;
#3778 = DIRECTION ( 'NONE',  ( 0.000000000000000000, 1.000000000000000000, -0.000000000000000000 ) ) ;
#3779 = SURFACE_STYLE_USAGE ( .BOTH. , #48 ) ;
#3780 = DIRECTION ( 'NONE',  ( 0.000000000000000000, 1.000000000000000000, 0.000000000000000000 ) ) ;
#3781 = DIRECTION ( 'NONE',  ( -1.000000000000000000, 0.000000000000000000, 0.000000000000000000 ) ) ;
#3782 = ORIENTED_EDGE ( 'NONE', *, *, #609, .T. ) ;
#3783 = CARTESIAN_POINT ( 'NONE',  ( 0.6256616625534853204, -0.01605965950447456672, 0.01000000000000000021 ) ) ;
#3784 = LINE ( 'NONE', #4586, #2757 ) ;
#3785 = CARTESIAN_POINT ( 'NONE',  ( -6.450000000000001954, 1.899999999999999911, 3.050000000000000266 ) ) ;
#3786 = ORIENTED_EDGE ( 'NONE', *, *, #2916, .T. ) ;
#3787 = ORIENTED_EDGE ( 'NONE', *, *, #4165, .F. ) ;
#3788 = DIRECTION ( 'NONE',  ( 1.000000000000000000, 0.000000000000000000, -0.000000000000000000 ) ) ;
#3789 = MECHANICAL_DESIGN_GEOMETRIC_PRESENTATION_REPRESENTATION (  '', ( #3616 ), #4827 ) ;
#3790 = PRESENTATION_STYLE_ASSIGNMENT (( #411 ) ) ;
#3791 = EDGE_LOOP ( 'NONE', ( #1866, #442, #1326, #3328 ) ) ;
#3792 = SURFACE_STYLE_USAGE ( .BOTH. , #498 ) ;
#3793 = EDGE_CURVE ( 'NONE', #1607, #1337, #5123, .T. ) ;
#3794 = VECTOR ( 'NONE', #837, 1000.000000000000000 ) ;
#3795 = MECHANICAL_DESIGN_GEOMETRIC_PRESENTATION_REPRESENTATION (  '', ( #3534 ), #954 ) ;
#3796 = UNCERTAINTY_MEASURE_WITH_UNIT (LENGTH_MEASURE( 1.000000000000000082E-05 ), #5069, 'distance_accuracy_value', 'NONE');
#3797 = ORIENTED_EDGE ( 'NONE', *, *, #2534, .T. ) ;
#3798 = PRESENTATION_STYLE_ASSIGNMENT (( #67 ) ) ;
#3799 = PRESENTATION_LAYER_ASSIGNMENT (  '', '', ( #4063 ) ) ;
#3800 = CARTESIAN_POINT ( 'NONE',  ( 0.9244421503583633015, -0.2566274948703282655, 0.000000000000000000 ) ) ;
#3801 = LINE ( 'NONE', #3385, #2164 ) ;
#3802 = EDGE_CURVE ( 'NONE', #3754, #3570, #3642, .T. ) ;
#3803 = CARTESIAN_POINT ( 'NONE',  ( 0.2988728739187612171, -0.2505085932178240382, 0.01000000000000000021 ) ) ;
#3804 = UNCERTAINTY_MEASURE_WITH_UNIT (LENGTH_MEASURE( 1.000000000000000082E-05 ), #3117, 'distance_accuracy_value', 'NONE');
#3805 =( LENGTH_UNIT ( ) NAMED_UNIT ( * ) SI_UNIT ( .MILLI., .METRE. ) );
#3806 = PLANE ( 'NONE',  #3678 ) ;
#3807 = CARTESIAN_POINT ( 'NONE',  ( -0.4480276932755629660, -0.1814966380445350858, 0.000000000000000000 ) ) ;
#3808 = SURFACE_STYLE_FILL_AREA ( #1369 ) ;
#3809 = CARTESIAN_POINT ( 'NONE',  ( 0.3713743149925093356, 0.2494700661052817459, 0.01000000000000000021 ) ) ;
#3810 = ORIENTED_EDGE ( 'NONE', *, *, #1944, .F. ) ;
#3811 = CARTESIAN_POINT ( 'NONE',  ( 0.6256616625534853204, -0.01605965950447456672, 0.000000000000000000 ) ) ;
#3812 = LINE ( 'NONE', #1401, #4316 ) ;
#3813 = SURFACE_SIDE_STYLE ('',( #3369 ) ) ;
#3814 = ORIENTED_EDGE ( 'NONE', *, *, #3198, .F. ) ;
#3815 = ORIENTED_EDGE ( 'NONE', *, *, #3529, .T. ) ;
#3816 = VECTOR ( 'NONE', #2201, 1000.000000000000000 ) ;
#3817 = EDGE_CURVE ( 'NONE', #4731, #3097, #4516, .T. ) ;
#3818 = CARTESIAN_POINT ( 'NONE',  ( -0.1121432154952955312, -0.2566274948703284875, 0.01000000000000000021 ) ) ;
#3819 = ADVANCED_FACE ( 'NONE', ( #1968 ), #1938, .F. ) ;
#3820 = EDGE_LOOP ( 'NONE', ( #3786, #3542, #1082, #647 ) ) ;
#3821 = COLOUR_RGB ( '',0.8313725490196077761, 0.8313725490196077761, 0.8196078431372548767 ) ;
#3822 = SURFACE_STYLE_FILL_AREA ( #2925 ) ;
#3823 = CARTESIAN_POINT ( 'NONE',  ( -0.3477567825684660385, -0.2017494460898406061, 0.01000000000000000021 ) ) ;
#3824 = VERTEX_POINT ( 'NONE', #5227 ) ;
#3825 = FACE_OUTER_BOUND ( 'NONE', #1374, .T. ) ;
#3826 =( NAMED_UNIT ( * ) PLANE_ANGLE_UNIT ( ) SI_UNIT ( $, .RADIAN. ) );
#3827 = CARTESIAN_POINT ( 'NONE',  ( 6.650000000000001243, -1.899999999999999911, -0.1499999999999999112 ) ) ;
#3828 = PRESENTATION_LAYER_ASSIGNMENT (  '', '', ( #456 ) ) ;
#3829 = CARTESIAN_POINT ( 'NONE',  ( 0.3157061801584422622, -0.2549360179985092900, 0.01000000000000000021 ) ) ;
#3830 = DIRECTION ( 'NONE',  ( 0.000000000000000000, -1.000000000000000000, 0.000000000000000000 ) ) ;
#3831 = AXIS2_PLACEMENT_3D ( 'NONE', #1852, #4612, #4666 ) ;
#3832 = CARTESIAN_POINT ( 'NONE',  ( -0.8618509091675159439, 0.1496148587671991825, 0.01000000000000000021 ) ) ;
#3833 =( GEOMETRIC_REPRESENTATION_CONTEXT ( 3 ) GLOBAL_UNCERTAINTY_ASSIGNED_CONTEXT ( ( #760 ) ) GLOBAL_UNIT_ASSIGNED_CONTEXT ( ( #214, #1073, #2653 ) ) REPRESENTATION_CONTEXT ( 'NONE', 'WORKASPACE' ) );
#3834 = CARTESIAN_POINT ( 'NONE',  ( 0.8573689796266557028, -0.2017494460898406061, 0.01000000000000000021 ) ) ;
#3835 = EDGE_CURVE ( 'NONE', #4293, #793, #4779, .T. ) ;
#3836 =( NAMED_UNIT ( * ) SI_UNIT ( $, .STERADIAN. ) SOLID_ANGLE_UNIT ( ) );
#3837 = SURFACE_SIDE_STYLE ('',( #917 ) ) ;
#3838 = SURFACE_STYLE_USAGE ( .BOTH. , #484 ) ;
#3839 = ORIENTED_EDGE ( 'NONE', *, *, #4925, .F. ) ;
#3840 = CARTESIAN_POINT ( 'NONE',  ( 0.6255053883075830656, -0.02512039235290232028, 0.01000000000000000021 ) ) ;
#3841 = VECTOR ( 'NONE', #763, 1000.000000000000000 ) ;
#3842 = PLANE ( 'NONE',  #4742 ) ;
#3843 = ORIENTED_EDGE ( 'NONE', *, *, #3579, .F. ) ;
#3844 = ORIENTED_EDGE ( 'NONE', *, *, #1323, .F. ) ;
#3845 = CARTESIAN_POINT ( 'NONE',  ( -0.3552905669542524847, -0.2015865916314458495, 0.000000000000000000 ) ) ;
#3846 = UNCERTAINTY_MEASURE_WITH_UNIT (LENGTH_MEASURE( 1.000000000000000082E-05 ), #680, 'distance_accuracy_value', 'NONE');
#3847 =( NAMED_UNIT ( * ) SI_UNIT ( $, .STERADIAN. ) SOLID_ANGLE_UNIT ( ) );
#3848 = EDGE_LOOP ( 'NONE', ( #513, #2345, #2300, #3869, #1705, #4679, #467, #1299, #2069, #3744, #4792 ) ) ;
#3849 = VERTEX_POINT ( 'NONE', #2334 ) ;
#3850 = CARTESIAN_POINT ( 'NONE',  ( 0.5455759323090542123, -0.2110900652497036678, 0.000000000000000000 ) ) ;
#3851 = DIRECTION ( 'NONE',  ( 0.000000000000000000, 0.000000000000000000, 1.000000000000000000 ) ) ;
#3852 =( LENGTH_UNIT ( ) NAMED_UNIT ( * ) SI_UNIT ( .MILLI., .METRE. ) );
#3853 = EDGE_LOOP ( 'NONE', ( #673, #1086, #2780, #2585 ) ) ;
#3854 =( LENGTH_UNIT ( ) NAMED_UNIT ( * ) SI_UNIT ( .MILLI., .METRE. ) );
#3855 = SURFACE_SIDE_STYLE ('',( #2197 ) ) ;
#3856 = CIRCLE ( 'NONE', #1522, 0.1000000000000001305 ) ;
#3857 = CARTESIAN_POINT ( 'NONE',  ( -6.399999999999998579, 3.000000000000000000, 0.2999999999999999889 ) ) ;
#3858 = CARTESIAN_POINT ( 'NONE',  ( 0.5622684213049155000, -0.1953463197333015489, 0.000000000000000000 ) ) ;
#3859 = PRESENTATION_STYLE_ASSIGNMENT (( #1342 ) ) ;
#3860 = STYLED_ITEM ( 'NONE', ( #2874 ), #2522 ) ;
#3861 = SURFACE_SIDE_STYLE ('',( #2564 ) ) ;
#3862 = CARTESIAN_POINT ( 'NONE',  ( 6.400000000000002132, -5.999999999999997335, 6.000000000000000000 ) ) ;
#3863 = SURFACE_STYLE_USAGE ( .BOTH. , #1796 ) ;
#3864 = ORIENTED_EDGE ( 'NONE', *, *, #3517, .T. ) ;
#3865 =( GEOMETRIC_REPRESENTATION_CONTEXT ( 3 ) GLOBAL_UNCERTAINTY_ASSIGNED_CONTEXT ( ( #3846 ) ) GLOBAL_UNIT_ASSIGNED_CONTEXT ( ( #680, #984, #604 ) ) REPRESENTATION_CONTEXT ( 'NONE', 'WORKASPACE' ) );
#3866 = EDGE_CURVE ( 'NONE', #1654, #3180, #4863, .T. ) ;
#3867 = CARTESIAN_POINT ( 'NONE',  ( -0.7864953496416366985, -0.06150554365081609826, 0.01000000000000000021 ) ) ;
#3868 = SURFACE_STYLE_FILL_AREA ( #1324 ) ;
#3869 = ORIENTED_EDGE ( 'NONE', *, *, #3745, .F. ) ;
#3870 = LINE ( 'NONE', #593, #4664 ) ;
#3871 = ORIENTED_EDGE ( 'NONE', *, *, #5136, .T. ) ;
#3872 = CARTESIAN_POINT ( 'NONE',  ( -0.5160902680036129064, -0.1203307618056340123, 0.000000000000000000 ) ) ;
#3873 = FACE_OUTER_BOUND ( 'NONE', #1442, .T. ) ;
#3874 = CARTESIAN_POINT ( 'NONE',  ( 0.4194893751596377451, -0.2048326805904046310, 0.000000000000000000 ) ) ;
#3875 = ORIENTED_EDGE ( 'NONE', *, *, #1773, .T. ) ;
#3876 = VERTEX_POINT ( 'NONE', #4347 ) ;
#3877 = CARTESIAN_POINT ( 'NONE',  ( 0.5901996372839205529, -0.1586779237939824339, 0.000000000000000000 ) ) ;
#3878 =( NAMED_UNIT ( * ) SI_UNIT ( $, .STERADIAN. ) SOLID_ANGLE_UNIT ( ) );
#3879 = CIRCLE ( 'NONE', #4225, 0.4000000000000001887 ) ;
#3880 = CARTESIAN_POINT ( 'NONE',  ( 0.5385895772415567606, 0.09144705861030102967, 0.01000000000000000021 ) ) ;
#3881 = CARTESIAN_POINT ( 'NONE',  ( -0.4794475156985656961, -0.1617259292001031745, 0.01000000000000000021 ) ) ;
#3882 = VERTEX_POINT ( 'NONE', #4372 ) ;
#3883 = SURFACE_STYLE_USAGE ( .BOTH. , #584 ) ;
#3884 = PRESENTATION_LAYER_ASSIGNMENT (  '', '', ( #3011 ) ) ;
#3885 = MECHANICAL_DESIGN_GEOMETRIC_PRESENTATION_REPRESENTATION (  '', ( #857 ), #3622 ) ;
#3886 =( NAMED_UNIT ( * ) SI_UNIT ( $, .STERADIAN. ) SOLID_ANGLE_UNIT ( ) );
#3887 = EDGE_CURVE ( 'NONE', #270, #3302, #296, .T. ) ;
#3888 =( NAMED_UNIT ( * ) SI_UNIT ( $, .STERADIAN. ) SOLID_ANGLE_UNIT ( ) );
#3889 = VECTOR ( 'NONE', #3894, 1000.000000000000000 ) ;
#3890 = LINE ( 'NONE', #2542, #3064 ) ;
#3891 = CARTESIAN_POINT ( 'NONE',  ( -0.5940453358076497326, -0.1050757909431960790, 0.000000000000000000 ) ) ;
#3892 = AXIS2_PLACEMENT_3D ( 'NONE', #2566, #3780, #859 ) ;
#3893 = FILL_AREA_STYLE ('',( #997 ) ) ;
#3894 = DIRECTION ( 'NONE',  ( 0.000000000000000000, -1.000000000000000000, -0.000000000000000000 ) ) ;
#3895 =( GEOMETRIC_REPRESENTATION_CONTEXT ( 3 ) GLOBAL_UNCERTAINTY_ASSIGNED_CONTEXT ( ( #4708 ) ) GLOBAL_UNIT_ASSIGNED_CONTEXT ( ( #447, #2931, #3886 ) ) REPRESENTATION_CONTEXT ( 'NONE', 'WORKASPACE' ) );
#3896 = DIRECTION ( 'NONE',  ( -1.000000000000000000, 0.000000000000000000, 0.000000000000000000 ) ) ;
#3897 = ORIENTED_EDGE ( 'NONE', *, *, #3248, .F. ) ;
#3898 = LINE ( 'NONE', #2661, #3193 ) ;
#3899 = EDGE_LOOP ( 'NONE', ( #2527, #2208, #2902, #1577 ) ) ;
#3900 = UNCERTAINTY_MEASURE_WITH_UNIT (LENGTH_MEASURE( 1.000000000000000082E-05 ), #2382, 'distance_accuracy_value', 'NONE');
#3901 = CARTESIAN_POINT ( 'NONE',  ( -0.3914058108987006901, -0.1987459930701670208, 0.000000000000000000 ) ) ;
#3902 = AXIS2_PLACEMENT_3D ( 'NONE', #3530, #3554, #1368 ) ;
#3903 = EDGE_CURVE ( 'NONE', #3187, #1975, #1128, .T. ) ;
#3904 = ORIENTED_EDGE ( 'NONE', *, *, #4391, .F. ) ;
#3905 = VERTEX_POINT ( 'NONE', #2797 ) ;
#3906 = CARTESIAN_POINT ( 'NONE',  ( 6.450000000000001066, 1.899999999999999911, 0.1999999999999999833 ) ) ;
#3907 = AXIS2_PLACEMENT_3D ( 'NONE', #1192, #4415, #1521 ) ;
#3908 = STYLED_ITEM ( 'NONE', ( #1850 ), #1238 ) ;
#3909 = DIRECTION ( 'NONE',  ( -0.3536223923290756077, 0.9353882635801357148, 0.000000000000000000 ) ) ;
#3910 = AXIS2_PLACEMENT_3D ( 'NONE', #4151, #4127, #3770 ) ;
#3911 = CARTESIAN_POINT ( 'NONE',  ( 0.2829684074573023400, -0.2449563389126779289, 0.000000000000000000 ) ) ;
#3912 = CARTESIAN_POINT ( 'NONE',  ( 0.5455759323090542123, -0.2110900652497036678, 0.000000000000000000 ) ) ;
#3913 =( NAMED_UNIT ( * ) PLANE_ANGLE_UNIT ( ) SI_UNIT ( $, .RADIAN. ) );
#3914 = EDGE_CURVE ( 'NONE', #2023, #4246, #2361, .T. ) ;
#3915 = FILL_AREA_STYLE_COLOUR ( '', #3511 ) ;
#3916 = DIRECTION ( 'NONE',  ( -1.000000000000000000, 0.000000000000000000, 0.000000000000000000 ) ) ;
#3917 = VECTOR ( 'NONE', #1034, 1000.000000000000000 ) ;
#3918 = EDGE_CURVE ( 'NONE', #227, #2754, #2841, .T. ) ;
#3919 = CARTESIAN_POINT ( 'NONE',  ( 0.5157950941633748787, 0.2087442163876605805, 0.000000000000000000 ) ) ;
#3920 = CARTESIAN_POINT ( 'NONE',  ( 0.3641025471699022020, -0.2076114364961208769, 0.01000000000000000021 ) ) ;
#3921 = CARTESIAN_POINT ( 'NONE',  ( 0.5467657078079576349, -0.09264361394228345925, 0.01000000000000000021 ) ) ;
#3922 = AXIS2_PLACEMENT_3D ( 'NONE', #587, #3966, #3482 ) ;
#3923 = DIRECTION ( 'NONE',  ( 0.000000000000000000, 0.000000000000000000, -1.000000000000000000 ) ) ;
#3924 =( NAMED_UNIT ( * ) PLANE_ANGLE_UNIT ( ) SI_UNIT ( $, .RADIAN. ) );
#3925 = ORIENTED_EDGE ( 'NONE', *, *, #4145, .T. ) ;
#3926 = CARTESIAN_POINT ( 'NONE',  ( 0.2581506358551695635, 0.1651599086985820475, 0.01000000000000000021 ) ) ;
#3927 = PRESENTATION_LAYER_ASSIGNMENT (  '', '', ( #2703 ) ) ;
#3928 = VERTEX_POINT ( 'NONE', #1617 ) ;
#3929 = CARTESIAN_POINT ( 'NONE',  ( -0.5324347681905178264, -0.08585346938756598101, 0.000000000000000000 ) ) ;
#3930 = CARTESIAN_POINT ( 'NONE',  ( 0.4651943599845199673, -0.2536523791428652030, 0.01000000000000000021 ) ) ;
#3931 = VECTOR ( 'NONE', #3112, 1000.000000000000000 ) ;
#3932 =( NAMED_UNIT ( * ) PLANE_ANGLE_UNIT ( ) SI_UNIT ( $, .RADIAN. ) );
#3933 = ORIENTED_EDGE ( 'NONE', *, *, #766, .T. ) ;
#3934 = EDGE_LOOP ( 'NONE', ( #248, #2370, #996, #4738 ) ) ;
#3935 = MECHANICAL_DESIGN_GEOMETRIC_PRESENTATION_REPRESENTATION (  '', ( #5068 ), #1167 ) ;
#3936 = ADVANCED_FACE ( 'NONE', ( #3308 ), #3333, .F. ) ;
#3937 = FILL_AREA_STYLE_COLOUR ( '', #2335 ) ;
#3938 =( LENGTH_UNIT ( ) NAMED_UNIT ( * ) SI_UNIT ( .MILLI., .METRE. ) );
#3939 = CARTESIAN_POINT ( 'NONE',  ( -6.399999999999998579, -5.999999999999997335, 6.000000000000000000 ) ) ;
#3940 = CARTESIAN_POINT ( 'NONE',  ( -6.399999999999998579, 1.899999999999999689, 3.149999999999999911 ) ) ;
#3941 = DIRECTION ( 'NONE',  ( 1.000000000000000000, 0.000000000000000000, 0.000000000000000000 ) ) ;
#3942 = SURFACE_STYLE_USAGE ( .BOTH. , #186 ) ;
#3943 = SURFACE_STYLE_USAGE ( .BOTH. , #2286 ) ;
#3944 = CARTESIAN_POINT ( 'NONE',  ( -6.450000000000001066, 1.899999999999999911, 0.1999999999999999833 ) ) ;
#3945 = AXIS2_PLACEMENT_3D ( 'NONE', #1532, #611, #237 ) ;
#3946 = PLANE ( 'NONE',  #3922 ) ;
#3947 = CARTESIAN_POINT ( 'NONE',  ( -6.399999999999998579, 3.000000000000000000, 0.2999999999999999889 ) ) ;
#3948 = FILL_AREA_STYLE ('',( #666 ) ) ;
#3949 = DIRECTION ( 'NONE',  ( -1.000000000000000000, 0.000000000000000000, 0.000000000000000000 ) ) ;
#3950 = ORIENTED_EDGE ( 'NONE', *, *, #2851, .F. ) ;
#3951 = DIRECTION ( 'NONE',  ( 1.000000000000000000, 0.000000000000000000, -0.000000000000000000 ) ) ;
#3952 = ORIENTED_EDGE ( 'NONE', *, *, #3652, .F. ) ;
#3953 = STYLED_ITEM ( 'NONE', ( #4229 ), #2610 ) ;
#3954 = CARTESIAN_POINT ( 'NONE',  ( -5.999999999999995559, -6.400000000000000355, 6.000000000000000000 ) ) ;
#3955 = EDGE_LOOP ( 'NONE', ( #4655, #1109, #138, #1948 ) ) ;
#3956 = VERTEX_POINT ( 'NONE', #2439 ) ;
#3957 = CARTESIAN_POINT ( 'NONE',  ( 0.5580781391816523884, 0.01079955251651022741, 0.000000000000000000 ) ) ;
#3958 = CARTESIAN_POINT ( 'NONE',  ( 0.6081168904616641724, 0.09185719509060354115, 0.009999999999999998473 ) ) ;
#3959 = CARTESIAN_POINT ( 'NONE',  ( 0.2821957429506108950, -0.1900049500245191147, 0.01000000000000000021 ) ) ;
#3960 = FACE_OUTER_BOUND ( 'NONE', #1330, .T. ) ;
#3961 =( LENGTH_UNIT ( ) NAMED_UNIT ( * ) SI_UNIT ( .MILLI., .METRE. ) );
#3962 = SURFACE_SIDE_STYLE ('',( #4044 ) ) ;
#3963 = LINE ( 'NONE', #1476, #4716 ) ;
#3964 = PRESENTATION_STYLE_ASSIGNMENT (( #2307 ) ) ;
#3965 = EDGE_CURVE ( 'NONE', #2181, #2455, #5328, .T. ) ;
#3966 = DIRECTION ( 'NONE',  ( 0.9406672605435404400, -0.3393303772748779701, 0.000000000000000000 ) ) ;
#3967 = CARTESIAN_POINT ( 'NONE',  ( -0.3456607459831002038, -0.2566274948703282655, 0.000000000000000000 ) ) ;
#3968 =( LENGTH_UNIT ( ) NAMED_UNIT ( * ) SI_UNIT ( .MILLI., .METRE. ) );
#3969 = CARTESIAN_POINT ( 'NONE',  ( 6.550000000000001599, 1.899999999999999911, 3.049999999999999378 ) ) ;
#3970 = CARTESIAN_POINT ( 'NONE',  ( 6.000000000000001776, 0.1823968953735743692, 0.01000000000000000021 ) ) ;
#3971 = VECTOR ( 'NONE', #1524, 1000.000000000000000 ) ;
#3972 = FACE_OUTER_BOUND ( 'NONE', #1786, .T. ) ;
#3973 = ORIENTED_EDGE ( 'NONE', *, *, #147, .T. ) ;
#3974 = SURFACE_STYLE_FILL_AREA ( #1881 ) ;
#3975 = VERTEX_POINT ( 'NONE', #5357 ) ;
#3976 = VECTOR ( 'NONE', #1572, 1000.000000000000000 ) ;
#3977 = AXIS2_PLACEMENT_3D ( 'NONE', #4407, #4756, #1804 ) ;
#3978 = MECHANICAL_DESIGN_GEOMETRIC_PRESENTATION_REPRESENTATION (  '', ( #519 ), #1648 ) ;
#3979 = DIRECTION ( 'NONE',  ( -0.000000000000000000, -1.000000000000000000, -0.000000000000000000 ) ) ;
#3980 = CARTESIAN_POINT ( 'NONE',  ( -0.4293717595978461810, 0.1769048762944299968, 0.000000000000000000 ) ) ;
#3981 = ORIENTED_EDGE ( 'NONE', *, *, #382, .T. ) ;
#3982 = UNCERTAINTY_MEASURE_WITH_UNIT (LENGTH_MEASURE( 1.000000000000000082E-05 ), #4497, 'distance_accuracy_value', 'NONE');
#3983 = EDGE_CURVE ( 'NONE', #3133, #834, #3091, .T. ) ;
#3984 = ORIENTED_EDGE ( 'NONE', *, *, #3095, .T. ) ;
#3985 = ORIENTED_EDGE ( 'NONE', *, *, #3607, .T. ) ;
#3986 = EDGE_LOOP ( 'NONE', ( #2273, #3382, #5079, #808 ) ) ;
#3987 = ADVANCED_FACE ( 'NONE', ( #4950 ), #4767, .F. ) ;
#3988 = SURFACE_STYLE_FILL_AREA ( #3243 ) ;
#3989 = VECTOR ( 'NONE', #3298, 1000.000000000000000 ) ;
#3990 = CARTESIAN_POINT ( 'NONE',  ( 0.4930632788256290033, 0.1520005745046409118, 0.000000000000000000 ) ) ;
#3991 = DIRECTION ( 'NONE',  ( 0.000000000000000000, 0.000000000000000000, 1.000000000000000000 ) ) ;
#3992 = DIRECTION ( 'NONE',  ( 0.000000000000000000, 0.000000000000000000, 1.000000000000000000 ) ) ;
#3993 = MECHANICAL_DESIGN_GEOMETRIC_PRESENTATION_REPRESENTATION (  '', ( #3029 ), #3548 ) ;
#3994 = CARTESIAN_POINT ( 'NONE',  ( 0.9244421503583633015, -0.2566274948703282655, 0.000000000000000000 ) ) ;
#3995 = CARTESIAN_POINT ( 'NONE',  ( 4.900000000000001243, -1.899999999999999911, 0.2000000000000000389 ) ) ;
#3996 = CARTESIAN_POINT ( 'NONE',  ( -0.5245158984402029656, 0.09838891583432385346, 0.01000000000000000021 ) ) ;
#3997 =( NAMED_UNIT ( * ) PLANE_ANGLE_UNIT ( ) SI_UNIT ( $, .RADIAN. ) );
#3998 = CARTESIAN_POINT ( 'NONE',  ( -0.1121432154952953092, -0.2017494460898404396, 0.000000000000000000 ) ) ;
#3999 = CARTESIAN_POINT ( 'NONE',  ( -0.6115454540954541329, -0.02829478451331075839, 0.009999999999999995004 ) ) ;
#4000 = CARTESIAN_POINT ( 'NONE',  ( -0.5448974867533894484, -0.009459771719885679345, 0.01000000000000000021 ) ) ;
#4001 = MECHANICAL_DESIGN_GEOMETRIC_PRESENTATION_REPRESENTATION (  '', ( #4087 ), #5135 ) ;
#4002 = CARTESIAN_POINT ( 'NONE',  ( -4.900000000000001243, -1.899999999999999911, -0.1499999999999999389 ) ) ;
#4003 = CARTESIAN_POINT ( 'NONE',  ( -4.900000000000001243, 1.899999999999999911, 0.2000000000000000389 ) ) ;
#4004 = EDGE_CURVE ( 'NONE', #3423, #896, #3476, .T. ) ;
#4005 = SURFACE_STYLE_FILL_AREA ( #4375 ) ;
#4006 =( LENGTH_UNIT ( ) NAMED_UNIT ( * ) SI_UNIT ( .MILLI., .METRE. ) );
#4007 = VERTEX_POINT ( 'NONE', #4639 ) ;
#4008 = CARTESIAN_POINT ( 'NONE',  ( 4.900000000000001243, 1.899999999999999911, -0.1499999999999999389 ) ) ;
#4009 = CARTESIAN_POINT ( 'NONE',  ( -0.5379565689571452758, 0.06251237245605097137, 0.000000000000000000 ) ) ;
#4010 = ORIENTED_EDGE ( 'NONE', *, *, #4047, .T. ) ;
#4011 = EDGE_LOOP ( 'NONE', ( #180, #2449, #4646, #2318 ) ) ;
#4012 = ORIENTED_EDGE ( 'NONE', *, *, #3983, .T. ) ;
#4013 = VERTEX_POINT ( 'NONE', #1738 ) ;
#4014 = AXIS2_PLACEMENT_3D ( 'NONE', #439, #3325, #790 ) ;
#4015 = UNCERTAINTY_MEASURE_WITH_UNIT (LENGTH_MEASURE( 1.000000000000000082E-05 ), #4034, 'distance_accuracy_value', 'NONE');
#4016 = LINE ( 'NONE', #5294, #2214 ) ;
#4017 = CARTESIAN_POINT ( 'NONE',  ( 0.5856735879457775074, 0.1373756838294409033, 0.000000000000000000 ) ) ;
#4018 = CARTESIAN_POINT ( 'NONE',  ( 0.2973493194428448172, -0.1955919805782051768, 0.000000000000000000 ) ) ;
#4019 = LINE ( 'NONE', #3994, #1309 ) ;
#4020 = SURFACE_STYLE_USAGE ( .BOTH. , #3962 ) ;
#4021 = LINE ( 'NONE', #2407, #2375 ) ;
#4022 = DIRECTION ( 'NONE',  ( 1.000000000000000000, 0.000000000000000000, 0.000000000000000000 ) ) ;
#4023 = CARTESIAN_POINT ( 'NONE',  ( -0.5940453358076497326, -0.1050757909431960790, 0.009999999999999995004 ) ) ;
#4024 = UNCERTAINTY_MEASURE_WITH_UNIT (LENGTH_MEASURE( 1.000000000000000082E-05 ), #3720, 'distance_accuracy_value', 'NONE');
#4025 = DIRECTION ( 'NONE',  ( -1.000000000000000000, 0.000000000000000000, 7.744301232039319147E-17 ) ) ;
#4026 = CARTESIAN_POINT ( 'NONE',  ( -6.399999999999999467, -1.899999999999999911, 3.149999999999999911 ) ) ;
#4027 = FACE_OUTER_BOUND ( 'NONE', #3986, .T. ) ;
#4028 = AXIS2_PLACEMENT_3D ( 'NONE', #4108, #1235, #4079 ) ;
#4029 = DIRECTION ( 'NONE',  ( 7.744301232039319147E-17, -0.000000000000000000, 1.000000000000000000 ) ) ;
#4030 = FACE_OUTER_BOUND ( 'NONE', #4194, .T. ) ;
#4031 =( NAMED_UNIT ( * ) PLANE_ANGLE_UNIT ( ) SI_UNIT ( $, .RADIAN. ) );
#4032 = EDGE_CURVE ( 'NONE', #1087, #2134, #3387, .T. ) ;
#4033 = DIRECTION ( 'NONE',  ( -0.000000000000000000, 1.000000000000000000, -0.000000000000000000 ) ) ;
#4034 =( LENGTH_UNIT ( ) NAMED_UNIT ( * ) SI_UNIT ( .MILLI., .METRE. ) );
#4035 = ORIENTED_EDGE ( 'NONE', *, *, #3343, .T. ) ;
#4036 = PRESENTATION_LAYER_ASSIGNMENT (  '', '', ( #321 ) ) ;
#4037 = ORIENTED_EDGE ( 'NONE', *, *, #2118, .F. ) ;
#4038 = ORIENTED_EDGE ( 'NONE', *, *, #4579, .F. ) ;
#4039 = CARTESIAN_POINT ( 'NONE',  ( 0.2537104430412901457, -0.2307128607239869733, 0.01000000000000000021 ) ) ;
#4040 = CARTESIAN_POINT ( 'NONE',  ( 0.5585884918217782769, -0.01196286072398678596, 0.01000000000000000021 ) ) ;
#4041 = CARTESIAN_POINT ( 'NONE',  ( 0.6160717326313180919, 0.06694174875088169940, 0.009999999999999998473 ) ) ;
#4042 = CARTESIAN_POINT ( 'NONE',  ( 0.2537104430412901457, -0.1758348119434989532, 0.01000000000000000021 ) ) ;
#4043 = CARTESIAN_POINT ( 'NONE',  ( 0.4784276982971010228, 0.1633485006919146720, 0.000000000000000000 ) ) ;
#4044 = SURFACE_STYLE_FILL_AREA ( #289 ) ;
#4045 = FILL_AREA_STYLE_COLOUR ( '', #404 ) ;
#4046 = DIRECTION ( 'NONE',  ( -0.000000000000000000, -0.000000000000000000, -1.000000000000000000 ) ) ;
#4047 = EDGE_CURVE ( 'NONE', #539, #2080, #2591, .T. ) ;
#4048 = SURFACE_SIDE_STYLE ('',( #3585 ) ) ;
#4049 = CARTESIAN_POINT ( 'NONE',  ( -0.3508055630562709193, 0.2433725051296717623, 0.000000000000000000 ) ) ;
#4050 = EDGE_CURVE ( 'NONE', #4230, #983, #1461, .T. ) ;
#4051 = DIRECTION ( 'NONE',  ( 0.000000000000000000, 0.000000000000000000, 1.000000000000000000 ) ) ;
#4052 = FACE_OUTER_BOUND ( 'NONE', #1140, .T. ) ;
#4053 = MECHANICAL_DESIGN_GEOMETRIC_PRESENTATION_REPRESENTATION (  '', ( #4308 ), #5131 ) ;
#4054 =( NAMED_UNIT ( * ) SI_UNIT ( $, .STERADIAN. ) SOLID_ANGLE_UNIT ( ) );
#4055 = COLOUR_RGB ( '',0.8313725490196077761, 0.8313725490196077761, 0.8196078431372548767 ) ;
#4056 = CARTESIAN_POINT ( 'NONE',  ( 4.900000000000001243, 1.899999999999999911, -0.1499999999999999389 ) ) ;
#4057 = LINE ( 'NONE', #4956, #4597 ) ;
#4058 = FILL_AREA_STYLE ('',( #4409 ) ) ;
#4059 = STYLED_ITEM ( 'NONE', ( #3373 ), #3313 ) ;
#4060 = CARTESIAN_POINT ( 'NONE',  ( -0.5245158984402029656, 0.09838891583432385346, 0.009999999999999998473 ) ) ;
#4061 = VERTEX_POINT ( 'NONE', #4722 ) ;
#4062 = ORIENTED_EDGE ( 'NONE', *, *, #3714, .T. ) ;
#4063 = STYLED_ITEM ( 'NONE', ( #881 ), #3936 ) ;
#4064 = ORIENTED_EDGE ( 'NONE', *, *, #590, .T. ) ;
#4065 = CARTESIAN_POINT ( 'NONE',  ( -0.4916625749498703124, 0.1410123246303357503, 0.000000000000000000 ) ) ;
#4066 = EDGE_CURVE ( 'NONE', #2080, #4435, #5114, .T. ) ;
#4067 =( NAMED_UNIT ( * ) PLANE_ANGLE_UNIT ( ) SI_UNIT ( $, .RADIAN. ) );
#4068 = CARTESIAN_POINT ( 'NONE',  ( 0.6683445893827539841, -0.2017494460898406061, 0.01000000000000000021 ) ) ;
#4069 = CARTESIAN_POINT ( 'NONE',  ( -0.8745204962293013917, 0.1617441225707521857, 0.000000000000000000 ) ) ;
#4070 = LINE ( 'NONE', #3253, #5234 ) ;
#4071 = VECTOR ( 'NONE', #1478, 1000.000000000000000 ) ;
#4072 = FILL_AREA_STYLE_COLOUR ( '', #4082 ) ;
#4073 = CARTESIAN_POINT ( 'NONE',  ( -0.4523363261315552220, -0.2395229031543033849, 0.000000000000000000 ) ) ;
#4074 = LINE ( 'NONE', #1691, #108 ) ;
#4075 = CARTESIAN_POINT ( 'NONE',  ( -0.5835492927525276485, -0.1277926286179214832, 0.01000000000000000021 ) ) ;
#4076 = FILL_AREA_STYLE_COLOUR ( '', #295 ) ;
#4077 = AXIS2_PLACEMENT_3D ( 'NONE', #98, #913, #4208 ) ;
#4078 = EDGE_CURVE ( 'NONE', #4463, #4671, #5029, .T. ) ;
#4079 = DIRECTION ( 'NONE',  ( 1.000000000000000000, 0.000000000000000000, 0.000000000000000000 ) ) ;
#4080 = SURFACE_SIDE_STYLE ('',( #5256 ) ) ;
#4081 =( NAMED_UNIT ( * ) PLANE_ANGLE_UNIT ( ) SI_UNIT ( $, .RADIAN. ) );
#4082 = COLOUR_RGB ( '',0.8313725490196077761, 0.8313725490196077761, 0.8196078431372548767 ) ;
#4083 = LINE ( 'NONE', #4670, #897 ) ;
#4084 = VECTOR ( 'NONE', #2007, 1000.000000000000000 ) ;
#4085 = DIRECTION ( 'NONE',  ( 0.000000000000000000, 0.000000000000000000, 1.000000000000000000 ) ) ;
#4086 = FILL_AREA_STYLE ('',( #4816 ) ) ;
#4087 = STYLED_ITEM ( 'NONE', ( #1015 ), #4724 ) ;
#4088 = ORIENTED_EDGE ( 'NONE', *, *, #303, .F. ) ;
#4089 = ORIENTED_EDGE ( 'NONE', *, *, #1944, .T. ) ;
#4090 = ORIENTED_EDGE ( 'NONE', *, *, #1315, .F. ) ;
#4091 = VECTOR ( 'NONE', #4870, 1000.000000000000000 ) ;
#4092 = CARTESIAN_POINT ( 'NONE',  ( -0.5320521636202405480, 0.08116174586054017426, 0.000000000000000000 ) ) ;
#4093 = VECTOR ( 'NONE', #2905, 1000.000000000000000 ) ;
#4094 = CARTESIAN_POINT ( 'NONE',  ( 0.3375619307722652063, 0.2483268392222409693, 0.01000000000000000021 ) ) ;
#4095 = CARTESIAN_POINT ( 'NONE',  ( -0.6119436315484083622, 0.008724098171261407408, 0.000000000000000000 ) ) ;
#4096 =( NAMED_UNIT ( * ) SI_UNIT ( $, .STERADIAN. ) SOLID_ANGLE_UNIT ( ) );
#4097 = VECTOR ( 'NONE', #1077, 1000.000000000000000 ) ;
#4098 = EDGE_CURVE ( 'NONE', #2396, #2479, #1340, .T. ) ;
#4099 = CARTESIAN_POINT ( 'NONE',  ( -0.8726906042556068499, 0.1714609485603576233, 0.01000000000000000021 ) ) ;
#4100 = CARTESIAN_POINT ( 'NONE',  ( 6.000000000000001776, -0.2566274948703284875, 0.01000000000000000021 ) ) ;
#4101 = STYLED_ITEM ( 'NONE', ( #3200 ), #1844 ) ;
#4102 = ORIENTED_EDGE ( 'NONE', *, *, #2766, .T. ) ;
#4103 = LINE ( 'NONE', #3255, #283 ) ;
#4104 = SURFACE_SIDE_STYLE ('',( #1232 ) ) ;
#4105 =( GEOMETRIC_REPRESENTATION_CONTEXT ( 3 ) GLOBAL_UNCERTAINTY_ASSIGNED_CONTEXT ( ( #970 ) ) GLOBAL_UNIT_ASSIGNED_CONTEXT ( ( #4534, #1260, #4865 ) ) REPRESENTATION_CONTEXT ( 'NONE', 'WORKASPACE' ) );
#4106 = CARTESIAN_POINT ( 'NONE',  ( -0.5553554877011305235, -0.1687901796784003483, 0.01000000000000000021 ) ) ;
#4107 = CARTESIAN_POINT ( 'NONE',  ( 6.400000000000002132, 5.999999999999997335, 6.000000000000000000 ) ) ;
#4108 = CARTESIAN_POINT ( 'NONE',  ( -0.9761866606172464600, -0.1163835924313038478, 0.000000000000000000 ) ) ;
#4109 = FILL_AREA_STYLE_COLOUR ( '', #4055 ) ;
#4110 = DIRECTION ( 'NONE',  ( 1.000000000000000000, -0.000000000000000000, 0.000000000000000000 ) ) ;
#4111 = CARTESIAN_POINT ( 'NONE',  ( 6.400000000000002132, -5.999999999999997335, 6.000000000000000000 ) ) ;
#4112 = PLANE ( 'NONE',  #880 ) ;
#4113 = EDGE_LOOP ( 'NONE', ( #1382, #1271, #565, #4930, #4818 ) ) ;
#4114 = ORIENTED_EDGE ( 'NONE', *, *, #3983, .F. ) ;
#4115 = EDGE_CURVE ( 'NONE', #3371, #2998, #557, .T. ) ;
#4116 = STYLED_ITEM ( 'NONE', ( #5222 ), #2432 ) ;
#4117 = CARTESIAN_POINT ( 'NONE',  ( 0.3655608846805991630, 0.2494283938874773121, 0.000000000000000000 ) ) ;
#4118 = CARTESIAN_POINT ( 'NONE',  ( -0.5553047919804543486, 0.1603369840864160289, 0.000000000000000000 ) ) ;
#4119 = UNCERTAINTY_MEASURE_WITH_UNIT (LENGTH_MEASURE( 1.000000000000000082E-05 ), #3551, 'distance_accuracy_value', 'NONE');
#4120 = CARTESIAN_POINT ( 'NONE',  ( -0.8377529715928563325, 0.2433725051296717623, 0.000000000000000000 ) ) ;
#4121 = COLOUR_RGB ( '',0.8313725490196077761, 0.8313725490196077761, 0.8196078431372548767 ) ;
#4122 = UNCERTAINTY_MEASURE_WITH_UNIT (LENGTH_MEASURE( 1.000000000000000082E-05 ), #3938, 'distance_accuracy_value', 'NONE');
#4123 = CARTESIAN_POINT ( 'NONE',  ( -0.8784351362270026442, 0.1473359197638181295, 0.01000000000000000021 ) ) ;
#4124 = PLANE ( 'NONE',  #1439 ) ;
#4125 = VERTEX_POINT ( 'NONE', #3857 ) ;
#4126 = UNCERTAINTY_MEASURE_WITH_UNIT (LENGTH_MEASURE( 1.000000000000000082E-05 ), #522, 'distance_accuracy_value', 'NONE');
#4127 = DIRECTION ( 'NONE',  ( 1.000000000000000000, 0.000000000000000000, 0.000000000000000000 ) ) ;
#4128 = CARTESIAN_POINT ( 'NONE',  ( -0.2097041911050512852, -0.2566274948703282655, 0.000000000000000000 ) ) ;
#4129 = PRESENTATION_STYLE_ASSIGNMENT (( #825 ) ) ;
#4130 = CARTESIAN_POINT ( 'NONE',  ( -0.3508055630562709193, 0.2433725051296717623, 0.000000000000000000 ) ) ;
#4131 = CARTESIAN_POINT ( 'NONE',  ( -0.09994809354407578617, 0.1884944563491839642, 0.000000000000000000 ) ) ;
#4132 = CARTESIAN_POINT ( 'NONE',  ( -0.5835388826043617083, 0.1214251949534383979, 0.000000000000000000 ) ) ;
#4133 = EDGE_CURVE ( 'NONE', #2134, #2893, #991, .T. ) ;
#4134 = SURFACE_STYLE_FILL_AREA ( #427 ) ;
#4135 = LINE ( 'NONE', #487, #2774 ) ;
#4136 = AXIS2_PLACEMENT_3D ( 'NONE', #5192, #5246, #2762 ) ;
#4137 = PRESENTATION_LAYER_ASSIGNMENT (  '', '', ( #5356 ) ) ;
#4138 = ORIENTED_EDGE ( 'NONE', *, *, #5136, .F. ) ;
#4139 = EDGE_LOOP ( 'NONE', ( #2630, #756, #3434, #3339 ) ) ;
#4140 = STYLED_ITEM ( 'NONE', ( #2697 ), #3340 ) ;
#4141 = CARTESIAN_POINT ( 'NONE',  ( 0.2675384637231686402, -0.1836234058312286865, 0.000000000000000000 ) ) ;
#4142 = EDGE_CURVE ( 'NONE', #3928, #5291, #1764, .T. ) ;
#4143 = VECTOR ( 'NONE', #722, 1000.000000000000000 ) ;
#4144 = CARTESIAN_POINT ( 'NONE',  ( 0.3065676665379596932, 0.2446366739951982006, 0.000000000000000000 ) ) ;
#4145 = EDGE_CURVE ( 'NONE', #3594, #1488, #2622, .T. ) ;
#4146 = CARTESIAN_POINT ( 'NONE',  ( 6.550000000000001599, -1.899999999999999911, 3.049999999999999378 ) ) ;
#4147 = AXIS2_PLACEMENT_3D ( 'NONE', #2884, #4502, #4557 ) ;
#4148 =( LENGTH_UNIT ( ) NAMED_UNIT ( * ) SI_UNIT ( .MILLI., .METRE. ) );
#4149 = LINE ( 'NONE', #4179, #3073 ) ;
#4150 = ORIENTED_EDGE ( 'NONE', *, *, #1353, .T. ) ;
#4151 = CARTESIAN_POINT ( 'NONE',  ( 0.1561494674315339615, -0.2566274948703282655, 0.000000000000000000 ) ) ;
#4152 = CARTESIAN_POINT ( 'NONE',  ( 6.000000000000001776, 6.000000000000000000, 0.000000000000000000 ) ) ;
#4153 = SURFACE_SIDE_STYLE ('',( #4532 ) ) ;
#4154 = DIRECTION ( 'NONE',  ( 0.000000000000000000, -0.000000000000000000, 1.000000000000000000 ) ) ;
#4155 = DIRECTION ( 'NONE',  ( -0.000000000000000000, -0.000000000000000000, -1.000000000000000000 ) ) ;
#4156 =( GEOMETRIC_REPRESENTATION_CONTEXT ( 3 ) GLOBAL_UNCERTAINTY_ASSIGNED_CONTEXT ( ( #4613 ) ) GLOBAL_UNIT_ASSIGNED_CONTEXT ( ( #5085, #2194, #205 ) ) REPRESENTATION_CONTEXT ( 'NONE', 'WORKASPACE' ) );
#4157 = CARTESIAN_POINT ( 'NONE',  ( -0.6119436315484083622, 0.008724098171261407408, 0.000000000000000000 ) ) ;
#4158 = CARTESIAN_POINT ( 'NONE',  ( -0.4115642434696288321, -0.1946946958119356585, 0.000000000000000000 ) ) ;
#4159 = CARTESIAN_POINT ( 'NONE',  ( 0.2922008317975408609, 0.2419602942992580275, 0.01000000000000000021 ) ) ;
#4160 = CARTESIAN_POINT ( 'NONE',  ( 0.6250177196759576503, 0.01270627183471772885, 0.01000000000000000021 ) ) ;
#4161 = EDGE_CURVE ( 'NONE', #4246, #539, #2225, .T. ) ;
#4162 = VECTOR ( 'NONE', #2906, 1000.000000000000000 ) ;
#4163 = CARTESIAN_POINT ( 'NONE',  ( 0.3708026686510462744, 0.1945920173247937257, 0.000000000000000000 ) ) ;
#4164 = B_SPLINE_CURVE_WITH_KNOTS ( 'NONE', 3,
 ( #638, #3555, #1507, #3145, #1826, #5145, #2685, #1429, #4319, #613, #2256, #3919, #3088, #5172, #1855, #4748, #4345, #2287, #2333 ),
 .UNSPECIFIED., .F., .F.,
 ( 4, 1, 1, 1, 1, 1, 1, 1, 1, 1, 1, 1, 1, 1, 1, 1, 4 ),
 ( 0.000000000000000000, 0.07064371857535413357, 0.1382567155089045596, 0.2033641242175800168, 0.2663240938030567717, 0.3279047615429893092, 0.3887377151730922464, 0.4494235281093024170, 0.5108610114593153950, 0.5720793960475145656, 0.6317344287314452522, 0.6911172105788376818, 0.7503600294901704437, 0.8100329005312619790, 0.8713624508287362014, 0.9344271412311532243, 1.000000000000000000 ),
 .UNSPECIFIED. ) ;
#4165 = EDGE_CURVE ( 'NONE', #4386, #134, #3111, .T. ) ;
#4166 =( GEOMETRIC_REPRESENTATION_CONTEXT ( 3 ) GLOBAL_UNCERTAINTY_ASSIGNED_CONTEXT ( ( #336 ) ) GLOBAL_UNIT_ASSIGNED_CONTEXT ( ( #22, #2912, #455 ) ) REPRESENTATION_CONTEXT ( 'NONE', 'WORKASPACE' ) );
#4167 = ORIENTED_EDGE ( 'NONE', *, *, #4032, .T. ) ;
#4168 = AXIS2_PLACEMENT_3D ( 'NONE', #1039, #2676, #4338 ) ;
#4169 = EDGE_LOOP ( 'NONE', ( #705, #1770, #1726, #5027 ) ) ;
#4170 = FILL_AREA_STYLE_COLOUR ( '', #2924 ) ;
#4171 = LINE ( 'NONE', #2493, #4880 ) ;
#4172 = DIRECTION ( 'NONE',  ( -0.000000000000000000, -1.000000000000000000, -0.000000000000000000 ) ) ;
#4173 =( NAMED_UNIT ( * ) PLANE_ANGLE_UNIT ( ) SI_UNIT ( $, .RADIAN. ) );
#4174 = COLOUR_RGB ( '',0.8313725490196077761, 0.8313725490196077761, 0.8196078431372548767 ) ;
#4175 = PLANE ( 'NONE',  #3737 ) ;
#4176 = CARTESIAN_POINT ( 'NONE',  ( 0.4873062581031677443, -0.2461828419868980766, 0.01000000000000000021 ) ) ;
#4177 = SURFACE_SIDE_STYLE ('',( #2953 ) ) ;
#4178 = CARTESIAN_POINT ( 'NONE',  ( -0.5940189947499056045, 0.09977442602678460171, 0.01000000000000000021 ) ) ;
#4179 = CARTESIAN_POINT ( 'NONE',  ( -4.900000000000001243, 1.899999999999999911, 0.2000000000000000389 ) ) ;
#4180 = UNCERTAINTY_MEASURE_WITH_UNIT (LENGTH_MEASURE( 1.000000000000000082E-05 ), #2064, 'distance_accuracy_value', 'NONE');
#4181 = MECHANICAL_DESIGN_GEOMETRIC_PRESENTATION_REPRESENTATION (  '', ( #2703 ), #463 ) ;
#4182 = ORIENTED_EDGE ( 'NONE', *, *, #4601, .F. ) ;
#4183 = LINE ( 'NONE', #3329, #2262 ) ;
#4184 = DIRECTION ( 'NONE',  ( 0.000000000000000000, 0.000000000000000000, 1.000000000000000000 ) ) ;
#4185 = CARTESIAN_POINT ( 'NONE',  ( 0.3708026686510459413, 0.1945920173247938922, 0.01000000000000000021 ) ) ;
#4186 = STYLED_ITEM ( 'NONE', ( #1759 ), #2067 ) ;
#4187 = FACE_OUTER_BOUND ( 'NONE', #4591, .T. ) ;
#4188 = FILL_AREA_STYLE ('',( #1742 ) ) ;
#4189 = FILL_AREA_STYLE ('',( #4581 ) ) ;
#4190 = CARTESIAN_POINT ( 'NONE',  ( 0.4488163654924878787, 0.2396368504698857538, 0.01000000000000000021 ) ) ;
#4191 = ORIENTED_EDGE ( 'NONE', *, *, #4879, .T. ) ;
#4192 = CARTESIAN_POINT ( 'NONE',  ( 0.3395867011185490503, 0.1927339685052878171, 0.01000000000000000021 ) ) ;
#4193 = EDGE_LOOP ( 'NONE', ( #2435, #3072, #5023, #895 ) ) ;
#4194 = EDGE_LOOP ( 'NONE', ( #1802, #2978, #987, #3058 ) ) ;
#4195 = EDGE_CURVE ( 'NONE', #5080, #2554, #3199, .T. ) ;
#4196 = CARTESIAN_POINT ( 'NONE',  ( -6.399999999999998579, 5.999999999999997335, 6.000000000000000000 ) ) ;
#4197 = CARTESIAN_POINT ( 'NONE',  ( 0.3713743149925096687, 0.2494700661052815238, 0.000000000000000000 ) ) ;
#4198 = CARTESIAN_POINT ( 'NONE',  ( 0.4488163654924878787, 0.2396368504698857538, 0.009999999999999998473 ) ) ;
#4199 = STYLED_ITEM ( 'NONE', ( #3479 ), #3045 ) ;
#4200 = EDGE_CURVE ( 'NONE', #1812, #3566, #209, .T. ) ;
#4201 =( LENGTH_UNIT ( ) NAMED_UNIT ( * ) SI_UNIT ( .MILLI., .METRE. ) );
#4202 = ORIENTED_EDGE ( 'NONE', *, *, #3745, .T. ) ;
#4203 = FACE_OUTER_BOUND ( 'NONE', #4486, .T. ) ;
#4204 = FACE_OUTER_BOUND ( 'NONE', #1915, .T. ) ;
#4205 = ORIENTED_EDGE ( 'NONE', *, *, #4579, .T. ) ;
#4206 = PRESENTATION_LAYER_ASSIGNMENT (  '', '', ( #4814 ) ) ;
#4207 = SURFACE_STYLE_FILL_AREA ( #939 ) ;
#4208 = DIRECTION ( 'NONE',  ( 1.000000000000000000, 0.000000000000000000, 0.000000000000000000 ) ) ;
#4209 = DIRECTION ( 'NONE',  ( -1.000000000000000000, 0.000000000000000000, 0.000000000000000000 ) ) ;
#4210 = CARTESIAN_POINT ( 'NONE',  ( 6.550000000000001599, -1.899999999999999911, 0.3000000000000006550 ) ) ;
#4211 = LINE ( 'NONE', #4698, #3580 ) ;
#4212 = EDGE_CURVE ( 'NONE', #5291, #332, #3879, .T. ) ;
#4213 =( NAMED_UNIT ( * ) PLANE_ANGLE_UNIT ( ) SI_UNIT ( $, .RADIAN. ) );
#4214 = EDGE_CURVE ( 'NONE', #1606, #3905, #679, .T. ) ;
#4215 = CARTESIAN_POINT ( 'NONE',  ( 6.000000000000001776, 6.000000000000000000, 6.000000000000000000 ) ) ;
#4216 = VERTEX_POINT ( 'NONE', #633 ) ;
#4217 = FILL_AREA_STYLE ('',( #1747 ) ) ;
#4218 = FACE_OUTER_BOUND ( 'NONE', #5183, .T. ) ;
#4219 = DIRECTION ( 'NONE',  ( -1.000000000000000000, 0.000000000000000000, 0.000000000000000000 ) ) ;
#4220 =( NAMED_UNIT ( * ) SI_UNIT ( $, .STERADIAN. ) SOLID_ANGLE_UNIT ( ) );
#4221 = ORIENTED_EDGE ( 'NONE', *, *, #2238, .F. ) ;
#4222 = VERTEX_POINT ( 'NONE', #3940 ) ;
#4223 = DIRECTION ( 'NONE',  ( 1.000000000000000000, 0.000000000000000000, -0.000000000000000000 ) ) ;
#4224 =( LENGTH_UNIT ( ) NAMED_UNIT ( * ) SI_UNIT ( .MILLI., .METRE. ) );
#4225 = AXIS2_PLACEMENT_3D ( 'NONE', #3139, #4340, #2734 ) ;
#4226 = ORIENTED_EDGE ( 'NONE', *, *, #1637, .F. ) ;
#4227 = EDGE_CURVE ( 'NONE', #3596, #932, #3581, .T. ) ;
#4228 = DIRECTION ( 'NONE',  ( -0.000000000000000000, -1.000000000000000000, -0.000000000000000000 ) ) ;
#4229 = PRESENTATION_STYLE_ASSIGNMENT (( #2556 ) ) ;
#4230 = VERTEX_POINT ( 'NONE', #3604 ) ;
#4231 = FILL_AREA_STYLE_COLOUR ( '', #2511 ) ;
#4232 = STYLED_ITEM ( 'NONE', ( #5154 ), #6 ) ;
#4233 = CARTESIAN_POINT ( 'NONE',  ( 6.550000000000001599, 1.899999999999999911, 0.3000000000000006550 ) ) ;
#4234 = CARTESIAN_POINT ( 'NONE',  ( 0.5081492737326052112, -0.2367443031371258833, 0.000000000000000000 ) ) ;
#4235 = CARTESIAN_POINT ( 'NONE',  ( -0.8690982459831002593, 0.1823968953735742027, 0.01000000000000000021 ) ) ;
#4236 =( NAMED_UNIT ( * ) PLANE_ANGLE_UNIT ( ) SI_UNIT ( $, .RADIAN. ) );
#4237 = CARTESIAN_POINT ( 'NONE',  ( -0.5421934162831522075, -0.04618490772564540908, 0.000000000000000000 ) ) ;
#4238 =( NAMED_UNIT ( * ) SI_UNIT ( $, .STERADIAN. ) SOLID_ANGLE_UNIT ( ) );
#4239 = SURFACE_STYLE_FILL_AREA ( #946 ) ;
#4240 = ORIENTED_EDGE ( 'NONE', *, *, #3607, .F. ) ;
#4241 = ADVANCED_FACE ( 'NONE', ( #2283 ), #315, .F. ) ;
#4242 = DIRECTION ( 'NONE',  ( 0.000000000000000000, -1.000000000000000000, -0.000000000000000000 ) ) ;
#4243 = COLOUR_RGB ( '',0.2980392156862745057, 0.2980392156862745057, 0.2980392156862745057 ) ;
#4244 =( LENGTH_UNIT ( ) NAMED_UNIT ( * ) SI_UNIT ( .MILLI., .METRE. ) );
#4245 = ORIENTED_EDGE ( 'NONE', *, *, #3079, .F. ) ;
#4246 = VERTEX_POINT ( 'NONE', #4772 ) ;
#4247 = CARTESIAN_POINT ( 'NONE',  ( -0.4115642434696288321, -0.1946946958119356585, 0.000000000000000000 ) ) ;
#4248 = AXIS2_PLACEMENT_3D ( 'NONE', #3415, #127, #1364 ) ;
#4249 = CARTESIAN_POINT ( 'NONE',  ( 0.4535191198413791591, -0.1949455629204457363, 0.000000000000000000 ) ) ;
#4250 = ORIENTED_EDGE ( 'NONE', *, *, #3506, .F. ) ;
#4251 = AXIS2_PLACEMENT_3D ( 'NONE', #341, #4915, #395 ) ;
#4252 = DIRECTION ( 'NONE',  ( 0.000000000000000000, 0.000000000000000000, 1.000000000000000000 ) ) ;
#4253 = CARTESIAN_POINT ( 'NONE',  ( -6.399999999999998579, -6.000000000000000000, 6.000000000000000000 ) ) ;
#4254 = AXIS2_PLACEMENT_3D ( 'NONE', #40, #821, #416 ) ;
#4255 =( NAMED_UNIT ( * ) SI_UNIT ( $, .STERADIAN. ) SOLID_ANGLE_UNIT ( ) );
#4256 = CARTESIAN_POINT ( 'NONE',  ( -0.4480276932755629660, -0.1814966380445350858, 0.01000000000000000021 ) ) ;
#4257 = ORIENTED_EDGE ( 'NONE', *, *, #1153, .F. ) ;
#4258 = FILL_AREA_STYLE ('',( #1421 ) ) ;
#4259 = ADVANCED_FACE ( 'NONE', ( #2325 ), #2304, .F. ) ;
#4260 = DIRECTION ( 'NONE',  ( 1.000000000000000000, 0.000000000000000000, 0.000000000000000000 ) ) ;
#4261 = VECTOR ( 'NONE', #3237, 1000.000000000000000 ) ;
#4262 = DIRECTION ( 'NONE',  ( 0.000000000000000000, 0.000000000000000000, 1.000000000000000000 ) ) ;
#4263 = FACE_OUTER_BOUND ( 'NONE', #4817, .T. ) ;
#4264 = COLOUR_RGB ( '',0.8313725490196077761, 0.8313725490196077761, 0.8196078431372548767 ) ;
#4265 = FACE_OUTER_BOUND ( 'NONE', #2505, .T. ) ;
#4266 =( GEOMETRIC_REPRESENTATION_CONTEXT ( 3 ) GLOBAL_UNCERTAINTY_ASSIGNED_CONTEXT ( ( #2815 ) ) GLOBAL_UNIT_ASSIGNED_CONTEXT ( ( #2794, #342, #369 ) ) REPRESENTATION_CONTEXT ( 'NONE', 'WORKASPACE' ) );
#4267 = CARTESIAN_POINT ( 'NONE',  ( -0.6115454540954541329, -0.02829478451331075839, 0.000000000000000000 ) ) ;
#4268 = UNCERTAINTY_MEASURE_WITH_UNIT (LENGTH_MEASURE( 1.000000000000000082E-05 ), #3805, 'distance_accuracy_value', 'NONE');
#4269 = DIRECTION ( 'NONE',  ( 0.000000000000000000, -1.000000000000000000, 0.000000000000000000 ) ) ;
#4270 = ORIENTED_EDGE ( 'NONE', *, *, #4967, .F. ) ;
#4271 = VECTOR ( 'NONE', #2029, 1000.000000000000000 ) ;
#4272 = SURFACE_STYLE_USAGE ( .BOTH. , #2548 ) ;
#4273 = SURFACE_SIDE_STYLE ('',( #462 ) ) ;
#4274 = VERTEX_POINT ( 'NONE', #3712 ) ;
#4275 = ORIENTED_EDGE ( 'NONE', *, *, #4161, .T. ) ;
#4276 = CARTESIAN_POINT ( 'NONE',  ( -0.4480276932755629660, -0.1814966380445350858, 0.01000000000000000194 ) ) ;
#4277 = SURFACE_SIDE_STYLE ('',( #2105 ) ) ;
#4278 = CARTESIAN_POINT ( 'NONE',  ( 0.4369976103152015678, -0.2007579755169993097, 0.009999999999999998473 ) ) ;
#4279 = ORIENTED_EDGE ( 'NONE', *, *, #364, .T. ) ;
#4280 = ORIENTED_EDGE ( 'NONE', *, *, #2277, .T. ) ;
#4281 = EDGE_CURVE ( 'NONE', #140, #4988, #1278, .T. ) ;
#4282 =( GEOMETRIC_REPRESENTATION_CONTEXT ( 3 ) GLOBAL_UNCERTAINTY_ASSIGNED_CONTEXT ( ( #2250 ) ) GLOBAL_UNIT_ASSIGNED_CONTEXT ( ( #801, #3335, #4054 ) ) REPRESENTATION_CONTEXT ( 'NONE', 'WORKASPACE' ) );
#4283 = CARTESIAN_POINT ( 'NONE',  ( 0.4102747088141424081, 0.1913557477761493042, 0.000000000000000000 ) ) ;
#4284 = DIRECTION ( 'NONE',  ( 0.000000000000000000, 0.000000000000000000, 1.000000000000000000 ) ) ;
#4285 = ORIENTED_EDGE ( 'NONE', *, *, #3914, .T. ) ;
#4286 =( NAMED_UNIT ( * ) SI_UNIT ( $, .STERADIAN. ) SOLID_ANGLE_UNIT ( ) );
#4287 = DIRECTION ( 'NONE',  ( 1.000000000000000000, 0.000000000000000000, -0.000000000000000000 ) ) ;
#4288 = CARTESIAN_POINT ( 'NONE',  ( 0.3845506657366892234, -0.2626460539407415307, 0.000000000000000000 ) ) ;
#4289 = SURFACE_STYLE_USAGE ( .BOTH. , #941 ) ;
#4290 = STYLED_ITEM ( 'NONE', ( #716 ), #2499 ) ;
#4291 = SURFACE_SIDE_STYLE ('',( #2142 ) ) ;
#4292 = LINE ( 'NONE', #4370, #2354 ) ;
#4293 = VERTEX_POINT ( 'NONE', #4972 ) ;
#4294 =( NAMED_UNIT ( * ) PLANE_ANGLE_UNIT ( ) SI_UNIT ( $, .RADIAN. ) );
#4295 = MECHANICAL_DESIGN_GEOMETRIC_PRESENTATION_REPRESENTATION (  '', ( #3953 ), #5258 ) ;
#4296 = LINE ( 'NONE', #3425, #1646 ) ;
#4297 =( NAMED_UNIT ( * ) PLANE_ANGLE_UNIT ( ) SI_UNIT ( $, .RADIAN. ) );
#4298 = EDGE_CURVE ( 'NONE', #793, #1625, #139, .T. ) ;
#4299 = DIRECTION ( 'NONE',  ( 0.000000000000000000, 0.000000000000000000, -1.000000000000000000 ) ) ;
#4300 = EDGE_LOOP ( 'NONE', ( #1776, #5317, #4355, #2914, #3677, #3562, #4874, #2619, #1839, #2188, #525 ) ) ;
#4301 = CARTESIAN_POINT ( 'NONE',  ( 0.9244421503583633015, 0.2433725051296717623, 0.000000000000000000 ) ) ;
#4302 = ORIENTED_EDGE ( 'NONE', *, *, #2589, .T. ) ;
#4303 = CARTESIAN_POINT ( 'NONE',  ( -0.4304654997848156861, -0.1890194483990974839, 0.000000000000000000 ) ) ;
#4304 = CARTESIAN_POINT ( 'NONE',  ( 0.4690848301795385589, -0.1874276124797435716, 0.009999999999999998473 ) ) ;
#4305 = VERTEX_POINT ( 'NONE', #2923 ) ;
#4306 = EDGE_CURVE ( 'NONE', #1888, #4013, #392, .T. ) ;
#4307 = LINE ( 'NONE', #3354, #3571 ) ;
#4308 = STYLED_ITEM ( 'NONE', ( #2269 ), #4359 ) ;
#4309 = ADVANCED_FACE ( 'NONE', ( #413 ), #3740, .T. ) ;
#4310 = SURFACE_SIDE_STYLE ('',( #580 ) ) ;
#4311 = SURFACE_SIDE_STYLE ('',( #2587 ) ) ;
#4312 = CARTESIAN_POINT ( 'NONE',  ( 6.400000000000002132, 5.999999999999997335, 0.000000000000000000 ) ) ;
#4313 = PRESENTATION_LAYER_ASSIGNMENT (  '', '', ( #4059 ) ) ;
#4314 = CARTESIAN_POINT ( 'NONE',  ( 0.5771625971223912632, -0.1777312662027624723, 0.000000000000000000 ) ) ;
#4315 = CARTESIAN_POINT ( 'NONE',  ( -0.4465369755396136897, 0.1701494132765576095, 0.01000000000000000021 ) ) ;
#4316 = VECTOR ( 'NONE', #2148, 1000.000000000000000 ) ;
#4317 = FILL_AREA_STYLE ('',( #3915 ) ) ;
#4318 = LINE ( 'NONE', #3944, #5031 ) ;
#4319 = CARTESIAN_POINT ( 'NONE',  ( 0.5709764373582946195, 0.1578963387230832849, 0.000000000000000000 ) ) ;
#4320 = PRESENTATION_STYLE_ASSIGNMENT (( #4647 ) ) ;
#4321 = CARTESIAN_POINT ( 'NONE',  ( 0.4010781721168324987, -0.2073564652442879963, 0.000000000000000000 ) ) ;
#4322 = SURFACE_STYLE_USAGE ( .BOTH. , #2657 ) ;
#4323 = LINE ( 'NONE', #2659, #1097 ) ;
#4324 = ORIENTED_EDGE ( 'NONE', *, *, #3095, .F. ) ;
#4325 = ADVANCED_FACE ( 'NONE', ( #3873 ), #5208, .F. ) ;
#4326 = CARTESIAN_POINT ( 'NONE',  ( 6.450000000000001066, 1.899999999999999911, 0.1999999999999999833 ) ) ;
#4327 = ORIENTED_EDGE ( 'NONE', *, *, #1823, .F. ) ;
#4328 = EDGE_CURVE ( 'NONE', #1975, #2479, #650, .T. ) ;
#4329 = CARTESIAN_POINT ( 'NONE',  ( -0.5380922776041233702, -0.06664908933636434774, 0.000000000000000000 ) ) ;
#4330 = VECTOR ( 'NONE', #1072, 1000.000000000000000 ) ;
#4331 = CARTESIAN_POINT ( 'NONE',  ( 0.5520718786568142855, -0.07409309835248764631, 0.009999999999999998473 ) ) ;
#4332 = ORIENTED_EDGE ( 'NONE', *, *, #3461, .T. ) ;
#4333 = ORIENTED_EDGE ( 'NONE', *, *, #2677, .T. ) ;
#4334 = CARTESIAN_POINT ( 'NONE',  ( 0.5459235662034885861, 0.07308574349368421319, 0.01000000000000000021 ) ) ;
#4335 = CARTESIAN_POINT ( 'NONE',  ( 6.399999999999998579, -3.000000000000000000, 0.2999999999999999889 ) ) ;
#4336 = COLOUR_RGB ( '',0.2980392156862745057, 0.2980392156862745057, 0.2980392156862745057 ) ;
#4337 =( NAMED_UNIT ( * ) SI_UNIT ( $, .STERADIAN. ) SOLID_ANGLE_UNIT ( ) );
#4338 = DIRECTION ( 'NONE',  ( 1.000000000000000000, 0.000000000000000000, -0.000000000000000000 ) ) ;
#4339 = COLOUR_RGB ( '',0.8313725490196077761, 0.8313725490196077761, 0.8196078431372548767 ) ;
#4340 = DIRECTION ( 'NONE',  ( 0.000000000000000000, 0.000000000000000000, 1.000000000000000000 ) ) ;
#4341 =( LENGTH_UNIT ( ) NAMED_UNIT ( * ) SI_UNIT ( .MILLI., .METRE. ) );
#4342 = DIRECTION ( 'NONE',  ( -1.000000000000000000, 0.000000000000000000, 0.000000000000000000 ) ) ;
#4343 = LINE ( 'NONE', #3447, #5293 ) ;
#4344 =( GEOMETRIC_REPRESENTATION_CONTEXT ( 3 ) GLOBAL_UNCERTAINTY_ASSIGNED_CONTEXT ( ( #2054 ) ) GLOBAL_UNIT_ASSIGNED_CONTEXT ( ( #1223, #2871, #2949 ) ) REPRESENTATION_CONTEXT ( 'NONE', 'WORKASPACE' ) );
#4345 = CARTESIAN_POINT ( 'NONE',  ( 0.3981206595398144032, 0.2488477654093709246, 0.000000000000000000 ) ) ;
#4346 = DIRECTION ( 'NONE',  ( -2.478176394252581338E-15, 0.000000000000000000, -1.000000000000000000 ) ) ;
#4347 = CARTESIAN_POINT ( 'NONE',  ( -6.399999999999998579, 3.000000000000000000, 0.000000000000000000 ) ) ;
#4348 = CARTESIAN_POINT ( 'NONE',  ( 0.5520718786568142855, -0.07409309835248764631, 0.01000000000000000021 ) ) ;
#4349 = MECHANICAL_DESIGN_GEOMETRIC_PRESENTATION_REPRESENTATION (  '', ( #2086 ), #2608 ) ;
#4350 = LINE ( 'NONE', #3970, #2097 ) ;
#4351 = FACE_OUTER_BOUND ( 'NONE', #1575, .T. ) ;
#4352 = ORIENTED_EDGE ( 'NONE', *, *, #4391, .T. ) ;
#4353 = DIRECTION ( 'NONE',  ( 0.000000000000000000, 0.000000000000000000, 1.000000000000000000 ) ) ;
#4354 = VECTOR ( 'NONE', #2885, 1000.000000000000000 ) ;
#4355 = ORIENTED_EDGE ( 'NONE', *, *, #1010, .T. ) ;
#4356 = CARTESIAN_POINT ( 'NONE',  ( -0.5160902680036129064, -0.1203307618056340123, 0.01000000000000000194 ) ) ;
#4357 = CARTESIAN_POINT ( 'NONE',  ( 0.3999661933292359417, -0.2625314773035123950, 0.01000000000000000021 ) ) ;
#4358 = VECTOR ( 'NONE', #3851, 1000.000000000000000 ) ;
#4359 = ADVANCED_FACE ( 'NONE', ( #907 ), #1305, .F. ) ;
#4360 = ORIENTED_EDGE ( 'NONE', *, *, #2306, .F. ) ;
#4361 = MECHANICAL_DESIGN_GEOMETRIC_PRESENTATION_REPRESENTATION (  '', ( #3751 ), #4443 ) ;
#4362 = EDGE_CURVE ( 'NONE', #4305, #3882, #2417, .T. ) ;
#4363 = SHAPE_DEFINITION_REPRESENTATION ( #797, #5268 ) ;
#4364 =( NAMED_UNIT ( * ) PLANE_ANGLE_UNIT ( ) SI_UNIT ( $, .RADIAN. ) );
#4365 = SURFACE_STYLE_USAGE ( .BOTH. , #2708 ) ;
#4366 =( NAMED_UNIT ( * ) PLANE_ANGLE_UNIT ( ) SI_UNIT ( $, .RADIAN. ) );
#4367 = LINE ( 'NONE', #1096, #2033 ) ;
#4368 = CARTESIAN_POINT ( 'NONE',  ( -0.8784351362270022001, 0.1473359197638191009, 0.01000000000000000021 ) ) ;
#4369 = VECTOR ( 'NONE', #1767, 1000.000000000000114 ) ;
#4370 = CARTESIAN_POINT ( 'NONE',  ( -0.09994809354407578617, 0.2433725051296717623, 0.000000000000000000 ) ) ;
#4371 = DIRECTION ( 'NONE',  ( 0.000000000000000000, 0.000000000000000000, 1.000000000000000000 ) ) ;
#4372 = CARTESIAN_POINT ( 'NONE',  ( -0.2767773618367591060, -0.2017494460898406061, 0.000000000000000000 ) ) ;
#4373 = CARTESIAN_POINT ( 'NONE',  ( -6.900000000000001243, 1.899999999999999911, 3.000000000000000000 ) ) ;
#4374 = ADVANCED_FACE ( 'NONE', ( #4433 ), #841, .F. ) ;
#4375 = FILL_AREA_STYLE ('',( #2713 ) ) ;
#4376 =( NAMED_UNIT ( * ) PLANE_ANGLE_UNIT ( ) SI_UNIT ( $, .RADIAN. ) );
#4377 = VERTEX_POINT ( 'NONE', #1242 ) ;
#4378 = EDGE_CURVE ( 'NONE', #1466, #1888, #806, .T. ) ;
#4379 = LINE ( 'NONE', #4732, #3631 ) ;
#4380 = ORIENTED_EDGE ( 'NONE', *, *, #3461, .F. ) ;
#4381 = VECTOR ( 'NONE', #812, 1000.000000000000000 ) ;
#4382 =( NAMED_UNIT ( * ) PLANE_ANGLE_UNIT ( ) SI_UNIT ( $, .RADIAN. ) );
#4383 = ORIENTED_EDGE ( 'NONE', *, *, #1335, .T. ) ;
#4384 = ORIENTED_EDGE ( 'NONE', *, *, #4281, .T. ) ;
#4385 = ORIENTED_EDGE ( 'NONE', *, *, #460, .F. ) ;
#4386 = VERTEX_POINT ( 'NONE', #4561 ) ;
#4387 = CARTESIAN_POINT ( 'NONE',  ( -4.399999999999998579, 3.000000000000000000, 0.000000000000000000 ) ) ;
#4388 = CARTESIAN_POINT ( 'NONE',  ( 0.5979870453523845608, 0.1153247648824779065, 0.009999999999999998473 ) ) ;
#4389 = CARTESIAN_POINT ( 'NONE',  ( 0.3295414918584877451, -0.2035933393641764788, 0.01000000000000000021 ) ) ;
#4390 = FILL_AREA_STYLE ('',( #3549 ) ) ;
#4391 = EDGE_CURVE ( 'NONE', #474, #2080, #2518, .T. ) ;
#4392 = SURFACE_SIDE_STYLE ('',( #1527 ) ) ;
#4393 = CARTESIAN_POINT ( 'NONE',  ( 0.3713743149925096687, 0.2494700661052815238, 0.000000000000000000 ) ) ;
#4394 = CARTESIAN_POINT ( 'NONE',  ( -0.5450700447635877799, -0.001768500967889649611, 0.01000000000000000021 ) ) ;
#4395 = DIRECTION ( 'NONE',  ( -0.000000000000000000, -0.000000000000000000, -1.000000000000000000 ) ) ;
#4396 = STYLED_ITEM ( 'NONE', ( #3507 ), #4241 ) ;
#4397 = DIRECTION ( 'NONE',  ( 1.000000000000000000, -0.000000000000000000, -0.000000000000000000 ) ) ;
#4398 = MECHANICAL_DESIGN_GEOMETRIC_PRESENTATION_REPRESENTATION (  '', ( #5356 ), #2561 ) ;
#4399 = SURFACE_SIDE_STYLE ('',( #4862 ) ) ;
#4400 = CARTESIAN_POINT ( 'NONE',  ( 0.3096047109513447304, 0.1867350799382578586, 0.000000000000000000 ) ) ;
#4401 = CARTESIAN_POINT ( 'NONE',  ( 0.2537104430412901457, 0.2296529929345498822, 0.000000000000000000 ) ) ;
#4402 = MECHANICAL_DESIGN_GEOMETRIC_PRESENTATION_REPRESENTATION (  '', ( #4059 ), #82 ) ;
#4403 = CARTESIAN_POINT ( 'NONE',  ( -1.026777361836758606, -0.2566274948703282655, 0.000000000000000000 ) ) ;
#4404 = COLOUR_RGB ( '',0.8313725490196077761, 0.8313725490196077761, 0.8196078431372548767 ) ;
#4405 = ORIENTED_EDGE ( 'NONE', *, *, #708, .F. ) ;
#4406 = LINE ( 'NONE', #748, #13 ) ;
#4407 = CARTESIAN_POINT ( 'NONE',  ( -6.550000000000001599, 1.899999999999999911, 3.049999999999999378 ) ) ;
#4408 = VECTOR ( 'NONE', #4033, 1000.000000000000000 ) ;
#4409 = FILL_AREA_STYLE_COLOUR ( '', #515 ) ;
#4410 = CARTESIAN_POINT ( 'NONE',  ( -0.5245158984402029656, 0.09838891583432385346, 0.000000000000000000 ) ) ;
#4411 = VERTEX_POINT ( 'NONE', #4958 ) ;
#4412 = ORIENTED_EDGE ( 'NONE', *, *, #1755, .F. ) ;
#4413 = ORIENTED_EDGE ( 'NONE', *, *, #4066, .F. ) ;
#4414 = ORIENTED_EDGE ( 'NONE', *, *, #3595, .F. ) ;
#4415 = DIRECTION ( 'NONE',  ( 0.000000000000000000, 1.000000000000000000, 0.000000000000000000 ) ) ;
#4416 = SURFACE_STYLE_USAGE ( .BOTH. , #2761 ) ;
#4417 = STYLED_ITEM ( 'NONE', ( #3964 ), #654 ) ;
#4418 = SURFACE_STYLE_FILL_AREA ( #659 ) ;
#4419 = CARTESIAN_POINT ( 'NONE',  ( 6.399999999999998579, 3.000000000000000000, 0.2999999999999999889 ) ) ;
#4420 = PLANE ( 'NONE',  #3159 ) ;
#4421 =( NAMED_UNIT ( * ) SI_UNIT ( $, .STERADIAN. ) SOLID_ANGLE_UNIT ( ) );
#4422 = ADVANCED_FACE ( 'NONE', ( #2446 ), #405, .F. ) ;
#4423 = CARTESIAN_POINT ( 'NONE',  ( 0.9244421503583633015, 0.2433725051296717623, 0.000000000000000000 ) ) ;
#4424 = CARTESIAN_POINT ( 'NONE',  ( -1.099948093544075745, -0.2566274948703282655, 0.000000000000000000 ) ) ;
#4425 = FILL_AREA_STYLE ('',( #3611 ) ) ;
#4426 = COLOUR_RGB ( '',0.2980392156862745057, 0.2980392156862745057, 0.2980392156862745057 ) ;
#4427 = B_SPLINE_SURFACE_WITH_KNOTS ( 'NONE', 3, 1, ( 
 ( #1552, #1980 ),
 ( #3108, #2303 ),
 ( #5187, #711 ),
 ( #1469, #1956 ),
 ( #4851, #4041 ),
 ( #5295, #3958 ),
 ( #2350, #4388 ),
 ( #4017, #1145 ),
 ( #311, #2786 ),
 ( #3222, #4765 ),
 ( #4442, #735 ),
 ( #2705, #2377 ),
 ( #3, #5318 ),
 ( #2452, #2838 ),
 ( #5345, #4198 ),
 ( #2049, #1659 ),
 ( #4596, #3349 ),
 ( #4492, #2004 ),
 ( #903, #2473 ) ),
 .UNSPECIFIED., .F., .F., .F.,
 ( 4, 1, 1, 1, 1, 1, 1, 1, 1, 1, 1, 1, 1, 1, 1, 1, 4 ),
 ( 2, 2 ),
 ( 0.000000000000000000, 0.07064371857535413357, 0.1382567155089045596, 0.2033641242175800168, 0.2663240938030567717, 0.3279047615429893092, 0.3887377151730922464, 0.4494235281093024170, 0.5108610114593153950, 0.5720793960475145656, 0.6317344287314452522, 0.6911172105788376818, 0.7503600294901704437, 0.8100329005312619790, 0.8713624508287362014, 0.9344271412311532243, 1.000000000000000000 ),
 ( 0.000000000000000000, 1.000000000000000000 ),
 .UNSPECIFIED. ) ;
#4428 = CARTESIAN_POINT ( 'NONE',  ( -0.8685152047468719383, 0.1788364492294637897, 0.01000000000000000021 ) ) ;
#4429 = LINE ( 'NONE', #4403, #4797 ) ;
#4430 =( GEOMETRIC_REPRESENTATION_CONTEXT ( 3 ) GLOBAL_UNCERTAINTY_ASSIGNED_CONTEXT ( ( #3251 ) ) GLOBAL_UNIT_ASSIGNED_CONTEXT ( ( #496, #2127, #4096 ) ) REPRESENTATION_CONTEXT ( 'NONE', 'WORKASPACE' ) );
#4431 = FILL_AREA_STYLE ('',( #1943 ) ) ;
#4432 = DIRECTION ( 'NONE',  ( -1.000000000000000000, 0.000000000000000000, 0.000000000000000000 ) ) ;
#4433 = FACE_OUTER_BOUND ( 'NONE', #2395, .T. ) ;
#4434 = VECTOR ( 'NONE', #3334, 1000.000000000000000 ) ;
#4435 = VERTEX_POINT ( 'NONE', #3342 ) ;
#4436 = VERTEX_POINT ( 'NONE', #4511 ) ;
#4437 = ORIENTED_EDGE ( 'NONE', *, *, #3648, .F. ) ;
#4438 = PRESENTATION_LAYER_ASSIGNMENT (  '', '', ( #4186 ) ) ;
#4439 = UNCERTAINTY_MEASURE_WITH_UNIT (LENGTH_MEASURE( 1.000000000000000082E-05 ), #4603, 'distance_accuracy_value', 'NONE');
#4440 = CARTESIAN_POINT ( 'NONE',  ( -0.4626820653030776498, 0.1619285931011580359, 0.000000000000000000 ) ) ;
#4441 = EDGE_CURVE ( 'NONE', #140, #4377, #4135, .T. ) ;
#4442 = CARTESIAN_POINT ( 'NONE',  ( 0.5356906727516707045, 0.1938340049838624124, 0.000000000000000000 ) ) ;
#4443 =( GEOMETRIC_REPRESENTATION_CONTEXT ( 3 ) GLOBAL_UNCERTAINTY_ASSIGNED_CONTEXT ( ( #3448 ) ) GLOBAL_UNIT_ASSIGNED_CONTEXT ( ( #2658, #5230, #4837 ) ) REPRESENTATION_CONTEXT ( 'NONE', 'WORKASPACE' ) );
#4444 = UNCERTAINTY_MEASURE_WITH_UNIT (LENGTH_MEASURE( 1.000000000000000082E-05 ), #2408, 'distance_accuracy_value', 'NONE');
#4445 = ADVANCED_FACE ( 'NONE', ( #110 ), #4112, .T. ) ;
#4446 = CARTESIAN_POINT ( 'NONE',  ( 0.3465466062493959831, -0.2060074490216906307, 0.01000000000000000021 ) ) ;
#4447 = DIRECTION ( 'NONE',  ( 1.000000000000000000, 0.000000000000000000, -0.000000000000000000 ) ) ;
#4448 = DIRECTION ( 'NONE',  ( 1.000000000000000000, 0.000000000000000000, 0.000000000000000000 ) ) ;
#4449 = FILL_AREA_STYLE ('',( #1665 ) ) ;
#4450 = CARTESIAN_POINT ( 'NONE',  ( -4.399999999999998579, 3.000000000000000000, 0.000000000000000000 ) ) ;
#4451 = DIRECTION ( 'NONE',  ( -0.000000000000000000, 1.000000000000000000, -0.000000000000000000 ) ) ;
#4452 = CARTESIAN_POINT ( 'NONE',  ( -0.3456607459831002038, -0.2566274948703282655, 0.000000000000000000 ) ) ;
#4453 = SURFACE_STYLE_USAGE ( .BOTH. , #4399 ) ;
#4454 = CARTESIAN_POINT ( 'NONE',  ( -0.8655545472800119100, 0.1626859817577673561, 0.01000000000000000021 ) ) ;
#4455 = DIRECTION ( 'NONE',  ( -1.000000000000000000, -0.000000000000000000, 0.000000000000000000 ) ) ;
#4456 = MECHANICAL_DESIGN_GEOMETRIC_PRESENTATION_REPRESENTATION (  '', ( #314 ), #5161 ) ;
#4457 = CARTESIAN_POINT ( 'NONE',  ( -0.3599914950894457233, 0.2431677591533806526, 0.000000000000000000 ) ) ;
#4458 = SURFACE_STYLE_USAGE ( .BOTH. , #1163 ) ;
#4459 = DIRECTION ( 'NONE',  ( 0.000000000000000000, 0.000000000000000000, 1.000000000000000000 ) ) ;
#4460 = DIRECTION ( 'NONE',  ( 0.000000000000000000, 1.000000000000000000, -0.000000000000000000 ) ) ;
#4461 = ADVANCED_FACE ( 'NONE', ( #1724 ), #1700, .F. ) ;
#4462 =( NAMED_UNIT ( * ) SI_UNIT ( $, .STERADIAN. ) SOLID_ANGLE_UNIT ( ) );
#4463 = VERTEX_POINT ( 'NONE', #386 ) ;
#4464 =( GEOMETRIC_REPRESENTATION_CONTEXT ( 3 ) GLOBAL_UNCERTAINTY_ASSIGNED_CONTEXT ( ( #981 ) ) GLOBAL_UNIT_ASSIGNED_CONTEXT ( ( #4224, #1731, #2895 ) ) REPRESENTATION_CONTEXT ( 'NONE', 'WORKASPACE' ) );
#4465 = ORIENTED_EDGE ( 'NONE', *, *, #4555, .T. ) ;
#4466 = ORIENTED_EDGE ( 'NONE', *, *, #4933, .F. ) ;
#4467 = FILL_AREA_STYLE_COLOUR ( '', #4766 ) ;
#4468 = STYLED_ITEM ( 'NONE', ( #4867 ), #2898 ) ;
#4469 = CARTESIAN_POINT ( 'NONE',  ( 0.3713743149925096687, 0.2494700661052815238, 0.000000000000000000 ) ) ;
#4470 = DIRECTION ( 'NONE',  ( -0.000000000000000000, -1.000000000000000000, -0.000000000000000000 ) ) ;
#4471 = DIRECTION ( 'NONE',  ( 0.000000000000000000, 0.000000000000000000, 1.000000000000000000 ) ) ;
#4472 = CARTESIAN_POINT ( 'NONE',  ( 0.8573689796266560359, -0.2017494460898404396, 0.000000000000000000 ) ) ;
#4473 = CARTESIAN_POINT ( 'NONE',  ( 0.5557028978404249253, 0.03276777422608700280, 0.000000000000000000 ) ) ;
#4474 =( NAMED_UNIT ( * ) SI_UNIT ( $, .STERADIAN. ) SOLID_ANGLE_UNIT ( ) );
#4475 = SURFACE_SIDE_STYLE ('',( #5323 ) ) ;
#4476 = CARTESIAN_POINT ( 'NONE',  ( -0.4979674689927793829, -0.2176871465167009301, 0.000000000000000000 ) ) ;
#4477 = LINE ( 'NONE', #4401, #4697 ) ;
#4478 =( GEOMETRIC_REPRESENTATION_CONTEXT ( 3 ) GLOBAL_UNCERTAINTY_ASSIGNED_CONTEXT ( ( #1142 ) ) GLOBAL_UNIT_ASSIGNED_CONTEXT ( ( #5300, #35, #844 ) ) REPRESENTATION_CONTEXT ( 'NONE', 'WORKASPACE' ) );
#4479 = CARTESIAN_POINT ( 'NONE',  ( -0.4536655850132880752, 0.2272057479069301278, 0.000000000000000000 ) ) ;
#4480 = DIRECTION ( 'NONE',  ( 0.000000000000000000, 0.000000000000000000, 1.000000000000000000 ) ) ;
#4481 = SURFACE_STYLE_FILL_AREA ( #4507 ) ;
#4482 = DIRECTION ( 'NONE',  ( -0.000000000000000000, -1.000000000000000000, -0.000000000000000000 ) ) ;
#4483 = DIRECTION ( 'NONE',  ( 0.000000000000000000, 0.000000000000000000, -1.000000000000000000 ) ) ;
#4484 = CARTESIAN_POINT ( 'NONE',  ( -0.3576393779887591662, 0.1883479592646367384, 0.000000000000000000 ) ) ;
#4485 = ORIENTED_EDGE ( 'NONE', *, *, #5347, .T. ) ;
#4486 = EDGE_LOOP ( 'NONE', ( #3810, #4114, #620, #106, #2204 ) ) ;
#4487 = EDGE_CURVE ( 'NONE', #652, #3134, #5342, .T. ) ;
#4488 =( GEOMETRIC_REPRESENTATION_CONTEXT ( 3 ) GLOBAL_UNCERTAINTY_ASSIGNED_CONTEXT ( ( #2106 ) ) GLOBAL_UNIT_ASSIGNED_CONTEXT ( ( #2635, #1027, #1512 ) ) REPRESENTATION_CONTEXT ( 'NONE', 'WORKASPACE' ) );
#4489 = ORIENTED_EDGE ( 'NONE', *, *, #5343, .T. ) ;
#4490 = CARTESIAN_POINT ( 'NONE',  ( -0.5450700447635880019, -0.001768500967889215930, 0.000000000000000000 ) ) ;
#4491 = CARTESIAN_POINT ( 'NONE',  ( 0.3542115532566010305, 0.2493470388551371208, 0.000000000000000000 ) ) ;
#4492 = CARTESIAN_POINT ( 'NONE',  ( 0.3804049034773665516, 0.2492599535985548787, 0.000000000000000000 ) ) ;
#4493 = PLANE ( 'NONE',  #5225 ) ;
#4494 = UNCERTAINTY_MEASURE_WITH_UNIT (LENGTH_MEASURE( 1.000000000000000082E-05 ), #1257, 'distance_accuracy_value', 'NONE');
#4495 = AXIS2_PLACEMENT_3D ( 'NONE', #4726, #4621, #3368 ) ;
#4496 = CARTESIAN_POINT ( 'NONE',  ( 0.3708026686510462744, 0.1945920173247937257, 0.000000000000000000 ) ) ;
#4497 =( LENGTH_UNIT ( ) NAMED_UNIT ( * ) SI_UNIT ( .MILLI., .METRE. ) );
#4498 = ORIENTED_EDGE ( 'NONE', *, *, #1174, .F. ) ;
#4499 = COLOUR_RGB ( '',0.8313725490196077761, 0.8313725490196077761, 0.8196078431372548767 ) ;
#4500 = FACE_OUTER_BOUND ( 'NONE', #3769, .T. ) ;
#4501 = CARTESIAN_POINT ( 'NONE',  ( 0.3333564233149291511, -0.2584942258730525966, 0.000000000000000000 ) ) ;
#4502 = DIRECTION ( 'NONE',  ( -1.000000000000000000, 0.000000000000000000, 0.000000000000000000 ) ) ;
#4503 = LINE ( 'NONE', #4130, #1328 ) ;
#4504 = STYLED_ITEM ( 'NONE', ( #3036 ), #1053 ) ;
#4505 = DIRECTION ( 'NONE',  ( -0.000000000000000000, -1.000000000000000000, 0.000000000000000000 ) ) ;
#4506 =( LENGTH_UNIT ( ) NAMED_UNIT ( * ) SI_UNIT ( .MILLI., .METRE. ) );
#4507 = FILL_AREA_STYLE ('',( #4109 ) ) ;
#4508 = DIRECTION ( 'NONE',  ( -0.000000000000000000, -1.000000000000000000, -0.000000000000000000 ) ) ;
#4509 = MECHANICAL_DESIGN_GEOMETRIC_PRESENTATION_REPRESENTATION (  '', ( #2002 ), #1218 ) ;
#4510 = CARTESIAN_POINT ( 'NONE',  ( 0.2950659751738846093, 0.1822885795234159279, 0.000000000000000000 ) ) ;
#4511 = CARTESIAN_POINT ( 'NONE',  ( -0.3505197398855387503, 0.1884944563491841307, 0.01000000000000000021 ) ) ;
#4512 = B_SPLINE_SURFACE_WITH_KNOTS ( 'NONE', 3, 1, ( 
 ( #3438, #5162 ),
 ( #2278, #3469 ),
 ( #4799, #1846 ),
 ( #4283, #3502 ),
 ( #1445, #229 ),
 ( #178, #2322 ),
 ( #1417, #3080 ),
 ( #4740, #5186 ),
 ( #3990, #5108 ),
 ( #4688, #1092 ),
 ( #2221, #1037 ),
 ( #579, #1893 ),
 ( #2672, #3880 ),
 ( #4717, #4334 ),
 ( #3523, #656 ),
 ( #1468, #2302 ),
 ( #3957, #255 ),
 ( #3544, #5213 ),
 ( #1497, #3680 ) ),
 .UNSPECIFIED., .F., .F., .F.,
 ( 4, 1, 1, 1, 1, 1, 1, 1, 1, 1, 1, 1, 1, 1, 1, 1, 4 ),
 ( 2, 2 ),
 ( 0.000000000000000000, 0.06460397028839215405, 0.1267024139629469304, 0.1867568140356179740, 0.2455056873654371530, 0.3036520244499752441, 0.3615030739706251439, 0.4202402229284672996, 0.4800333407766962379, 0.5406781347755159617, 0.6011918063807816237, 0.6623335024774421598, 0.7247395102972316039, 0.7894677361728864584, 0.8565048600438305293, 0.9263120958391900528, 1.000000000000000000 ),
 ( 0.000000000000000000, 1.000000000000000000 ),
 .UNSPECIFIED. ) ;
#4513 = VERTEX_POINT ( 'NONE', #678 ) ;
#4514 = VERTEX_POINT ( 'NONE', #709 ) ;
#4515 = STYLED_ITEM ( 'NONE', ( #3406 ), #4946 ) ;
#4516 = B_SPLINE_CURVE_WITH_KNOTS ( 'NONE', 3,
 ( #1101, #4428, #1989, #4454, #319, #1480, #3148 ),
 .UNSPECIFIED., .F., .F.,
 ( 4, 1, 1, 1, 4 ),
 ( 0.000000000000000000, 0.3005411131585100648, 0.5677471464835988080, 0.8000336137369802314, 1.000000000000000000 ),
 .UNSPECIFIED. ) ;
#4517 = VECTOR ( 'NONE', #3830, 1000.000000000000000 ) ;
#4518 = PRESENTATION_LAYER_ASSIGNMENT (  '', '', ( #2086 ) ) ;
#4519 = CARTESIAN_POINT ( 'NONE',  ( -0.5450700447635880019, -0.001768500967889215930, 0.000000000000000000 ) ) ;
#4520 = SURFACE_STYLE_FILL_AREA ( #2868 ) ;
#4521 =( GEOMETRIC_REPRESENTATION_CONTEXT ( 3 ) GLOBAL_UNCERTAINTY_ASSIGNED_CONTEXT ( ( #4793 ) ) GLOBAL_UNIT_ASSIGNED_CONTEXT ( ( #4341, #4366, #5220 ) ) REPRESENTATION_CONTEXT ( 'NONE', 'WORKASPACE' ) );
#4522 = DIRECTION ( 'NONE',  ( 1.000000000000000000, 0.000000000000000000, -0.000000000000000000 ) ) ;
#4523 = CARTESIAN_POINT ( 'NONE',  ( -0.8726906042556068499, 0.1714609485603576233, 0.000000000000000000 ) ) ;
#4524 = ADVANCED_FACE ( 'NONE', ( #3163 ), #758, .F. ) ;
#4525 = CARTESIAN_POINT ( 'NONE',  ( -0.6119436315484083622, 0.008724098171261407408, 0.01000000000000000021 ) ) ;
#4526 = COLOUR_RGB ( '',0.8313725490196077761, 0.8313725490196077761, 0.8196078431372548767 ) ;
#4527 =( NAMED_UNIT ( * ) PLANE_ANGLE_UNIT ( ) SI_UNIT ( $, .RADIAN. ) );
#4528 = EDGE_LOOP ( 'NONE', ( #431, #3124, #5076, #1701 ) ) ;
#4529 = CARTESIAN_POINT ( 'NONE',  ( -0.4523363261315552220, -0.2395229031543033849, 0.009999999999999995004 ) ) ;
#4530 = FACE_OUTER_BOUND ( 'NONE', #4193, .T. ) ;
#4531 = PRESENTATION_LAYER_ASSIGNMENT (  '', '', ( #1251 ) ) ;
#4532 = SURFACE_STYLE_FILL_AREA ( #1644 ) ;
#4533 =( LENGTH_UNIT ( ) NAMED_UNIT ( * ) SI_UNIT ( .MILLI., .METRE. ) );
#4534 =( LENGTH_UNIT ( ) NAMED_UNIT ( * ) SI_UNIT ( .MILLI., .METRE. ) );
#4535 = CARTESIAN_POINT ( 'NONE',  ( -0.5553047919804543486, 0.1603369840864160289, 0.000000000000000000 ) ) ;
#4536 = FACE_OUTER_BOUND ( 'NONE', #1865, .T. ) ;
#4537 = SURFACE_SIDE_STYLE ('',( #3808 ) ) ;
#4538 =( NAMED_UNIT ( * ) SI_UNIT ( $, .STERADIAN. ) SOLID_ANGLE_UNIT ( ) );
#4539 = EDGE_CURVE ( 'NONE', #4671, #3290, #1089, .T. ) ;
#4540 = CARTESIAN_POINT ( 'NONE',  ( 4.900000000000001243, 1.899999999999999911, 0.2000000000000000389 ) ) ;
#4541 = SURFACE_STYLE_USAGE ( .BOTH. , #3813 ) ;
#4542 = EDGE_CURVE ( 'NONE', #2743, #161, #3028, .T. ) ;
#4543 = ORIENTED_EDGE ( 'NONE', *, *, #2051, .F. ) ;
#4544 = ORIENTED_EDGE ( 'NONE', *, *, #4298, .T. ) ;
#4545 = COLOUR_RGB ( '',0.8313725490196077761, 0.8313725490196077761, 0.8196078431372548767 ) ;
#4546 = DIRECTION ( 'NONE',  ( -1.000000000000000000, 0.000000000000000000, 0.000000000000000000 ) ) ;
#4547 = SURFACE_SIDE_STYLE ('',( #4520 ) ) ;
#4548 = LINE ( 'NONE', #1303, #1409 ) ;
#4549 = PLANE ( 'NONE',  #1229 ) ;
#4550 = COLOUR_RGB ( '',0.8313725490196077761, 0.8313725490196077761, 0.8196078431372548767 ) ;
#4551 = DIRECTION ( 'NONE',  ( -0.000000000000000000, 1.000000000000000000, -0.000000000000000000 ) ) ;
#4552 = FILL_AREA_STYLE_COLOUR ( '', #3067 ) ;
#4553 = ORIENTED_EDGE ( 'NONE', *, *, #2607, .F. ) ;
#4554 = FACE_OUTER_BOUND ( 'NONE', #2045, .T. ) ;
#4555 = EDGE_CURVE ( 'NONE', #925, #1975, #4910, .T. ) ;
#4556 = FILL_AREA_STYLE ('',( #2059 ) ) ;
#4557 = DIRECTION ( 'NONE',  ( 0.000000000000000000, -1.000000000000000000, 0.000000000000000000 ) ) ;
#4558 = CARTESIAN_POINT ( 'NONE',  ( 6.450000000000001954, -1.899999999999999911, 0.2999999999999999889 ) ) ;
#4559 = DIRECTION ( 'NONE',  ( 0.000000000000000000, -1.000000000000000000, 0.000000000000000000 ) ) ;
#4560 = CARTESIAN_POINT ( 'NONE',  ( -6.399999999999998579, -1.899999999999999911, 3.500000000000000000 ) ) ;
#4561 = CARTESIAN_POINT ( 'NONE',  ( -6.450000000000001954, 1.899999999999999911, 0.1999999999999998446 ) ) ;
#4562 = VERTEX_POINT ( 'NONE', #1614 ) ;
#4563 = EDGE_LOOP ( 'NONE', ( #3016, #754, #972, #2489 ) ) ;
#4564 = STYLED_ITEM ( 'NONE', ( #3049 ), #3181 ) ;
#4565 = CARTESIAN_POINT ( 'NONE',  ( -0.8377529715928563325, 0.2433725051296717623, 0.000000000000000000 ) ) ;
#4566 = CARTESIAN_POINT ( 'NONE',  ( 6.399999999999998579, 3.000000000000000000, 0.000000000000000000 ) ) ;
#4567 = VECTOR ( 'NONE', #2711, 1000.000000000000000 ) ;
#4568 = CARTESIAN_POINT ( 'NONE',  ( 0.2537104430412901457, 0.2296529929345498822, 0.000000000000000000 ) ) ;
#4569 = CARTESIAN_POINT ( 'NONE',  ( -0.6079188960507165840, 0.05229061584271380014, 0.000000000000000000 ) ) ;
#4570 = CARTESIAN_POINT ( 'NONE',  ( 0.4651943599845199673, -0.2536523791428652030, 0.000000000000000000 ) ) ;
#4571 = VECTOR ( 'NONE', #504, 1000.000000000000000 ) ;
#4572 = FILL_AREA_STYLE ('',( #5322 ) ) ;
#4573 = SURFACE_STYLE_USAGE ( .BOTH. , #1200 ) ;
#4574 = ORIENTED_EDGE ( 'NONE', *, *, #4378, .T. ) ;
#4575 = FILL_AREA_STYLE ('',( #2928 ) ) ;
#4576 =( NAMED_UNIT ( * ) SI_UNIT ( $, .STERADIAN. ) SOLID_ANGLE_UNIT ( ) );
#4577 = SURFACE_SIDE_STYLE ('',( #4978 ) ) ;
#4578 = SURFACE_STYLE_FILL_AREA ( #2932 ) ;
#4579 = EDGE_CURVE ( 'NONE', #4689, #2372, #4103, .T. ) ;
#4580 = DIRECTION ( 'NONE',  ( 0.000000000000000000, 1.000000000000000000, -0.000000000000000000 ) ) ;
#4581 = FILL_AREA_STYLE_COLOUR ( '', #5209 ) ;
#4582 = CARTESIAN_POINT ( 'NONE',  ( 0.2658047601497594559, 0.2345623428938911348, 0.01000000000000000021 ) ) ;
#4583 = CARTESIAN_POINT ( 'NONE',  ( 0.5709764373582946195, 0.1578963387230832849, 0.01000000000000000021 ) ) ;
#4584 = ORIENTED_EDGE ( 'NONE', *, *, #3817, .T. ) ;
#4585 = AXIS2_PLACEMENT_3D ( 'NONE', #3939, #1447, #2282 ) ;
#4586 = CARTESIAN_POINT ( 'NONE',  ( -0.7696317825684659830, -0.1163835924313038478, 0.000000000000000000 ) ) ;
#4587 =( NAMED_UNIT ( * ) PLANE_ANGLE_UNIT ( ) SI_UNIT ( $, .RADIAN. ) );
#4588 = ADVANCED_FACE ( 'NONE', ( #4830 ), #3144, .F. ) ;
#4589 = FILL_AREA_STYLE ('',( #164 ) ) ;
#4590 = PRESENTATION_LAYER_ASSIGNMENT (  '', '', ( #1579 ) ) ;
#4591 = EDGE_LOOP ( 'NONE', ( #2846, #4584, #1511, #355 ) ) ;
#4592 = ORIENTED_EDGE ( 'NONE', *, *, #1134, .T. ) ;
#4593 = MECHANICAL_DESIGN_GEOMETRIC_PRESENTATION_REPRESENTATION (  '', ( #3214 ), #5306 ) ;
#4594 = CARTESIAN_POINT ( 'NONE',  ( -0.2767773618367586619, -0.2017494460898404396, 0.000000000000000000 ) ) ;
#4595 = CARTESIAN_POINT ( 'NONE',  ( 0.2786416083169537261, 0.2384715050365592559, 0.01000000000000000021 ) ) ;
#4596 = CARTESIAN_POINT ( 'NONE',  ( 0.3981206595398144032, 0.2488477654093709246, 0.000000000000000000 ) ) ;
#4597 = VECTOR ( 'NONE', #651, 1000.000000000000000 ) ;
#4598 = FACE_OUTER_BOUND ( 'NONE', #3676, .T. ) ;
#4599 = VERTEX_POINT ( 'NONE', #1154 ) ;
#4600 = CARTESIAN_POINT ( 'NONE',  ( 0.5276154379732668209, -0.2250773379398672558, 0.000000000000000000 ) ) ;
#4601 = EDGE_CURVE ( 'NONE', #696, #2942, #765, .T. ) ;
#4602 = STYLED_ITEM ( 'NONE', ( #5326 ), #5280 ) ;
#4603 =( LENGTH_UNIT ( ) NAMED_UNIT ( * ) SI_UNIT ( .MILLI., .METRE. ) );
#4604 = EDGE_CURVE ( 'NONE', #501, #5291, #717, .T. ) ;
#4605 = UNCERTAINTY_MEASURE_WITH_UNIT (LENGTH_MEASURE( 1.000000000000000082E-05 ), #657, 'distance_accuracy_value', 'NONE');
#4606 = AXIS2_PLACEMENT_3D ( 'NONE', #1150, #1528, #2763 ) ;
#4607 = ORIENTED_EDGE ( 'NONE', *, *, #1333, .T. ) ;
#4608 = SURFACE_STYLE_USAGE ( .BOTH. , #4637 ) ;
#4609 =( NAMED_UNIT ( * ) PLANE_ANGLE_UNIT ( ) SI_UNIT ( $, .RADIAN. ) );
#4610 = MECHANICAL_DESIGN_GEOMETRIC_PRESENTATION_REPRESENTATION (  '', ( #4101 ), #4521 ) ;
#4611 = DIRECTION ( 'NONE',  ( 0.000000000000000000, 0.000000000000000000, 1.000000000000000000 ) ) ;
#4612 = DIRECTION ( 'NONE',  ( -0.000000000000000000, -1.000000000000000000, -0.000000000000000000 ) ) ;
#4613 = UNCERTAINTY_MEASURE_WITH_UNIT (LENGTH_MEASURE( 1.000000000000000082E-05 ), #5085, 'distance_accuracy_value', 'NONE');
#4614 = CARTESIAN_POINT ( 'NONE',  ( -0.8685152047468719383, 0.1788364492294637897, 0.01000000000000000021 ) ) ;
#4615 =( NAMED_UNIT ( * ) SI_UNIT ( $, .STERADIAN. ) SOLID_ANGLE_UNIT ( ) );
#4616 = PRESENTATION_STYLE_ASSIGNMENT (( #1210 ) ) ;
#4617 = AXIS2_PLACEMENT_3D ( 'NONE', #643, #3533, #298 ) ;
#4618 = CARTESIAN_POINT ( 'NONE',  ( 0.2786416083169537261, 0.2384715050365592559, 0.01000000000000000021 ) ) ;
#4619 = DIRECTION ( 'NONE',  ( -1.000000000000000000, 0.000000000000000000, 0.000000000000000000 ) ) ;
#4620 = VERTEX_POINT ( 'NONE', #4423 ) ;
#4621 = DIRECTION ( 'NONE',  ( -1.000000000000000000, 0.000000000000000000, 0.000000000000000000 ) ) ;
#4622 = CARTESIAN_POINT ( 'NONE',  ( -0.09994809354407578617, 0.2433725051296717623, 0.000000000000000000 ) ) ;
#4623 = DIRECTION ( 'NONE',  ( 0.000000000000000000, 0.000000000000000000, 1.000000000000000000 ) ) ;
#4624 = VERTEX_POINT ( 'NONE', #1202 ) ;
#4625 = ORIENTED_EDGE ( 'NONE', *, *, #4555, .F. ) ;
#4626 = EDGE_CURVE ( 'NONE', #3975, #4987, #1506, .T. ) ;
#4627 = CARTESIAN_POINT ( 'NONE',  ( 0.3065676665379596932, 0.2446366739951982006, 0.000000000000000000 ) ) ;
#4628 = CARTESIAN_POINT ( 'NONE',  ( 0.5214956732940471129, -0.1413402132245773490, 0.000000000000000000 ) ) ;
#4629 = ORIENTED_EDGE ( 'NONE', *, *, #4328, .F. ) ;
#4630 = LINE ( 'NONE', #2129, #2424 ) ;
#4631 = MECHANICAL_DESIGN_GEOMETRIC_PRESENTATION_REPRESENTATION (  '', ( #577 ), #5252 ) ;
#4632 = CARTESIAN_POINT ( 'NONE',  ( 0.2537104430412901457, -0.1758348119434989532, 0.000000000000000000 ) ) ;
#4633 = DIRECTION ( 'NONE',  ( 0.3390537954853693470, 0.9407669869669987861, 0.000000000000000000 ) ) ;
#4634 = EDGE_LOOP ( 'NONE', ( #1058, #2490, #730, #1689 ) ) ;
#4635 = FILL_AREA_STYLE_COLOUR ( '', #5218 ) ;
#4636 = MECHANICAL_DESIGN_GEOMETRIC_PRESENTATION_REPRESENTATION (  '', ( #321 ), #3865 ) ;
#4637 = SURFACE_SIDE_STYLE ('',( #849 ) ) ;
#4638 = DIRECTION ( 'NONE',  ( -0.000000000000000000, 1.000000000000000000, 0.000000000000000000 ) ) ;
#4639 = CARTESIAN_POINT ( 'NONE',  ( -0.7696317825684659830, -0.1163835924313038478, 0.000000000000000000 ) ) ;
#4640 = CARTESIAN_POINT ( 'NONE',  ( 0.6220300074443023686, -0.06871902662414797192, 0.000000000000000000 ) ) ;
#4641 = SURFACE_STYLE_FILL_AREA ( #1741 ) ;
#4642 = CARTESIAN_POINT ( 'NONE',  ( -0.7218993130562708638, -0.2566274948703282655, 0.000000000000000000 ) ) ;
#4643 = CARTESIAN_POINT ( 'NONE',  ( -0.5250310230829033920, -0.1037211140600667464, 0.000000000000000000 ) ) ;
#4644 = CARTESIAN_POINT ( 'NONE',  ( 0.2537104430412901457, 0.2296529929345500209, 0.01000000000000000021 ) ) ;
#4645 = FILL_AREA_STYLE_COLOUR ( '', #2184 ) ;
#4646 = ORIENTED_EDGE ( 'NONE', *, *, #4678, .F. ) ;
#4647 = SURFACE_STYLE_USAGE ( .BOTH. , #5072 ) ;
#4648 = CARTESIAN_POINT ( 'NONE',  ( -4.900000000000001243, -1.899999999999999911, -0.1499999999999999389 ) ) ;
#4649 = ORIENTED_EDGE ( 'NONE', *, *, #4441, .F. ) ;
#4650 = ORIENTED_EDGE ( 'NONE', *, *, #1323, .T. ) ;
#4651 = ADVANCED_FACE ( 'NONE', ( #742 ), #1987, .F. ) ;
#4652 = PRESENTATION_LAYER_ASSIGNMENT (  '', '', ( #4396 ) ) ;
#4653 = CARTESIAN_POINT ( 'NONE',  ( 0.5584495818967146752, -0.01927346357187239428, 0.009999999999999998473 ) ) ;
#4654 = ORIENTED_EDGE ( 'NONE', *, *, #2039, .F. ) ;
#4655 = ORIENTED_EDGE ( 'NONE', *, *, #378, .F. ) ;
#4656 = CARTESIAN_POINT ( 'NONE',  ( 0.4169399906617455853, -0.2621529127207085086, 0.01000000000000000021 ) ) ;
#4657 = VECTOR ( 'NONE', #1136, 1000.000000000000000 ) ;
#4658 = PLANE ( 'NONE',  #5147 ) ;
#4659 = SURFACE_STYLE_USAGE ( .BOTH. , #5055 ) ;
#4660 = PRESENTATION_STYLE_ASSIGNMENT (( #1386 ) ) ;
#4661 = ORIENTED_EDGE ( 'NONE', *, *, #988, .T. ) ;
#4662 =( NAMED_UNIT ( * ) PLANE_ANGLE_UNIT ( ) SI_UNIT ( $, .RADIAN. ) );
#4663 = STYLED_ITEM ( 'NONE', ( #1877 ), #3819 ) ;
#4664 = VECTOR ( 'NONE', #1434, 1000.000000000000000 ) ;
#4665 = CARTESIAN_POINT ( 'NONE',  ( -6.650000000000001243, 1.899999999999999911, 0.1000000000000002276 ) ) ;
#4666 = DIRECTION ( 'NONE',  ( 0.000000000000000000, 0.000000000000000000, 1.000000000000000000 ) ) ;
#4667 =( NAMED_UNIT ( * ) SI_UNIT ( $, .STERADIAN. ) SOLID_ANGLE_UNIT ( ) );
#4668 = DIRECTION ( 'NONE',  ( 0.000000000000000000, -1.000000000000000000, -0.000000000000000000 ) ) ;
#4669 = CARTESIAN_POINT ( 'NONE',  ( -0.8690982459831002593, 0.1823968953735742027, 0.000000000000000000 ) ) ;
#4670 = CARTESIAN_POINT ( 'NONE',  ( 5.999999999999999112, 6.400000000000000355, 6.000000000000000000 ) ) ;
#4671 = VERTEX_POINT ( 'NONE', #938 ) ;
#4672 = CARTESIAN_POINT ( 'NONE',  ( -0.9048261423245637092, 0.2433725051296717623, 0.000000000000000000 ) ) ;
#4673 = CARTESIAN_POINT ( 'NONE',  ( 0.5520718786568142855, -0.07409309835248764631, 0.000000000000000000 ) ) ;
#4674 = CARTESIAN_POINT ( 'NONE',  ( 0.4974229492181674872, -0.1674997189030965616, 0.01000000000000000021 ) ) ;
#4675 = VECTOR ( 'NONE', #362, 1000.000000000000000 ) ;
#4676 = CARTESIAN_POINT ( 'NONE',  ( 6.400000000000001243, 1.899999999999999911, 3.000000000000000000 ) ) ;
#4677 = EDGE_LOOP ( 'NONE', ( #89, #3757, #4138, #5134 ) ) ;
#4678 = EDGE_CURVE ( 'NONE', #4061, #3975, #4183, .T. ) ;
#4679 = ORIENTED_EDGE ( 'NONE', *, *, #3127, .F. ) ;
#4680 = PRESENTATION_LAYER_ASSIGNMENT (  '', '', ( #4417 ) ) ;
#4681 = MECHANICAL_DESIGN_GEOMETRIC_PRESENTATION_REPRESENTATION (  '', ( #1579 ), #4166 ) ;
#4682 = AXIS2_PLACEMENT_3D ( 'NONE', #3474, #3773, #4287 ) ;
#4683 = CARTESIAN_POINT ( 'NONE',  ( 0.4974229492181674872, -0.1674997189030965616, 0.000000000000000000 ) ) ;
#4684 = VERTEX_POINT ( 'NONE', #1310 ) ;
#4685 = AXIS2_PLACEMENT_3D ( 'NONE', #2674, #5188, #5272 ) ;
#4686 =( LENGTH_UNIT ( ) NAMED_UNIT ( * ) SI_UNIT ( .MILLI., .METRE. ) );
#4687 = SURFACE_SIDE_STYLE ('',( #962 ) ) ;
#4688 = CARTESIAN_POINT ( 'NONE',  ( 0.5065655170754276293, 0.1389050558775881128, 0.000000000000000000 ) ) ;
#4689 = VERTEX_POINT ( 'NONE', #2057 ) ;
#4690 = PRESENTATION_STYLE_ASSIGNMENT (( #3109 ) ) ;
#4691 = PRODUCT_CONTEXT ( 'NONE', #3613, 'mechanical' ) ;
#4692 = CARTESIAN_POINT ( 'NONE',  ( 6.400000000000002132, -1.899999999999999689, 3.500000000000000444 ) ) ;
#4693 = PRESENTATION_LAYER_ASSIGNMENT (  '', '', ( #4515 ) ) ;
#4694 = ADVANCED_FACE ( 'NONE', ( #4554 ), #5060, .F. ) ;
#4695 = CARTESIAN_POINT ( 'NONE',  ( 0.6256616625534853204, -0.01605965950447456672, 0.000000000000000000 ) ) ;
#4696 = LINE ( 'NONE', #558, #1499 ) ;
#4697 = VECTOR ( 'NONE', #2289, 1000.000000000000000 ) ;
#4698 = CARTESIAN_POINT ( 'NONE',  ( -5.999999999999995559, -6.400000000000000355, 6.000000000000000000 ) ) ;
#4699 = CIRCLE ( 'NONE', #1590, 0.4000000000000001887 ) ;
#4700 = PLANE ( 'NONE',  #3763 ) ;
#4701 = CARTESIAN_POINT ( 'NONE',  ( -0.6121432154952953786, -0.0003393851142306780755, 0.000000000000000000 ) ) ;
#4702 = ORIENTED_EDGE ( 'NONE', *, *, #2207, .F. ) ;
#4703 = CARTESIAN_POINT ( 'NONE',  ( 0.5581782940901017787, -0.03355089846874140247, 0.000000000000000000 ) ) ;
#4704 = FILL_AREA_STYLE ('',( #591 ) ) ;
#4705 = EDGE_LOOP ( 'NONE', ( #3372, #2973, #3839, #731 ) ) ;
#4706 = SURFACE_STYLE_USAGE ( .BOTH. , #3052 ) ;
#4707 = ADVANCED_FACE ( 'NONE', ( #5002 ), #2957, .T. ) ;
#4708 = UNCERTAINTY_MEASURE_WITH_UNIT (LENGTH_MEASURE( 1.000000000000000082E-05 ), #447, 'distance_accuracy_value', 'NONE');
#4709 = CARTESIAN_POINT ( 'NONE',  ( -0.5450700447635880019, -0.001768500967889215930, 0.000000000000000000 ) ) ;
#4710 = EDGE_CURVE ( 'NONE', #2778, #925, #3717, .T. ) ;
#4711 = CARTESIAN_POINT ( 'NONE',  ( 6.000000000000001776, 6.000000000000000000, 6.000000000000000000 ) ) ;
#4712 = CARTESIAN_POINT ( 'NONE',  ( -6.550000000000001599, 1.899999999999999911, 3.049999999999999378 ) ) ;
#4713 = VERTEX_POINT ( 'NONE', #4975 ) ;
#4714 = ORIENTED_EDGE ( 'NONE', *, *, #3486, .F. ) ;
#4715 = DIRECTION ( 'NONE',  ( 0.000000000000000000, -1.000000000000000000, 0.000000000000000000 ) ) ;
#4716 = VECTOR ( 'NONE', #317, 1000.000000000000000 ) ;
#4717 = CARTESIAN_POINT ( 'NONE',  ( 0.5459235662034885861, 0.07308574349368421319, 0.000000000000000000 ) ) ;
#4718 = CARTESIAN_POINT ( 'NONE',  ( -0.3914058108987006901, -0.1987459930701670208, 0.01000000000000000021 ) ) ;
#4719 = ORIENTED_EDGE ( 'NONE', *, *, #2656, .T. ) ;
#4720 =( LENGTH_UNIT ( ) NAMED_UNIT ( * ) SI_UNIT ( .MILLI., .METRE. ) );
#4721 = MECHANICAL_DESIGN_GEOMETRIC_PRESENTATION_REPRESENTATION (  '', ( #4116 ), #1693 ) ;
#4722 = CARTESIAN_POINT ( 'NONE',  ( 4.399999999999998579, -3.000000000000000000, 0.2999999999999999889 ) ) ;
#4723 = CARTESIAN_POINT ( 'NONE',  ( 0.4873062581031677443, -0.2461828419868980766, 0.000000000000000000 ) ) ;
#4724 = ADVANCED_FACE ( 'NONE', ( #2903 ), #1282, .F. ) ;
#4725 = FILL_AREA_STYLE ('',( #1854 ) ) ;
#4726 = CARTESIAN_POINT ( 'NONE',  ( -0.09994809354407578617, 0.2433725051296717623, 0.000000000000000000 ) ) ;
#4727 = COLOUR_RGB ( '',0.8313725490196077761, 0.8313725490196077761, 0.8196078431372548767 ) ;
#4728 = CARTESIAN_POINT ( 'NONE',  ( 0.5584495818967146752, -0.01927346357187239428, 0.000000000000000000 ) ) ;
#4729 = CARTESIAN_POINT ( 'NONE',  ( 0.5100882233953455414, -0.1551318928480227843, 0.01000000000000000021 ) ) ;
#4730 = CARTESIAN_POINT ( 'NONE',  ( 0.2786416083169537261, 0.2384715050365592559, 0.000000000000000000 ) ) ;
#4731 = VERTEX_POINT ( 'NONE', #4741 ) ;
#4732 = CARTESIAN_POINT ( 'NONE',  ( -6.399999999999998579, -3.000000000000000000, 0.2999999999999999889 ) ) ;
#4733 =( NAMED_UNIT ( * ) PLANE_ANGLE_UNIT ( ) SI_UNIT ( $, .RADIAN. ) );
#4734 = FACE_OUTER_BOUND ( 'NONE', #3899, .T. ) ;
#4735 = CARTESIAN_POINT ( 'NONE',  ( 0.5622684213049155000, -0.1953463197333015489, 0.01000000000000000021 ) ) ;
#4736 = CARTESIAN_POINT ( 'NONE',  ( 0.4974229492181674872, -0.1674997189030965616, 0.009999999999999998473 ) ) ;
#4737 = ORIENTED_EDGE ( 'NONE', *, *, #3030, .T. ) ;
#4738 = ORIENTED_EDGE ( 'NONE', *, *, #4195, .F. ) ;
#4739 = VECTOR ( 'NONE', #3236, 1000.000000000000114 ) ;
#4740 = CARTESIAN_POINT ( 'NONE',  ( 0.4784276982971010228, 0.1633485006919146720, 0.000000000000000000 ) ) ;
#4741 = CARTESIAN_POINT ( 'NONE',  ( -0.8690982459831007034, 0.1823968953735743692, 0.01000000000000000021 ) ) ;
#4742 = AXIS2_PLACEMENT_3D ( 'NONE', #1750, #1774, #1725 ) ;
#4743 = UNCERTAINTY_MEASURE_WITH_UNIT (LENGTH_MEASURE( 1.000000000000000082E-05 ), #3041, 'distance_accuracy_value', 'NONE');
#4744 = DIRECTION ( 'NONE',  ( -0.000000000000000000, -1.000000000000000000, -0.000000000000000000 ) ) ;
#4745 = CARTESIAN_POINT ( 'NONE',  ( -5.999999999999998224, 6.000000000000000000, 6.000000000000000000 ) ) ;
#4746 = CARTESIAN_POINT ( 'NONE',  ( -0.8707179106172465710, 0.1823968953735742027, 0.000000000000000000 ) ) ;
#4747 = CARTESIAN_POINT ( 'NONE',  ( -0.4014171914784299133, -0.2526257689139837503, 0.000000000000000000 ) ) ;
#4748 = CARTESIAN_POINT ( 'NONE',  ( 0.4240903086019965906, 0.2453238012137187174, 0.000000000000000000 ) ) ;
#4749 = CARTESIAN_POINT ( 'NONE',  ( 0.3295414918584877451, -0.2035933393641764788, 0.01000000000000000021 ) ) ;
#4750 = SURFACE_STYLE_USAGE ( .BOTH. , #1076 ) ;
#4751 = ADVANCED_FACE ( 'NONE', ( #3825 ), #230, .F. ) ;
#4752 = CARTESIAN_POINT ( 'NONE',  ( 0.5214956732940471129, -0.1413402132245773490, 0.01000000000000000021 ) ) ;
#4753 = DIRECTION ( 'NONE',  ( 0.000000000000000000, 0.000000000000000000, 1.000000000000000000 ) ) ;
#4754 = EDGE_LOOP ( 'NONE', ( #4737, #2550, #4412, #1405 ) ) ;
#4755 = CARTESIAN_POINT ( 'NONE',  ( 0.2808943535984081419, 0.1767185104363713788, 0.01000000000000000021 ) ) ;
#4756 = DIRECTION ( 'NONE',  ( -1.000000000000000000, 0.000000000000000000, 0.000000000000000000 ) ) ;
#4757 = CARTESIAN_POINT ( 'NONE',  ( -0.3699875326264490116, -0.2012688938766354629, 0.01000000000000000194 ) ) ;
#4758 = ADVANCED_FACE ( 'NONE', ( #3524 ), #2620, .F. ) ;
#4759 =( NAMED_UNIT ( * ) SI_UNIT ( $, .STERADIAN. ) SOLID_ANGLE_UNIT ( ) );
#4760 = VECTOR ( 'NONE', #4346, 1000.000000000000000 ) ;
#4761 = FILL_AREA_STYLE_COLOUR ( '', #292 ) ;
#4762 = ORIENTED_EDGE ( 'NONE', *, *, #3529, .F. ) ;
#4763 = STYLED_ITEM ( 'NONE', ( #1763 ), #1024 ) ;
#4764 = FACE_OUTER_BOUND ( 'NONE', #4528, .T. ) ;
#4765 = CARTESIAN_POINT ( 'NONE',  ( 0.5541296501129666652, 0.1767472517332447368, 0.009999999999999998473 ) ) ;
#4766 = COLOUR_RGB ( '',0.8313725490196077761, 0.8313725490196077761, 0.8196078431372548767 ) ;
#4767 = B_SPLINE_SURFACE_WITH_KNOTS ( 'NONE', 3, 1, ( 
 ( #798, #2961 ),
 ( #608, #2251 ),
 ( #184, #1713 ),
 ( #3911, #914 ),
 ( #2538, #3803 ),
 ( #3361, #3829 ),
 ( #940, #3443 ),
 ( #2198, #1425 ),
 ( #99, #1819 ),
 ( #4288, #156 ),
 ( #585, #3060 ) ),
 .UNSPECIFIED., .F., .F., .F.,
 ( 4, 1, 1, 1, 1, 1, 1, 1, 4 ),
 ( 2, 2 ),
 ( 0.000000000000000000, 0.1124483899088009192, 0.2265276752126772764, 0.3444019493260274123, 0.4658649724874581732, 0.5916594493521162290, 0.7221684870248874510, 0.8586063875549264646, 1.000000000000000000 ),
 ( 0.000000000000000000, 1.000000000000000000 ),
 .UNSPECIFIED. ) ;
#4768 = DIRECTION ( 'NONE',  ( 0.000000000000000000, 1.000000000000000000, -0.000000000000000000 ) ) ;
#4769 = COLOUR_RGB ( '',0.8313725490196077761, 0.8313725490196077761, 0.8196078431372548767 ) ;
#4770 = FILL_AREA_STYLE ('',( #3110 ) ) ;
#4771 = ADVANCED_FACE ( 'NONE', ( #337 ), #24, .F. ) ;
#4772 = CARTESIAN_POINT ( 'NONE',  ( -1.099948093544075967, -0.2566274948703284875, 0.01000000000000000021 ) ) ;
#4773 = EDGE_CURVE ( 'NONE', #1085, #4713, #2346, .T. ) ;
#4774 = FILL_AREA_STYLE_COLOUR ( '', #2904 ) ;
#4775 = CARTESIAN_POINT ( 'NONE',  ( -0.8610951972026128498, 0.1473359197638182405, 0.01000000000000000021 ) ) ;
#4776 = CARTESIAN_POINT ( 'NONE',  ( 0.1561494674315339615, -0.2566274948703282655, 0.000000000000000000 ) ) ;
#4777 = MECHANICAL_DESIGN_GEOMETRIC_PRESENTATION_REPRESENTATION (  '', ( #4515 ), #5049 ) ;
#4778 = DIRECTION ( 'NONE',  ( -0.3536223923290756077, 0.9353882635801357148, 0.000000000000000000 ) ) ;
#4779 = B_SPLINE_CURVE_WITH_KNOTS ( 'NONE', 3,
 ( #2389, #5199, #2689, #641, #3175, #4400, #4835, #4781, #344, #1595, #3558 ),
 .UNSPECIFIED., .F., .F.,
 ( 4, 1, 1, 1, 1, 1, 1, 1, 4 ),
 ( 0.000000000000000000, 0.1252796967356258617, 0.2494199707420504952, 0.3733567994928189693, 0.4966812787822856290, 0.6202029157439820084, 0.7450863201614558173, 0.8712691950190976087, 1.000000000000000000 ),
 .UNSPECIFIED. ) ;
#4780 = STYLED_ITEM ( 'NONE', ( #2440 ), #1684 ) ;
#4781 = CARTESIAN_POINT ( 'NONE',  ( 0.3395867011185490503, 0.1927339685052878171, 0.000000000000000000 ) ) ;
#4782 = CARTESIAN_POINT ( 'NONE',  ( 0.2537104430412901457, 0.1625798222028425333, 0.000000000000000000 ) ) ;
#4783 = MECHANICAL_DESIGN_GEOMETRIC_PRESENTATION_REPRESENTATION (  '', ( #2436 ), #3833 ) ;
#4784 = CARTESIAN_POINT ( 'NONE',  ( -5.999999999999995559, 6.400000000000000355, 6.000000000000000000 ) ) ;
#4785 = DIRECTION ( 'NONE',  ( -0.000000000000000000, -0.000000000000000000, -1.000000000000000000 ) ) ;
#4786 = EDGE_LOOP ( 'NONE', ( #1710, #2056, #5037, #3730 ) ) ;
#4787 = CARTESIAN_POINT ( 'NONE',  ( 0.3550789016524637520, 0.1943542852998162429, 0.01000000000000000021 ) ) ;
#4788 = VERTEX_POINT ( 'NONE', #1981 ) ;
#4789 = AXIS2_PLACEMENT_3D ( 'NONE', #583, #1788, #3441 ) ;
#4790 = LINE ( 'NONE', #3156, #1208 ) ;
#4791 = CARTESIAN_POINT ( 'NONE',  ( 0.5771625971223912632, -0.1777312662027624723, 0.01000000000000000021 ) ) ;
#4792 = ORIENTED_EDGE ( 'NONE', *, *, #1773, .F. ) ;
#4793 = UNCERTAINTY_MEASURE_WITH_UNIT (LENGTH_MEASURE( 1.000000000000000082E-05 ), #4341, 'distance_accuracy_value', 'NONE');
#4794 = EDGE_CURVE ( 'NONE', #1001, #5086, #2732, .T. ) ;
#4795 = VERTEX_POINT ( 'NONE', #4068 ) ;
#4796 = ORIENTED_EDGE ( 'NONE', *, *, #303, .T. ) ;
#4797 = VECTOR ( 'NONE', #4753, 1000.000000000000000 ) ;
#4798 = CARTESIAN_POINT ( 'NONE',  ( -0.8707179106172465710, 0.1823968953735742027, 0.000000000000000000 ) ) ;
#4799 = CARTESIAN_POINT ( 'NONE',  ( 0.3908639699583917326, 0.1941606626188714935, 0.000000000000000000 ) ) ;
#4800 = FACE_OUTER_BOUND ( 'NONE', #4634, .T. ) ;
#4801 = CARTESIAN_POINT ( 'NONE',  ( 0.3131611164316794316, -0.2000399820032026654, 0.000000000000000000 ) ) ;
#4802 = PLANE ( 'NONE',  #4585 ) ;
#4803 = CARTESIAN_POINT ( 'NONE',  ( -0.5379565689571452758, 0.06251237245605097137, 0.01000000000000000021 ) ) ;
#4804 = LINE ( 'NONE', #3509, #4986 ) ;
#4805 = CARTESIAN_POINT ( 'NONE',  ( -0.3456607459831002038, -0.2566274948703282655, 0.000000000000000000 ) ) ;
#4806 = SURFACE_STYLE_FILL_AREA ( #4889 ) ;
#4807 =( LENGTH_UNIT ( ) NAMED_UNIT ( * ) SI_UNIT ( .MILLI., .METRE. ) );
#4808 =( NAMED_UNIT ( * ) SI_UNIT ( $, .STERADIAN. ) SOLID_ANGLE_UNIT ( ) );
#4809 = FILL_AREA_STYLE_COLOUR ( '', #4243 ) ;
#4810 = CIRCLE ( 'NONE', #1006, 0.4000000000000001887 ) ;
#4811 = CARTESIAN_POINT ( 'NONE',  ( -5.999999999999998224, 6.000000000000000000, 6.000000000000000000 ) ) ;
#4812 = VERTEX_POINT ( 'NONE', #285 ) ;
#4813 = EDGE_LOOP ( 'NONE', ( #2572, #4327, #406, #2274 ) ) ;
#4814 = STYLED_ITEM ( 'NONE', ( #1144 ), #2779 ) ;
#4815 = CARTESIAN_POINT ( 'NONE',  ( 4.399999999999998579, -3.000000000000000000, 0.000000000000000000 ) ) ;
#4816 = FILL_AREA_STYLE_COLOUR ( '', #3821 ) ;
#4817 = EDGE_LOOP ( 'NONE', ( #3984, #276, #3499, #3625 ) ) ;
#4818 = ORIENTED_EDGE ( 'NONE', *, *, #1755, .T. ) ;
#4819 = VERTEX_POINT ( 'NONE', #1525 ) ;
#4820 = EDGE_LOOP ( 'NONE', ( #3152, #2044, #2024, #4405, #3162, #4413, #575, #619 ) ) ;
#4821 = SURFACE_STYLE_USAGE ( .BOTH. , #3135 ) ;
#4822 = EDGE_CURVE ( 'NONE', #3078, #3754, #257, .T. ) ;
#4823 = CARTESIAN_POINT ( 'NONE',  ( 0.6683445893827535400, -0.2566274948703282655, 0.000000000000000000 ) ) ;
#4824 = FILL_AREA_STYLE_COLOUR ( '', #343 ) ;
#4825 = DIRECTION ( 'NONE',  ( -0.000000000000000000, -1.000000000000000000, -0.000000000000000000 ) ) ;
#4826 = PRESENTATION_STYLE_ASSIGNMENT (( #1958 ) ) ;
#4827 =( GEOMETRIC_REPRESENTATION_CONTEXT ( 3 ) GLOBAL_UNCERTAINTY_ASSIGNED_CONTEXT ( ( #4439 ) ) GLOBAL_UNIT_ASSIGNED_CONTEXT ( ( #4603, #1031, #4759 ) ) REPRESENTATION_CONTEXT ( 'NONE', 'WORKASPACE' ) );
#4828 = SURFACE_SIDE_STYLE ('',( #740 ) ) ;
#4829 =( NAMED_UNIT ( * ) SI_UNIT ( $, .STERADIAN. ) SOLID_ANGLE_UNIT ( ) );
#4830 = FACE_OUTER_BOUND ( 'NONE', #1110, .T. ) ;
#4831 =( GEOMETRIC_REPRESENTATION_CONTEXT ( 3 ) GLOBAL_UNCERTAINTY_ASSIGNED_CONTEXT ( ( #3690 ) ) GLOBAL_UNIT_ASSIGNED_CONTEXT ( ( #3455, #5099, #5014 ) ) REPRESENTATION_CONTEXT ( 'NONE', 'WORKASPACE' ) );
#4832 = CARTESIAN_POINT ( 'NONE',  ( -0.3552311044726041978, -0.2564543421822504943, 0.000000000000000000 ) ) ;
#4833 = CARTESIAN_POINT ( 'NONE',  ( 6.650000000000001243, 1.899999999999999911, -0.1499999999999999112 ) ) ;
#4834 = UNCERTAINTY_MEASURE_WITH_UNIT (LENGTH_MEASURE( 1.000000000000000082E-05 ), #2823, 'distance_accuracy_value', 'NONE');
#4835 = CARTESIAN_POINT ( 'NONE',  ( 0.3244190584484367146, 0.1903256631488806083, 0.000000000000000000 ) ) ;
#4836 = LINE ( 'NONE', #1129, #1414 ) ;
#4837 =( NAMED_UNIT ( * ) SI_UNIT ( $, .STERADIAN. ) SOLID_ANGLE_UNIT ( ) );
#4838 = MECHANICAL_DESIGN_GEOMETRIC_PRESENTATION_REPRESENTATION (  '', ( #1120 ), #83 ) ;
#4839 = EDGE_LOOP ( 'NONE', ( #279, #1049, #3216, #601 ) ) ;
#4840 = FACE_BOUND ( 'NONE', #1638, .T. ) ;
#4841 = CARTESIAN_POINT ( 'NONE',  ( 0.5385895772415567606, 0.09144705861030102967, 0.01000000000000000021 ) ) ;
#4842 = STYLED_ITEM ( 'NONE', ( #4129 ), #3987 ) ;
#4843 = CARTESIAN_POINT ( 'NONE',  ( -0.5445876685808966888, 0.02077838095454796405, 0.000000000000000000 ) ) ;
#4844 = EDGE_CURVE ( 'NONE', #1625, #2693, #1553, .T. ) ;
#4845 = ORIENTED_EDGE ( 'NONE', *, *, #5343, .F. ) ;
#4846 = ORIENTED_EDGE ( 'NONE', *, *, #1265, .F. ) ;
#4847 = EDGE_LOOP ( 'NONE', ( #952, #2122, #2606, #836 ) ) ;
#4848 = ORIENTED_EDGE ( 'NONE', *, *, #4142, .T. ) ;
#4849 = CARTESIAN_POINT ( 'NONE',  ( 0.2678535752150043026, -0.2385192938565816045, 0.01000000000000000021 ) ) ;
#4850 = CARTESIAN_POINT ( 'NONE',  ( -0.08775297159285626314, 0.02386031000772056293, 0.000000000000000000 ) ) ;
#4851 = CARTESIAN_POINT ( 'NONE',  ( 0.6160717326313180919, 0.06694174875088169940, 0.000000000000000000 ) ) ;
#4852 = FILL_AREA_STYLE_COLOUR ( '', #796 ) ;
#4853 = SURFACE_STYLE_USAGE ( .BOTH. , #1632 ) ;
#4854 = CARTESIAN_POINT ( 'NONE',  ( -0.8707179106172465710, 0.1823968953735742027, 0.000000000000000000 ) ) ;
#4855 = CARTESIAN_POINT ( 'NONE',  ( 5.999999999999999112, 6.400000000000000355, 6.000000000000000000 ) ) ;
#4856 = B_SPLINE_CURVE_WITH_KNOTS ( 'NONE', 3,
 ( #3673, #402, #1211, #802, #3618, #3183, #698, #2041, #3209, #3590, #4954, #728, #4841, #3698, #2365, #749, #1650, #1237, #1601 ),
 .UNSPECIFIED., .F., .F.,
 ( 4, 1, 1, 1, 1, 1, 1, 1, 1, 1, 1, 1, 1, 1, 1, 1, 4 ),
 ( 0.000000000000000000, 0.06460397028839215405, 0.1267024139629469304, 0.1867568140356179740, 0.2455056873654371530, 0.3036520244499752441, 0.3615030739706251439, 0.4202402229284672996, 0.4800333407766962379, 0.5406781347755159617, 0.6011918063807816237, 0.6623335024774421598, 0.7247395102972316039, 0.7894677361728864584, 0.8565048600438305293, 0.9263120958391900528, 1.000000000000000000 ),
 .UNSPECIFIED. ) ;
#4857 = SURFACE_STYLE_USAGE ( .BOTH. , #4475 ) ;
#4858 = STYLED_ITEM ( 'NONE', ( #815 ), #1254 ) ;
#4859 = SURFACE_STYLE_FILL_AREA ( #3201 ) ;
#4860 = ADVANCED_FACE ( 'NONE', ( #3635 ), #5296, .F. ) ;
#4861 = CARTESIAN_POINT ( 'NONE',  ( -0.6121432154952953786, -0.0003393851142306780755, 0.000000000000000000 ) ) ;
#4862 = SURFACE_STYLE_FILL_AREA ( #4425 ) ;
#4863 = LINE ( 'NONE', #1510, #4567 ) ;
#4864 = CARTESIAN_POINT ( 'NONE',  ( 6.000000000000001776, 0.2433725051296719843, 0.01000000000000000021 ) ) ;
#4865 =( NAMED_UNIT ( * ) SI_UNIT ( $, .STERADIAN. ) SOLID_ANGLE_UNIT ( ) );
#4866 = COLOUR_RGB ( '',0.8313725490196077761, 0.8313725490196077761, 0.8196078431372548767 ) ;
#4867 = PRESENTATION_STYLE_ASSIGNMENT (( #2742 ) ) ;
#4868 = CARTESIAN_POINT ( 'NONE',  ( 0.3708026686510459413, 0.1945920173247938922, 0.01000000000000000021 ) ) ;
#4869 = SURFACE_STYLE_FILL_AREA ( #5362 ) ;
#4870 = DIRECTION ( 'NONE',  ( 1.000000000000000000, 0.000000000000000000, 0.000000000000000000 ) ) ;
#4871 = PRESENTATION_LAYER_ASSIGNMENT (  '', '', ( #1837 ) ) ;
#4872 = DIRECTION ( 'NONE',  ( 0.3363908276654488105, -0.9417224702971433992, 0.000000000000000000 ) ) ;
#4873 =( GEOMETRIC_REPRESENTATION_CONTEXT ( 3 ) GLOBAL_UNCERTAINTY_ASSIGNED_CONTEXT ( ( #2768 ) ) GLOBAL_UNIT_ASSIGNED_CONTEXT ( ( #3140, #715, #1067 ) ) REPRESENTATION_CONTEXT ( 'NONE', 'WORKASPACE' ) );
#4874 = ORIENTED_EDGE ( 'NONE', *, *, #607, .T. ) ;
#4875 = ADVANCED_FACE ( 'NONE', ( #4598 ), #4175, .F. ) ;
#4877 = ORIENTED_EDGE ( 'NONE', *, *, #3506, .T. ) ;
#4876 =( GEOMETRIC_REPRESENTATION_CONTEXT ( 3 ) GLOBAL_UNCERTAINTY_ASSIGNED_CONTEXT ( ( #3299 ) ) GLOBAL_UNIT_ASSIGNED_CONTEXT ( ( #1471, #155, #4337 ) ) REPRESENTATION_CONTEXT ( 'NONE', 'WORKASPACE' ) );
#4878 = VERTEX_POINT ( 'NONE', #2102 ) ;
#4879 = EDGE_CURVE ( 'NONE', #2317, #227, #4548, .T. ) ;
#4880 = VECTOR ( 'NONE', #3896, 1000.000000000000000 ) ;
#4881 = LINE ( 'NONE', #310, #1961 ) ;
#4882 = SURFACE_SIDE_STYLE ('',( #1894 ) ) ;
#4883 = COLOUR_RGB ( '',0.7921568627450980005, 0.8196078431372548767, 0.9333333333333333481 ) ;
#4884 = CARTESIAN_POINT ( 'NONE',  ( 0.3820450466998267514, -0.2078470070654502011, 0.01000000000000000021 ) ) ;
#4885 =( NAMED_UNIT ( * ) SI_UNIT ( $, .STERADIAN. ) SOLID_ANGLE_UNIT ( ) );
#4886 = CARTESIAN_POINT ( 'NONE',  ( 0.3775773495833013582, 0.1944463492818049588, 0.000000000000000000 ) ) ;
#4887 = CARTESIAN_POINT ( 'NONE',  ( -0.5705158524350288918, 0.1415596472549106033, 0.01000000000000000021 ) ) ;
#4888 = FILL_AREA_STYLE ('',( #3254 ) ) ;
#4889 = FILL_AREA_STYLE ('',( #4072 ) ) ;
#4890 = CARTESIAN_POINT ( 'NONE',  ( -0.5705357629206968539, -0.1489769171295684813, 0.000000000000000000 ) ) ;
#4891 = PLANE ( 'NONE',  #4682 ) ;
#4892 = CARTESIAN_POINT ( 'NONE',  ( -0.4758148803628110546, -0.2297043093477719178, 0.01000000000000000021 ) ) ;
#4893 = SURFACE_STYLE_USAGE ( .BOTH. , #2770 ) ;
#4894 = ADVANCED_FACE ( 'NONE', ( #2526 ), #4493, .F. ) ;
#4895 = DIRECTION ( 'NONE',  ( -0.000000000000000000, -1.000000000000000000, -0.000000000000000000 ) ) ;
#4896 = STYLED_ITEM ( 'NONE', ( #3528 ), #3105 ) ;
#4897 = CARTESIAN_POINT ( 'NONE',  ( -0.4296125214980495710, 0.2344249972717372676, 0.000000000000000000 ) ) ;
#4898 = CARTESIAN_POINT ( 'NONE',  ( -0.9761866606172464600, -0.1163835924313038478, 0.000000000000000000 ) ) ;
#4899 =( LENGTH_UNIT ( ) NAMED_UNIT ( * ) SI_UNIT ( .MILLI., .METRE. ) );
#4900 = CARTESIAN_POINT ( 'NONE',  ( 0.08907629669982670972, 0.02386031000772056293, 0.000000000000000000 ) ) ;
#4901 = CARTESIAN_POINT ( 'NONE',  ( -0.5449061544723825534, 0.005891941600877288396, 0.009999999999999998473 ) ) ;
#4902 = EDGE_LOOP ( 'NONE', ( #2578, #2861, #1433, #3536 ) ) ;
#4903 = PRESENTATION_LAYER_ASSIGNMENT (  '', '', ( #2992 ) ) ;
#4904 = ORIENTED_EDGE ( 'NONE', *, *, #3127, .T. ) ;
#4905 = ORIENTED_EDGE ( 'NONE', *, *, #2306, .T. ) ;
#4906 = CARTESIAN_POINT ( 'NONE',  ( -0.5152359826901042883, 0.1140951800488712448, 0.000000000000000000 ) ) ;
#4907 =( LENGTH_UNIT ( ) NAMED_UNIT ( * ) SI_UNIT ( .MILLI., .METRE. ) );
#4908 = CARTESIAN_POINT ( 'NONE',  ( -0.08775297159285648518, 0.02386031000772056293, 0.01000000000000000021 ) ) ;
#4909 = PRESENTATION_STYLE_ASSIGNMENT (( #4416 ) ) ;
#4910 = B_SPLINE_CURVE_WITH_KNOTS ( 'NONE', 3,
 ( #4039, #333, #4849, #1171, #3656, #1608, #2819, #3664, #3203, #5325, #1934 ),
 .UNSPECIFIED., .F., .F.,
 ( 4, 1, 1, 1, 1, 1, 1, 1, 4 ),
 ( 0.000000000000000000, 0.1124483899088009192, 0.2265276752126772764, 0.3444019493260274123, 0.4658649724874581732, 0.5916594493521162290, 0.7221684870248874510, 0.8586063875549264646, 1.000000000000000000 ),
 .UNSPECIFIED. ) ;
#4911 = SURFACE_SIDE_STYLE ('',( #1065 ) ) ;
#4912 = CARTESIAN_POINT ( 'NONE',  ( 0.5188698119633533556, 0.1244235039893146350, 0.000000000000000000 ) ) ;
#4913 = FILL_AREA_STYLE ('',( #1279 ) ) ;
#4914 = DIRECTION ( 'NONE',  ( 1.000000000000000000, 0.000000000000000000, 0.000000000000000000 ) ) ;
#4915 = DIRECTION ( 'NONE',  ( 0.000000000000000000, -1.000000000000000000, 0.000000000000000000 ) ) ;
#4916 = CARTESIAN_POINT ( 'NONE',  ( -0.4275728703448253842, -0.2473182796859458021, 0.000000000000000000 ) ) ;
#4917 = CARTESIAN_POINT ( 'NONE',  ( -6.900000000000001243, 1.899999999999999911, 0.1000000000000001860 ) ) ;
#4918 = CARTESIAN_POINT ( 'NONE',  ( -0.3552311044726041978, -0.2564543421822504943, 0.01000000000000000021 ) ) ;
#4919 = PLANE ( 'NONE',  #1068 ) ;
#4920 = LINE ( 'NONE', #4107, #1760 ) ;
#4921 = VECTOR ( 'NONE', #684, 1000.000000000000000 ) ;
#4922 = SURFACE_STYLE_USAGE ( .BOTH. , #47 ) ;
#4923 = PLANE ( 'NONE',  #3727 ) ;
#4924 = CARTESIAN_POINT ( 'NONE',  ( 6.000000000000001776, -6.000000000000000000, 6.000000000000000000 ) ) ;
#4925 = EDGE_CURVE ( 'NONE', #755, #2228, #2669, .T. ) ;
#4926 =( NAMED_UNIT ( * ) SI_UNIT ( $, .STERADIAN. ) SOLID_ANGLE_UNIT ( ) );
#4927 = CIRCLE ( 'NONE', #3269, 0.2500000000000001110 ) ;
#4928 = VECTOR ( 'NONE', #532, 1000.000000000000000 ) ;
#4929 = ORIENTED_EDGE ( 'NONE', *, *, #147, .F. ) ;
#4930 = ORIENTED_EDGE ( 'NONE', *, *, #3409, .T. ) ;
#4931 = VECTOR ( 'NONE', #2517, 1000.000000000000000 ) ;
#4932 = MECHANICAL_DESIGN_GEOMETRIC_PRESENTATION_REPRESENTATION (  '', ( #4232 ), #956 ) ;
#4933 = EDGE_CURVE ( 'NONE', #932, #3265, #2782, .T. ) ;
#4934 = LINE ( 'NONE', #1, #2232 ) ;
#4935 = LINE ( 'NONE', #2349, #59 ) ;
#4936 = DIRECTION ( 'NONE',  ( 0.000000000000000000, 0.000000000000000000, -1.000000000000000000 ) ) ;
#4937 = UNCERTAINTY_MEASURE_WITH_UNIT (LENGTH_MEASURE( 1.000000000000000082E-05 ), #1613, 'distance_accuracy_value', 'NONE');
#4938 = DIRECTION ( 'NONE',  ( 0.000000000000000000, 0.000000000000000000, -1.000000000000000000 ) ) ;
#4939 = DIRECTION ( 'NONE',  ( 0.000000000000000000, 1.000000000000000000, 0.000000000000000000 ) ) ;
#4940 = UNCERTAINTY_MEASURE_WITH_UNIT (LENGTH_MEASURE( 1.000000000000000082E-05 ), #4201, 'distance_accuracy_value', 'NONE');
#4941 =( GEOMETRIC_REPRESENTATION_CONTEXT ( 3 ) GLOBAL_UNCERTAINTY_ASSIGNED_CONTEXT ( ( #12 ) ) GLOBAL_UNIT_ASSIGNED_CONTEXT ( ( #1346, #614, #2229 ) ) REPRESENTATION_CONTEXT ( 'NONE', 'WORKASPACE' ) );
#4942 = SURFACE_SIDE_STYLE ('',( #2028 ) ) ;
#4943 = FACE_OUTER_BOUND ( 'NONE', #2421, .T. ) ;
#4944 = VERTEX_POINT ( 'NONE', #573 ) ;
#4945 = PRESENTATION_LAYER_ASSIGNMENT (  '', '', ( #2415 ) ) ;
#4946 = ADVANCED_FACE ( 'NONE', ( #5157 ), #1671, .F. ) ;
#4947 = UNCERTAINTY_MEASURE_WITH_UNIT (LENGTH_MEASURE( 1.000000000000000082E-05 ), #409, 'distance_accuracy_value', 'NONE');
#4948 = CARTESIAN_POINT ( 'NONE',  ( -0.5379044629169453806, -0.1869609583124449137, 0.009999999999999995004 ) ) ;
#4949 = EDGE_CURVE ( 'NONE', #983, #4944, #1993, .T. ) ;
#4950 = FACE_OUTER_BOUND ( 'NONE', #2833, .T. ) ;
#4951 = PRESENTATION_LAYER_ASSIGNMENT (  '', '', ( #4763 ) ) ;
#4952 = DIRECTION ( 'NONE',  ( -0.000000000000000000, -1.000000000000000000, -0.000000000000000000 ) ) ;
#4953 = DIRECTION ( 'NONE',  ( 0.000000000000000000, 0.000000000000000000, 1.000000000000000000 ) ) ;
#4954 = CARTESIAN_POINT ( 'NONE',  ( 0.5188698119633533556, 0.1244235039893146350, 0.01000000000000000021 ) ) ;
#4955 = STYLED_ITEM ( 'NONE', ( #1623 ), #4374 ) ;
#4956 = CARTESIAN_POINT ( 'NONE',  ( -0.9048261423245637092, 0.2433725051296717623, 0.000000000000000000 ) ) ;
#4957 = MECHANICAL_DESIGN_GEOMETRIC_PRESENTATION_REPRESENTATION (  '', ( #5206 ), #2157 ) ;
#4958 = CARTESIAN_POINT ( 'NONE',  ( -0.3477567825684660385, -0.2017494460898406061, 0.01000000000000000021 ) ) ;
#4959 = COLOUR_RGB ( '',0.8313725490196077761, 0.8313725490196077761, 0.8196078431372548767 ) ;
#4960 = ORIENTED_EDGE ( 'NONE', *, *, #2503, .F. ) ;
#4961 = EDGE_LOOP ( 'NONE', ( #1080, #5241, #3465, #2342 ) ) ;
#4962 = AXIS2_PLACEMENT_3D ( 'NONE', #803, #4110, #5363 ) ;
#4963 = CARTESIAN_POINT ( 'NONE',  ( 0.3641025471699022020, -0.2076114364961208769, 0.000000000000000000 ) ) ;
#4964 = VECTOR ( 'NONE', #1391, 1000.000000000000000 ) ;
#4965 = STYLED_ITEM ( 'NONE', ( #2535 ), #5333 ) ;
#4966 = AXIS2_PLACEMENT_3D ( 'NONE', #2772, #4029, #1970 ) ;
#4967 = EDGE_CURVE ( 'NONE', #3078, #4230, #750, .T. ) ;
#4968 = FILL_AREA_STYLE_COLOUR ( '', #4550 ) ;
#4969 = CARTESIAN_POINT ( 'NONE',  ( -0.8726906042556068499, 0.1714609485603576233, 0.000000000000000000 ) ) ;
#4970 = PRESENTATION_LAYER_ASSIGNMENT (  '', '', ( #4101 ) ) ;
#4971 = DIRECTION ( 'NONE',  ( 0.000000000000000000, 0.000000000000000000, 1.000000000000000000 ) ) ;
#4972 = CARTESIAN_POINT ( 'NONE',  ( 0.2537104430412901457, 0.1625798222028425333, 0.000000000000000000 ) ) ;
#4973 = FILL_AREA_STYLE ('',( #500 ) ) ;
#4974 = ORIENTED_EDGE ( 'NONE', *, *, #3324, .F. ) ;
#4975 = CARTESIAN_POINT ( 'NONE',  ( 6.900000000000001243, -1.899999999999999911, 3.000000000000000000 ) ) ;
#4976 = DIRECTION ( 'NONE',  ( 1.000000000000000000, 0.000000000000000000, 0.000000000000000000 ) ) ;
#4977 = PRESENTATION_LAYER_ASSIGNMENT (  '', '', ( #2189 ) ) ;
#4978 = SURFACE_STYLE_FILL_AREA ( #2083 ) ;
#4979 =( NAMED_UNIT ( * ) PLANE_ANGLE_UNIT ( ) SI_UNIT ( $, .RADIAN. ) );
#4980 =( NAMED_UNIT ( * ) SI_UNIT ( $, .STERADIAN. ) SOLID_ANGLE_UNIT ( ) );
#4981 = CARTESIAN_POINT ( 'NONE',  ( -0.6079188960507165840, 0.05229061584271380014, 0.009999999999999995004 ) ) ;
#4982 = CARTESIAN_POINT ( 'NONE',  ( -0.5324347681905178264, -0.08585346938756598101, 0.000000000000000000 ) ) ;
#4983 = CARTESIAN_POINT ( 'NONE',  ( -0.2767773618367586619, 0.1884944563491839642, 0.000000000000000000 ) ) ;
#4984 = CARTESIAN_POINT ( 'NONE',  ( 0.3550789016524637520, 0.1943542852998162429, 0.000000000000000000 ) ) ;
#4985 =( LENGTH_UNIT ( ) NAMED_UNIT ( * ) SI_UNIT ( .MILLI., .METRE. ) );
#4986 = VECTOR ( 'NONE', #4022, 1000.000000000000000 ) ;
#4987 = VERTEX_POINT ( 'NONE', #426 ) ;
#4988 = VERTEX_POINT ( 'NONE', #2859 ) ;
#4989 = PRESENTATION_LAYER_ASSIGNMENT (  '', '', ( #4290 ) ) ;
#4990 =( NAMED_UNIT ( * ) PLANE_ANGLE_UNIT ( ) SI_UNIT ( $, .RADIAN. ) );
#4991 =( LENGTH_UNIT ( ) NAMED_UNIT ( * ) SI_UNIT ( .MILLI., .METRE. ) );
#4992 =( GEOMETRIC_REPRESENTATION_CONTEXT ( 3 ) GLOBAL_UNCERTAINTY_ASSIGNED_CONTEXT ( ( #4119 ) ) GLOBAL_UNIT_ASSIGNED_CONTEXT ( ( #3551, #3478, #1450 ) ) REPRESENTATION_CONTEXT ( 'NONE', 'WORKASPACE' ) );
#4993 = CARTESIAN_POINT ( 'NONE',  ( 0.2576905047966172035, 0.2312685877499865983, 0.01000000000000000021 ) ) ;
#4994 = CARTESIAN_POINT ( 'NONE',  ( -0.3508055630562709193, 0.2433725051296717623, 0.000000000000000000 ) ) ;
#4995 = PRESENTATION_STYLE_ASSIGNMENT (( #842 ) ) ;
#4996 = COLOUR_RGB ( '',0.8313725490196077761, 0.8313725490196077761, 0.8196078431372548767 ) ;
#4997 = EDGE_CURVE ( 'NONE', #2228, #4386, #2696, .T. ) ;
#4998 = CARTESIAN_POINT ( 'NONE',  ( -0.8745204962293013917, 0.1617441225707521857, 0.01000000000000000021 ) ) ;
#4999 = CARTESIAN_POINT ( 'NONE',  ( 6.399999999999998579, -3.000000000000000000, 0.000000000000000000 ) ) ;
#5000 = PRESENTATION_STYLE_ASSIGNMENT (( #4659 ) ) ;
#5001 = ORIENTED_EDGE ( 'NONE', *, *, #2729, .F. ) ;
#5002 = FACE_OUTER_BOUND ( 'NONE', #5110, .T. ) ;
#5003 = LINE ( 'NONE', #4128, #1139 ) ;
#5004 = CARTESIAN_POINT ( 'NONE',  ( -0.4275728703448253842, -0.2473182796859458021, 0.01000000000000000021 ) ) ;
#5005 = PLANE ( 'NONE',  #804 ) ;
#5006 = CARTESIAN_POINT ( 'NONE',  ( -0.8618509091675159439, 0.1496148587671991825, 0.000000000000000000 ) ) ;
#5007 =( LENGTH_UNIT ( ) NAMED_UNIT ( * ) SI_UNIT ( .MILLI., .METRE. ) );
#5008 = CARTESIAN_POINT ( 'NONE',  ( -0.3552905669542524847, -0.2015865916314458495, 0.000000000000000000 ) ) ;
#5009 = CARTESIAN_POINT ( 'NONE',  ( -1.026777361836757940, -0.2566274948703284875, 0.000000000000000000 ) ) ;
#5010 = CARTESIAN_POINT ( 'NONE',  ( -0.8685152047468719383, 0.1788364492294637897, 0.000000000000000000 ) ) ;
#5011 = EDGE_LOOP ( 'NONE', ( #5095, #2937, #299, #2724 ) ) ;
#5012 = CARTESIAN_POINT ( 'NONE',  ( -0.9048261423245637092, 0.2433725051296717623, 0.000000000000000000 ) ) ;
#5013 = STYLED_ITEM ( 'NONE', ( #1095 ), #4259 ) ;
#5014 =( NAMED_UNIT ( * ) SI_UNIT ( $, .STERADIAN. ) SOLID_ANGLE_UNIT ( ) );
#5015 = VERTEX_POINT ( 'NONE', #3726 ) ;
#5016 = ORIENTED_EDGE ( 'NONE', *, *, #313, .F. ) ;
#5017 = ADVANCED_FACE ( 'NONE', ( #1464 ), #3646, .F. ) ;
#5018 = VECTOR ( 'NONE', #1377, 1000.000000000000000 ) ;
#5019 = PLANE ( 'NONE',  #1113 ) ;
#5020 = EDGE_CURVE ( 'NONE', #1441, #2023, #4057, .T. ) ;
#5021 = VECTOR ( 'NONE', #4025, 1000.000000000000000 ) ;
#5022 = PLANE ( 'NONE',  #407 ) ;
#5023 = ORIENTED_EDGE ( 'NONE', *, *, #1885, .F. ) ;
#5024 =( NAMED_UNIT ( * ) SI_UNIT ( $, .STERADIAN. ) SOLID_ANGLE_UNIT ( ) );
#5025 = CARTESIAN_POINT ( 'NONE',  ( 0.6256616625534856535, -0.01605965950447416080, 0.01000000000000000021 ) ) ;
#5026 = FILL_AREA_STYLE ('',( #2245 ) ) ;
#5027 = ORIENTED_EDGE ( 'NONE', *, *, #1217, .T. ) ;
#5028 = SURFACE_STYLE_USAGE ( .BOTH. , #823 ) ;
#5029 = LINE ( 'NONE', #1314, #2055 ) ;
#5030 =( NAMED_UNIT ( * ) PLANE_ANGLE_UNIT ( ) SI_UNIT ( $, .RADIAN. ) );
#5031 = VECTOR ( 'NONE', #969, 1000.000000000000000 ) ;
#5032 = FACE_OUTER_BOUND ( 'NONE', #5046, .T. ) ;
#5033 = EDGE_CURVE ( 'NONE', #1545, #3824, #3286, .T. ) ;
#5034 = LINE ( 'NONE', #829, #2943 ) ;
#5035 = DIRECTION ( 'NONE',  ( -1.000000000000000000, 0.000000000000000000, 0.000000000000000000 ) ) ;
#5036 = DIRECTION ( 'NONE',  ( 0.000000000000000000, 0.000000000000000000, 1.000000000000000000 ) ) ;
#5037 = ORIENTED_EDGE ( 'NONE', *, *, #5347, .F. ) ;
#5038 = CARTESIAN_POINT ( 'NONE',  ( 0.6012289115724571698, -0.1382455549803109363, 0.000000000000000000 ) ) ;
#5039 = VECTOR ( 'NONE', #1127, 1000.000000000000000 ) ;
#5040 = SURFACE_SIDE_STYLE ('',( #4134 ) ) ;
#5041 = DIRECTION ( 'NONE',  ( 0.000000000000000000, -1.000000000000000000, 0.000000000000000000 ) ) ;
#5042 = SURFACE_STYLE_USAGE ( .BOTH. , #569 ) ;
#5043 = VECTOR ( 'NONE', #5292, 1000.000000000000000 ) ;
#5044 = ORIENTED_EDGE ( 'NONE', *, *, #440, .F. ) ;
#5045 = MECHANICAL_DESIGN_GEOMETRIC_PRESENTATION_REPRESENTATION (  '', ( #97 ), #4941 ) ;
#5046 = EDGE_LOOP ( 'NONE', ( #877, #1782, #2070, #1168 ) ) ;
#5047 = CARTESIAN_POINT ( 'NONE',  ( 0.3820450466998267514, -0.2078470070654502011, 0.000000000000000000 ) ) ;
#5048 = PRESENTATION_STYLE_ASSIGNMENT (( #87 ) ) ;
#5049 =( GEOMETRIC_REPRESENTATION_CONTEXT ( 3 ) GLOBAL_UNCERTAINTY_ASSIGNED_CONTEXT ( ( #1633 ) ) GLOBAL_UNIT_ASSIGNED_CONTEXT ( ( #625, #3932, #3847 ) ) REPRESENTATION_CONTEXT ( 'NONE', 'WORKASPACE' ) );
#5050 = CARTESIAN_POINT ( 'NONE',  ( 4.900000000000001243, 1.899999999999999911, 0.2000000000000000389 ) ) ;
#5051 = VERTEX_POINT ( 'NONE', #1239 ) ;
#5052 = SURFACE_SIDE_STYLE ('',( #2104 ) ) ;
#5053 =( GEOMETRIC_REPRESENTATION_CONTEXT ( 3 ) GLOBAL_UNCERTAINTY_ASSIGNED_CONTEXT ( ( #1197 ) ) GLOBAL_UNIT_ASSIGNED_CONTEXT ( ( #3305, #526, #126 ) ) REPRESENTATION_CONTEXT ( 'NONE', 'WORKASPACE' ) );
#5054 = CARTESIAN_POINT ( 'NONE',  ( 0.8573689796266560359, 0.2433725051296717623, 0.000000000000000000 ) ) ;
#5055 = SURFACE_SIDE_STYLE ('',( #3822 ) ) ;
#5057 = UNCERTAINTY_MEASURE_WITH_UNIT (LENGTH_MEASURE( 1.000000000000000082E-05 ), #1909, 'distance_accuracy_value', 'NONE');
#5056 = FILL_AREA_STYLE ('',( #2584 ) ) ;
#5058 = CIRCLE ( 'NONE', #3831, 0.09999999999999982514 ) ;
#5059 = ORIENTED_EDGE ( 'NONE', *, *, #1102, .F. ) ;
#5060 = PLANE ( 'NONE',  #541 ) ;
#5061 =( LENGTH_UNIT ( ) NAMED_UNIT ( * ) SI_UNIT ( .MILLI., .METRE. ) );
#5062 = PRESENTATION_LAYER_ASSIGNMENT (  '', '', ( #2280 ) ) ;
#5063 = DIRECTION ( 'NONE',  ( 0.000000000000000000, 0.000000000000000000, 1.000000000000000000 ) ) ;
#5064 = CARTESIAN_POINT ( 'NONE',  ( 0.3999661933292359417, -0.2625314773035123950, 0.000000000000000000 ) ) ;
#5065 = UNCERTAINTY_MEASURE_WITH_UNIT (LENGTH_MEASURE( 1.000000000000000082E-05 ), #2110, 'distance_accuracy_value', 'NONE');
#5066 = FILL_AREA_STYLE ('',( #2626 ) ) ;
#5067 = DIRECTION ( 'NONE',  ( 0.000000000000000000, 1.000000000000000000, -0.000000000000000000 ) ) ;
#5068 = STYLED_ITEM ( 'NONE', ( #1234 ), #2330 ) ;
#5069 =( LENGTH_UNIT ( ) NAMED_UNIT ( * ) SI_UNIT ( .MILLI., .METRE. ) );
#5070 = FACE_OUTER_BOUND ( 'NONE', #2642, .T. ) ;
#5071 = ORIENTED_EDGE ( 'NONE', *, *, #2008, .T. ) ;
#5072 = SURFACE_SIDE_STYLE ('',( #2205 ) ) ;
#5073 =( NAMED_UNIT ( * ) SI_UNIT ( $, .STERADIAN. ) SOLID_ANGLE_UNIT ( ) );
#5074 = EDGE_CURVE ( 'NONE', #330, #2319, #325, .T. ) ;
#5075 = ORIENTED_EDGE ( 'NONE', *, *, #2666, .T. ) ;
#5076 = ORIENTED_EDGE ( 'NONE', *, *, #4844, .F. ) ;
#5077 = CARTESIAN_POINT ( 'NONE',  ( -0.5421934162831522075, -0.04618490772564540908, 0.01000000000000000194 ) ) ;
#5078 = CARTESIAN_POINT ( 'NONE',  ( 0.5584495818967146752, -0.01927346357187239428, 0.000000000000000000 ) ) ;
#5079 = ORIENTED_EDGE ( 'NONE', *, *, #169, .F. ) ;
#5080 = VERTEX_POINT ( 'NONE', #351 ) ;
#5081 =( NAMED_UNIT ( * ) SI_UNIT ( $, .STERADIAN. ) SOLID_ANGLE_UNIT ( ) );
#5082 = MECHANICAL_DESIGN_GEOMETRIC_PRESENTATION_REPRESENTATION (  '', ( #3860 ), #3420 ) ;
#5083 = CARTESIAN_POINT ( 'NONE',  ( 0.3820450466998264183, -0.2078470070654503676, 0.01000000000000000021 ) ) ;
#5084 =( NAMED_UNIT ( * ) SI_UNIT ( $, .STERADIAN. ) SOLID_ANGLE_UNIT ( ) );
#5085 =( LENGTH_UNIT ( ) NAMED_UNIT ( * ) SI_UNIT ( .MILLI., .METRE. ) );
#5086 = VERTEX_POINT ( 'NONE', #831 ) ;
#5087 = DIRECTION ( 'NONE',  ( 1.000000000000000000, -0.000000000000000000, -0.000000000000000000 ) ) ;
#5088 = EDGE_CURVE ( 'NONE', #501, #627, #982, .T. ) ;
#5089 = CARTESIAN_POINT ( 'NONE',  ( 6.550000000000001599, -1.899999999999999911, 3.049999999999999378 ) ) ;
#5090 =( LENGTH_UNIT ( ) NAMED_UNIT ( * ) SI_UNIT ( .MILLI., .METRE. ) );
#5091 = CARTESIAN_POINT ( 'NONE',  ( -0.2767773618367591060, 6.000000000000000000, 0.01000000000000000021 ) ) ;
#5092 = CARTESIAN_POINT ( 'NONE',  ( 0.1561494674315339615, -0.2566274948703284875, 0.000000000000000000 ) ) ;
#5093 = PLANE ( 'NONE',  #1984 ) ;
#5094 = CARTESIAN_POINT ( 'NONE',  ( -0.8655545472800119100, 0.1626859817577673561, 0.000000000000000000 ) ) ;
#5095 = ORIENTED_EDGE ( 'NONE', *, *, #1672, .T. ) ;
#5096 = DIRECTION ( 'NONE',  ( 0.000000000000000000, 0.000000000000000000, -1.000000000000000000 ) ) ;
#5097 = DIRECTION ( 'NONE',  ( 0.000000000000000000, -0.000000000000000000, 1.000000000000000000 ) ) ;
#5098 = CARTESIAN_POINT ( 'NONE',  ( 0.5584495818967146752, -0.01927346357187239428, 0.01000000000000000021 ) ) ;
#5099 =( NAMED_UNIT ( * ) PLANE_ANGLE_UNIT ( ) SI_UNIT ( $, .RADIAN. ) );
#5100 = ORIENTED_EDGE ( 'NONE', *, *, #2656, .F. ) ;
#5101 = EDGE_LOOP ( 'NONE', ( #2805, #2913, #1458, #228 ) ) ;
#5102 = VECTOR ( 'NONE', #2169, 1000.000000000000000 ) ;
#5103 = PRESENTATION_LAYER_ASSIGNMENT (  '', '', ( #3089 ) ) ;
#5104 = UNCERTAINTY_MEASURE_WITH_UNIT (LENGTH_MEASURE( 1.000000000000000082E-05 ), #4907, 'distance_accuracy_value', 'NONE');
#5105 = EDGE_CURVE ( 'NONE', #547, #1087, #1971, .T. ) ;
#5106 = CARTESIAN_POINT ( 'NONE',  ( 0.5581782940901017787, -0.03355089846874140247, 0.009999999999999998473 ) ) ;
#5107 = ORIENTED_EDGE ( 'NONE', *, *, #397, .T. ) ;
#5108 = CARTESIAN_POINT ( 'NONE',  ( 0.4930632788256290033, 0.1520005745046409118, 0.01000000000000000021 ) ) ;
#5109 = PRESENTATION_STYLE_ASSIGNMENT (( #3057 ) ) ;
#5110 = EDGE_LOOP ( 'NONE', ( #1189, #3428, #1775, #1170 ) ) ;
#5111 = SURFACE_SIDE_STYLE ('',( #582 ) ) ;
#5112 = MECHANICAL_DESIGN_GEOMETRIC_PRESENTATION_REPRESENTATION (  '', ( #3100 ), #955 ) ;
#5113 = VECTOR ( 'NONE', #193, 1000.000000000000000 ) ;
#5114 = LINE ( 'NONE', #2562, #1977 ) ;
#5115 = LINE ( 'NONE', #915, #4964 ) ;
#5116 = EDGE_CURVE ( 'NONE', #3277, #951, #2827, .T. ) ;
#5117 = DIRECTION ( 'NONE',  ( 1.000000000000000000, 0.000000000000000000, 0.000000000000000000 ) ) ;
#5118 = CARTESIAN_POINT ( 'NONE',  ( -4.399999999999998579, 3.000000000000000000, 0.2999999999999999889 ) ) ;
#5119 = EDGE_CURVE ( 'NONE', #3566, #1727, #2878, .T. ) ;
#5120 = PRESENTATION_STYLE_ASSIGNMENT (( #1020 ) ) ;
#5121 = VERTEX_POINT ( 'NONE', #2414 ) ;
#5122 = CARTESIAN_POINT ( 'NONE',  ( 0.6255053883075830656, -0.02512039235290232028, 0.000000000000000000 ) ) ;
#5123 = LINE ( 'NONE', #3046, #1983 ) ;
#5124 = SURFACE_STYLE_USAGE ( .BOTH. , #4273 ) ;
#5125 = MECHANICAL_DESIGN_GEOMETRIC_PRESENTATION_REPRESENTATION (  '', ( #1047 ), #437 ) ;
#5126 =( NAMED_UNIT ( * ) SI_UNIT ( $, .STERADIAN. ) SOLID_ANGLE_UNIT ( ) );
#5127 = ORIENTED_EDGE ( 'NONE', *, *, #3491, .T. ) ;
#5128 = DIRECTION ( 'NONE',  ( 0.000000000000000000, 0.000000000000000000, 1.000000000000000000 ) ) ;
#5129 = ORIENTED_EDGE ( 'NONE', *, *, #2047, .T. ) ;
#5130 = DIRECTION ( 'NONE',  ( -0.000000000000000000, 0.000000000000000000, -1.000000000000000000 ) ) ;
#5131 =( GEOMETRIC_REPRESENTATION_CONTEXT ( 3 ) GLOBAL_UNCERTAINTY_ASSIGNED_CONTEXT ( ( #3190 ) ) GLOBAL_UNIT_ASSIGNED_CONTEXT ( ( #1884, #3540, #1462 ) ) REPRESENTATION_CONTEXT ( 'NONE', 'WORKASPACE' ) );
#5132 = COLOUR_RGB ( '',0.8313725490196077761, 0.8313725490196077761, 0.8196078431372548767 ) ;
#5133 = CARTESIAN_POINT ( 'NONE',  ( 0.4194893751596377451, -0.2048326805904046310, 0.009999999999999998473 ) ) ;
#5134 = ORIENTED_EDGE ( 'NONE', *, *, #1823, .T. ) ;
#5135 =( GEOMETRIC_REPRESENTATION_CONTEXT ( 3 ) GLOBAL_UNCERTAINTY_ASSIGNED_CONTEXT ( ( #3685 ) ) GLOBAL_UNIT_ASSIGNED_CONTEXT ( ( #124, #2196, #4286 ) ) REPRESENTATION_CONTEXT ( 'NONE', 'WORKASPACE' ) );
#5136 = EDGE_CURVE ( 'NONE', #3849, #2317, #4083, .T. ) ;
#5137 = CARTESIAN_POINT ( 'NONE',  ( 0.5455759323090542123, -0.2110900652497036678, 0.01000000000000000021 ) ) ;
#5138 = EDGE_CURVE ( 'NONE', #3371, #1420, #1719, .T. ) ;
#5139 = PRESENTATION_STYLE_ASSIGNMENT (( #1867 ) ) ;
#5140 = CARTESIAN_POINT ( 'NONE',  ( -0.5053290850712994775, -0.1355176834846942013, 0.01000000000000000021 ) ) ;
#5141 = ORIENTED_EDGE ( 'NONE', *, *, #5212, .F. ) ;
#5142 = MECHANICAL_DESIGN_GEOMETRIC_PRESENTATION_REPRESENTATION (  '', ( #5229 ), #3048 ) ;
#5143 = FILL_AREA_STYLE ('',( #157 ) ) ;
#5144 = CARTESIAN_POINT ( 'NONE',  ( -0.5186048871328637899, -0.2032237403867457604, 0.000000000000000000 ) ) ;
#5145 = CARTESIAN_POINT ( 'NONE',  ( 0.6081168904616641724, 0.09185719509060354115, 0.000000000000000000 ) ) ;
#5146 = SURFACE_STYLE_USAGE ( .BOTH. , #3424 ) ;
#5147 = AXIS2_PLACEMENT_3D ( 'NONE', #603, #2582, #3056 ) ;
#5148 = CARTESIAN_POINT ( 'NONE',  ( 0.5585884918217780548, -0.01196286072398678596, 0.000000000000000000 ) ) ;
#5149 = CARTESIAN_POINT ( 'NONE',  ( -5.999999999999998224, -6.000000000000000000, 6.000000000000000000 ) ) ;
#5150 = PRESENTATION_LAYER_ASSIGNMENT (  '', '', ( #5068 ) ) ;
#5151 = CARTESIAN_POINT ( 'NONE',  ( 0.2922008317975408609, 0.2419602942992580275, 0.000000000000000000 ) ) ;
#5152 = ORIENTED_EDGE ( 'NONE', *, *, #1991, .F. ) ;
#5153 = CARTESIAN_POINT ( 'NONE',  ( 0.2537104430412901457, 0.1625798222028426443, 0.01000000000000000021 ) ) ;
#5154 = PRESENTATION_STYLE_ASSIGNMENT (( #4706 ) ) ;
#5155 = CARTESIAN_POINT ( 'NONE',  ( 6.450000000000001954, -1.899999999999999911, 3.050000000000000266 ) ) ;
#5156 = FILL_AREA_STYLE_COLOUR ( '', #1795 ) ;
#5157 = FACE_OUTER_BOUND ( 'NONE', #4786, .T. ) ;
#5158 = ORIENTED_EDGE ( 'NONE', *, *, #3582, .T. ) ;
#5159 = ORIENTED_EDGE ( 'NONE', *, *, #4142, .F. ) ;
#5160 = CARTESIAN_POINT ( 'NONE',  ( -6.550000000000001599, -1.899999999999999911, 3.049999999999999378 ) ) ;
#5161 =( GEOMETRIC_REPRESENTATION_CONTEXT ( 3 ) GLOBAL_UNCERTAINTY_ASSIGNED_CONTEXT ( ( #208 ) ) GLOBAL_UNIT_ASSIGNED_CONTEXT ( ( #5007, #4236, #1290 ) ) REPRESENTATION_CONTEXT ( 'NONE', 'WORKASPACE' ) );
#5162 = CARTESIAN_POINT ( 'NONE',  ( 0.3708026686510462744, 0.1945920173247937257, 0.01000000000000000021 ) ) ;
#5163 = SURFACE_SIDE_STYLE ('',( #152 ) ) ;
#5164 = PRESENTATION_STYLE_ASSIGNMENT (( #2281 ) ) ;
#5165 = EDGE_CURVE ( 'NONE', #864, #2643, #3574, .T. ) ;
#5166 = DIRECTION ( 'NONE',  ( 0.000000000000000000, 1.000000000000000000, -0.000000000000000000 ) ) ;
#5167 = SURFACE_SIDE_STYLE ('',( #993 ) ) ;
#5168 = AXIS2_PLACEMENT_3D ( 'NONE', #524, #1358, #875 ) ;
#5169 = CARTESIAN_POINT ( 'NONE',  ( -0.8745204962293013917, 0.1617441225707521857, 0.01000000000000000021 ) ) ;
#5170 = CARTESIAN_POINT ( 'NONE',  ( 0.08907629669982670972, -0.2017494460898404396, 0.000000000000000000 ) ) ;
#5171 = EDGE_CURVE ( 'NONE', #1350, #3849, #4699, .T. ) ;
#5172 = CARTESIAN_POINT ( 'NONE',  ( 0.4723839861598643219, 0.2317182190375252637, 0.000000000000000000 ) ) ;
#5173 = B_SPLINE_SURFACE_WITH_KNOTS ( 'NONE', 3, 1, ( 
 ( #4469, #1193 ),
 ( #2003, #3246 ),
 ( #4491, #2837 ),
 ( #785, #4094 ),
 ( #464, #2156 ),
 ( #4627, #1432 ),
 ( #3319, #3375 ),
 ( #3707, #4595 ),
 ( #2100, #2 ),
 ( #116, #4993 ),
 ( #3296, #3761 ) ),
 .UNSPECIFIED., .F., .F., .F.,
 ( 4, 1, 1, 1, 1, 1, 1, 1, 4 ),
 ( 2, 2 ),
 ( 0.000000000000000000, 0.1451868664724693392, 0.2834426109197296650, 0.4165243659288291322, 0.5431811235350832989, 0.6651530826377142214, 0.7813602063127162989, 0.8927566556418090604, 1.000000000000000000 ),
 ( 0.000000000000000000, 1.000000000000000000 ),
 .UNSPECIFIED. ) ;
#5174 = CARTESIAN_POINT ( 'NONE',  ( 0.5314886821706173992, -0.1262807874073840764, 0.000000000000000000 ) ) ;
#5175 = PRESENTATION_STYLE_ASSIGNMENT (( #5124 ) ) ;
#5176 = SURFACE_STYLE_FILL_AREA ( #618 ) ;
#5177 = ORIENTED_EDGE ( 'NONE', *, *, #3665, .T. ) ;
#5178 = CARTESIAN_POINT ( 'NONE',  ( 4.900000000000001243, -1.899999999999999911, 0.2000000000000000389 ) ) ;
#5179 = CARTESIAN_POINT ( 'NONE',  ( -0.3914058108987006901, -0.1987459930701670208, 0.01000000000000000194 ) ) ;
#5180 = ADVANCED_FACE ( 'NONE', ( #971 ), #2936, .F. ) ;
#5181 = CARTESIAN_POINT ( 'NONE',  ( 0.5314886821706173992, -0.1262807874073840764, 0.009999999999999998473 ) ) ;
#5182 = VERTEX_POINT ( 'NONE', #4560 ) ;
#5183 = EDGE_LOOP ( 'NONE', ( #2695, #2344, #1887, #3103 ) ) ;
#5184 = EDGE_CURVE ( 'NONE', #2479, #4878, #91, .T. ) ;
#5185 = PRESENTATION_LAYER_ASSIGNMENT (  '', '', ( #3616 ) ) ;
#5186 = CARTESIAN_POINT ( 'NONE',  ( 0.4784276982971010228, 0.1633485006919146720, 0.01000000000000000021 ) ) ;
#5187 = CARTESIAN_POINT ( 'NONE',  ( 0.6250177196759576503, 0.01270627183471772885, 0.000000000000000000 ) ) ;
#5188 = DIRECTION ( 'NONE',  ( 0.000000000000000000, -1.000000000000000000, 0.000000000000000000 ) ) ;
#5189 = PLANE ( 'NONE',  #2593 ) ;
#5190 = MECHANICAL_DESIGN_GEOMETRIC_PRESENTATION_REPRESENTATION (  '', ( #767 ), #1203 ) ;
#5191 = VECTOR ( 'NONE', #4470, 1000.000000000000000 ) ;
#5192 = CARTESIAN_POINT ( 'NONE',  ( 6.000000000000001776, 6.000000000000000000, 0.01000000000000000021 ) ) ;
#5193 = CARTESIAN_POINT ( 'NONE',  ( -0.5378556542012219444, 0.1775060613303372226, 0.01000000000000000021 ) ) ;
#5194 = DIRECTION ( 'NONE',  ( -0.000000000000000000, -1.000000000000000000, -0.000000000000000000 ) ) ;
#5195 = VECTOR ( 'NONE', #729, 1000.000000000000000 ) ;
#5196 = DIRECTION ( 'NONE',  ( -0.000000000000000000, -0.000000000000000000, -1.000000000000000000 ) ) ;
#5197 = FILL_AREA_STYLE_COLOUR ( '', #3567 ) ;
#5198 = FACE_OUTER_BOUND ( 'NONE', #1308, .T. ) ;
#5199 = CARTESIAN_POINT ( 'NONE',  ( 0.2581506358551695635, 0.1651599086985820475, 0.000000000000000000 ) ) ;
#5200 = SURFACE_STYLE_FILL_AREA ( #1182 ) ;
#5201 = ADVANCED_FACE ( 'NONE', ( #5070 ), #1344, .F. ) ;
#5202 = DIRECTION ( 'NONE',  ( 1.000000000000000000, 0.000000000000000000, -0.000000000000000000 ) ) ;
#5203 = ORIENTED_EDGE ( 'NONE', *, *, #816, .F. ) ;
#5204 = DIRECTION ( 'NONE',  ( -1.000000000000000000, 0.000000000000000000, 0.000000000000000000 ) ) ;
#5205 = ORIENTED_EDGE ( 'NONE', *, *, #4362, .F. ) ;
#5206 = STYLED_ITEM ( 'NONE', ( #2840 ), #1283 ) ;
#5207 = CARTESIAN_POINT ( 'NONE',  ( 0.8573689796266560359, -0.2017494460898404396, 0.000000000000000000 ) ) ;
#5208 = PLANE ( 'NONE',  #2834 ) ;
#5209 = COLOUR_RGB ( '',0.8313725490196077761, 0.8313725490196077761, 0.8196078431372548767 ) ;
#5210 = ORIENTED_EDGE ( 'NONE', *, *, #1518, .F. ) ;
#5211 = ORIENTED_EDGE ( 'NONE', *, *, #1333, .F. ) ;
#5212 = EDGE_CURVE ( 'NONE', #3367, #501, #2629, .T. ) ;
#5213 = CARTESIAN_POINT ( 'NONE',  ( 0.5584153345820557224, -0.004239815252577617752, 0.01000000000000000021 ) ) ;
#5214 = SURFACE_STYLE_USAGE ( .BOTH. , #4882 ) ;
#5215 = PRESENTATION_LAYER_ASSIGNMENT (  '', '', ( #3729 ) ) ;
#5216 = VECTOR ( 'NONE', #3683, 1000.000000000000000 ) ;
#5217 = CARTESIAN_POINT ( 'NONE',  ( -6.450000000000001066, 1.899999999999999911, 3.149999999999999911 ) ) ;
#5218 = COLOUR_RGB ( '',0.2980392156862745057, 0.2980392156862745057, 0.2980392156862745057 ) ;
#5219 = SURFACE_STYLE_USAGE ( .BOTH. , #4392 ) ;
#5220 =( NAMED_UNIT ( * ) SI_UNIT ( $, .STERADIAN. ) SOLID_ANGLE_UNIT ( ) );
#5221 = UNCERTAINTY_MEASURE_WITH_UNIT (LENGTH_MEASURE( 1.000000000000000082E-05 ), #2788, 'distance_accuracy_value', 'NONE');
#5222 = PRESENTATION_STYLE_ASSIGNMENT (( #3942 ) ) ;
#5223 = LINE ( 'NONE', #1505, #783 ) ;
#5224 =( LENGTH_UNIT ( ) NAMED_UNIT ( * ) SI_UNIT ( .MILLI., .METRE. ) );
#5225 = AXIS2_PLACEMENT_3D ( 'NONE', #172, #3053, #3432 ) ;
#5226 = PRESENTATION_LAYER_ASSIGNMENT (  '', '', ( #2182 ) ) ;
#5227 = CARTESIAN_POINT ( 'NONE',  ( -4.900000000000001243, -1.899999999999999911, 0.2000000000000000389 ) ) ;
#5228 = CARTESIAN_POINT ( 'NONE',  ( 4.900000000000001243, 1.899999999999999911, 0.2000000000000000389 ) ) ;
#5229 = STYLED_ITEM ( 'NONE', ( #5120 ), #5201 ) ;
#5230 =( NAMED_UNIT ( * ) PLANE_ANGLE_UNIT ( ) SI_UNIT ( $, .RADIAN. ) );
#5231 = SURFACE_STYLE_FILL_AREA ( #3561 ) ;
#5232 = ORIENTED_EDGE ( 'NONE', *, *, #3835, .F. ) ;
#5233 = CARTESIAN_POINT ( 'NONE',  ( -0.6487285813489539477, -0.2566274948703282655, 0.000000000000000000 ) ) ;
#5234 = VECTOR ( 'NONE', #4551, 1000.000000000000000 ) ;
#5235 = EDGE_CURVE ( 'NONE', #1466, #1999, #4292, .T. ) ;
#5236 = LINE ( 'NONE', #3129, #953 ) ;
#5237 = CARTESIAN_POINT ( 'NONE',  ( -0.4916625749498703124, 0.1410123246303357503, 0.009999999999999998473 ) ) ;
#5238 = ORIENTED_EDGE ( 'NONE', *, *, #4949, .F. ) ;
#5239 = ORIENTED_EDGE ( 'NONE', *, *, #3177, .T. ) ;
#5240 = ORIENTED_EDGE ( 'NONE', *, *, #4822, .T. ) ;
#5241 = ORIENTED_EDGE ( 'NONE', *, *, #3079, .T. ) ;
#5242 = MECHANICAL_DESIGN_GEOMETRIC_PRESENTATION_REPRESENTATION (  '', ( #2189 ), #2892 ) ;
#5243 = SURFACE_SIDE_STYLE ('',( #1979 ) ) ;
#5244 = LINE ( 'NONE', #1115, #3355 ) ;
#5245 = CARTESIAN_POINT ( 'NONE',  ( 0.3641025471699022020, -0.2076114364961208769, 0.01000000000000000021 ) ) ;
#5246 = DIRECTION ( 'NONE',  ( 0.000000000000000000, 0.000000000000000000, 1.000000000000000000 ) ) ;
#5247 = CARTESIAN_POINT ( 'NONE',  ( -0.5042843491630214503, 0.1283575384314565582, 0.01000000000000000021 ) ) ;
#5248 = CARTESIAN_POINT ( 'NONE',  ( -0.5705357629206968539, -0.1489769171295684813, 0.009999999999999995004 ) ) ;
#5249 = CARTESIAN_POINT ( 'NONE',  ( 0.2821957429506108950, -0.1900049500245191147, 0.01000000000000000021 ) ) ;
#5250 = ADVANCED_FACE ( 'NONE', ( #691 ), #3946, .F. ) ;
#5251 = DIRECTION ( 'NONE',  ( 0.000000000000000000, 0.000000000000000000, 1.000000000000000000 ) ) ;
#5252 =( GEOMETRIC_REPRESENTATION_CONTEXT ( 3 ) GLOBAL_UNCERTAINTY_ASSIGNED_CONTEXT ( ( #1630 ) ) GLOBAL_UNIT_ASSIGNED_CONTEXT ( ( #846, #3356, #3742 ) ) REPRESENTATION_CONTEXT ( 'NONE', 'WORKASPACE' ) );
#5253 = SURFACE_STYLE_USAGE ( .BOTH. , #3150 ) ;
#5254 =( NAMED_UNIT ( * ) SI_UNIT ( $, .STERADIAN. ) SOLID_ANGLE_UNIT ( ) );
#5255 = ORIENTED_EDGE ( 'NONE', *, *, #1502, .F. ) ;
#5256 = SURFACE_STYLE_FILL_AREA ( #2826 ) ;
#5257 =( NAMED_UNIT ( * ) SI_UNIT ( $, .STERADIAN. ) SOLID_ANGLE_UNIT ( ) );
#5258 =( GEOMETRIC_REPRESENTATION_CONTEXT ( 3 ) GLOBAL_UNCERTAINTY_ASSIGNED_CONTEXT ( ( #3023 ) ) GLOBAL_UNIT_ASSIGNED_CONTEXT ( ( #3852, #3301, #5084 ) ) REPRESENTATION_CONTEXT ( 'NONE', 'WORKASPACE' ) );
#5259 = CARTESIAN_POINT ( 'NONE',  ( 0.9244421503583639677, -0.2566274948703284875, 0.000000000000000000 ) ) ;
#5260 = CARTESIAN_POINT ( 'NONE',  ( -0.2767773618367586619, -0.2017494460898404396, 0.000000000000000000 ) ) ;
#5261 = ORIENTED_EDGE ( 'NONE', *, *, #3399, .F. ) ;
#5262 = B_SPLINE_CURVE_WITH_KNOTS ( 'NONE', 3,
 ( #5153, #3926, #3098, #4755, #2694, #646, #2294, #1487, #4787, #1081, #4868 ),
 .UNSPECIFIED., .F., .F.,
 ( 4, 1, 1, 1, 1, 1, 1, 1, 4 ),
 ( 0.000000000000000000, 0.1252796967356258617, 0.2494199707420504952, 0.3733567994928189693, 0.4966812787822856290, 0.6202029157439820084, 0.7450863201614558173, 0.8712691950190976087, 1.000000000000000000 ),
 .UNSPECIFIED. ) ;
#5263 = ORIENTED_EDGE ( 'NONE', *, *, #945, .T. ) ;
#5264 = EDGE_LOOP ( 'NONE', ( #4485, #2715, #278, #3077 ) ) ;
#5265 = ORIENTED_EDGE ( 'NONE', *, *, #4378, .F. ) ;
#5266 = UNCERTAINTY_MEASURE_WITH_UNIT (LENGTH_MEASURE( 1.000000000000000082E-05 ), #3961, 'distance_accuracy_value', 'NONE');
#5267 = CARTESIAN_POINT ( 'NONE',  ( -0.3715324657408666797, 0.1880620884350334421, 0.000000000000000000 ) ) ;
#5268 = ADVANCED_BREP_SHAPE_REPRESENTATION ( 'ND-SMD_L13.8-W12.8', ( #2321, #4789 ), #1843 ) ;
#5269 = EDGE_CURVE ( 'NONE', #2396, #39, #4164, .T. ) ;
#5270 = DIRECTION ( 'NONE',  ( -0.000000000000000000, -1.000000000000000000, -0.000000000000000000 ) ) ;
#5271 = PRESENTATION_STYLE_ASSIGNMENT (( #5214 ) ) ;
#5272 = DIRECTION ( 'NONE',  ( 1.000000000000000000, 0.000000000000000000, 0.000000000000000000 ) ) ;
#5273 = CYLINDRICAL_SURFACE ( 'NONE', #171, 0.5000000000000004441 ) ;
#5274 = VECTOR ( 'NONE', #2492, 1000.000000000000000 ) ;
#5275 = FACE_OUTER_BOUND ( 'NONE', #3408, .T. ) ;
#5276 = FILL_AREA_STYLE_COLOUR ( '', #5132 ) ;
#5277 = UNCERTAINTY_MEASURE_WITH_UNIT (LENGTH_MEASURE( 1.000000000000000082E-05 ), #3444, 'distance_accuracy_value', 'NONE');
#5278 = CARTESIAN_POINT ( 'NONE',  ( -0.9048261423245637092, 0.2433725051296717623, 0.01000000000000000021 ) ) ;
#5279 = CYLINDRICAL_SURFACE ( 'NONE', #2576, 0.2500000000000001110 ) ;
#5280 = ADVANCED_FACE ( 'NONE', ( #5275 ), #1188, .F. ) ;
#5281 = VECTOR ( 'NONE', #2230, 1000.000000000000000 ) ;
#5282 = PRESENTATION_LAYER_ASSIGNMENT (  '', '', ( #1120 ) ) ;
#5283 = LINE ( 'NONE', #1539, #1778 ) ;
#5284 = EDGE_CURVE ( 'NONE', #2751, #4246, #1126, .T. ) ;
#5285 = FACE_OUTER_BOUND ( 'NONE', #3395, .T. ) ;
#5286 = PLANE ( 'NONE',  #1629 ) ;
#5287 = DIRECTION ( 'NONE',  ( 0.000000000000000000, 0.000000000000000000, -1.000000000000000000 ) ) ;
#5288 = CARTESIAN_POINT ( 'NONE',  ( -0.5421095614802037277, 0.04236888488814002929, 0.009999999999999998473 ) ) ;
#5289 = ORIENTED_EDGE ( 'NONE', *, *, #46, .F. ) ;
#5290 = VERTEX_POINT ( 'NONE', #3230 ) ;
#5291 = VERTEX_POINT ( 'NONE', #2849 ) ;
#5292 = DIRECTION ( 'NONE',  ( -0.000000000000000000, -0.000000000000000000, -1.000000000000000000 ) ) ;
#5293 = VECTOR ( 'NONE', #5196, 1000.000000000000000 ) ;
#5294 = CARTESIAN_POINT ( 'NONE',  ( 0.1561494674315339615, 0.2433725051296717623, 0.000000000000000000 ) ) ;
#5295 = CARTESIAN_POINT ( 'NONE',  ( 0.6081168904616641724, 0.09185719509060354115, 0.000000000000000000 ) ) ;
#5296 = PLANE ( 'NONE',  #5308 ) ;
#5297 = VECTOR ( 'NONE', #2930, 1000.000000000000000 ) ;
#5298 = LINE ( 'NONE', #4472, #2688 ) ;
#5299 = ADVANCED_FACE ( 'NONE', ( #4500 ), #477, .F. ) ;
#5300 =( LENGTH_UNIT ( ) NAMED_UNIT ( * ) SI_UNIT ( .MILLI., .METRE. ) );
#5301 = CARTESIAN_POINT ( 'NONE',  ( -0.3780025279000661653, 0.2427663097976152651, 0.01000000000000000021 ) ) ;
#5302 =( GEOMETRIC_REPRESENTATION_CONTEXT ( 3 ) GLOBAL_UNCERTAINTY_ASSIGNED_CONTEXT ( ( #3634 ) ) GLOBAL_UNIT_ASSIGNED_CONTEXT ( ( #2423, #2836, #357 ) ) REPRESENTATION_CONTEXT ( 'NONE', 'WORKASPACE' ) );
#5303 =( NAMED_UNIT ( * ) SI_UNIT ( $, .STERADIAN. ) SOLID_ANGLE_UNIT ( ) );
#5304 =( NAMED_UNIT ( * ) SI_UNIT ( $, .STERADIAN. ) SOLID_ANGLE_UNIT ( ) );
#5305 = CARTESIAN_POINT ( 'NONE',  ( -0.4014171914784299133, -0.2526257689139837503, 0.009999999999999995004 ) ) ;
#5306 =( GEOMETRIC_REPRESENTATION_CONTEXT ( 3 ) GLOBAL_UNCERTAINTY_ASSIGNED_CONTEXT ( ( #2378 ) ) GLOBAL_UNIT_ASSIGNED_CONTEXT ( ( #2559, #2135, #2877 ) ) REPRESENTATION_CONTEXT ( 'NONE', 'WORKASPACE' ) );
#5307 = DIRECTION ( 'NONE',  ( -1.000000000000000000, -0.000000000000000000, 0.000000000000000000 ) ) ;
#5308 = AXIS2_PLACEMENT_3D ( 'NONE', #5050, #1329, #4938 ) ;
#5309 = CARTESIAN_POINT ( 'NONE',  ( -0.3780025279000661653, 0.2427663097976152651, 0.000000000000000000 ) ) ;
#5310 = CARTESIAN_POINT ( 'NONE',  ( -0.8707179106172465710, 0.1823968953735743692, 0.01000000000000000021 ) ) ;
#5311 = CARTESIAN_POINT ( 'NONE',  ( -0.6487285813489539477, -0.2566274948703282655, 0.000000000000000000 ) ) ;
#5312 = LINE ( 'NONE', #671, #262 ) ;
#5313 = CARTESIAN_POINT ( 'NONE',  ( -0.4293717595978461810, 0.1769048762944299968, 0.009999999999999998473 ) ) ;
#5314 = VECTOR ( 'NONE', #1792, 1000.000000000000000 ) ;
#5315 = ORIENTED_EDGE ( 'NONE', *, *, #1885, .T. ) ;
#5316 = ORIENTED_EDGE ( 'NONE', *, *, #1091, .F. ) ;
#5317 = ORIENTED_EDGE ( 'NONE', *, *, #816, .T. ) ;
#5318 = CARTESIAN_POINT ( 'NONE',  ( 0.4946829042092952822, 0.2213445908324856715, 0.009999999999999998473 ) ) ;
#5319 = STYLED_ITEM ( 'NONE', ( #973 ), #2234 ) ;
#5320 = SURFACE_SIDE_STYLE ('',( #361 ) ) ;
#5321 = FILL_AREA_STYLE_COLOUR ( '', #3647 ) ;
#5322 = FILL_AREA_STYLE_COLOUR ( '', #1286 ) ;
#5323 = SURFACE_STYLE_FILL_AREA ( #4888 ) ;
#5324 = EDGE_CURVE ( 'NONE', #793, #1035, #41, .T. ) ;
#5325 = CARTESIAN_POINT ( 'NONE',  ( 0.3845506657366892234, -0.2626460539407415307, 0.01000000000000000021 ) ) ;
#5326 = PRESENTATION_STYLE_ASSIGNMENT (( #2387 ) ) ;
#5327 = CARTESIAN_POINT ( 'NONE',  ( 0.2988728739187612171, -0.2505085932178240382, 0.000000000000000000 ) ) ;
#5328 = LINE ( 'NONE', #2482, #2483 ) ;
#5329 =( NAMED_UNIT ( * ) SI_UNIT ( $, .STERADIAN. ) SOLID_ANGLE_UNIT ( ) );
#5330 = DIRECTION ( 'NONE',  ( 0.000000000000000000, -1.000000000000000000, 0.000000000000000000 ) ) ;
#5331 = COLOUR_RGB ( '',0.8313725490196077761, 0.8313725490196077761, 0.8196078431372548767 ) ;
#5332 = CARTESIAN_POINT ( 'NONE',  ( -0.5553047919804543486, 0.1603369840864160289, 0.009999999999999995004 ) ) ;
#5333 = ADVANCED_FACE ( 'NONE', ( #2457, #417, #3718, #15, #2958, #3384 ), #2507, .F. ) ;
#5334 = FACE_OUTER_BOUND ( 'NONE', #3934, .T. ) ;
#5335 = PRESENTATION_STYLE_ASSIGNMENT (( #2019 ) ) ;
#5336 =( LENGTH_UNIT ( ) NAMED_UNIT ( * ) SI_UNIT ( .MILLI., .METRE. ) );
#5337 = CARTESIAN_POINT ( 'NONE',  ( 0.2950659751738846093, 0.1822885795234159279, 0.01000000000000000021 ) ) ;
#5338 = SURFACE_STYLE_FILL_AREA ( #4086 ) ;
#5339 = ORIENTED_EDGE ( 'NONE', *, *, #1335, .F. ) ;
#5340 = COLOUR_RGB ( '',0.8313725490196077761, 0.8313725490196077761, 0.8196078431372548767 ) ;
#5341 = ORIENTED_EDGE ( 'NONE', *, *, #2680, .F. ) ;
#5342 = LINE ( 'NONE', #4387, #5043 ) ;
#5343 = EDGE_CURVE ( 'NONE', #2754, #3876, #2136, .T. ) ;
#5344 = DIRECTION ( 'NONE',  ( -1.000000000000000000, 0.000000000000000000, 0.000000000000000000 ) ) ;
#5345 = CARTESIAN_POINT ( 'NONE',  ( 0.4488163654924878787, 0.2396368504698857538, 0.000000000000000000 ) ) ;
#5347 = EDGE_CURVE ( 'NONE', #2755, #2031, #1284, .T. ) ;
#5346 = B_SPLINE_SURFACE_WITH_KNOTS ( 'NONE', 3, 1, ( 
 ( #2886, #1649 ),
 ( #4457, #3644 ),
 ( #5309, #1620 ),
 ( #1598, #774 ),
 ( #4897, #1184 ),
 ( #4479, #2856 ),
 ( #855, #2038 ),
 ( #1675, #2825 ),
 ( #2412, #375 ),
 ( #2017, #3671 ),
 ( #4535, #5332 ),
 ( #3696, #5361 ),
 ( #4132, #3283 ),
 ( #2463, #424 ),
 ( #3723, #19 ),
 ( #3310, #4981 ),
 ( #1262, #2908 ),
 ( #4157, #1318 ),
 ( #994, #2173 ) ),
 .UNSPECIFIED., .F., .F., .F.,
 ( 4, 1, 1, 1, 1, 1, 1, 1, 1, 1, 1, 1, 1, 1, 1, 1, 4 ),
 ( 2, 2 ),
 ( 0.000000000000000000, 0.06863117867660124827, 0.1345664660386773626, 0.1983281540108813024, 0.2607897666408448001, 0.3219991514841581415, 0.3827217465030194332, 0.4435374740357285739, 0.5051334294849247897, 0.5662138747646716652, 0.6261058646175454712, 0.6853493221605164720, 0.7449958703477971289, 0.8054158418145626053, 0.8676362663459532554, 0.9323077823023292465, 1.000000000000000000 ),
 ( 0.000000000000000000, 1.000000000000000000 ),
 .UNSPECIFIED. ) ;
#5348 = SURFACE_STYLE_FILL_AREA ( #3682 ) ;
#5349 = LINE ( 'NONE', #1982, #2855 ) ;
#5350 = SURFACE_SIDE_STYLE ('',( #472 ) ) ;
#5351 = DIRECTION ( 'NONE',  ( -1.000000000000000000, 0.000000000000000000, 0.000000000000000000 ) ) ;
#5352 = ORIENTED_EDGE ( 'NONE', *, *, #2066, .T. ) ;
#5353 = DIRECTION ( 'NONE',  ( 0.000000000000000000, 1.000000000000000000, -0.000000000000000000 ) ) ;
#5354 = CARTESIAN_POINT ( 'NONE',  ( -0.6021522167376935908, -0.08090939852380922559, 0.009999999999999995004 ) ) ;
#5355 = LINE ( 'NONE', #3231, #4162 ) ;
#5356 = STYLED_ITEM ( 'NONE', ( #1992 ), #95 ) ;
#5357 = CARTESIAN_POINT ( 'NONE',  ( 6.399999999999998579, -3.000000000000000000, 0.2999999999999999889 ) ) ;
#5358 = PRESENTATION_STYLE_ASSIGNMENT (( #448 ) ) ;
#5359 = DIRECTION ( 'NONE',  ( 1.000000000000000000, 0.000000000000000000, 0.000000000000000000 ) ) ;
#5360 =( GEOMETRIC_REPRESENTATION_CONTEXT ( 3 ) GLOBAL_UNCERTAINTY_ASSIGNED_CONTEXT ( ( #5266 ) ) GLOBAL_UNIT_ASSIGNED_CONTEXT ( ( #3961, #714, #1557 ) ) REPRESENTATION_CONTEXT ( 'NONE', 'WORKASPACE' ) );
#5361 = CARTESIAN_POINT ( 'NONE',  ( -0.5705158524350288918, 0.1415596472549106033, 0.009999999999999995004 ) ) ;
#5362 = FILL_AREA_STYLE ('',( #1569 ) ) ;
#5363 = DIRECTION ( 'NONE',  ( 0.000000000000000000, 0.000000000000000000, -1.000000000000000000 ) ) ;
#5364 = CARTESIAN_POINT ( 'NONE',  ( 6.400000000000002132, -5.999999999999997335, 0.000000000000000000 ) ) ;
#5365 = EDGE_CURVE ( 'NONE', #3456, #4620, #1711, .T. ) ;
#5366 = DIRECTION ( 'NONE',  ( 0.000000000000000000, -0.000000000000000000, 1.000000000000000000 ) ) ;
#5367 = VERTEX_POINT ( 'NONE', #1736 ) ;
#5368 = EDGE_LOOP ( 'NONE', ( #3292, #2223, #3376, #3843 ) ) ;
#5369 = COLOUR_RGB ( '',0.8313725490196077761, 0.8313725490196077761, 0.8196078431372548767 ) ;
ENDSEC;
END-ISO-10303-21;
